{"type":"FeatureCollection","features":[{"type":"Feature","properties":{},"geometry":{"type":"MultiPolygon","coordinates":[[[[97.7854,14.1762],[97.7846,14.1766],[97.7854,14.1771],[97.7854,14.1762]]],[[[97.7863,14.1771],[97.7854,14.1771],[97.7863,14.1776],[97.7863,14.1771]]],[[[97.7946,14.1821],[97.7946,14.1829],[97.7904,14.1829],[97.7904,14.1833],[97.7941,14.1834],[97.7953,14.1824],[97.7971,14.1824],[97.7946,14.1821]]],[[[97.7746,14.3921],[97.7759,14.3921],[97.7746,14.3919],[97.7746,14.3921]]],[[[97.7779,14.3921],[97.7778,14.3914],[97.7767,14.3921],[97.7779,14.3921]]],[[[97.7796,14.3921],[97.7796,14.3926],[97.7801,14.3921],[97.7796,14.3921]]],[[[97.7804,14.3946],[97.7808,14.3946],[97.7804,14.3943],[97.7804,14.3946]]],[[[97.7785,14.4037],[97.778,14.4021],[97.7787,14.3996],[97.7779,14.3996],[97.7779,14.4037],[97.7785,14.4037]]],[[[97.7788,14.4046],[97.7796,14.4046],[97.7796,14.4044],[97.7788,14.404],[97.7788,14.4046]]],[[[97.7788,14.3987],[97.7788,14.3994],[97.7793,14.3987],[97.7788,14.3987]]],[[[97.7804,14.4112],[97.7817,14.4112],[97.7806,14.4104],[97.7804,14.4076],[97.7804,14.4112]]],[[[97.7846,14.4121],[97.7852,14.4121],[97.7846,14.4117],[97.7846,14.4121]]],[[[97.7854,14.4129],[97.7857,14.4129],[97.7854,14.4123],[97.7854,14.4129]]],[[[97.7754,14.4412],[97.7721,14.4412],[97.7721,14.4437],[97.7726,14.4435],[97.7724,14.4422],[97.7729,14.4418],[97.7763,14.4421],[97.7754,14.4401],[97.7754,14.4412]]],[[[97.8096,14.1171],[97.8079,14.1171],[97.8079,14.1187],[97.8083,14.1187],[97.8096,14.1171]]],[[[97.8204,14.1279],[97.8204,14.1301],[97.8213,14.1286],[97.8213,14.1279],[97.8204,14.1279]]],[[[97.8188,14.1304],[97.8188,14.1309],[97.8203,14.1304],[97.8188,14.1304]]],[[[97.8146,14.1304],[97.8138,14.132],[97.8156,14.1308],[97.8179,14.1309],[97.8179,14.1304],[97.8146,14.1304]]],[[[97.8129,14.1321],[97.8129,14.1346],[97.8131,14.1346],[97.8137,14.1321],[97.8129,14.1321]]],[[[97.8144,14.1376],[97.8137,14.1362],[97.8096,14.1362],[97.8096,14.1367],[97.8124,14.1363],[97.8144,14.1376]]],[[[97.7979,14.1504],[97.7985,14.1504],[97.798,14.1479],[97.7979,14.1479],[97.7979,14.1504]]],[[[97.8113,14.1629],[97.812,14.1629],[97.8116,14.1604],[97.8113,14.1604],[97.8113,14.1629]]],[[[97.8054,14.1821],[97.8021,14.1821],[97.8021,14.1828],[97.8042,14.1821],[97.8054,14.1827],[97.8054,14.1821]]],[[[97.8129,14.1862],[97.8125,14.1862],[97.8129,14.187],[97.8129,14.1862]]],[[[97.8188,14.1904],[97.8179,14.1904],[97.8185,14.1907],[97.8188,14.1904]]],[[[97.8213,14.1904],[97.8215,14.1911],[97.8226,14.1904],[97.8213,14.1904]]],[[[97.8129,14.2796],[97.8129,14.2821],[97.813,14.2821],[97.8137,14.2796],[97.8129,14.2796]]],[[[97.8088,14.2846],[97.8088,14.2852],[97.8095,14.2846],[97.8088,14.2846]]],[[[97.8071,14.2854],[97.8071,14.286],[97.8085,14.2854],[97.8071,14.2854]]],[[[97.8046,14.2854],[97.8038,14.2855],[97.8046,14.2859],[97.8046,14.2854]]],[[[97.8604,14.7087],[97.8604,14.7082],[97.8592,14.7087],[97.8604,14.7087]]],[[[97.8613,14.7079],[97.8613,14.7076],[97.8608,14.7079],[97.8613,14.7079]]],[[[97.8646,14.7079],[97.8653,14.7079],[97.8646,14.7077],[97.8646,14.7079]]],[[[97.8571,14.7096],[97.8571,14.7093],[97.8561,14.7096],[97.8571,14.7096]]],[[[97.8538,14.7102],[97.853,14.7104],[97.8538,14.7104],[97.8538,14.7102]]],[[[97.8342,14.7171],[97.8346,14.7179],[97.8371,14.7179],[97.8371,14.7187],[97.8379,14.7187],[97.8379,14.7171],[97.8388,14.7171],[97.8388,14.7154],[97.8404,14.7146],[97.8404,14.7137],[97.8363,14.7137],[97.8363,14.7129],[97.8356,14.7129],[97.8343,14.7155],[97.8342,14.7171]]],[[[97.8438,14.7246],[97.8438,14.7254],[97.8454,14.7262],[97.8454,14.7296],[97.8471,14.7296],[97.8479,14.7312],[97.8529,14.7312],[97.8538,14.7329],[97.8554,14.7329],[97.8554,14.7321],[97.8563,14.7321],[97.8563,14.7287],[97.8579,14.7279],[97.8579,14.7262],[97.8588,14.7262],[97.8588,14.7237],[97.8579,14.7237],[97.8579,14.7221],[97.8546,14.7221],[97.8546,14.7237],[97.8529,14.7237],[97.8529,14.7246],[97.8513,14.7246],[97.8513,14.7254],[97.8496,14.7254],[97.8496,14.7229],[97.8471,14.7229],[97.8471,14.7237],[97.8454,14.7237],[97.8454,14.7221],[97.8446,14.7221],[97.8446,14.7204],[97.8463,14.7204],[97.8463,14.7196],[97.8471,14.7196],[97.8471,14.7179],[97.8488,14.7179],[97.8488,14.7171],[97.8513,14.7171],[97.8513,14.7154],[97.8538,14.7154],[97.8538,14.7146],[97.8546,14.7146],[97.8546,14.7129],[97.8571,14.7129],[97.8571,14.7112],[97.8546,14.7112],[97.8538,14.7129],[97.8513,14.7129],[97.8513,14.7137],[97.8479,14.7137],[97.8479,14.7129],[97.8463,14.7129],[97.8463,14.7137],[97.8446,14.7137],[97.8446,14.7146],[97.8438,14.7146],[97.8438,14.7162],[97.8421,14.7162],[97.8421,14.7179],[97.8413,14.7179],[97.8413,14.7187],[97.8388,14.7187],[97.8388,14.7196],[97.8413,14.7196],[97.8413,14.7204],[97.8421,14.7204],[97.8413,14.7221],[97.8421,14.7221],[97.8421,14.7237],[97.8438,14.7246]]],[[[97.8296,14.7396],[97.8296,14.7372],[97.8288,14.7396],[97.8296,14.7396]]],[[[97.8304,14.7371],[97.8304,14.7354],[97.8313,14.7354],[97.8313,14.7321],[97.8329,14.7312],[97.8329,14.7296],[97.8338,14.7296],[97.8338,14.7329],[97.8329,14.7329],[97.8329,14.7346],[97.8346,14.7337],[97.8346,14.7312],[97.8363,14.7304],[97.8363,14.7279],[97.8346,14.7271],[97.8346,14.7246],[97.833,14.7254],[97.8329,14.7271],[97.8327,14.7271],[97.8296,14.7371],[97.8304,14.7371]]],[[[97.8396,14.7371],[97.8396,14.7379],[97.8388,14.7379],[97.8388,14.7396],[97.8404,14.7396],[97.8404,14.7371],[97.8396,14.7371]]],[[[97.8379,14.7437],[97.8379,14.7429],[97.8371,14.7429],[97.8379,14.7412],[97.8363,14.7404],[97.8363,14.7396],[97.8338,14.7396],[97.8338,14.7412],[97.8329,14.7412],[97.8329,14.7437],[97.8313,14.7437],[97.8313,14.7462],[97.8329,14.7462],[97.8329,14.7454],[97.8346,14.7454],[97.8346,14.7446],[97.8371,14.7446],[97.8371,14.7437],[97.8379,14.7437]]],[[[97.8204,14.7714],[97.8198,14.7729],[97.8204,14.7729],[97.8204,14.7714]]],[[[97.8213,14.7712],[97.8213,14.7693],[97.8205,14.7712],[97.8213,14.7712]]],[[[97.8221,14.7687],[97.8221,14.7673],[97.8215,14.7687],[97.8221,14.7687]]],[[[97.8229,14.7671],[97.8229,14.7653],[97.8222,14.7671],[97.8229,14.7671]]],[[[97.8238,14.7646],[97.8238,14.7633],[97.8232,14.7646],[97.8238,14.7646]]],[[[97.8238,14.7596],[97.8229,14.7596],[97.8229,14.7587],[97.8221,14.7587],[97.8221,14.7591],[97.8238,14.7604],[97.8238,14.7596]]],[[[97.8196,14.7737],[97.8196,14.7734],[97.8194,14.7737],[97.8196,14.7737]]],[[[97.8271,14.8021],[97.8254,14.8021],[97.8254,14.8046],[97.8271,14.8046],[97.8271,14.8021]]],[[[97.8129,14.8087],[97.8129,14.8121],[97.8146,14.8129],[97.8146,14.8137],[97.8154,14.8137],[97.8154,14.8146],[97.8179,14.8146],[97.8188,14.8162],[97.8204,14.8171],[97.8204,14.8187],[97.8229,14.8187],[97.8229,14.8204],[97.8238,14.8204],[97.8238,14.8212],[97.8254,14.8212],[97.8254,14.8179],[97.8271,14.8179],[97.8271,14.8196],[97.8288,14.8196],[97.8288,14.8212],[97.8296,14.8212],[97.8296,14.8229],[97.8304,14.8229],[97.8304,14.8246],[97.8321,14.8246],[97.8321,14.8237],[97.8346,14.8237],[97.8346,14.8246],[97.8363,14.8246],[97.8363,14.8237],[97.8371,14.8237],[97.8371,14.8229],[97.8363,14.8229],[97.8363,14.8221],[97.8379,14.8212],[97.8379,14.8204],[97.8371,14.8204],[97.8371,14.8171],[97.8354,14.8171],[97.8346,14.8154],[97.8321,14.8154],[97.8321,14.8146],[97.8329,14.8146],[97.8329,14.8121],[97.8313,14.8112],[97.8313,14.8096],[97.8321,14.8096],[97.8321,14.8054],[97.8313,14.8054],[97.8313,14.8037],[97.8288,14.8037],[97.8288,14.8046],[97.8279,14.8046],[97.8279,14.8062],[97.8263,14.8062],[97.8263,14.8054],[97.8229,14.8054],[97.8229,14.8046],[97.8238,14.8046],[97.8238,14.8021],[97.8246,14.8021],[97.8246,14.8012],[97.8263,14.8012],[97.8263,14.8004],[97.8246,14.8004],[97.8238,14.7987],[97.8221,14.7987],[97.8221,14.8004],[97.8204,14.8004],[97.8204,14.8021],[97.8196,14.8021],[97.8196,14.8037],[97.8188,14.8037],[97.8188,14.8054],[97.8171,14.8054],[97.8171,14.8071],[97.8188,14.8071],[97.8188,14.8079],[97.8154,14.8079],[97.8154,14.8063],[97.8129,14.8087]],[[97.8313,14.8121],[97.8304,14.8121],[97.8304,14.8112],[97.8313,14.8112],[97.8313,14.8121]],[[97.8304,14.8129],[97.8288,14.8129],[97.8288,14.8121],[97.8304,14.8121],[97.8304,14.8129]],[[97.8179,14.8137],[97.8171,14.8137],[97.8171,14.8129],[97.8179,14.8129],[97.8179,14.8137]]],[[[97.8163,14.8046],[97.8163,14.8045],[97.8162,14.8046],[97.8163,14.8046]]],[[[97.8171,14.8037],[97.8171,14.8026],[97.8166,14.8037],[97.8171,14.8037]]],[[[97.8179,14.8021],[97.8179,14.8008],[97.8173,14.8021],[97.8179,14.8021]]],[[[97.8188,14.8004],[97.8188,14.799],[97.8181,14.8004],[97.8188,14.8004]]],[[[97.8196,14.7987],[97.8196,14.7962],[97.8192,14.7962],[97.8189,14.7987],[97.8196,14.7987]]],[[[97.8188,14.7937],[97.8171,14.7937],[97.8171,14.7942],[97.8181,14.7942],[97.8188,14.7951],[97.8188,14.7937]]],[[[97.8104,14.8146],[97.8104,14.8139],[97.8101,14.8146],[97.8104,14.8146]]],[[[97.8104,14.8112],[97.8099,14.8112],[97.8104,14.8127],[97.8104,14.8112]]],[[[97.8104,14.8249],[97.8101,14.8253],[97.8097,14.8262],[97.8104,14.8262],[97.8104,14.8249]]],[[[97.8104,14.8229],[97.8103,14.8229],[97.8104,14.8231],[97.8104,14.8229]]],[[[97.8129,14.8312],[97.8129,14.8321],[97.8138,14.8321],[97.8138,14.8346],[97.8179,14.8346],[97.8179,14.8321],[97.8154,14.8321],[97.8154,14.8312],[97.8171,14.8312],[97.8171,14.8304],[97.8146,14.8304],[97.8146,14.8287],[97.8138,14.8287],[97.8138,14.8271],[97.8146,14.8271],[97.8154,14.8254],[97.8171,14.8254],[97.8171,14.8221],[97.8154,14.8229],[97.8146,14.8246],[97.8129,14.8246],[97.8129,14.8262],[97.8113,14.8271],[97.8113,14.8312],[97.8129,14.8312]]],[[[97.8021,14.8462],[97.8021,14.8454],[97.8029,14.8454],[97.8029,14.8429],[97.8038,14.8429],[97.8038,14.8418],[97.8029,14.8426],[97.8023,14.8439],[97.8016,14.8459],[97.8021,14.8462]]],[[[97.8046,14.8412],[97.8046,14.84],[97.804,14.8412],[97.8046,14.8412]]],[[[97.8063,14.8396],[97.8063,14.8387],[97.8071,14.8387],[97.8071,14.8396],[97.8079,14.8396],[97.8079,14.8379],[97.8063,14.8379],[97.8063,14.8364],[97.8048,14.8396],[97.8063,14.8396]]],[[[97.8071,14.8362],[97.8071,14.8346],[97.8063,14.8362],[97.8071,14.8362]]],[[[97.8071,14.8337],[97.8069,14.8337],[97.8071,14.834],[97.8071,14.8337]]],[[[97.8063,14.8429],[97.8063,14.8454],[97.8088,14.8454],[97.8088,14.8429],[97.8063,14.8429]]],[[[97.7963,14.8679],[97.7963,14.8647],[97.795,14.8679],[97.7963,14.8679]]],[[[97.7971,14.8646],[97.7971,14.8635],[97.7963,14.8646],[97.7971,14.8646]]],[[[97.7979,14.8629],[97.7979,14.8617],[97.7974,14.8629],[97.7979,14.8629]]],[[[97.7988,14.8612],[97.7988,14.8599],[97.7981,14.8612],[97.7988,14.8612]]],[[[97.7996,14.8596],[97.7996,14.8581],[97.7989,14.8596],[97.7996,14.8596]]],[[[97.8004,14.8571],[97.8004,14.8567],[97.8001,14.8571],[97.8004,14.8571]]],[[[97.8021,14.8562],[97.8021,14.8554],[97.8013,14.8554],[97.8013,14.8546],[97.8008,14.8562],[97.8021,14.8562]]],[[[97.8029,14.8537],[97.8029,14.8512],[97.8038,14.8512],[97.8038,14.8496],[97.8046,14.8496],[97.8046,14.8487],[97.8038,14.8487],[97.8038,14.8479],[97.8029,14.8479],[97.8029,14.8487],[97.7996,14.8487],[97.8013,14.8513],[97.8014,14.8537],[97.8029,14.8537]]],[[[97.8029,14.8646],[97.8029,14.8654],[97.8038,14.8654],[97.8038,14.8637],[97.8021,14.8637],[97.8021,14.8621],[97.8038,14.8621],[97.8038,14.8612],[97.8021,14.8612],[97.8021,14.8604],[97.7996,14.8604],[97.7996,14.8637],[97.7988,14.8637],[97.7979,14.8654],[97.7971,14.8654],[97.7971,14.8671],[97.7996,14.8671],[97.7996,14.8654],[97.8004,14.8654],[97.8004,14.8646],[97.8029,14.8646]]],[[[97.7938,14.8796],[97.7971,14.8796],[97.7971,14.8779],[97.7963,14.8779],[97.7963,14.8771],[97.7938,14.8771],[97.7938,14.8796]]],[[[97.8213,14.8804],[97.8204,14.8804],[97.8204,14.8812],[97.8188,14.8812],[97.8179,14.8829],[97.8121,14.8829],[97.8121,14.8837],[97.8096,14.8837],[97.8096,14.8846],[97.8071,14.8846],[97.8071,14.8854],[97.8029,14.8854],[97.8029,14.8846],[97.7996,14.8846],[97.7996,14.8854],[97.7988,14.8854],[97.7988,14.8871],[97.7979,14.8871],[97.798,14.8877],[97.8,14.8876],[97.8002,14.8865],[97.8018,14.8865],[97.8062,14.8909],[97.8074,14.8909],[97.8082,14.8903],[97.8069,14.8884],[97.8086,14.8883],[97.8091,14.8873],[97.8105,14.8874],[97.8107,14.8863],[97.81,14.886],[97.81,14.8852],[97.8121,14.8851],[97.8123,14.8859],[97.8137,14.8848],[97.8153,14.8848],[97.8175,14.8837],[97.8193,14.8843],[97.8213,14.8832],[97.8213,14.8804]]],[[[97.7963,14.8846],[97.7957,14.8846],[97.7963,14.8849],[97.7963,14.8846]]],[[[97.7946,14.8837],[97.7929,14.8837],[97.7929,14.8844],[97.7946,14.8842],[97.7946,14.8837]]],[[[97.8838,10.8429],[97.8838,10.8429],[97.8838,10.8429],[97.8838,10.8429]]],[[[97.8846,10.8437],[97.8847,10.8437],[97.8846,10.8437],[97.8846,10.8437]]],[[[97.8854,10.8454],[97.8857,10.8454],[97.8854,10.8444],[97.8854,10.8454]]],[[[97.884,10.8496],[97.8845,10.8501],[97.8846,10.8529],[97.8846,10.8496],[97.884,10.8496]]],[[[97.8979,10.8537],[97.8982,10.8537],[97.8979,10.8536],[97.8979,10.8537]]],[[[97.9028,10.8537],[97.902,10.8536],[97.9018,10.8537],[97.9028,10.8537]]],[[[97.8929,10.8537],[97.8948,10.8537],[97.8929,10.853],[97.8929,10.8537]]],[[[97.8963,10.8537],[97.8963,10.8536],[97.8956,10.8537],[97.8963,10.8537]]],[[[97.9029,10.8558],[97.9032,10.8543],[97.9029,10.8539],[97.9029,10.8558]]],[[[97.9029,10.8562],[97.9032,10.8562],[97.9029,10.856],[97.9029,10.8562]]],[[[97.9164,10.8612],[97.9133,10.8611],[97.913,10.8612],[97.9164,10.8612]]],[[[97.9104,10.8623],[97.9091,10.8629],[97.9085,10.8629],[97.9104,10.8629],[97.9104,10.8623]]],[[[97.9063,10.8621],[97.9066,10.8621],[97.9063,10.8619],[97.9063,10.8621]]],[[[97.9071,10.8629],[97.9082,10.8629],[97.9071,10.8623],[97.9071,10.8629]]],[[[97.9179,10.8637],[97.9186,10.8636],[97.9179,10.8635],[97.9179,10.8637]]],[[[97.9213,10.8712],[97.9202,10.8708],[97.9188,10.8712],[97.9213,10.8712]]],[[[97.9229,10.8721],[97.9243,10.8721],[97.9229,10.8719],[97.9229,10.8721]]],[[[97.9271,10.8726],[97.9288,10.8729],[97.9288,10.8726],[97.9271,10.8726]]],[[[97.9321,10.8779],[97.9326,10.8779],[97.9321,10.8755],[97.9321,10.8779]]],[[[97.9338,10.8796],[97.9343,10.8796],[97.9338,10.8787],[97.9338,10.8796]]],[[[97.9346,10.8812],[97.9351,10.8812],[97.9346,10.8802],[97.9346,10.8812]]],[[[97.9346,10.8887],[97.9351,10.8887],[97.9346,10.8881],[97.9346,10.8887]]],[[[97.9354,10.8904],[97.9385,10.8904],[97.9362,10.89],[97.9354,10.8891],[97.9354,10.8904]]],[[[97.9396,10.8912],[97.9412,10.8912],[97.9404,10.8909],[97.9396,10.8912]]],[[[97.9429,10.8996],[97.9437,10.8996],[97.9432,10.8962],[97.9429,10.8962],[97.9429,10.8996]]],[[[97.9438,10.9004],[97.9454,10.9004],[97.9454,10.9001],[97.9438,10.8996],[97.9438,10.9004]]],[[[97.9477,10.8996],[97.9472,10.8991],[97.9463,10.8996],[97.9477,10.8996]]],[[[97.9446,10.9212],[97.9453,10.9212],[97.9446,10.9199],[97.9446,10.9212]]],[[[97.9454,10.9221],[97.9462,10.9221],[97.9454,10.9214],[97.9454,10.9221]]],[[[97.9463,10.9229],[97.9472,10.9229],[97.9463,10.9221],[97.9463,10.9229]]],[[[97.9088,13.8012],[97.9079,13.8012],[97.9079,13.8021],[97.9071,13.8024],[97.9083,13.8022],[97.9088,13.8012]]],[[[97.9113,13.7971],[97.9113,13.7987],[97.9104,13.7987],[97.9104,13.8004],[97.9113,13.8004],[97.9113,13.8046],[97.9121,13.8046],[97.9121,13.8054],[97.9138,13.8054],[97.9138,13.8121],[97.9146,13.8121],[97.9146,13.8129],[97.9163,13.8129],[97.9163,13.8137],[97.9188,13.8137],[97.9188,13.8154],[97.9179,13.8154],[97.9179,13.8196],[97.9188,13.8196],[97.9188,13.8204],[97.922,13.8204],[97.9194,13.8191],[97.9199,13.8169],[97.9212,13.8146],[97.9204,13.8146],[97.9204,13.813],[97.9167,13.8127],[97.9158,13.8111],[97.9161,13.8066],[97.9137,13.8048],[97.9137,13.8016],[97.9125,13.7992],[97.9144,13.7952],[97.9146,13.7934],[97.9115,13.7877],[97.9103,13.787],[97.9096,13.7873],[97.9096,13.7887],[97.9113,13.7896],[97.9113,13.7904],[97.9121,13.7904],[97.9121,13.7937],[97.9129,13.7937],[97.9129,13.7962],[97.9113,13.7971]]],[[[97.9246,13.8187],[97.9246,13.8237],[97.9254,13.8237],[97.9254,13.8212],[97.9263,13.8212],[97.9263,13.819],[97.9254,13.8183],[97.9241,13.8187],[97.9246,13.8187]]],[[[97.9046,13.8121],[97.9046,13.8115],[97.904,13.8121],[97.9046,13.8121]]],[[[97.9054,13.8112],[97.9054,13.8111],[97.9051,13.8112],[97.9054,13.8112]]],[[[97.9229,13.8271],[97.9229,13.8346],[97.9246,13.8354],[97.9246,13.8287],[97.9238,13.8287],[97.9238,13.8271],[97.9229,13.8271]]],[[[97.9239,13.8387],[97.9246,13.8392],[97.9246,13.8387],[97.9239,13.8387]]],[[[97.9224,13.8409],[97.9229,13.8379],[97.9213,13.8379],[97.9213,13.8387],[97.9204,13.8387],[97.9204,13.8412],[97.9213,13.8412],[97.9213,13.8429],[97.9221,13.8429],[97.9221,13.8437],[97.9229,13.8437],[97.9229,13.8446],[97.9246,13.8454],[97.9246,13.8479],[97.9254,13.8479],[97.9254,13.8512],[97.9263,13.8512],[97.9263,13.8537],[97.9254,13.8537],[97.9254,13.8554],[97.9246,13.8554],[97.9246,13.8579],[97.9254,13.8579],[97.9254,13.8562],[97.9263,13.8562],[97.9263,13.8546],[97.9271,13.8546],[97.9271,13.8478],[97.926,13.8442],[97.9244,13.8438],[97.9224,13.8409]]],[[[97.9088,13.8604],[97.9088,13.8596],[97.9096,13.8596],[97.9096,13.8587],[97.9088,13.8587],[97.9084,13.8595],[97.9088,13.8604]]],[[[97.9163,13.8662],[97.9154,13.8662],[97.9154,13.8679],[97.9146,13.8679],[97.9146,13.8687],[97.9163,13.8687],[97.9163,13.8671],[97.9171,13.8669],[97.9171,13.8646],[97.9163,13.8646],[97.9163,13.8662]]],[[[97.9138,13.9012],[97.9138,13.9012],[97.9137,13.9012],[97.9138,13.9012]]],[[[97.9146,13.9012],[97.9154,13.9012],[97.9154,13.9029],[97.9163,13.9029],[97.9163,13.9046],[97.9169,13.9046],[97.9158,13.8977],[97.9169,13.8961],[97.9171,13.8904],[97.9129,13.8912],[97.9154,13.8912],[97.9154,13.8937],[97.9146,13.8937],[97.9143,13.8971],[97.9152,13.8994],[97.9146,13.9012]]],[[[97.9182,13.9121],[97.9179,13.9116],[97.9179,13.9121],[97.9182,13.9121]]],[[[97.9171,13.9087],[97.9171,13.9112],[97.9177,13.9112],[97.9173,13.9105],[97.9177,13.9087],[97.9171,13.9087]]],[[[97.9104,13.9154],[97.9126,13.9154],[97.9105,13.9146],[97.9104,13.9154]]],[[[97.9138,13.9104],[97.9137,13.9104],[97.9138,13.9106],[97.9138,13.9104]]],[[[97.9084,13.9154],[97.9096,13.9151],[97.9084,13.9151],[97.9084,13.9154]]],[[[97.9046,13.9287],[97.9063,13.9287],[97.9063,13.9283],[97.905,13.9279],[97.9046,13.9287]]],[[[97.9079,13.9404],[97.9079,13.9393],[97.9077,13.9404],[97.9079,13.9404]]],[[[97.9079,13.935],[97.9076,13.9357],[97.9079,13.9368],[97.9079,13.935]]],[[[97.9413,14.5237],[97.9421,14.5237],[97.9421,14.5221],[97.9429,14.5221],[97.9429,14.5204],[97.9438,14.5204],[97.9438,14.5196],[97.9421,14.5187],[97.9421,14.5204],[97.9413,14.5204],[97.9413,14.5187],[97.9396,14.5187],[97.9396,14.5196],[97.9389,14.5196],[97.9379,14.5211],[97.9379,14.5229],[97.9371,14.5229],[97.9371,14.5246],[97.9357,14.5246],[97.9354,14.5262],[97.9396,14.5262],[97.9396,14.5246],[97.9413,14.5246],[97.9413,14.5237]]],[[[97.9213,14.5587],[97.9221,14.5587],[97.9229,14.5571],[97.9246,14.5571],[97.9246,14.5554],[97.9254,14.5554],[97.9254,14.5521],[97.9271,14.5512],[97.9271,14.5496],[97.9296,14.5496],[97.9296,14.5487],[97.9313,14.5487],[97.9313,14.5479],[97.9338,14.5479],[97.9338,14.5487],[97.9346,14.5487],[97.9346,14.5512],[97.9329,14.5512],[97.9329,14.5529],[97.9321,14.5529],[97.9321,14.5562],[97.9313,14.5562],[97.9313,14.5604],[97.9329,14.5596],[97.9329,14.5571],[97.9338,14.5571],[97.9338,14.5554],[97.9346,14.5554],[97.9346,14.5546],[97.9371,14.5546],[97.9371,14.5529],[97.9388,14.5529],[97.9388,14.5521],[97.9379,14.5521],[97.9379,14.5504],[97.9388,14.5504],[97.9388,14.5454],[97.9404,14.5446],[97.9404,14.5429],[97.9421,14.5429],[97.9421,14.5412],[97.9413,14.5412],[97.9413,14.5396],[97.9404,14.5396],[97.9404,14.5371],[97.9413,14.5371],[97.9413,14.5354],[97.9396,14.5346],[97.9396,14.5329],[97.9446,14.5329],[97.9446,14.5321],[97.9429,14.5321],[97.9429,14.5304],[97.9404,14.5304],[97.9404,14.5296],[97.9379,14.5296],[97.9379,14.5279],[97.9354,14.5279],[97.9354,14.5287],[97.9363,14.5287],[97.9354,14.5304],[97.9346,14.5304],[97.9346,14.5296],[97.9329,14.5304],[97.9327,14.5296],[97.9299,14.5342],[97.9269,14.5373],[97.9252,14.5414],[97.923,14.5446],[97.9238,14.5446],[97.9238,14.5437],[97.9254,14.5437],[97.9254,14.5454],[97.9238,14.5454],[97.9238,14.5471],[97.9246,14.5471],[97.9246,14.5487],[97.9221,14.5487],[97.9221,14.5504],[97.9193,14.5504],[97.9188,14.5512],[97.9196,14.5512],[97.9196,14.5537],[97.9179,14.5537],[97.9177,14.5529],[97.9167,14.5546],[97.9179,14.5546],[97.9179,14.5554],[97.9163,14.5562],[97.9163,14.5587],[97.9154,14.5587],[97.9154,14.5579],[97.9147,14.5579],[97.9105,14.5654],[97.9113,14.5654],[97.9113,14.5662],[97.9104,14.5662],[97.9104,14.5671],[97.9094,14.5671],[97.9079,14.5696],[97.9088,14.5696],[97.9088,14.5721],[97.9079,14.5721],[97.9079,14.5746],[97.9071,14.5746],[97.9071,14.5762],[97.9088,14.5762],[97.9088,14.5754],[97.9096,14.5754],[97.9096,14.5737],[97.9113,14.5729],[97.9113,14.5721],[97.9121,14.5721],[97.9121,14.5704],[97.9129,14.5704],[97.9129,14.5696],[97.9138,14.5696],[97.9138,14.5704],[97.9154,14.5704],[97.9154,14.5696],[97.9163,14.5696],[97.9163,14.5671],[97.9154,14.5671],[97.9154,14.5662],[97.9188,14.5646],[97.9188,14.5629],[97.9213,14.5629],[97.9213,14.5621],[97.9204,14.5621],[97.9204,14.5604],[97.9213,14.5604],[97.9213,14.5587]],[[97.9363,14.5304],[97.9363,14.5312],[97.9354,14.5312],[97.9354,14.5304],[97.9363,14.5304]],[[97.9154,14.5679],[97.9146,14.5679],[97.9146,14.5671],[97.9154,14.5671],[97.9154,14.5679]],[[97.9354,14.5371],[97.9363,14.5371],[97.9363,14.5362],[97.9379,14.5362],[97.9379,14.5379],[97.9371,14.5379],[97.9371,14.5387],[97.9354,14.5387],[97.9354,14.5371]],[[97.9271,14.5387],[97.9279,14.5387],[97.9279,14.5379],[97.9304,14.5379],[97.9304,14.5396],[97.9279,14.5396],[97.9279,14.5404],[97.9271,14.5404],[97.9271,14.5387]]],[[[97.9229,14.5454],[97.9229,14.5447],[97.9224,14.5454],[97.9229,14.5454]]],[[[97.9063,14.5746],[97.9063,14.5724],[97.9053,14.5746],[97.9063,14.5746]]],[[[97.9071,14.5721],[97.9071,14.5708],[97.9064,14.5721],[97.9071,14.5721]]],[[[97.9263,14.6404],[97.9263,14.6421],[97.9279,14.6421],[97.9279,14.6429],[97.9296,14.6429],[97.9296,14.6396],[97.9288,14.6396],[97.9288,14.6379],[97.9271,14.6379],[97.9263,14.6362],[97.9254,14.6362],[97.9254,14.6346],[97.9238,14.6337],[97.9238,14.6321],[97.9179,14.6321],[97.9179,14.6346],[97.9188,14.6346],[97.9179,14.6362],[97.9196,14.6362],[97.9196,14.6346],[97.9213,14.6346],[97.9221,14.6362],[97.9238,14.6362],[97.9238,14.6371],[97.9246,14.6371],[97.9246,14.6396],[97.9263,14.6404]]],[[[97.9413,14.6371],[97.9404,14.6371],[97.9404,14.6379],[97.9421,14.6379],[97.9421,14.6387],[97.9438,14.6387],[97.9438,14.6371],[97.9429,14.6371],[97.9429,14.6362],[97.9413,14.6362],[97.9413,14.6371]]],[[[97.8888,14.6596],[97.8888,14.6604],[97.8896,14.6604],[97.8896,14.6621],[97.8879,14.6629],[97.8879,14.6646],[97.8871,14.6646],[97.8871,14.6654],[97.8838,14.6654],[97.8838,14.6696],[97.8829,14.6696],[97.8829,14.6712],[97.8813,14.6712],[97.8804,14.6729],[97.8788,14.6737],[97.8788,14.6771],[97.8813,14.6771],[97.8813,14.6754],[97.8804,14.6754],[97.8804,14.6746],[97.8871,14.6746],[97.8879,14.6762],[97.8904,14.6762],[97.8904,14.6721],[97.8921,14.6712],[97.8921,14.6687],[97.8913,14.6687],[97.8913,14.6679],[97.8921,14.6679],[97.8921,14.6662],[97.8929,14.6662],[97.8929,14.6654],[97.8938,14.6654],[97.8938,14.6629],[97.8946,14.6629],[97.8946,14.6637],[97.8979,14.6637],[97.8979,14.6629],[97.8996,14.6629],[97.8996,14.6621],[97.9029,14.6621],[97.9029,14.6579],[97.9054,14.6579],[97.9054,14.6554],[97.9063,14.6554],[97.9063,14.6529],[97.9054,14.6529],[97.9054,14.6512],[97.9063,14.6512],[97.9063,14.6504],[97.9079,14.6512],[97.9079,14.6479],[97.9096,14.6479],[97.9096,14.6462],[97.9079,14.6454],[97.9079,14.6437],[97.9063,14.6437],[97.9063,14.6454],[97.9046,14.6454],[97.9046,14.6479],[97.9029,14.6479],[97.9029,14.6487],[97.9004,14.6487],[97.9004,14.6479],[97.9021,14.6479],[97.9021,14.6471],[97.9029,14.6471],[97.9029,14.6437],[97.9038,14.6437],[97.9038,14.6421],[97.9054,14.6412],[97.9054,14.6396],[97.9071,14.6396],[97.9071,14.6371],[97.9088,14.6362],[97.9088,14.6354],[97.9113,14.6354],[97.9113,14.6346],[97.9121,14.6346],[97.9121,14.6321],[97.9129,14.6321],[97.9129,14.6312],[97.9179,14.6312],[97.9179,14.6296],[97.9196,14.6296],[97.9196,14.6304],[97.9213,14.6304],[97.9213,14.6296],[97.9204,14.6296],[97.9204,14.6271],[97.9221,14.6271],[97.9221,14.6262],[97.9238,14.6262],[97.9238,14.6279],[97.9254,14.6279],[97.9254,14.6254],[97.9296,14.6254],[97.9296,14.6237],[97.9304,14.6237],[97.9304,14.6262],[97.9296,14.6262],[97.9296,14.6279],[97.9304,14.6279],[97.9304,14.6287],[97.9329,14.6287],[97.9329,14.6321],[97.9338,14.6321],[97.9338,14.6354],[97.9354,14.6362],[97.9354,14.6337],[97.9379,14.6337],[97.9379,14.6354],[97.9388,14.6354],[97.9388,14.6362],[97.9404,14.6362],[97.9404,14.6346],[97.9413,14.6346],[97.9413,14.6329],[97.9404,14.6329],[97.9404,14.6321],[97.9363,14.6321],[97.9354,14.6304],[97.9346,14.6304],[97.9346,14.6296],[97.9363,14.6296],[97.9363,14.6287],[97.9338,14.6287],[97.9338,14.6279],[97.9329,14.6279],[97.9329,14.6254],[97.9346,14.6246],[97.9346,14.6221],[97.9329,14.6221],[97.9329,14.6229],[97.9313,14.6229],[97.9313,14.6221],[97.9304,14.6221],[97.9304,14.6204],[97.9321,14.6196],[97.9329,14.6179],[97.9338,14.6179],[97.9338,14.6162],[97.9363,14.6162],[97.9371,14.6179],[97.9388,14.6179],[97.9388,14.6204],[97.9404,14.6212],[97.9404,14.6229],[97.9413,14.6229],[97.9413,14.6246],[97.9429,14.6246],[97.9429,14.6254],[97.9446,14.6262],[97.9446,14.6271],[97.9463,14.6271],[97.9463,14.6287],[97.9479,14.6287],[97.9479,14.6271],[97.9463,14.6262],[97.9463,14.6246],[97.9471,14.6246],[97.9471,14.6237],[97.9496,14.6237],[97.9496,14.6221],[97.9429,14.6221],[97.9429,14.6212],[97.9413,14.6204],[97.9413,14.6162],[97.9404,14.6162],[97.9404,14.6154],[97.9388,14.6154],[97.9396,14.6137],[97.9363,14.6137],[97.9363,14.6129],[97.9346,14.6129],[97.9346,14.6079],[97.9379,14.6062],[97.9379,14.6046],[97.9371,14.6046],[97.9363,14.6029],[97.9313,14.6054],[97.9313,14.6079],[97.9296,14.6079],[97.9296,14.6087],[97.9279,14.6087],[97.9279,14.6046],[97.9288,14.6046],[97.9288,14.6037],[97.9279,14.6037],[97.9279,14.6021],[97.9271,14.6021],[97.9271,14.6004],[97.9263,14.6004],[97.9263,14.6021],[97.9246,14.6021],[97.9246,14.6046],[97.9254,14.6046],[97.9254,14.6062],[97.9246,14.6062],[97.9246,14.6079],[97.9254,14.6079],[97.9254,14.6096],[97.9246,14.6096],[97.9238,14.6112],[97.9221,14.6112],[97.9229,14.6129],[97.9246,14.6129],[97.9246,14.6146],[97.9254,14.6146],[97.9254,14.6154],[97.9246,14.6154],[97.9246,14.6162],[97.9179,14.6162],[97.9179,14.6179],[97.9163,14.6187],[97.9163,14.6196],[97.9138,14.6196],[97.9138,14.6204],[97.9121,14.6204],[97.9121,14.6221],[97.9104,14.6229],[97.9104,14.6204],[97.9088,14.6196],[97.9088,14.6187],[97.9113,14.6187],[97.9113,14.6162],[97.9121,14.6162],[97.9121,14.6121],[97.9113,14.6121],[97.9113,14.6112],[97.9096,14.6104],[97.9088,14.6087],[97.9079,14.6087],[97.9079,14.6071],[97.9071,14.6071],[97.9071,14.6054],[97.9088,14.6054],[97.9088,14.5996],[97.9063,14.5996],[97.9063,14.6004],[97.9054,14.6004],[97.9054,14.5996],[97.9038,14.5996],[97.9043,14.6007],[97.9054,14.6005],[97.9059,14.6018],[97.9036,14.6065],[97.9005,14.6171],[97.9013,14.6171],[97.9013,14.6154],[97.9021,14.6154],[97.9021,14.6137],[97.9029,14.6137],[97.9029,14.6112],[97.9038,14.6112],[97.9038,14.6087],[97.9046,14.6087],[97.9046,14.6046],[97.9054,14.6046],[97.9054,14.6029],[97.9063,14.6029],[97.9063,14.6021],[97.9071,14.6021],[97.9071,14.6037],[97.9063,14.6037],[97.9063,14.6054],[97.9054,14.6054],[97.9054,14.6071],[97.9063,14.6071],[97.9063,14.6104],[97.9054,14.6104],[97.9054,14.6154],[97.9063,14.6154],[97.9063,14.6162],[97.9079,14.6171],[97.9079,14.6179],[97.9071,14.6179],[97.9071,14.6187],[97.9079,14.6187],[97.9079,14.6196],[97.9071,14.6196],[97.9071,14.6229],[97.9079,14.6229],[97.9079,14.6287],[97.9071,14.6287],[97.9071,14.6304],[97.9063,14.6304],[97.9063,14.6321],[97.9071,14.6321],[97.9071,14.6329],[97.9088,14.6329],[97.9088,14.6337],[97.9063,14.6337],[97.9063,14.6346],[97.9038,14.6346],[97.9029,14.6362],[97.9046,14.6362],[97.9046,14.6379],[97.9029,14.6379],[97.9029,14.6396],[97.9004,14.6396],[97.8996,14.6412],[97.8988,14.6412],[97.8988,14.6429],[97.8979,14.6429],[97.8979,14.6446],[97.8971,14.6446],[97.8971,14.6454],[97.8946,14.6454],[97.8946,14.6471],[97.8954,14.6471],[97.8954,14.6496],[97.8938,14.6496],[97.8938,14.6529],[97.8929,14.6529],[97.8929,14.6554],[97.8913,14.6554],[97.8904,14.6571],[97.8888,14.6571],[97.8888,14.6579],[97.8879,14.6579],[97.8879,14.6596],[97.8888,14.6596]],[[97.9304,14.6196],[97.9304,14.6187],[97.9313,14.6187],[97.9313,14.6196],[97.9304,14.6196]],[[97.9329,14.6079],[97.9329,14.6096],[97.9313,14.6096],[97.9313,14.6079],[97.9329,14.6079]],[[97.9129,14.6229],[97.9129,14.6254],[97.9113,14.6254],[97.9113,14.6229],[97.9129,14.6229]],[[97.9096,14.6337],[97.9096,14.6346],[97.9088,14.6346],[97.9088,14.6337],[97.9096,14.6337]],[[97.8971,14.6496],[97.8971,14.6512],[97.8954,14.6512],[97.8954,14.6496],[97.8971,14.6496]],[[97.9221,14.6221],[97.9213,14.6221],[97.9213,14.6212],[97.9221,14.6212],[97.9221,14.6221]],[[97.9188,14.6229],[97.9171,14.6229],[97.9171,14.6246],[97.9154,14.6246],[97.9154,14.6221],[97.9188,14.6221],[97.9188,14.6229]],[[97.9071,14.6137],[97.9063,14.6137],[97.9063,14.6129],[97.9071,14.6129],[97.9071,14.6137]],[[97.9071,14.6121],[97.9079,14.6121],[97.9079,14.6129],[97.9071,14.6129],[97.9071,14.6121]]],[[[97.8916,14.6392],[97.8786,14.6541],[97.876,14.6588],[97.8758,14.6612],[97.8763,14.6604],[97.8771,14.6604],[97.8771,14.6587],[97.8788,14.6579],[97.8788,14.6562],[97.8796,14.6562],[97.8804,14.6546],[97.8813,14.6546],[97.8813,14.6537],[97.8821,14.6537],[97.8821,14.6521],[97.8829,14.6521],[97.8838,14.6504],[97.8846,14.6504],[97.8846,14.6487],[97.8863,14.6487],[97.8863,14.6479],[97.8871,14.6479],[97.8871,14.6462],[97.8879,14.6462],[97.8879,14.6446],[97.8888,14.6446],[97.8888,14.6429],[97.8896,14.6429],[97.8904,14.6412],[97.8913,14.6412],[97.8913,14.6396],[97.8919,14.6396],[97.8916,14.6392]]],[[[97.8729,14.6704],[97.873,14.6704],[97.8729,14.6704],[97.8729,14.6704]]],[[[97.8754,14.6704],[97.8754,14.67],[97.8749,14.6704],[97.8754,14.6704]]],[[[97.8763,14.6696],[97.8763,14.6685],[97.8757,14.6696],[97.8763,14.6696]]],[[[97.8771,14.6679],[97.8771,14.6662],[97.8766,14.6662],[97.8764,14.6679],[97.8771,14.6679]]],[[[97.8927,14.6392],[97.8938,14.6387],[97.8946,14.6371],[97.8954,14.6371],[97.8954,14.6354],[97.8963,14.6354],[97.8961,14.6281],[97.8942,14.6341],[97.895,14.6356],[97.8931,14.6373],[97.8927,14.6392]]],[[[97.8971,14.6271],[97.8971,14.6256],[97.8965,14.6264],[97.8971,14.6271]]],[[[97.8979,14.6254],[97.8979,14.6242],[97.8972,14.6254],[97.8979,14.6254]]],[[[97.8988,14.6229],[97.8988,14.6212],[97.8996,14.6212],[97.8996,14.6196],[97.9004,14.6196],[97.9004,14.6174],[97.8988,14.6201],[97.8984,14.6218],[97.8988,14.6229]]],[[[97.9171,14.6387],[97.9171,14.6446],[97.9188,14.6446],[97.9188,14.6462],[97.9196,14.6462],[97.9196,14.6437],[97.9188,14.6437],[97.9188,14.6421],[97.9179,14.6421],[97.9179,14.6404],[97.9188,14.6404],[97.9188,14.6387],[97.9171,14.6387]]],[[[97.9479,14.6421],[97.9463,14.6421],[97.9463,14.6412],[97.9446,14.6412],[97.9446,14.6429],[97.9438,14.6429],[97.9438,14.6454],[97.9463,14.6454],[97.9463,14.6479],[97.9479,14.6479],[97.9479,14.6437],[97.9488,14.6437],[97.9479,14.6421]]],[[[97.9229,14.6479],[97.9229,14.6504],[97.9246,14.6504],[97.9246,14.6496],[97.9238,14.6496],[97.9238,14.6479],[97.9229,14.6479]]],[[[97.9171,14.6521],[97.9171,14.6537],[97.9188,14.6537],[97.9188,14.6521],[97.9171,14.6521]]],[[[97.9138,14.6587],[97.9121,14.6587],[97.9121,14.6596],[97.9113,14.6596],[97.9113,14.6629],[97.9121,14.6629],[97.9121,14.6662],[97.9104,14.6654],[97.9104,14.6637],[97.9096,14.6637],[97.9096,14.6604],[97.9104,14.6604],[97.9104,14.6596],[97.9079,14.6596],[97.9079,14.6587],[97.9063,14.6587],[97.9063,14.6604],[97.9079,14.6612],[97.9079,14.6629],[97.9071,14.6629],[97.9071,14.6637],[97.9088,14.6646],[97.9088,14.6671],[97.9121,14.6671],[97.9129,14.6687],[97.9146,14.6687],[97.9154,14.6704],[97.9071,14.6704],[97.9071,14.6721],[97.9079,14.6721],[97.9079,14.6729],[97.9104,14.6729],[97.9104,14.6737],[97.9121,14.6737],[97.9121,14.6754],[97.9113,14.6754],[97.9113,14.6762],[97.9079,14.6762],[97.9079,14.6771],[97.9054,14.6771],[97.9063,14.6787],[97.9071,14.6787],[97.9071,14.6804],[97.9054,14.6812],[97.9054,14.6854],[97.9046,14.6854],[97.9046,14.6912],[97.9038,14.6912],[97.9038,14.6954],[97.9021,14.6954],[97.9021,14.6946],[97.9004,14.6946],[97.9004,14.6937],[97.8988,14.6937],[97.8988,14.6979],[97.9004,14.6987],[97.9004,14.7004],[97.9021,14.7004],[97.9021,14.7012],[97.9029,14.7012],[97.9029,14.7054],[97.9046,14.7054],[97.9046,14.7062],[97.9063,14.7071],[97.9063,14.7079],[97.9079,14.7079],[97.9079,14.7112],[97.9071,14.7112],[97.9071,14.7154],[97.9054,14.7154],[97.9054,14.7146],[97.9038,14.7146],[97.9038,14.7154],[97.9029,14.7157],[97.9043,14.7161],[97.9044,14.7171],[97.9054,14.7171],[97.9054,14.7179],[97.9063,14.7179],[97.9066,14.7185],[97.9188,14.7196],[97.9245,14.7229],[97.9254,14.7229],[97.926,14.7237],[97.9361,14.7246],[97.9417,14.7218],[97.9429,14.7187],[97.9413,14.7187],[97.9404,14.7171],[97.9388,14.7179],[97.9388,14.7154],[97.9371,14.7146],[97.9371,14.7137],[97.9363,14.7137],[97.9363,14.7112],[97.9338,14.7112],[97.9338,14.7121],[97.9329,14.7121],[97.9329,14.7112],[97.9313,14.7112],[97.9313,14.7104],[97.9304,14.7104],[97.9304,14.7071],[97.9288,14.7071],[97.9288,14.7062],[97.9296,14.7062],[97.9296,14.7054],[97.9288,14.7054],[97.9288,14.7021],[97.9271,14.7012],[97.9271,14.6996],[97.9263,14.6996],[97.9263,14.6987],[97.9246,14.6979],[97.9246,14.6962],[97.9238,14.6962],[97.9238,14.6946],[97.9229,14.6946],[97.9229,14.6896],[97.9238,14.6896],[97.9238,14.6879],[97.9246,14.6879],[97.9246,14.6871],[97.9263,14.6871],[97.9263,14.6846],[97.9279,14.6846],[97.9279,14.6854],[97.9288,14.6854],[97.9288,14.6837],[97.9279,14.6837],[97.9279,14.6821],[97.9288,14.6821],[97.9288,14.6804],[97.9296,14.6804],[97.9296,14.6787],[97.9329,14.6787],[97.9329,14.6779],[97.9354,14.6779],[97.9354,14.6762],[97.9338,14.6762],[97.9338,14.6771],[97.9296,14.6771],[97.9296,14.6779],[97.9279,14.6779],[97.9279,14.6787],[97.9271,14.6787],[97.9271,14.6804],[97.9254,14.6812],[97.9254,14.6821],[97.9221,14.6821],[97.9229,14.6837],[97.9238,14.6837],[97.9238,14.6846],[97.9254,14.6846],[97.9254,14.6862],[97.9221,14.6862],[97.9221,14.6854],[97.9196,14.6854],[97.9196,14.6837],[97.9171,14.6837],[97.9171,14.6829],[97.9196,14.6829],[97.9196,14.6821],[97.9204,14.6821],[97.9204,14.6779],[97.9188,14.6771],[97.9188,14.6746],[97.9171,14.6746],[97.9171,14.6721],[97.9163,14.6721],[97.9163,14.6712],[97.9171,14.6712],[97.9171,14.6696],[97.9163,14.6696],[97.9163,14.6671],[97.9154,14.6671],[97.9154,14.6646],[97.9146,14.6646],[97.9146,14.6612],[97.9154,14.6612],[97.9163,14.6596],[97.9179,14.6596],[97.9179,14.6604],[97.9188,14.6604],[97.9188,14.6654],[97.9196,14.6654],[97.9196,14.6629],[97.9204,14.6629],[97.9204,14.6612],[97.9213,14.6612],[97.9213,14.6596],[97.9196,14.6596],[97.9196,14.6579],[97.9179,14.6571],[97.9171,14.6554],[97.9163,14.6554],[97.9163,14.6562],[97.9146,14.6554],[97.9146,14.6562],[97.9138,14.6562],[97.9146,14.6579],[97.9138,14.6579],[97.9138,14.6587]],[[97.9288,14.7079],[97.9279,14.7079],[97.9279,14.7071],[97.9288,14.7071],[97.9288,14.7079]],[[97.9346,14.7154],[97.9346,14.7171],[97.9329,14.7162],[97.9329,14.7154],[97.9346,14.7154]],[[97.9288,14.7204],[97.9288,14.7212],[97.9279,14.7212],[97.9279,14.7204],[97.9288,14.7204]],[[97.9146,14.6804],[97.9146,14.6812],[97.9163,14.6812],[97.9163,14.6821],[97.9138,14.6821],[97.9138,14.6804],[97.9146,14.6804]],[[97.9129,14.7054],[97.9146,14.7054],[97.9146,14.7071],[97.9129,14.7062],[97.9129,14.7054]],[[97.9121,14.7054],[97.9121,14.7046],[97.9129,14.7046],[97.9129,14.7054],[97.9121,14.7054]],[[97.9138,14.7112],[97.9138,14.7129],[97.9129,14.7129],[97.9129,14.7112],[97.9138,14.7112]],[[97.9129,14.6779],[97.9129,14.6787],[97.9121,14.6787],[97.9121,14.6779],[97.9129,14.6779]],[[97.9129,14.6946],[97.9129,14.6954],[97.9121,14.6954],[97.9121,14.6946],[97.9129,14.6946]],[[97.9113,14.6829],[97.9113,14.6837],[97.9104,14.6837],[97.9104,14.6829],[97.9113,14.6829]],[[97.9104,14.6846],[97.9104,14.6854],[97.9096,14.6854],[97.9096,14.6846],[97.9104,14.6846]],[[97.9088,14.6954],[97.9088,14.6971],[97.9071,14.6979],[97.9071,14.6954],[97.9079,14.6954],[97.9079,14.6946],[97.9096,14.6946],[97.9096,14.6954],[97.9088,14.6954]],[[97.9079,14.7004],[97.9079,14.7012],[97.9063,14.7012],[97.9063,14.7004],[97.9079,14.7004]],[[97.9063,14.6946],[97.9063,14.6954],[97.9054,14.6954],[97.9054,14.6946],[97.9063,14.6946]]],[[[97.8688,14.7121],[97.8693,14.7121],[97.8688,14.7115],[97.8688,14.7121]]],[[[97.8679,14.7112],[97.8685,14.7112],[97.8679,14.7106],[97.8679,14.7112]]],[[[97.8721,14.7187],[97.8729,14.7187],[97.8738,14.7204],[97.8771,14.7204],[97.8771,14.7179],[97.8754,14.7179],[97.8754,14.7171],[97.8746,14.7171],[97.8746,14.7154],[97.8738,14.7154],[97.8738,14.7149],[97.8713,14.7154],[97.8713,14.7162],[97.8721,14.7162],[97.8721,14.7187]]],[[[97.8779,14.7221],[97.8796,14.7212],[97.8796,14.7196],[97.8779,14.7196],[97.8779,14.7204],[97.8771,14.7204],[97.8779,14.7221]]],[[[97.8927,14.7321],[97.8921,14.7296],[97.8913,14.7296],[97.8913,14.7312],[97.8921,14.7312],[97.8921,14.7321],[97.8927,14.7321]]],[[[97.8929,14.7329],[97.8937,14.7329],[97.8929,14.7322],[97.8929,14.7329]]],[[[97.9238,14.7412],[97.9254,14.7421],[97.9263,14.7404],[97.9246,14.7404],[97.9246,14.7396],[97.9263,14.7396],[97.9263,14.739],[97.9238,14.7388],[97.9238,14.7412]]],[[[97.8913,14.7537],[97.8904,14.7537],[97.8904,14.7521],[97.8913,14.7521],[97.8913,14.7504],[97.8921,14.7504],[97.8921,14.7496],[97.8954,14.7496],[97.8954,14.7504],[97.8946,14.7504],[97.8946,14.7529],[97.8951,14.7529],[97.8975,14.7487],[97.8979,14.7437],[97.8985,14.7437],[97.8996,14.7374],[97.8988,14.7371],[97.8988,14.7379],[97.8971,14.7379],[97.8963,14.7362],[97.8946,14.7362],[97.8946,14.7371],[97.8929,14.7379],[97.8929,14.7387],[97.8913,14.7387],[97.8913,14.7396],[97.8888,14.7396],[97.8888,14.7379],[97.8896,14.7379],[97.8896,14.7371],[97.8888,14.7371],[97.8879,14.7354],[97.8871,14.7354],[97.8871,14.7346],[97.8863,14.7346],[97.8863,14.7321],[97.8846,14.7312],[97.8846,14.7279],[97.8829,14.7279],[97.8829,14.7262],[97.8838,14.7262],[97.8838,14.7237],[97.8829,14.7237],[97.8821,14.7221],[97.8813,14.7221],[97.8813,14.7262],[97.8779,14.7262],[97.8771,14.7246],[97.8763,14.7246],[97.8763,14.7229],[97.8746,14.7221],[97.8746,14.7229],[97.8738,14.7229],[97.8738,14.7304],[97.8754,14.7304],[97.8754,14.7321],[97.8771,14.7321],[97.8771,14.7279],[97.8779,14.7279],[97.8779,14.7271],[97.8804,14.7271],[97.8804,14.7287],[97.8813,14.7287],[97.8813,14.7304],[97.8821,14.7304],[97.8821,14.7312],[97.8838,14.7321],[97.8838,14.7329],[97.8846,14.7329],[97.8846,14.7346],[97.8854,14.7346],[97.8854,14.7412],[97.8846,14.7412],[97.8846,14.7429],[97.8863,14.7437],[97.8863,14.7446],[97.8854,14.7446],[97.8854,14.7471],[97.8846,14.7471],[97.8846,14.7521],[97.8854,14.7521],[97.8854,14.7546],[97.8846,14.7546],[97.8846,14.7554],[97.8838,14.7554],[97.8838,14.7546],[97.8813,14.7546],[97.8813,14.7554],[97.8821,14.7554],[97.8821,14.7562],[97.8838,14.7562],[97.8838,14.7571],[97.8863,14.7571],[97.8863,14.7587],[97.8854,14.7587],[97.8854,14.7604],[97.891,14.7604],[97.8938,14.7554],[97.8921,14.7554],[97.8913,14.7537]],[[97.8888,14.7579],[97.8888,14.7587],[97.8879,14.7587],[97.8879,14.7579],[97.8888,14.7579]]],[[[97.9189,14.7404],[97.9188,14.7412],[97.9204,14.7412],[97.9204,14.7429],[97.9213,14.7429],[97.9213,14.7404],[97.9204,14.7404],[97.9204,14.7398],[97.9189,14.7404]]],[[[97.915,14.7446],[97.9146,14.7462],[97.9163,14.7462],[97.9163,14.7446],[97.915,14.7446]]],[[[97.9329,14.7479],[97.9329,14.7504],[97.9338,14.7504],[97.9338,14.7554],[97.9321,14.7562],[97.9321,14.7579],[97.9346,14.7579],[97.9346,14.7571],[97.9354,14.7571],[97.9353,14.7497],[97.9346,14.7496],[97.9346,14.7485],[97.9338,14.7479],[97.9338,14.7469],[97.9329,14.7462],[97.9302,14.7404],[97.9296,14.7404],[97.9296,14.7396],[97.9279,14.7396],[97.9279,14.7404],[97.9296,14.7412],[97.9296,14.7437],[97.9304,14.7437],[97.9313,14.7454],[97.9321,14.7454],[97.9321,14.7479],[97.9329,14.7479]]],[[[97.9079,14.7787],[97.9079,14.7812],[97.9096,14.7812],[97.9096,14.7796],[97.9079,14.7787]]],[[[97.8696,14.8121],[97.8688,14.8121],[97.8688,14.8137],[97.8679,14.8137],[97.8679,14.8146],[97.8663,14.8146],[97.8663,14.8171],[97.8679,14.8171],[97.8679,14.8179],[97.8688,14.8179],[97.8688,14.8187],[97.8679,14.8187],[97.8688,14.8204],[97.8713,14.8204],[97.8713,14.8179],[97.8721,14.8179],[97.8721,14.8171],[97.8738,14.8171],[97.8746,14.8154],[97.8763,14.8154],[97.8763,14.8179],[97.8788,14.8179],[97.8788,14.8154],[97.8796,14.8154],[97.8796,14.8121],[97.8804,14.8121],[97.8804,14.8112],[97.8821,14.8112],[97.8821,14.8087],[97.8846,14.8087],[97.8846,14.8079],[97.8854,14.8079],[97.8854,14.8062],[97.8871,14.8062],[97.8871,14.8054],[97.8888,14.8054],[97.8888,14.8071],[97.8904,14.8079],[97.8904,14.8029],[97.8913,14.8029],[97.8913,14.8021],[97.8929,14.8012],[97.8929,14.7987],[97.8946,14.7987],[97.8946,14.7996],[97.8971,14.7996],[97.8909,14.7951],[97.8886,14.7926],[97.8871,14.7891],[97.8854,14.7704],[97.8866,14.7704],[97.8871,14.7679],[97.8879,14.7671],[97.8863,14.7671],[97.8863,14.7679],[97.8854,14.7679],[97.8854,14.7671],[97.8846,14.7671],[97.8838,14.7654],[97.8863,14.7654],[97.8863,14.7662],[97.8871,14.7662],[97.8871,14.7646],[97.8879,14.7646],[97.8879,14.7637],[97.8871,14.7637],[97.8871,14.7629],[97.8838,14.7629],[97.8838,14.7637],[97.8821,14.7637],[97.8813,14.7621],[97.8804,14.7621],[97.8804,14.7604],[97.8788,14.7596],[97.8788,14.7587],[97.8771,14.7587],[97.8771,14.7612],[97.8788,14.7621],[97.8788,14.7654],[97.8821,14.7654],[97.8821,14.7696],[97.8838,14.7704],[97.8838,14.7737],[97.8829,14.7737],[97.8829,14.7746],[97.8804,14.7746],[97.8804,14.7737],[97.8796,14.7737],[97.8796,14.7721],[97.8788,14.7721],[97.8788,14.7729],[97.8754,14.7729],[97.8763,14.7712],[97.8738,14.7712],[97.8738,14.7704],[97.8729,14.7704],[97.8729,14.7662],[97.8738,14.7662],[97.8738,14.7629],[97.8721,14.7637],[97.8721,14.7646],[97.8713,14.7646],[97.8713,14.7637],[97.8688,14.7637],[97.8688,14.7621],[97.8679,14.7621],[97.8679,14.7604],[97.8646,14.7604],[97.8646,14.7646],[97.8638,14.7646],[97.8638,14.7671],[97.8646,14.7671],[97.8646,14.7679],[97.8654,14.7679],[97.8654,14.7671],[97.8671,14.7671],[97.8671,14.7679],[97.8679,14.7679],[97.8679,14.7704],[97.8663,14.7712],[97.8663,14.7729],[97.8654,14.7729],[97.8654,14.7762],[97.8671,14.7762],[97.8671,14.7779],[97.8654,14.7779],[97.8654,14.7771],[97.8638,14.7771],[97.8638,14.7804],[97.8629,14.7804],[97.8629,14.7821],[97.8621,14.7821],[97.8621,14.7829],[97.8604,14.7829],[97.8604,14.7821],[97.8588,14.7821],[97.8588,14.7846],[97.8596,14.7846],[97.8596,14.7937],[97.8613,14.7937],[97.8613,14.7929],[97.8621,14.7929],[97.8621,14.7912],[97.8654,14.7912],[97.8654,14.7929],[97.8646,14.7929],[97.8646,14.7954],[97.8671,14.7954],[97.8671,14.7987],[97.8679,14.7987],[97.8679,14.7996],[97.8704,14.7996],[97.8704,14.8012],[97.8713,14.8012],[97.8704,14.8029],[97.8688,14.8029],[97.8688,14.8046],[97.8696,14.8046],[97.8696,14.8071],[97.8704,14.8071],[97.8704,14.8087],[97.8713,14.8087],[97.8713,14.8112],[97.8696,14.8112],[97.8696,14.8121]],[[97.8713,14.8004],[97.8721,14.8004],[97.8721,14.8012],[97.8713,14.8012],[97.8713,14.8004]],[[97.8863,14.7696],[97.8854,14.7696],[97.8854,14.7687],[97.8863,14.7687],[97.8863,14.7696]],[[97.8804,14.7921],[97.8804,14.7929],[97.8796,14.7929],[97.8796,14.7921],[97.8804,14.7921]],[[97.8788,14.7921],[97.8788,14.7912],[97.8796,14.7912],[97.8796,14.7921],[97.8788,14.7921]],[[97.8788,14.7812],[97.8771,14.7812],[97.8771,14.7804],[97.8746,14.7804],[97.8746,14.7796],[97.8788,14.7796],[97.8788,14.7812]],[[97.8763,14.7904],[97.8763,14.7929],[97.8746,14.7929],[97.8746,14.7921],[97.8738,14.7921],[97.8738,14.7904],[97.8763,14.7904]],[[97.8729,14.7904],[97.8729,14.7896],[97.8738,14.7896],[97.8738,14.7904],[97.8729,14.7904]],[[97.8746,14.7879],[97.8746,14.7887],[97.8738,14.7887],[97.8738,14.7879],[97.8746,14.7879]],[[97.8729,14.7879],[97.8729,14.7871],[97.8738,14.7871],[97.8738,14.7879],[97.8729,14.7879]],[[97.8729,14.8054],[97.8721,14.8054],[97.8721,14.8046],[97.8729,14.8046],[97.8729,14.8054]],[[97.8721,14.7979],[97.8704,14.7979],[97.8704,14.7971],[97.8721,14.7971],[97.8721,14.7979]],[[97.8663,14.7829],[97.8671,14.7829],[97.8671,14.7846],[97.8646,14.7846],[97.8646,14.7829],[97.8638,14.7829],[97.8638,14.7812],[97.8654,14.7812],[97.8663,14.7829]]],[[[97.8988,14.8037],[97.8971,14.8037],[97.8963,14.8054],[97.8946,14.8062],[97.8946,14.8079],[97.8938,14.8079],[97.8938,14.8112],[97.8946,14.8112],[97.8946,14.8104],[97.8971,14.8104],[97.8971,14.8096],[97.8979,14.8096],[97.8979,14.8079],[97.9013,14.8079],[97.9013,14.8096],[97.9029,14.8096],[97.9029,14.8087],[97.9038,14.8087],[97.9038,14.8096],[97.9044,14.8096],[97.8988,14.8019],[97.8988,14.8037]]],[[[97.9046,14.8104],[97.9029,14.8104],[97.9029,14.8129],[97.9038,14.8129],[97.9038,14.8137],[97.9054,14.8137],[97.9054,14.8154],[97.9063,14.8154],[97.9063,14.8196],[97.907,14.8147],[97.9046,14.8098],[97.9046,14.8104]]],[[[97.9046,14.8204],[97.9046,14.8196],[97.9013,14.8196],[97.9013,14.8187],[97.9004,14.8187],[97.9004,14.8204],[97.8963,14.8204],[97.8963,14.8179],[97.8946,14.8179],[97.8946,14.8187],[97.8929,14.8187],[97.8929,14.8179],[97.8921,14.8179],[97.8921,14.8196],[97.8938,14.8204],[97.8938,14.8221],[97.8929,14.8221],[97.8929,14.8229],[97.8996,14.8229],[97.8996,14.8246],[97.9004,14.8246],[97.8996,14.8262],[97.9013,14.8262],[97.9013,14.8271],[97.8996,14.8279],[97.8996,14.8296],[97.8988,14.8296],[97.8988,14.8312],[97.8963,14.8312],[97.8963,14.8337],[97.8938,14.8337],[97.8938,14.8321],[97.8921,14.8321],[97.8921,14.8312],[97.8896,14.8312],[97.8896,14.8304],[97.8888,14.8304],[97.8888,14.8321],[97.8896,14.8321],[97.8896,14.8346],[97.8904,14.8346],[97.8904,14.8354],[97.8929,14.8354],[97.8929,14.8379],[97.8921,14.8379],[97.8921,14.8387],[97.8896,14.8387],[97.8896,14.8404],[97.8921,14.8404],[97.8921,14.8429],[97.8896,14.8429],[97.8896,14.8437],[97.8846,14.8437],[97.8846,14.8396],[97.8838,14.8396],[97.8838,14.8371],[97.8846,14.8371],[97.8846,14.8346],[97.8863,14.8346],[97.8863,14.8337],[97.8829,14.8337],[97.8829,14.8321],[97.8821,14.8321],[97.8821,14.8304],[97.8813,14.8304],[97.8813,14.8279],[97.8804,14.8279],[97.8804,14.8254],[97.8788,14.8254],[97.8788,14.8262],[97.8779,14.8262],[97.8779,14.8304],[97.8771,14.8304],[97.8763,14.8321],[97.8746,14.8321],[97.8746,14.8337],[97.8796,14.8337],[97.8796,14.8362],[97.8779,14.8371],[97.8779,14.8404],[97.8771,14.8404],[97.8763,14.8421],[97.8746,14.8421],[97.8746,14.8412],[97.8738,14.8412],[97.8729,14.8429],[97.8721,14.8429],[97.8721,14.8446],[97.8713,14.8446],[97.8713,14.8462],[97.8704,14.8462],[97.8704,14.8471],[97.8671,14.8471],[97.8671,14.8487],[97.8679,14.8487],[97.8679,14.8496],[97.8654,14.8496],[97.8654,14.8512],[97.8738,14.8512],[97.8738,14.8504],[97.8754,14.8496],[97.8754,14.8546],[97.8763,14.8546],[97.8763,14.8562],[97.8746,14.8562],[97.8746,14.8554],[97.8729,14.8554],[97.8729,14.8571],[97.8721,14.8571],[97.8721,14.8562],[97.8713,14.8562],[97.8704,14.8546],[97.8671,14.8546],[97.8671,14.8571],[97.8613,14.8571],[97.8613,14.8587],[97.8621,14.8587],[97.8613,14.8604],[97.8654,14.8604],[97.8646,14.8621],[97.8621,14.8621],[97.8621,14.8646],[97.8596,14.8646],[97.8596,14.8637],[97.8588,14.8637],[97.8588,14.8621],[97.8563,14.8621],[97.8563,14.8629],[97.8529,14.8629],[97.8529,14.8654],[97.8563,14.8654],[97.8563,14.8679],[97.8604,14.8679],[97.8613,14.8696],[97.8621,14.8696],[97.8621,14.8704],[97.8638,14.8704],[97.8638,14.8687],[97.8671,14.8687],[97.8671,14.8679],[97.8679,14.8679],[97.8679,14.8654],[97.8696,14.8646],[97.8696,14.8629],[97.8713,14.8629],[97.8713,14.8637],[97.8721,14.8637],[97.8721,14.8654],[97.8688,14.8671],[97.8688,14.8696],[97.8704,14.8696],[97.8704,14.8771],[97.8696,14.8771],[97.8696,14.8787],[97.8688,14.8787],[97.8688,14.8821],[97.8671,14.8821],[97.8671,14.8837],[97.8696,14.8837],[97.8696,14.8829],[97.8704,14.8829],[97.8704,14.8812],[97.8721,14.8804],[97.8721,14.8787],[97.8729,14.8787],[97.8729,14.8762],[97.8746,14.8754],[97.8746,14.8737],[97.8763,14.8737],[97.8763,14.8704],[97.8771,14.8704],[97.8779,14.8687],[97.8788,14.8687],[97.8788,14.8662],[97.8779,14.8662],[97.8779,14.8637],[97.8771,14.8637],[97.8771,14.8629],[97.8746,14.8629],[97.8746,14.8587],[97.8763,14.8587],[97.8763,14.8596],[97.8779,14.8596],[97.8779,14.8579],[97.8788,14.8579],[97.8788,14.8571],[97.8804,14.8571],[97.8804,14.8546],[97.8821,14.8537],[97.8821,14.8579],[97.8838,14.8579],[97.8838,14.8596],[97.8846,14.8596],[97.8846,14.8629],[97.8838,14.8629],[97.8838,14.8646],[97.8821,14.8646],[97.8821,14.8671],[97.8829,14.8671],[97.8829,14.8696],[97.8821,14.8696],[97.8821,14.8712],[97.8829,14.8712],[97.8829,14.8704],[97.8846,14.8704],[97.8863,14.8671],[97.8879,14.8671],[97.8879,14.8646],[97.8888,14.8646],[97.8888,14.8637],[97.8913,14.8637],[97.8913,14.8621],[97.8946,14.8621],[97.8954,14.8604],[97.8971,14.8604],[97.8971,14.8612],[97.8979,14.8612],[97.8979,14.8637],[97.8971,14.8637],[97.8971,14.8654],[97.8963,14.8654],[97.8963,14.8679],[97.8954,14.8679],[97.8954,14.8687],[97.8971,14.8687],[97.8971,14.8679],[97.8988,14.8679],[97.8988,14.8671],[97.8996,14.8671],[97.8996,14.8704],[97.9004,14.8704],[97.9004,14.8746],[97.8963,14.8746],[97.8963,14.8754],[97.8938,14.8754],[97.8938,14.8779],[97.8954,14.8771],[97.8954,14.8762],[97.8979,14.8762],[97.8979,14.8771],[97.9038,14.8771],[97.9038,14.8829],[97.9029,14.8829],[97.9029,14.8854],[97.9013,14.8854],[97.9013,14.8862],[97.9021,14.8862],[97.9021,14.8912],[97.9038,14.8912],[97.9038,14.8879],[97.9054,14.8879],[97.9054,14.8854],[97.9063,14.8854],[97.9063,14.8837],[97.9079,14.8837],[97.9079,14.8871],[97.9071,14.8871],[97.9071,14.8887],[97.9113,14.8887],[97.9113,14.8879],[97.9121,14.8879],[97.9121,14.8846],[97.9113,14.8846],[97.9113,14.8821],[97.9104,14.8821],[97.9104,14.8796],[97.9113,14.8796],[97.9113,14.8779],[97.9129,14.8779],[97.9129,14.8771],[97.9146,14.8771],[97.9146,14.8779],[97.9163,14.8779],[97.9163,14.8762],[97.9179,14.8762],[97.9179,14.8737],[97.9171,14.8737],[97.9171,14.8729],[97.9188,14.8729],[97.9188,14.8779],[97.9179,14.8779],[97.9179,14.8796],[97.9188,14.8796],[97.9188,14.8812],[97.9179,14.8812],[97.9179,14.8837],[97.9163,14.8846],[97.9163,14.8862],[97.9171,14.8862],[97.9171,14.8871],[97.9188,14.8871],[97.9188,14.8862],[97.9204,14.8862],[97.9204,14.8879],[97.9188,14.8879],[97.9188,14.8887],[97.9163,14.8887],[97.9163,14.8912],[97.9171,14.8912],[97.9171,14.8971],[97.9154,14.8971],[97.9154,14.8996],[97.9179,14.8996],[97.9179,14.9012],[97.9188,14.9012],[97.9188,14.9021],[97.9171,14.9029],[97.9171,14.9079],[97.9188,14.9079],[97.9188,14.9087],[97.9204,14.9087],[97.9204,14.9079],[97.9229,14.9079],[97.9229,14.9112],[97.9238,14.9112],[97.9238,14.9121],[97.9246,14.9121],[97.9246,14.9112],[97.9263,14.9112],[97.9263,14.9129],[97.9271,14.9129],[97.9271,14.9146],[97.9279,14.9146],[97.9279,14.9171],[97.9271,14.9171],[97.9271,14.9187],[97.9279,14.9187],[97.9279,14.9204],[97.9296,14.9212],[97.9296,14.9204],[97.9304,14.9204],[97.9304,14.9196],[97.9296,14.9196],[97.9296,14.9187],[97.9304,14.9187],[97.9304,14.9179],[97.9296,14.9179],[97.9296,14.9162],[97.9321,14.9162],[97.9321,14.9137],[97.9329,14.9137],[97.9329,14.9129],[97.9354,14.9129],[97.9354,14.9112],[97.9346,14.9112],[97.9346,14.9104],[97.9313,14.9104],[97.9313,14.9137],[97.9304,14.9137],[97.9304,14.9129],[97.9279,14.9129],[97.9279,14.9121],[97.9271,14.9121],[97.9271,14.9104],[97.9263,14.9104],[97.9263,14.9062],[97.9246,14.9062],[97.9246,14.9046],[97.9263,14.9046],[97.9263,14.9054],[97.9279,14.9054],[97.9288,14.9037],[97.9279,14.9037],[97.9279,14.9012],[97.9263,14.9012],[97.9263,14.9004],[97.9246,14.9004],[97.9246,14.8987],[97.9271,14.8987],[97.9271,14.8971],[97.9288,14.8971],[97.9288,14.8946],[97.9271,14.8946],[97.9271,14.8962],[97.9263,14.8962],[97.9263,14.8971],[97.9229,14.8971],[97.9229,14.8962],[97.9221,14.8962],[97.9221,14.8904],[97.9246,14.8904],[97.9246,14.8896],[97.9254,14.8896],[97.9254,14.8871],[97.9271,14.8862],[97.9271,14.8854],[97.9296,14.8854],[97.9296,14.8862],[97.9329,14.8862],[97.9321,14.8879],[97.9346,14.8879],[97.9346,14.8871],[97.9429,14.8871],[97.9429,14.8896],[97.9421,14.8896],[97.9421,14.8904],[97.9438,14.8904],[97.9438,14.8896],[97.9446,14.8896],[97.9446,14.8871],[97.9438,14.8871],[97.9438,14.8862],[97.9404,14.8862],[97.9404,14.8854],[97.9396,14.8854],[97.9396,14.8846],[97.9404,14.8846],[97.9404,14.8829],[97.9371,14.8829],[97.9371,14.8837],[97.9354,14.8837],[97.9346,14.8821],[97.9313,14.8821],[97.9313,14.8812],[97.9321,14.8812],[97.9321,14.8729],[97.9329,14.8729],[97.9329,14.8721],[97.9346,14.8712],[97.9346,14.8696],[97.9363,14.8696],[97.9363,14.8679],[97.9304,14.8679],[97.9304,14.8662],[97.9313,14.8662],[97.9313,14.8612],[97.9304,14.8612],[97.9304,14.8596],[97.9288,14.8596],[97.9288,14.8571],[97.9304,14.8571],[97.9304,14.8562],[97.9329,14.8562],[97.9338,14.8579],[97.9346,14.8579],[97.9346,14.8604],[97.9354,14.8604],[97.9354,14.8571],[97.9346,14.8571],[97.9346,14.8554],[97.9338,14.8554],[97.9338,14.8529],[97.9329,14.8529],[97.9329,14.8504],[97.9354,14.8504],[97.9354,14.8512],[97.9363,14.8512],[97.9363,14.8529],[97.9379,14.8537],[97.9379,14.8554],[97.9396,14.8562],[97.9396,14.8571],[97.9413,14.8571],[97.9413,14.8579],[97.9421,14.8579],[97.9421,14.8562],[97.9446,14.8562],[97.9446,14.8554],[97.9413,14.8554],[97.9413,14.8537],[97.9421,14.8537],[97.9421,14.8529],[97.9454,14.8529],[97.9454,14.8537],[97.9479,14.8537],[97.9479,14.8546],[97.9496,14.8546],[97.9496,14.8529],[97.9521,14.8529],[97.9521,14.8537],[97.9538,14.8537],[97.9538,14.8554],[97.9546,14.8554],[97.9546,14.8537],[97.9554,14.8537],[97.9554,14.8529],[97.9538,14.8521],[97.9538,14.8504],[97.9521,14.8504],[97.9521,14.8512],[97.9479,14.8512],[97.9479,14.8521],[97.9446,14.8521],[97.9446,14.8512],[97.9404,14.8512],[97.9404,14.8529],[97.9388,14.8521],[97.9388,14.8512],[97.9371,14.8512],[97.9371,14.8479],[97.9363,14.8479],[97.9363,14.8462],[97.9354,14.8462],[97.9354,14.8454],[97.9371,14.8446],[97.9371,14.8437],[97.9388,14.8437],[97.9388,14.8429],[97.9396,14.8429],[97.9396,14.8412],[97.9404,14.8412],[97.9404,14.8371],[97.9388,14.8379],[97.9388,14.8387],[97.9379,14.8387],[97.9371,14.8404],[97.9354,14.8404],[97.9346,14.8421],[97.9329,14.8421],[97.9329,14.8404],[97.9338,14.8404],[97.9338,14.8379],[97.9321,14.8371],[97.9321,14.8362],[97.9304,14.8362],[97.9304,14.8337],[97.9329,14.8337],[97.9329,14.8304],[97.9338,14.8304],[97.9346,14.8287],[97.9379,14.8287],[97.9379,14.8279],[97.9429,14.8279],[97.9429,14.8304],[97.9446,14.8304],[97.9446,14.8296],[97.9471,14.8296],[97.9471,14.8279],[97.9454,14.8279],[97.9454,14.8262],[97.9479,14.8262],[97.9488,14.8279],[97.9513,14.8279],[97.9513,14.8262],[97.9529,14.8262],[97.9529,14.8279],[97.9521,14.8279],[97.9521,14.8304],[97.9513,14.8304],[97.9513,14.8337],[97.9546,14.8337],[97.9546,14.8321],[97.9554,14.8321],[97.9554,14.8312],[97.9579,14.8312],[97.9579,14.8321],[97.9588,14.8321],[97.9588,14.8337],[97.9596,14.8337],[97.9596,14.8354],[97.9604,14.8354],[97.9604,14.8371],[97.9621,14.8371],[97.9621,14.8354],[97.9604,14.8346],[97.9604,14.8329],[97.9621,14.8329],[97.9621,14.8346],[97.9629,14.8346],[97.9629,14.8362],[97.9638,14.8362],[97.9638,14.8371],[97.9646,14.8371],[97.9646,14.8362],[97.9663,14.8362],[97.9663,14.8371],[97.9688,14.8371],[97.9696,14.8387],[97.9713,14.8387],[97.9721,14.8404],[97.9738,14.8404],[97.9738,14.8387],[97.9729,14.8387],[97.9729,14.8371],[97.9721,14.8371],[97.9721,14.8362],[97.9704,14.8362],[97.9704,14.8337],[97.9696,14.8337],[97.9696,14.8329],[97.9679,14.8329],[97.9679,14.8337],[97.9671,14.8337],[97.9671,14.8329],[97.9654,14.8329],[97.9654,14.8321],[97.9638,14.8312],[97.9638,14.8304],[97.9629,14.8304],[97.9629,14.8296],[97.9613,14.8287],[97.9613,14.8279],[97.9588,14.8279],[97.9588,14.8262],[97.9596,14.8262],[97.9596,14.8254],[97.9613,14.8254],[97.9613,14.8262],[97.9638,14.8262],[97.9638,14.8279],[97.9663,14.8279],[97.9663,14.8271],[97.9679,14.8271],[97.9679,14.8262],[97.9713,14.8262],[97.9713,14.8254],[97.9704,14.8254],[97.9704,14.8246],[97.9671,14.8246],[97.9671,14.8254],[97.9663,14.8254],[97.9663,14.8237],[97.9654,14.8237],[97.9646,14.8221],[97.9588,14.8221],[97.9579,14.8204],[97.9563,14.8204],[97.9563,14.8196],[97.9546,14.8204],[97.9546,14.8196],[97.9538,14.8196],[97.9529,14.8179],[97.9513,14.8179],[97.9513,14.8162],[97.9521,14.8162],[97.9521,14.8146],[97.9513,14.8146],[97.9513,14.8112],[97.9538,14.8112],[97.9538,14.8104],[97.9546,14.8104],[97.9546,14.8112],[97.9554,14.8112],[97.9554,14.8137],[97.9579,14.8137],[97.9579,14.8121],[97.9571,14.8121],[97.9571,14.8104],[97.9579,14.8104],[97.9579,14.8046],[97.9596,14.8046],[97.9596,14.8029],[97.9604,14.8029],[97.9604,14.8021],[97.9621,14.8029],[97.9621,14.8046],[97.9613,14.8046],[97.9613,14.8054],[97.9629,14.8054],[97.9638,14.8037],[97.9654,14.8037],[97.9654,14.8054],[97.9638,14.8062],[97.9638,14.8087],[97.9654,14.8087],[97.9654,14.8071],[97.9679,14.8071],[97.9679,14.8062],[97.9696,14.8054],[97.9696,14.8046],[97.9713,14.8046],[97.9713,14.8054],[97.9729,14.8054],[97.9729,14.8046],[97.9721,14.8046],[97.9721,14.8029],[97.9704,14.8029],[97.9704,14.8021],[97.9688,14.8021],[97.9688,14.8029],[97.9679,14.8029],[97.9679,14.8021],[97.9663,14.8012],[97.9663,14.7979],[97.9679,14.7971],[97.9679,14.7954],[97.9704,14.7954],[97.9704,14.7962],[97.9729,14.7962],[97.9738,14.7946],[97.9746,14.7946],[97.9746,14.7929],[97.9738,14.7929],[97.9738,14.7921],[97.9721,14.7912],[97.9721,14.7896],[97.9763,14.7896],[97.9763,14.7879],[97.9746,14.7879],[97.9746,14.7871],[97.9738,14.7871],[97.9738,14.7846],[97.9746,14.7846],[97.9746,14.7829],[97.9754,14.7829],[97.9754,14.7846],[97.9813,14.7846],[97.9813,14.7829],[97.9804,14.7829],[97.9804,14.7812],[97.9821,14.7812],[97.9821,14.7787],[97.9829,14.7787],[97.9829,14.7762],[97.9846,14.7762],[97.9846,14.7779],[97.9838,14.7779],[97.9838,14.7787],[97.9854,14.7787],[97.9854,14.7762],[97.9879,14.7762],[97.9879,14.7754],[97.9904,14.7754],[97.9904,14.7737],[97.9896,14.7737],[97.9896,14.7729],[97.9879,14.7729],[97.9879,14.7712],[97.9888,14.7712],[97.9888,14.7696],[97.9871,14.7696],[97.9871,14.7704],[97.9838,14.7704],[97.9838,14.7696],[97.9821,14.7696],[97.9821,14.7671],[97.9838,14.7671],[97.9846,14.7654],[97.9879,14.7654],[97.9879,14.7637],[97.9871,14.7637],[97.9871,14.7629],[97.9854,14.7629],[97.9846,14.7612],[97.9813,14.7612],[97.9813,14.7621],[97.9796,14.7621],[97.9796,14.7612],[97.9788,14.7612],[97.9788,14.7596],[97.9779,14.7596],[97.9779,14.7587],[97.9763,14.7587],[97.9763,14.7571],[97.9788,14.7571],[97.9788,14.7554],[97.9796,14.7554],[97.9796,14.7546],[97.9754,14.7546],[97.9746,14.7529],[97.9738,14.7529],[97.9738,14.7521],[97.9729,14.7521],[97.9729,14.7512],[97.9696,14.7512],[97.9696,14.7504],[97.9688,14.7504],[97.9688,14.7537],[97.9679,14.7537],[97.9679,14.7529],[97.9663,14.7529],[97.9663,14.7537],[97.9654,14.7537],[97.9654,14.7521],[97.9646,14.7521],[97.9646,14.7512],[97.9621,14.7512],[97.9621,14.7496],[97.9604,14.7496],[97.9604,14.7487],[97.9596,14.7487],[97.9588,14.7471],[97.9579,14.7471],[97.9579,14.7462],[97.9571,14.7462],[97.9571,14.7446],[97.9588,14.7446],[97.9588,14.7429],[97.9571,14.7429],[97.9571,14.7404],[97.9596,14.7404],[97.9596,14.7429],[97.9604,14.7429],[97.9604,14.7437],[97.9629,14.7437],[97.9638,14.7421],[97.9663,14.7421],[97.9663,14.7396],[97.9679,14.7396],[97.9679,14.7387],[97.9688,14.7387],[97.9688,14.7371],[97.9713,14.7371],[97.9713,14.7396],[97.9721,14.7396],[97.9721,14.7412],[97.9729,14.7412],[97.9729,14.7421],[97.9738,14.7421],[97.9738,14.7446],[97.9763,14.7446],[97.9763,14.7462],[97.9779,14.7462],[97.9779,14.7521],[97.9771,14.7521],[97.9771,14.7537],[97.9804,14.7537],[97.9804,14.7512],[97.9813,14.7512],[97.9821,14.7496],[97.9804,14.7487],[97.9804,14.7462],[97.9796,14.7462],[97.9796,14.7446],[97.9813,14.7446],[97.9813,14.7454],[97.9838,14.7454],[97.9846,14.7471],[97.9863,14.7471],[97.9863,14.7454],[97.9854,14.7454],[97.9854,14.7421],[97.9871,14.7421],[97.9879,14.7404],[97.9904,14.7404],[97.9904,14.7379],[97.9913,14.7379],[97.9913,14.7362],[97.9921,14.7362],[97.9921,14.7346],[97.9946,14.7346],[97.9946,14.7321],[97.9963,14.7312],[97.9963,14.7296],[97.9979,14.7296],[97.9979,14.7287],[97.9988,14.7287],[97.9988,14.7279],[97.9971,14.7271],[97.9971,14.7262],[97.9954,14.7262],[97.9954,14.7279],[97.9938,14.7279],[97.9938,14.7254],[97.9946,14.7254],[97.9946,14.7237],[97.9929,14.7229],[97.9929,14.7221],[97.9963,14.7221],[97.9971,14.7237],[97.9988,14.7237],[97.9988,14.7204],[97.9996,14.7204],[98.0004,14.7187],[98.0013,14.7187],[98.0013,14.7171],[97.9996,14.7171],[97.9996,14.7179],[97.9979,14.7179],[97.9979,14.7171],[97.9971,14.7171],[97.9971,14.7146],[97.9979,14.7146],[97.9979,14.7129],[97.9996,14.7129],[97.9996,14.7121],[97.9979,14.7112],[97.9979,14.7087],[97.9929,14.7087],[97.9929,14.7096],[97.9921,14.7096],[97.9921,14.7121],[97.9913,14.7121],[97.9904,14.7137],[97.9896,14.7137],[97.9896,14.7171],[97.9871,14.7171],[97.9871,14.7179],[97.9838,14.7179],[97.9838,14.7171],[97.9829,14.7171],[97.9829,14.7154],[97.9838,14.7154],[97.9838,14.7146],[97.9863,14.7146],[97.9863,14.7071],[97.9854,14.7071],[97.9854,14.7087],[97.9846,14.7087],[97.9846,14.7104],[97.9821,14.7104],[97.9821,14.7096],[97.9829,14.7096],[97.9829,14.7062],[97.9838,14.7062],[97.9838,14.7054],[97.9813,14.7054],[97.9813,14.7046],[97.9796,14.7046],[97.9796,14.7062],[97.9779,14.7062],[97.9779,14.7071],[97.9763,14.7062],[97.9763,14.7054],[97.9738,14.7054],[97.9738,14.7037],[97.9754,14.7029],[97.9754,14.7004],[97.9763,14.7004],[97.9763,14.6971],[97.9756,14.6971],[97.9729,14.7004],[97.9729,14.7012],[97.9723,14.7012],[97.9696,14.7047],[97.9679,14.7137],[97.9663,14.7165],[97.9663,14.7179],[97.9654,14.7184],[97.9654,14.7196],[97.9646,14.7202],[97.9646,14.7212],[97.9629,14.7229],[97.9589,14.7251],[97.9571,14.7304],[97.9561,14.7315],[97.9517,14.7337],[97.9488,14.7369],[97.9491,14.7396],[97.9496,14.7396],[97.9499,14.7558],[97.9488,14.7587],[97.9482,14.7587],[97.9473,14.7603],[97.9463,14.7654],[97.9457,14.7654],[97.9438,14.7721],[97.9454,14.7721],[97.9454,14.7729],[97.9438,14.7729],[97.9434,14.7737],[97.9429,14.7771],[97.9438,14.7771],[97.9438,14.7787],[97.9429,14.7787],[97.9429,14.7779],[97.9424,14.7779],[97.9404,14.7858],[97.9413,14.7862],[97.9413,14.7887],[97.9407,14.7887],[97.9414,14.7949],[97.9412,14.7968],[97.9382,14.8047],[97.9384,14.8106],[97.9356,14.8106],[97.9355,14.8002],[97.937,14.793],[97.9365,14.7866],[97.9345,14.7862],[97.9329,14.7905],[97.9301,14.8056],[97.9269,14.8051],[97.9264,14.8012],[97.9271,14.7908],[97.9296,14.7829],[97.9329,14.7729],[97.9335,14.7729],[97.9354,14.7687],[97.9363,14.7681],[97.9363,14.7671],[97.9368,14.7671],[97.9385,14.7641],[97.9379,14.7566],[97.9363,14.7562],[97.9363,14.7587],[97.9371,14.7587],[97.9371,14.7612],[97.9354,14.7612],[97.9354,14.7621],[97.9329,14.7621],[97.9329,14.7646],[97.9296,14.7646],[97.9296,14.7637],[97.9288,14.7637],[97.9279,14.7654],[97.9263,14.7654],[97.9263,14.7662],[97.9246,14.7662],[97.9246,14.7687],[97.9263,14.7687],[97.9271,14.7671],[97.9304,14.7671],[97.9304,14.7679],[97.9321,14.7671],[97.9321,14.7696],[97.9329,14.7696],[97.9329,14.7721],[97.9313,14.7729],[97.9313,14.7704],[97.9296,14.7704],[97.9296,14.7771],[97.9279,14.7771],[97.9279,14.7746],[97.9271,14.7746],[97.9271,14.7762],[97.9263,14.7762],[97.9263,14.7796],[97.9221,14.7796],[97.9221,14.7812],[97.9213,14.7812],[97.9213,14.7829],[97.9204,14.7829],[97.9204,14.7862],[97.9213,14.7862],[97.9213,14.7854],[97.9238,14.7854],[97.9246,14.7837],[97.9254,14.7837],[97.9254,14.7829],[97.9246,14.7829],[97.9254,14.7812],[97.9263,14.7812],[97.9263,14.7821],[97.9279,14.7821],[97.9279,14.7846],[97.9263,14.7854],[97.9271,14.7871],[97.9254,14.7871],[97.9254,14.7904],[97.9263,14.7904],[97.9263,14.7929],[97.9246,14.7929],[97.9246,14.7912],[97.9229,14.7912],[97.9229,14.7937],[97.9221,14.7937],[97.9221,14.7946],[97.9204,14.7946],[97.9204,14.7954],[97.9188,14.7962],[97.9188,14.7971],[97.9221,14.7971],[97.9221,14.7962],[97.9254,14.7962],[97.9254,14.8062],[97.9246,14.8062],[97.9246,14.8079],[97.9238,14.8079],[97.9238,14.8104],[97.9229,14.8104],[97.9229,14.8146],[97.9238,14.8146],[97.9238,14.8162],[97.9229,14.8162],[97.9229,14.8171],[97.9196,14.8171],[97.9196,14.8179],[97.9179,14.8179],[97.9179,14.8146],[97.9171,14.8146],[97.9171,14.8137],[97.9146,14.8137],[97.9146,14.8154],[97.9138,14.8154],[97.9138,14.8137],[97.9129,14.8137],[97.9129,14.8112],[97.9121,14.8112],[97.9121,14.8104],[97.9116,14.8104],[97.913,14.8141],[97.9138,14.8195],[97.9132,14.8241],[97.9117,14.8281],[97.9028,14.8412],[97.8955,14.8363],[97.9006,14.8296],[97.9057,14.8204],[97.9046,14.8204]],[[97.9004,14.8237],[97.9013,14.8237],[97.9013,14.8246],[97.9004,14.8246],[97.9004,14.8237]],[[97.9021,14.8246],[97.9021,14.8254],[97.9013,14.8254],[97.9013,14.8246],[97.9021,14.8246]],[[97.9529,14.8104],[97.9529,14.8096],[97.9538,14.8096],[97.9538,14.8104],[97.9529,14.8104]],[[97.9238,14.7937],[97.9238,14.7946],[97.9229,14.7946],[97.9229,14.7937],[97.9238,14.7937]],[[97.9896,14.7387],[97.9879,14.7387],[97.9879,14.7371],[97.9888,14.7371],[97.9888,14.7362],[97.9896,14.7362],[97.9896,14.7387]],[[97.9796,14.7421],[97.9788,14.7421],[97.9788,14.7412],[97.9796,14.7412],[97.9796,14.7421]],[[97.9696,14.7621],[97.9679,14.7621],[97.9679,14.7629],[97.9663,14.7629],[97.9663,14.7612],[97.9696,14.7612],[97.9696,14.7621]],[[97.9554,14.7996],[97.9563,14.8012],[97.9521,14.8012],[97.9521,14.8004],[97.9513,14.8004],[97.9513,14.7987],[97.9538,14.7987],[97.9538,14.7996],[97.9554,14.7996]],[[97.9504,14.7987],[97.9504,14.7996],[97.9488,14.8004],[97.9488,14.8029],[97.9496,14.8029],[97.9496,14.8012],[97.9513,14.8012],[97.9521,14.8029],[97.9504,14.8029],[97.9504,14.8046],[97.9529,14.8046],[97.9529,14.8021],[97.9554,14.8021],[97.9554,14.8046],[97.9546,14.8046],[97.9546,14.8062],[97.9513,14.8062],[97.9513,14.8054],[97.9488,14.8054],[97.9488,14.8071],[97.9471,14.8071],[97.9471,14.8054],[97.9479,14.8054],[97.9479,14.8046],[97.9471,14.8046],[97.9471,14.8037],[97.9446,14.8037],[97.9446,14.8029],[97.9454,14.8029],[97.9454,14.8012],[97.9471,14.8012],[97.9471,14.7971],[97.9479,14.7971],[97.9479,14.7979],[97.9496,14.7971],[97.9496,14.7946],[97.9488,14.7946],[97.9496,14.7929],[97.9488,14.7929],[97.9488,14.7912],[97.9479,14.7912],[97.9479,14.7854],[97.9496,14.7854],[97.9496,14.7821],[97.9504,14.7821],[97.9504,14.7812],[97.9521,14.7812],[97.9521,14.7796],[97.9504,14.7796],[97.9504,14.7762],[97.9554,14.7762],[97.9554,14.7754],[97.9563,14.7754],[97.9563,14.7762],[97.9571,14.7762],[97.9571,14.7779],[97.9596,14.7779],[97.9596,14.7787],[97.9613,14.7787],[97.9613,14.7812],[97.9621,14.7812],[97.9621,14.7837],[97.9629,14.7837],[97.9629,14.7846],[97.9613,14.7854],[97.9604,14.7871],[97.9588,14.7871],[97.9588,14.7879],[97.9571,14.7879],[97.9571,14.7887],[97.9554,14.7887],[97.9554,14.7862],[97.9563,14.7862],[97.9563,14.7846],[97.9546,14.7846],[97.9546,14.7854],[97.9538,14.7854],[97.9538,14.7871],[97.9529,14.7871],[97.9529,14.7887],[97.9546,14.7887],[97.9546,14.7912],[97.9538,14.7912],[97.9538,14.7929],[97.9596,14.7929],[97.9596,14.7912],[97.9604,14.7912],[97.9604,14.7896],[97.9613,14.7896],[97.9613,14.7887],[97.9629,14.7887],[97.9629,14.7871],[97.9663,14.7871],[97.9663,14.7879],[97.9671,14.7879],[97.9671,14.7896],[97.9679,14.7896],[97.9679,14.7912],[97.9671,14.7912],[97.9671,14.7921],[97.9654,14.7921],[97.9654,14.7946],[97.9638,14.7946],[97.9638,14.7954],[97.9621,14.7954],[97.9621,14.7962],[97.9588,14.7962],[97.9588,14.7954],[97.9546,14.7954],[97.9546,14.7946],[97.9538,14.7946],[97.9538,14.7954],[97.9529,14.7954],[97.9538,14.7971],[97.9521,14.7971],[97.9513,14.7987],[97.9504,14.7987]],[[97.9563,14.7746],[97.9554,14.7746],[97.9554,14.7687],[97.9571,14.7687],[97.9571,14.7679],[97.9579,14.7679],[97.9579,14.7704],[97.9613,14.7704],[97.9613,14.7696],[97.9646,14.7696],[97.9646,14.7712],[97.9629,14.7712],[97.9629,14.7721],[97.9621,14.7721],[97.9621,14.7729],[97.9629,14.7729],[97.9629,14.7754],[97.9621,14.7754],[97.9621,14.7771],[97.9604,14.7771],[97.9604,14.7762],[97.9588,14.7762],[97.9588,14.7737],[97.9571,14.7737],[97.9571,14.7754],[97.9563,14.7754],[97.9563,14.7746]],[[97.9546,14.7971],[97.9546,14.7979],[97.9538,14.7979],[97.9538,14.7971],[97.9546,14.7971]],[[97.9671,14.7712],[97.9663,14.7712],[97.9663,14.7704],[97.9671,14.7704],[97.9671,14.7712]],[[97.9671,14.7596],[97.9654,14.7596],[97.9654,14.7571],[97.9671,14.7571],[97.9671,14.7596]],[[97.9663,14.7746],[97.9654,14.7746],[97.9646,14.7729],[97.9663,14.7729],[97.9663,14.7746]],[[97.9629,14.7587],[97.9613,14.7587],[97.9613,14.7579],[97.9629,14.7579],[97.9629,14.7587]],[[97.9604,14.7371],[97.9596,14.7371],[97.9596,14.7362],[97.9604,14.7362],[97.9604,14.7371]],[[97.9604,14.7354],[97.9613,14.7354],[97.9613,14.7362],[97.9604,14.7362],[97.9604,14.7354]],[[97.9621,14.7362],[97.9621,14.7371],[97.9613,14.7371],[97.9613,14.7362],[97.9621,14.7362]],[[97.9629,14.7371],[97.9629,14.7387],[97.9621,14.7387],[97.9621,14.7396],[97.9604,14.7396],[97.9604,14.7379],[97.9621,14.7379],[97.9621,14.7371],[97.9629,14.7371]],[[97.9621,14.7346],[97.9613,14.7346],[97.9613,14.7337],[97.9621,14.7337],[97.9621,14.7346]],[[97.9588,14.8021],[97.9571,14.8021],[97.9571,14.8012],[97.9588,14.8012],[97.9588,14.8021]],[[97.9571,14.7646],[97.9563,14.7646],[97.9563,14.7621],[97.9579,14.7629],[97.9571,14.7646]],[[97.9563,14.8104],[97.9554,14.8104],[97.9554,14.8096],[97.9563,14.8096],[97.9563,14.8104]],[[97.9546,14.7387],[97.9538,14.7387],[97.9538,14.7396],[97.9521,14.7396],[97.9521,14.7379],[97.9546,14.7379],[97.9546,14.7387]],[[97.9538,14.7612],[97.9529,14.7612],[97.9529,14.7604],[97.9538,14.7604],[97.9538,14.7612]],[[97.9538,14.7437],[97.9529,14.7437],[97.9529,14.7429],[97.9538,14.7429],[97.9538,14.7437]],[[97.9513,14.8196],[97.9496,14.8196],[97.9496,14.8187],[97.9513,14.8187],[97.9513,14.8196]],[[97.9504,14.8246],[97.9513,14.8246],[97.9513,14.8254],[97.9488,14.8254],[97.9488,14.8246],[97.9479,14.8246],[97.9479,14.8221],[97.9488,14.8221],[97.9488,14.8237],[97.9504,14.8237],[97.9504,14.8246]],[[97.9488,14.8154],[97.9471,14.8154],[97.9471,14.8137],[97.9488,14.8137],[97.9488,14.8154]],[[97.9488,14.8204],[97.9488,14.8212],[97.9479,14.8212],[97.9479,14.8204],[97.9488,14.8204]],[[97.9471,14.8204],[97.9471,14.8196],[97.9479,14.8196],[97.9479,14.8204],[97.9471,14.8204]],[[97.9463,14.7946],[97.9454,14.7946],[97.9454,14.7937],[97.9463,14.7937],[97.9463,14.7946]],[[97.9438,14.8062],[97.9429,14.8062],[97.9429,14.8079],[97.9413,14.8079],[97.9413,14.8046],[97.9438,14.8046],[97.9438,14.8062]],[[97.9338,14.7962],[97.9354,14.7962],[97.9354,14.7979],[97.9346,14.7979],[97.9346,14.7996],[97.9338,14.7996],[97.9338,14.8037],[97.9321,14.8046],[97.9321,14.7996],[97.9329,14.7996],[97.9329,14.7979],[97.9338,14.7979],[97.9338,14.7962]],[[97.9238,14.8579],[97.9246,14.8579],[97.9246,14.8554],[97.9271,14.8554],[97.9271,14.8579],[97.9254,14.8587],[97.9254,14.8621],[97.9263,14.8621],[97.9263,14.8637],[97.9271,14.8637],[97.9271,14.8654],[97.9254,14.8654],[97.9254,14.8646],[97.9229,14.8646],[97.9229,14.8637],[97.9204,14.8637],[97.9204,14.8612],[97.9179,14.8612],[97.9179,14.8596],[97.9171,14.8596],[97.9163,14.8579],[97.9154,14.8579],[97.9154,14.8504],[97.9171,14.8504],[97.9171,14.8546],[97.9188,14.8554],[97.9188,14.8562],[97.9213,14.8562],[97.9213,14.8554],[97.9204,14.8554],[97.9204,14.8537],[97.9221,14.8537],[97.9221,14.8521],[97.9229,14.8521],[97.9229,14.8504],[97.9221,14.8504],[97.9221,14.8487],[97.9229,14.8487],[97.9229,14.8479],[97.9246,14.8479],[97.9254,14.8462],[97.9279,14.8462],[97.9288,14.8479],[97.9296,14.8479],[97.9296,14.8454],[97.9304,14.8454],[97.9304,14.8446],[97.9321,14.8446],[97.9321,14.8454],[97.9313,14.8454],[97.9313,14.8487],[97.9288,14.8487],[97.9288,14.8512],[97.9296,14.8512],[97.9296,14.8521],[97.9279,14.8521],[97.9279,14.8529],[97.9246,14.8529],[97.9246,14.8537],[97.9238,14.8537],[97.9238,14.8579]],[[97.9296,14.8404],[97.9279,14.8404],[97.9279,14.8387],[97.9296,14.8387],[97.9296,14.8404]],[[97.9271,14.8771],[97.9263,14.8771],[97.9254,14.8754],[97.9271,14.8754],[97.9271,14.8771]],[[97.9263,14.8812],[97.9254,14.8812],[97.9254,14.8804],[97.9263,14.8804],[97.9263,14.8812]],[[97.9254,14.8354],[97.9238,14.8354],[97.9238,14.8337],[97.9254,14.8337],[97.9254,14.8354]],[[97.9246,14.8729],[97.9238,14.8729],[97.9238,14.8712],[97.9246,14.8712],[97.9246,14.8729]],[[97.9246,14.8787],[97.9238,14.8787],[97.9238,14.8779],[97.9246,14.8779],[97.9246,14.8787]],[[97.9238,14.9054],[97.9229,14.9054],[97.9229,14.9062],[97.9213,14.9062],[97.9213,14.9012],[97.9238,14.9012],[97.9238,14.9054]],[[97.9238,14.8862],[97.9229,14.8862],[97.9229,14.8846],[97.9238,14.8846],[97.9238,14.8862]],[[97.9213,14.8721],[97.9204,14.8721],[97.9204,14.8712],[97.9213,14.8712],[97.9213,14.8721]],[[97.9196,14.8946],[97.9188,14.8946],[97.9188,14.8929],[97.9196,14.8929],[97.9196,14.8946]],[[97.9138,14.8454],[97.9138,14.8462],[97.9129,14.8462],[97.9129,14.8454],[97.9138,14.8454]],[[97.9146,14.8462],[97.9146,14.8471],[97.9138,14.8471],[97.9138,14.8462],[97.9146,14.8462]],[[97.9121,14.8454],[97.9121,14.8446],[97.9129,14.8446],[97.9129,14.8454],[97.9121,14.8454]],[[97.9104,14.8696],[97.9088,14.8696],[97.9088,14.8687],[97.9104,14.8687],[97.9104,14.8696]],[[97.9104,14.8679],[97.9113,14.8679],[97.9113,14.8687],[97.9104,14.8687],[97.9104,14.8679]],[[97.9104,14.8346],[97.9096,14.8346],[97.9096,14.8337],[97.9104,14.8337],[97.9104,14.8346]],[[97.9038,14.8512],[97.9029,14.8512],[97.9029,14.8496],[97.9038,14.8496],[97.9038,14.8512]],[[97.8938,14.8571],[97.8929,14.8571],[97.8929,14.8562],[97.8938,14.8562],[97.8938,14.8571]],[[97.8938,14.8554],[97.8929,14.8554],[97.8929,14.8546],[97.8938,14.8546],[97.8946,14.8529],[97.8954,14.8529],[97.8954,14.8554],[97.8963,14.8554],[97.8963,14.8562],[97.8946,14.8571],[97.8938,14.8554]],[[97.8971,14.8562],[97.8971,14.8579],[97.8963,14.8579],[97.8963,14.8562],[97.8971,14.8562]],[[97.8946,14.8512],[97.8938,14.8512],[97.8938,14.8479],[97.8946,14.8479],[97.8946,14.8496],[97.8954,14.8496],[97.8946,14.8512]],[[97.8929,14.8521],[97.8921,14.8521],[97.8921,14.8546],[97.8913,14.8546],[97.8913,14.8554],[97.8896,14.8554],[97.8896,14.8496],[97.8904,14.8496],[97.8904,14.8479],[97.8913,14.8479],[97.8913,14.8471],[97.8929,14.8471],[97.8929,14.8521]],[[97.8913,14.8604],[97.8904,14.8604],[97.8904,14.8596],[97.8913,14.8596],[97.8913,14.8604]],[[97.8838,14.8487],[97.8829,14.8487],[97.8829,14.8512],[97.8796,14.8512],[97.8796,14.8504],[97.8804,14.8504],[97.8813,14.8487],[97.8821,14.8487],[97.8821,14.8479],[97.8838,14.8479],[97.8838,14.8487]],[[97.8838,14.8462],[97.8821,14.8462],[97.8821,14.8454],[97.8838,14.8454],[97.8838,14.8462]],[[97.8704,14.8604],[97.8688,14.8604],[97.8688,14.8596],[97.8704,14.8596],[97.8704,14.8604]],[[97.8704,14.8587],[97.8713,14.8587],[97.8713,14.8596],[97.8704,14.8596],[97.8704,14.8587]]],[[[97.9404,14.7871],[97.9403,14.7871],[97.9404,14.7875],[97.9404,14.7871]]],[[[97.9113,14.8079],[97.9106,14.8079],[97.9113,14.8096],[97.9113,14.8079]]],[[[97.9104,14.8062],[97.9097,14.8062],[97.9104,14.8076],[97.9104,14.8062]]],[[[97.9096,14.8054],[97.9093,14.8054],[97.9096,14.806],[97.9096,14.8054]]],[[[97.9088,14.8037],[97.9084,14.8037],[97.9088,14.8045],[97.9088,14.8037]]],[[[97.9079,14.8029],[97.9079,14.8029],[97.9079,14.8029],[97.9079,14.8029]]],[[[97.9071,14.8012],[97.9104,14.8012],[97.9104,14.7996],[97.9138,14.7996],[97.9129,14.7979],[97.9138,14.7979],[97.9138,14.7971],[97.9154,14.7962],[97.9154,14.7946],[97.9146,14.7946],[97.9146,14.7921],[97.9138,14.7921],[97.9138,14.7929],[97.9121,14.7929],[97.9121,14.7937],[97.9113,14.7937],[97.9113,14.7954],[97.9088,14.7954],[97.9088,14.7937],[97.9104,14.7937],[97.9104,14.7921],[97.9121,14.7921],[97.9121,14.7896],[97.9113,14.7896],[97.9113,14.7887],[97.9096,14.7887],[97.9088,14.7904],[97.9029,14.7904],[97.9029,14.7929],[97.9021,14.7929],[97.9071,14.8012]],[[97.9071,14.7987],[97.9063,14.7987],[97.9063,14.7979],[97.9071,14.7979],[97.9071,14.7987]]],[[[97.9021,14.7921],[97.9016,14.7921],[97.9021,14.7929],[97.9021,14.7921]]],[[[97.9013,14.7904],[97.9004,14.7904],[97.9004,14.7896],[97.8997,14.7896],[97.9013,14.7916],[97.9013,14.7904]]],[[[97.8996,14.7887],[97.899,14.7887],[97.8996,14.7895],[97.8996,14.7887]]],[[[97.8988,14.7879],[97.8984,14.7879],[97.8988,14.7884],[97.8988,14.7879]]],[[[97.8963,14.7812],[97.8956,14.7812],[97.8963,14.783],[97.8963,14.7812]]],[[[97.8954,14.7803],[97.8954,14.7805],[97.8954,14.7806],[97.8954,14.7803]]],[[[97.9454,14.8437],[97.9438,14.8437],[97.9438,14.8454],[97.9454,14.8454],[97.9454,14.8437]]],[[[97.9388,14.8487],[97.9388,14.8512],[97.9396,14.8512],[97.9396,14.8496],[97.9421,14.8496],[97.9421,14.8479],[97.9429,14.8479],[97.9429,14.8462],[97.9413,14.8462],[97.9413,14.8471],[97.9388,14.8471],[97.9388,14.8479],[97.9379,14.8479],[97.9379,14.8487],[97.9388,14.8487]]],[[[97.8663,14.8862],[97.8663,14.8854],[97.8671,14.8854],[97.8671,14.8837],[97.8654,14.8837],[97.8654,14.8846],[97.8646,14.8846],[97.8646,14.8862],[97.8663,14.8862]]],[[[97.9113,14.8904],[97.9129,14.8904],[97.9129,14.8896],[97.9113,14.8887],[97.9113,14.8904]]],[[[97.9363,14.9096],[97.9371,14.9112],[97.9421,14.9112],[97.9421,14.9096],[97.9379,14.9096],[97.9379,14.9087],[97.9363,14.9096]]],[[[97.9363,14.9196],[97.9313,14.9196],[97.9313,14.9204],[97.9296,14.9212],[97.9296,14.9229],[97.9313,14.9229],[97.9313,14.9212],[97.9346,14.9212],[97.9346,14.9229],[97.9371,14.9229],[97.9371,14.9204],[97.9363,14.9204],[97.9363,14.9196]]],[[[97.9379,14.9296],[97.9379,14.9262],[97.9363,14.9262],[97.9363,14.9271],[97.9329,14.9271],[97.9329,14.9287],[97.9313,14.9287],[97.9313,14.9304],[97.9338,14.9304],[97.9346,14.9287],[97.9363,14.9287],[97.9363,14.9296],[97.9379,14.9296]]],[[[97.9271,14.9321],[97.9279,14.9321],[97.9279,14.9329],[97.9263,14.9337],[97.9263,14.9362],[97.9279,14.9362],[97.9279,14.9346],[97.9288,14.9346],[97.9288,14.9329],[97.9296,14.9329],[97.9304,14.9312],[97.9296,14.9312],[97.9296,14.9304],[97.9271,14.9304],[97.9271,14.9321]]],[[[97.9304,14.9337],[97.9304,14.9354],[97.9329,14.9354],[97.9329,14.9337],[97.9304,14.9337]]],[[[97.9229,14.9346],[97.9221,14.9346],[97.9221,14.9362],[97.9229,14.9362],[97.9229,14.9371],[97.9246,14.9371],[97.9254,14.9354],[97.9229,14.9354],[97.9229,14.9346]]],[[[97.9229,14.9387],[97.9204,14.9387],[97.9204,14.9404],[97.9229,14.9404],[97.9229,14.9387]]],[[[97.9338,14.9404],[97.9338,14.9396],[97.9304,14.9396],[97.9304,14.9412],[97.9321,14.9421],[97.9321,14.9429],[97.9329,14.9429],[97.9329,14.9404],[97.9338,14.9404]]],[[[98.0063,10.8771],[98.0063,10.8762],[98.0071,10.8762],[98.0071,10.8746],[98.0064,10.8746],[98.0067,10.8754],[98.0046,10.8768],[98.0063,10.8771]]],[[[98.0029,10.8812],[98.0028,10.8811],[98.0025,10.8812],[98.0029,10.8812]]],[[[97.9996,10.8819],[98.0013,10.8821],[98.0013,10.8819],[97.9996,10.8819]]],[[[97.9996,10.8912],[97.9996,10.8908],[97.9993,10.8912],[97.9996,10.8912]]],[[[98.0004,10.8904],[98.0004,10.8897],[97.9997,10.8904],[98.0004,10.8904]]],[[[97.9488,10.9296],[97.9492,10.9296],[97.9493,10.9279],[97.9488,10.9277],[97.9488,10.9296]]],[[[98.0064,11.3429],[98.0067,11.3433],[98.0081,11.3429],[98.0064,11.3429]]],[[[98.0021,11.3487],[98.0033,11.3493],[98.0036,11.3487],[98.0021,11.3487]]],[[[98.0002,11.3496],[98.0009,11.3499],[98.0013,11.3496],[98.0002,11.3496]]],[[[97.9988,11.3487],[97.9983,11.3487],[97.9988,11.349],[97.9988,11.3487]]],[[[98.0029,11.3612],[98.0029,11.3604],[98.0025,11.3604],[98.0026,11.3606],[98.0029,11.3612]]],[[[98.0021,11.3596],[98.0018,11.3597],[98.0021,11.36],[98.0021,11.3596]]],[[[98.0063,11.3629],[98.0063,11.3636],[98.0089,11.3629],[98.0063,11.3629]]],[[[98.0054,11.3637],[98.0054,11.3643],[98.0061,11.3637],[98.0054,11.3637]]],[[[98.0046,11.3812],[98.0039,11.3829],[98.0054,11.3829],[98.0054,11.3812],[98.0046,11.3812]]],[[[97.9938,11.3866],[97.9938,11.3879],[97.9944,11.3879],[97.9938,11.3866]]],[[[97.9946,11.3946],[97.9946,11.3929],[97.9944,11.3929],[97.9935,11.3946],[97.9946,11.3946]]],[[[97.9929,11.3971],[97.9929,11.3954],[97.9929,11.3954],[97.9924,11.3971],[97.9929,11.3971]]],[[[97.9879,11.3999],[97.9878,11.4002],[97.9879,11.4005],[97.9879,11.3999]]],[[[97.9888,11.3996],[97.9888,11.3986],[97.9884,11.3987],[97.988,11.3996],[97.9888,11.3996]]],[[[97.9921,11.3979],[97.9921,11.3976],[97.9913,11.3979],[97.9921,11.3979]]],[[[97.9979,11.4046],[97.9986,11.4047],[97.999,11.4046],[97.9979,11.4046]]],[[[97.9979,11.4096],[97.9984,11.4081],[97.9979,11.407],[97.9979,11.4096]]],[[[98.0071,14.2837],[98.0071,14.283],[98.0066,14.2837],[98.0071,14.2837]]],[[[98.0079,14.2829],[98.0079,14.2819],[98.0072,14.2829],[98.0079,14.2829]]],[[[97.9696,14.3629],[97.9696,14.3621],[97.9704,14.3621],[97.9704,14.3604],[97.9691,14.3629],[97.9696,14.3629]]],[[[97.9713,14.3604],[97.9713,14.3589],[97.9704,14.3604],[97.9713,14.3604]]],[[[97.9721,14.3587],[97.9721,14.3574],[97.9713,14.3587],[97.9721,14.3587]]],[[[97.9729,14.3571],[97.9729,14.3563],[97.9723,14.3571],[97.9729,14.3571]]],[[[97.9738,14.3554],[97.9738,14.355],[97.9735,14.3554],[97.9738,14.3554]]],[[[97.9746,14.3546],[97.9746,14.3532],[97.9739,14.3546],[97.9746,14.3546]]],[[[97.9754,14.3529],[97.9754,14.3515],[97.9747,14.3529],[97.9754,14.3529]]],[[[97.9763,14.3512],[97.9763,14.3499],[97.9755,14.3512],[97.9763,14.3512]]],[[[97.9771,14.3496],[97.9771,14.3487],[97.9765,14.3496],[97.9771,14.3496]]],[[[97.9779,14.3479],[97.9779,14.3466],[97.9774,14.3479],[97.9779,14.3479]]],[[[97.9788,14.3462],[97.9788,14.3454],[97.9796,14.3454],[97.9796,14.3471],[97.9804,14.3471],[97.9804,14.3487],[97.9788,14.3487],[97.9788,14.3504],[97.9821,14.3504],[97.9821,14.3521],[97.9804,14.3521],[97.9804,14.3529],[97.9788,14.3537],[97.9788,14.3562],[97.9771,14.3562],[97.9771,14.3579],[97.9779,14.3579],[97.9779,14.3604],[97.9788,14.3604],[97.9788,14.3612],[97.9829,14.3612],[97.9829,14.3621],[97.9846,14.3621],[97.9846,14.3637],[97.9871,14.3637],[97.9879,14.3621],[97.9913,14.3621],[97.9913,14.3629],[97.9938,14.3629],[97.9938,14.3596],[97.9954,14.3596],[97.9954,14.3579],[97.9979,14.3579],[97.9988,14.3562],[97.9996,14.3562],[97.9996,14.3537],[98.0004,14.3537],[98.0004,14.3521],[97.9988,14.3529],[97.9979,14.3546],[97.9954,14.3546],[97.9954,14.3537],[97.9946,14.3537],[97.9946,14.3521],[97.9921,14.3521],[97.9921,14.3504],[97.9896,14.3504],[97.9896,14.3512],[97.9863,14.3512],[97.9863,14.3496],[97.9846,14.3496],[97.9846,14.3504],[97.9838,14.3504],[97.9838,14.3496],[97.9829,14.3496],[97.9829,14.3471],[97.9821,14.3471],[97.9821,14.3446],[97.9838,14.3446],[97.9838,14.3429],[97.9846,14.3429],[97.9846,14.3421],[97.9863,14.3421],[97.9871,14.3404],[97.9888,14.3396],[97.9888,14.3379],[97.9904,14.3379],[97.9904,14.3371],[97.9929,14.3371],[97.9929,14.3379],[97.9921,14.3379],[97.9921,14.3396],[97.9904,14.3396],[97.9904,14.3421],[97.9896,14.3421],[97.9896,14.3429],[97.9913,14.3437],[97.9913,14.3429],[97.9921,14.3429],[97.9921,14.3421],[97.9938,14.3412],[97.9938,14.3396],[97.9954,14.3396],[97.9946,14.3412],[97.9979,14.3412],[97.9979,14.3387],[97.9971,14.3387],[97.9971,14.3362],[98.0046,14.3362],[98.0046,14.3354],[98.0071,14.3354],[98.0071,14.3329],[98.0079,14.3329],[98.0079,14.3304],[98.0063,14.3304],[98.0063,14.3296],[98.0054,14.3296],[98.0054,14.3271],[98.0046,14.3271],[98.0046,14.3262],[98.0021,14.3262],[98.0021,14.3254],[98.0013,14.3254],[98.0013,14.3296],[98.0004,14.3296],[98.0004,14.3271],[97.9979,14.3271],[97.9979,14.3279],[97.9963,14.3279],[97.9971,14.3262],[97.9988,14.3262],[97.9988,14.3254],[97.9996,14.3254],[97.9996,14.3246],[97.9988,14.3246],[97.9988,14.3237],[97.9996,14.3237],[97.9996,14.3204],[97.9988,14.3204],[97.9988,14.3196],[98.0013,14.3196],[98.0013,14.3171],[98.0004,14.3171],[98.0004,14.3146],[97.9988,14.3146],[97.9988,14.3154],[97.9979,14.3154],[97.9979,14.3179],[97.9963,14.3187],[97.9963,14.3204],[97.9954,14.3204],[97.9946,14.3221],[97.9938,14.3221],[97.9938,14.3237],[97.9929,14.3237],[97.9921,14.3254],[97.9913,14.3254],[97.9913,14.3279],[97.9929,14.3287],[97.9929,14.3312],[97.9913,14.3312],[97.9913,14.3329],[97.9904,14.3329],[97.9904,14.3337],[97.9896,14.3337],[97.9896,14.3329],[97.9854,14.3329],[97.9854,14.3312],[97.9829,14.3333],[97.9829,14.3346],[97.9823,14.3346],[97.9816,14.3371],[97.9829,14.3371],[97.9829,14.3387],[97.9821,14.3387],[97.9821,14.3412],[97.9804,14.3412],[97.9797,14.3429],[97.9804,14.3429],[97.9804,14.3437],[97.9796,14.3437],[97.9796,14.343],[97.9781,14.3462],[97.9788,14.3462]],[[97.9929,14.3362],[97.9938,14.3362],[97.9938,14.3371],[97.9929,14.3371],[97.9929,14.3362]],[[97.9938,14.3329],[97.9938,14.3321],[97.9954,14.3321],[97.9954,14.3337],[97.9946,14.3337],[97.9946,14.3346],[97.9929,14.3346],[97.9929,14.3337],[97.9913,14.3337],[97.9913,14.3329],[97.9938,14.3329]]],[[[97.9813,14.3396],[97.9813,14.3383],[97.9809,14.3396],[97.9813,14.3396]]],[[[97.9738,14.3729],[97.9735,14.3729],[97.9738,14.3753],[97.9738,14.3729]]],[[[97.9729,14.3721],[97.9721,14.3721],[97.9721,14.3724],[97.9729,14.3726],[97.9729,14.3721]]],[[[97.9704,14.4125],[97.9702,14.4145],[97.9702,14.4146],[97.9704,14.4146],[97.9704,14.4125]]],[[[97.9713,14.4112],[97.9713,14.4054],[97.9707,14.4054],[97.9706,14.4112],[97.9713,14.4112]]],[[[97.9646,14.4379],[97.9646,14.4397],[97.9648,14.4379],[97.9646,14.4379]]],[[[97.9641,14.4404],[97.9638,14.4412],[97.9642,14.4412],[97.9641,14.4404]]],[[[97.9579,14.4487],[97.9579,14.4479],[97.9596,14.4479],[97.9596,14.4454],[97.9604,14.4454],[97.9604,14.4437],[97.9613,14.4437],[97.9613,14.4417],[97.9571,14.4487],[97.9579,14.4487]]],[[[97.9621,14.4412],[97.9621,14.4398],[97.9614,14.4412],[97.9621,14.4412]]],[[[97.9663,14.4454],[97.9664,14.4454],[97.9663,14.4453],[97.9663,14.4454]]],[[[97.9671,14.4471],[97.9679,14.4468],[97.9671,14.4458],[97.9671,14.4471]]],[[[97.9604,14.4487],[97.9604,14.4512],[97.9621,14.4512],[97.9621,14.4496],[97.9604,14.4487]]],[[[97.9696,14.4496],[97.9696,14.4512],[97.9713,14.4521],[97.9713,14.4529],[97.9721,14.4529],[97.972,14.4512],[97.9704,14.4504],[97.9704,14.4496],[97.9696,14.4496]]],[[[97.9646,14.4571],[97.9654,14.4554],[97.9679,14.4554],[97.9679,14.4546],[97.9671,14.4546],[97.9671,14.4537],[97.9638,14.4537],[97.9638,14.4529],[97.9621,14.4529],[97.9621,14.4546],[97.9604,14.4546],[97.9604,14.4554],[97.9596,14.4554],[97.9604,14.4571],[97.9646,14.4571]]],[[[97.9771,14.4604],[97.9771,14.4587],[97.9754,14.4587],[97.9754,14.4562],[97.9738,14.4554],[97.9738,14.4537],[97.9729,14.4537],[97.9729,14.4546],[97.9704,14.4546],[97.9704,14.4562],[97.9713,14.4562],[97.9713,14.4579],[97.9704,14.4579],[97.9704,14.4587],[97.9713,14.4587],[97.9713,14.4621],[97.9779,14.4621],[97.9779,14.4604],[97.9771,14.4604]],[[97.9738,14.4579],[97.9729,14.4579],[97.9729,14.4571],[97.9738,14.4571],[97.9738,14.4579]]],[[[97.9979,14.4671],[97.9971,14.4671],[97.9971,14.4662],[97.9946,14.4662],[97.9946,14.4654],[97.9921,14.4654],[97.9921,14.4646],[97.9904,14.4637],[97.9904,14.4629],[97.9896,14.4629],[97.9896,14.4621],[97.9863,14.4621],[97.9863,14.4662],[97.9871,14.4662],[97.9871,14.4679],[97.9879,14.4679],[97.9879,14.4687],[97.9888,14.4687],[97.9888,14.4704],[97.9896,14.4704],[97.9896,14.4712],[97.9913,14.4712],[97.9913,14.4721],[97.9921,14.4721],[97.9929,14.4737],[97.9938,14.4737],[97.9938,14.4746],[97.9946,14.4746],[97.9946,14.4754],[97.9963,14.4754],[97.9963,14.4762],[97.9971,14.4762],[97.9971,14.4771],[97.9988,14.4779],[97.9988,14.4762],[97.9979,14.4762],[97.9979,14.4737],[97.9963,14.4737],[97.9963,14.4729],[97.9988,14.4729],[97.9988,14.4721],[98.0004,14.4721],[98.0004,14.4696],[97.9988,14.4696],[97.9988,14.4679],[97.9979,14.4679],[97.9979,14.4671]]],[[[97.9788,14.4754],[97.9763,14.4754],[97.9763,14.4762],[97.9771,14.4762],[97.9779,14.4779],[97.9796,14.4779],[97.9796,14.4796],[97.9771,14.4796],[97.9771,14.4787],[97.9738,14.4787],[97.9738,14.4804],[97.9771,14.4804],[97.9771,14.4812],[97.9779,14.4812],[97.9779,14.4829],[97.9788,14.4829],[97.9788,14.4846],[97.9796,14.4846],[97.9796,14.4829],[97.9813,14.4829],[97.9813,14.4812],[97.9821,14.4812],[97.9829,14.4796],[97.9846,14.4796],[97.9846,14.4812],[97.9829,14.4812],[97.9829,14.4829],[97.9838,14.4829],[97.9838,14.4821],[97.9863,14.4821],[97.9854,14.4804],[97.9879,14.4804],[97.9879,14.4812],[97.9871,14.4812],[97.9871,14.4829],[97.9879,14.4829],[97.9879,14.4837],[97.9896,14.4837],[97.9896,14.4846],[97.9913,14.4846],[97.9921,14.4862],[97.9938,14.4862],[97.9938,14.4887],[97.9913,14.4887],[97.9913,14.4896],[97.9896,14.4896],[97.9896,14.4912],[97.9913,14.4912],[97.9913,14.4937],[97.9888,14.4937],[97.9888,14.4946],[97.9879,14.4946],[97.9871,14.4962],[97.9888,14.4962],[97.9888,14.4971],[97.9913,14.4971],[97.9913,14.4996],[97.9921,14.4996],[97.9921,14.5004],[97.9946,14.5004],[97.9946,14.4979],[97.9954,14.4979],[97.9954,14.4962],[97.9963,14.4962],[97.9963,14.4954],[97.9979,14.4954],[97.9988,14.4937],[97.9996,14.4937],[97.9988,14.4921],[97.9963,14.4921],[97.9963,14.4896],[97.9971,14.4896],[97.9971,14.4904],[97.9996,14.4904],[97.9996,14.4896],[98.0004,14.4896],[98.0004,14.4837],[97.9988,14.4829],[97.9988,14.4812],[97.9963,14.4812],[97.9963,14.4787],[97.9946,14.4787],[97.9938,14.4771],[97.9921,14.4771],[97.9921,14.4762],[97.9913,14.4762],[97.9913,14.4754],[97.9896,14.4754],[97.9888,14.4737],[97.9871,14.4737],[97.9863,14.4721],[97.9846,14.4721],[97.9846,14.4704],[97.9838,14.4704],[97.9838,14.4687],[97.9829,14.4687],[97.9829,14.4671],[97.9821,14.4671],[97.9821,14.4646],[97.9813,14.4646],[97.9813,14.4629],[97.9804,14.4629],[97.9804,14.4621],[97.9788,14.4621],[97.9788,14.4646],[97.9796,14.4646],[97.9796,14.4679],[97.9788,14.4679],[97.9788,14.4687],[97.9771,14.4687],[97.9771,14.4712],[97.9804,14.4712],[97.9804,14.4737],[97.9796,14.4737],[97.9788,14.4754]],[[97.9796,14.4771],[97.9804,14.4771],[97.9804,14.4779],[97.9796,14.4779],[97.9796,14.4771]],[[97.9813,14.4779],[97.9813,14.4771],[97.9829,14.4771],[97.9821,14.4787],[97.9804,14.4787],[97.9804,14.4779],[97.9813,14.4779]],[[97.9963,14.4854],[97.9946,14.4854],[97.9946,14.4846],[97.9963,14.4846],[97.9963,14.4854]],[[97.9854,14.4779],[97.9838,14.4787],[97.9838,14.4771],[97.9854,14.4771],[97.9854,14.4779]],[[97.9838,14.4721],[97.9829,14.4721],[97.9829,14.4712],[97.9838,14.4712],[97.9838,14.4721]]],[[[97.9538,14.4871],[97.9546,14.4871],[97.9546,14.4837],[97.9538,14.4837],[97.9538,14.4871]]],[[[97.9813,14.4904],[97.9854,14.4904],[97.9854,14.4896],[97.9838,14.4896],[97.9838,14.4887],[97.9821,14.4887],[97.9813,14.4904]]],[[[98.0038,14.4887],[98.0029,14.4887],[98.0029,14.4879],[98.0013,14.4879],[98.0013,14.4887],[98.0021,14.4887],[98.0021,14.4912],[98.0038,14.4912],[98.0038,14.4887]]],[[[97.9471,14.5087],[97.9471,14.5096],[97.9488,14.5096],[97.9488,14.5104],[97.9496,14.5104],[97.9496,14.5087],[97.9471,14.5087]]],[[[98.0029,14.6221],[98.0013,14.6229],[98.0013,14.6246],[98.0029,14.6246],[98.0029,14.6221]]],[[[97.9521,14.6287],[97.9521,14.6296],[97.9488,14.6296],[97.9488,14.6304],[97.9529,14.6304],[97.9529,14.6296],[97.9538,14.6296],[97.9538,14.6279],[97.9521,14.6287]]],[[[97.9521,14.7046],[97.9554,14.7027],[97.9554,14.7021],[97.9563,14.7021],[97.9579,14.7004],[97.9688,14.6936],[97.9688,14.6929],[97.9713,14.6919],[97.9713,14.6912],[97.9729,14.6912],[97.9735,14.6921],[97.9768,14.689],[97.9778,14.6871],[97.9784,14.6837],[97.9792,14.6721],[97.9788,14.6721],[97.9788,14.6729],[97.9771,14.6729],[97.9771,14.6712],[97.9793,14.6712],[97.9809,14.6652],[97.9853,14.6593],[97.9883,14.6565],[97.9991,14.6499],[98.0008,14.654],[97.9994,14.6559],[97.9958,14.6593],[97.987,14.6645],[97.9845,14.6684],[97.9839,14.6735],[97.985,14.6741],[97.9855,14.676],[97.9865,14.6767],[97.9851,14.6787],[97.9846,14.6824],[97.9859,14.6844],[97.9878,14.6857],[97.9847,14.6842],[97.9836,14.6844],[97.9806,14.6918],[97.9763,14.6962],[97.9763,14.6971],[97.9771,14.6971],[97.9771,14.6962],[97.9788,14.6962],[97.9788,14.6946],[97.9804,14.6946],[97.9804,14.6954],[97.9813,14.6954],[97.9813,14.6979],[97.9821,14.6979],[97.9821,14.7012],[97.9846,14.7012],[97.9846,14.7004],[97.9879,14.7004],[97.9879,14.6996],[97.9896,14.6996],[97.9896,14.6979],[97.9904,14.6979],[97.9904,14.6962],[97.9888,14.6954],[97.9888,14.6937],[97.9896,14.6937],[97.9896,14.6946],[97.9938,14.6946],[97.9938,14.6937],[97.9963,14.6937],[97.9963,14.6954],[97.9971,14.6954],[97.9971,14.6987],[97.9988,14.6987],[97.9988,14.6979],[98.0013,14.6979],[98.0013,14.6971],[98.0021,14.6971],[98.0021,14.6962],[98.0038,14.6962],[98.0038,14.6954],[98.0046,14.6954],[98.0046,14.6937],[98.0054,14.6937],[98.0054,14.6921],[98.0046,14.6921],[98.0046,14.6879],[98.0063,14.6879],[98.0063,14.6871],[98.0079,14.6862],[98.0079,14.6837],[98.0063,14.6837],[98.0054,14.6821],[98.0046,14.6821],[98.0046,14.6837],[98.0029,14.6837],[98.0029,14.6862],[98.0021,14.6862],[98.0021,14.6879],[98.0013,14.6879],[98.0013,14.6887],[97.9979,14.6887],[97.9979,14.6879],[97.9963,14.6879],[97.9963,14.6854],[97.9946,14.6846],[97.9946,14.6837],[97.9954,14.6837],[97.9954,14.6821],[97.9938,14.6821],[97.9929,14.6837],[97.9921,14.6837],[97.9921,14.6821],[97.9904,14.6812],[97.9904,14.6804],[97.9913,14.6804],[97.9913,14.6787],[97.9921,14.6787],[97.9921,14.6796],[97.9938,14.6796],[97.9938,14.6787],[97.9946,14.6787],[97.9946,14.6796],[97.9954,14.6796],[97.9954,14.6812],[97.9979,14.6812],[97.9979,14.6804],[98.0013,14.6804],[98.0013,14.6796],[98.0029,14.6796],[98.0029,14.6779],[98.0013,14.6771],[98.0013,14.6762],[98.0021,14.6762],[98.0021,14.6754],[98.0054,14.6754],[98.0054,14.6721],[98.0071,14.6721],[98.0071,14.6712],[97.9996,14.6712],[97.9996,14.6704],[97.9963,14.6704],[97.9963,14.6712],[97.9946,14.6712],[97.9946,14.6721],[97.9921,14.6721],[97.9921,14.6679],[97.9938,14.6679],[97.9938,14.6671],[97.9954,14.6671],[97.9954,14.6654],[97.9963,14.6654],[97.9963,14.6646],[97.9979,14.6646],[97.9979,14.6637],[97.9996,14.6646],[97.9996,14.6662],[98.0021,14.6662],[98.0021,14.6671],[98.0029,14.6671],[98.0029,14.6662],[98.0038,14.6662],[98.0038,14.6671],[98.0054,14.6662],[98.0054,14.6671],[98.0063,14.6671],[98.0063,14.6637],[98.0046,14.6637],[98.0046,14.6612],[98.0038,14.6612],[98.0038,14.6596],[98.0029,14.6596],[98.0029,14.6579],[98.0021,14.6579],[98.0021,14.6571],[97.9996,14.6571],[98.0004,14.6554],[98.0021,14.6562],[98.0021,14.6554],[98.0038,14.6554],[98.0038,14.6546],[98.0063,14.6546],[98.0063,14.6554],[98.0079,14.6554],[98.0079,14.6537],[98.0046,14.6537],[98.0046,14.6521],[98.0088,14.6521],[98.0088,14.6512],[98.0096,14.6512],[98.0096,14.6496],[98.0113,14.6496],[98.0113,14.6487],[98.0138,14.6487],[98.0138,14.6504],[98.0154,14.6504],[98.0154,14.6512],[98.0171,14.6512],[98.0171,14.6487],[98.0188,14.6487],[98.0188,14.6462],[98.0196,14.6462],[98.0196,14.6446],[98.0204,14.6446],[98.0204,14.6437],[98.0221,14.6429],[98.0221,14.6421],[98.0254,14.6421],[98.0254,14.6429],[98.0271,14.6429],[98.0271,14.6421],[98.0288,14.6421],[98.0288,14.6437],[98.0296,14.6437],[98.0304,14.6421],[98.0321,14.6412],[98.0321,14.6421],[98.0329,14.6421],[98.0329,14.6437],[98.0338,14.6437],[98.0338,14.6454],[98.0329,14.6454],[98.0329,14.6487],[98.0313,14.6487],[98.0313,14.6496],[98.0304,14.6496],[98.0304,14.6521],[98.0313,14.6521],[98.0313,14.6504],[98.0338,14.6504],[98.0338,14.6537],[98.0329,14.6537],[98.0338,14.6554],[98.0329,14.6554],[98.0329,14.6571],[98.0321,14.6571],[98.0321,14.6629],[98.0304,14.6637],[98.0304,14.6654],[98.0321,14.6654],[98.0321,14.6671],[98.0346,14.6671],[98.0354,14.6654],[98.0371,14.6654],[98.0371,14.6662],[98.0396,14.6662],[98.0396,14.6654],[98.0413,14.6654],[98.0413,14.6646],[98.0429,14.6646],[98.0429,14.6687],[98.0438,14.6687],[98.0438,14.6662],[98.0479,14.6662],[98.0479,14.6646],[98.0488,14.6646],[98.0488,14.6621],[98.0479,14.6621],[98.0479,14.6596],[98.0513,14.6596],[98.0513,14.6579],[98.0529,14.6571],[98.0529,14.6562],[98.0554,14.6562],[98.0554,14.6554],[98.0504,14.6554],[98.0504,14.6562],[98.0488,14.6571],[98.0488,14.6579],[98.0463,14.6579],[98.0463,14.6629],[98.0413,14.6629],[98.0404,14.6646],[98.0396,14.6646],[98.0396,14.6612],[98.0379,14.6612],[98.0379,14.6604],[98.0363,14.6604],[98.0363,14.6554],[98.0379,14.6554],[98.0379,14.6546],[98.0371,14.6546],[98.0371,14.6512],[98.0363,14.6512],[98.0363,14.6487],[98.0354,14.6487],[98.0354,14.6462],[98.0371,14.6462],[98.0371,14.6454],[98.0396,14.6454],[98.0396,14.6437],[98.0413,14.6437],[98.0413,14.6429],[98.0438,14.6429],[98.0438,14.6421],[98.0471,14.6421],[98.0479,14.6404],[98.0463,14.6404],[98.0463,14.6396],[98.0454,14.6396],[98.0454,14.6404],[98.0413,14.6404],[98.0413,14.6412],[98.0379,14.6412],[98.0379,14.6396],[98.0371,14.6396],[98.0371,14.6387],[98.0354,14.6387],[98.0354,14.6396],[98.0346,14.6396],[98.0346,14.6387],[98.0329,14.6387],[98.0329,14.6379],[98.0304,14.6379],[98.0304,14.6362],[98.0296,14.6362],[98.0296,14.6371],[98.0271,14.6371],[98.0271,14.6379],[98.0263,14.6379],[98.0263,14.6404],[98.0229,14.6404],[98.0229,14.6396],[98.0221,14.6396],[98.0221,14.6371],[98.0213,14.6371],[98.0213,14.6354],[98.0221,14.6354],[98.0221,14.6346],[98.0213,14.6346],[98.0213,14.6329],[98.0204,14.6329],[98.0204,14.6321],[98.0238,14.6304],[98.0238,14.6287],[98.0229,14.6287],[98.0229,14.6262],[98.0238,14.6262],[98.0238,14.6237],[98.0263,14.6237],[98.0263,14.6246],[98.0288,14.6246],[98.0279,14.6229],[98.0271,14.6229],[98.0271,14.6212],[98.0263,14.6212],[98.0263,14.6204],[98.0254,14.6204],[98.0254,14.6212],[98.0238,14.6212],[98.0238,14.6179],[98.0229,14.6179],[98.0229,14.6162],[98.0246,14.6154],[98.0246,14.6146],[98.0238,14.6146],[98.0238,14.6137],[98.0221,14.6129],[98.0221,14.6121],[98.0213,14.6121],[98.0213,14.6137],[98.0196,14.6137],[98.0196,14.6162],[98.0171,14.6162],[98.0171,14.6196],[98.0146,14.6196],[98.0146,14.6187],[98.0113,14.6187],[98.0113,14.6196],[98.0088,14.6196],[98.0088,14.6212],[98.0104,14.6212],[98.0104,14.6204],[98.0121,14.6212],[98.0121,14.6229],[98.0104,14.6229],[98.0104,14.6237],[98.0096,14.6237],[98.0096,14.6246],[98.0121,14.6246],[98.0121,14.6254],[98.0088,14.6254],[98.0088,14.6262],[98.0071,14.6262],[98.0071,14.6287],[98.0088,14.6287],[98.0088,14.6279],[98.0096,14.6279],[98.0096,14.6304],[98.0079,14.6304],[98.0079,14.6312],[98.0063,14.6312],[98.0063,14.6287],[98.0054,14.6287],[98.0054,14.6279],[98.0063,14.6279],[98.0063,14.6254],[98.0038,14.6254],[98.0029,14.6271],[98.0021,14.6271],[98.0021,14.6287],[98.0013,14.6287],[98.0013,14.6321],[98.0038,14.6321],[98.0038,14.6337],[98.0029,14.6337],[98.0029,14.6354],[98.0013,14.6362],[98.0013,14.6379],[98.0004,14.6379],[98.0004,14.6387],[98.0021,14.6396],[98.0021,14.6404],[97.9996,14.6404],[97.9988,14.6421],[97.9954,14.6421],[97.9954,14.6437],[97.9971,14.6446],[97.9971,14.6471],[97.9963,14.6471],[97.9963,14.6479],[97.9954,14.6479],[97.9946,14.6496],[97.9938,14.6496],[97.9938,14.6504],[97.9921,14.6512],[97.9921,14.6521],[97.9871,14.6521],[97.9863,14.6504],[97.9854,14.6504],[97.9854,14.6521],[97.9813,14.6521],[97.9813,14.6537],[97.9821,14.6537],[97.9821,14.6554],[97.9813,14.6554],[97.9813,14.6579],[97.9821,14.6579],[97.9821,14.6604],[97.9813,14.6604],[97.9804,14.6621],[97.9788,14.6621],[97.9788,14.6612],[97.9771,14.6612],[97.9771,14.6637],[97.9754,14.6637],[97.9754,14.6646],[97.9738,14.6654],[97.9738,14.6712],[97.9729,14.6712],[97.9729,14.6721],[97.9713,14.6721],[97.9713,14.6746],[97.9671,14.6746],[97.9671,14.6737],[97.9646,14.6737],[97.9646,14.6762],[97.9638,14.6762],[97.9638,14.6779],[97.9646,14.6779],[97.9646,14.6787],[97.9663,14.6787],[97.9663,14.6779],[97.9679,14.6779],[97.9679,14.6804],[97.9704,14.6804],[97.9704,14.6812],[97.9713,14.6812],[97.9713,14.6829],[97.9704,14.6829],[97.9704,14.6862],[97.9688,14.6871],[97.9688,14.6887],[97.9679,14.6887],[97.9679,14.6912],[97.9671,14.6912],[97.9671,14.6929],[97.9663,14.6929],[97.9663,14.6937],[97.9646,14.6937],[97.9646,14.6946],[97.9629,14.6946],[97.9629,14.6929],[97.9613,14.6929],[97.9613,14.6962],[97.9596,14.6962],[97.9588,14.6979],[97.9571,14.6979],[97.9571,14.6987],[97.9546,14.6987],[97.9546,14.6979],[97.9513,14.6979],[97.9513,14.6971],[97.9488,14.6971],[97.9488,14.6962],[97.9471,14.6962],[97.9479,14.6979],[97.9488,14.6979],[97.9488,14.6996],[97.9504,14.6996],[97.9504,14.7021],[97.9496,14.7021],[97.9488,14.7037],[97.9479,14.7037],[97.9479,14.7021],[97.9463,14.7021],[97.9463,14.7054],[97.9479,14.7062],[97.9479,14.7079],[97.9471,14.7079],[97.9471,14.7087],[97.9454,14.7087],[97.9454,14.7096],[97.9438,14.7087],[97.9438,14.7096],[97.9421,14.7096],[97.9421,14.7104],[97.9438,14.7104],[97.9438,14.7112],[97.9446,14.7112],[97.9446,14.7104],[97.9454,14.7104],[97.9454,14.7112],[97.9476,14.7112],[97.9488,14.7079],[97.9521,14.7046]],[[97.9954,14.6862],[97.9946,14.6862],[97.9946,14.6854],[97.9954,14.6854],[97.9954,14.6862]],[[97.9938,14.6837],[97.9938,14.6846],[97.9929,14.6846],[97.9929,14.6837],[97.9938,14.6837]],[[98.0196,14.6387],[98.0146,14.6387],[98.0146,14.6371],[98.0154,14.6371],[98.0163,14.6354],[98.0204,14.6354],[98.0204,14.6379],[98.0196,14.6379],[98.0196,14.6387]],[[98.0196,14.6429],[98.0179,14.6429],[98.0179,14.6421],[98.0196,14.6421],[98.0196,14.6429]],[[98.0146,14.6462],[98.0138,14.6462],[98.0138,14.6454],[98.0146,14.6454],[98.0146,14.6462]],[[98.0146,14.6446],[98.0154,14.6446],[98.0154,14.6454],[98.0146,14.6454],[98.0146,14.6446]],[[98.0138,14.6296],[98.0113,14.6296],[98.0113,14.6279],[98.0129,14.6279],[98.0138,14.6296]],[[98.0138,14.6279],[98.0146,14.6279],[98.0146,14.6287],[98.0138,14.6287],[98.0138,14.6279]],[[98.0138,14.6254],[98.0129,14.6254],[98.0129,14.6237],[98.0138,14.6237],[98.0138,14.6254]],[[98.0096,14.6337],[98.0079,14.6337],[98.0079,14.6321],[98.0096,14.6321],[98.0096,14.6337]],[[98.0021,14.6621],[98.0004,14.6621],[98.0004,14.6596],[98.0021,14.6596],[98.0021,14.6621]],[[98.0004,14.6779],[97.9971,14.6779],[97.9971,14.6762],[98.0004,14.6762],[98.0004,14.6779]],[[97.9979,14.6921],[97.9971,14.6921],[97.9971,14.6912],[97.9979,14.6912],[97.9979,14.6921]],[[97.9913,14.6654],[97.9929,14.6646],[97.9929,14.6671],[97.9904,14.6671],[97.9913,14.6654]],[[97.9921,14.6879],[97.9913,14.6879],[97.9913,14.6871],[97.9921,14.6871],[97.9921,14.6879]],[[97.9896,14.6812],[97.9879,14.6812],[97.9879,14.6804],[97.9896,14.6804],[97.9896,14.6812]],[[97.9871,14.6546],[97.9854,14.6546],[97.9854,14.6537],[97.9871,14.6537],[97.9871,14.6546]],[[97.9829,14.6921],[97.9821,14.6921],[97.9821,14.6912],[97.9829,14.6912],[97.9829,14.6921]]],[[[97.9921,14.7429],[97.9921,14.7412],[97.9904,14.7412],[97.9904,14.7429],[97.9921,14.7429]]],[[[97.9763,14.7954],[97.9763,14.7962],[97.9746,14.7962],[97.9746,14.7979],[97.9771,14.7979],[97.9771,14.7954],[97.9763,14.7954]]],[[[97.9629,14.8129],[97.9629,14.8146],[97.9646,14.8146],[97.9646,14.8129],[97.9629,14.8129]]],[[[97.9596,14.8129],[97.9596,14.8146],[97.9613,14.8146],[97.9613,14.8129],[97.9596,14.8129]]],[[[97.9529,14.8162],[97.9529,14.8171],[97.9563,14.8171],[97.9563,14.8162],[97.9529,14.8162]]],[[[97.9721,14.8221],[97.9721,14.8237],[97.9738,14.8237],[97.9738,14.8221],[97.9721,14.8221]]],[[[97.9538,14.8571],[97.9538,14.8587],[97.9546,14.8587],[97.9546,14.8596],[97.9563,14.8596],[97.9563,14.8604],[97.9571,14.8604],[97.9571,14.8587],[97.9554,14.8579],[97.9554,14.8571],[97.9538,14.8571]]],[[[98.0813,10.8344],[98.0816,10.8335],[98.0813,10.8323],[98.0813,10.8344]]],[[[98.0813,10.8379],[98.0813,10.8378],[98.0813,10.8369],[98.0813,10.8379]]],[[[98.0796,10.8312],[98.0803,10.8312],[98.0796,10.831],[98.0796,10.8312]]],[[[98.0804,10.8321],[98.0811,10.8321],[98.0804,10.8314],[98.0804,10.8321]]],[[[98.0871,10.8429],[98.0859,10.8426],[98.0854,10.8422],[98.0854,10.8429],[98.0871,10.8429]]],[[[98.0846,10.8421],[98.0853,10.8421],[98.0846,10.8415],[98.0846,10.8421]]],[[[98.0721,10.8471],[98.0746,10.8471],[98.0746,10.8479],[98.0754,10.8479],[98.0754,10.8454],[98.0738,10.8454],[98.0738,10.8462],[98.0724,10.8462],[98.0721,10.8471]]],[[[98.0888,10.8504],[98.0889,10.8504],[98.0888,10.8487],[98.0888,10.8504]]],[[[98.0879,10.8454],[98.0879,10.8471],[98.0883,10.8471],[98.0883,10.8454],[98.0879,10.8454]]],[[[98.0871,10.8521],[98.0871,10.8529],[98.0887,10.8521],[98.0871,10.8521]]],[[[98.0871,10.8562],[98.0874,10.8561],[98.0871,10.8547],[98.0871,10.8562]]],[[[98.0571,10.8562],[98.0586,10.8562],[98.0571,10.8556],[98.0571,10.8562]]],[[[98.0646,10.8554],[98.0646,10.8562],[98.0654,10.8562],[98.0654,10.8554],[98.0663,10.8554],[98.0663,10.8537],[98.0646,10.8554]]],[[[98.0429,10.8579],[98.0429,10.8579],[98.0429,10.8579],[98.0429,10.8579]]],[[[98.0463,10.8563],[98.0463,10.8579],[98.0467,10.8579],[98.0463,10.8563]]],[[[98.0471,10.8587],[98.0473,10.8587],[98.0471,10.8585],[98.0471,10.8587]]],[[[98.0497,10.8587],[98.0491,10.8584],[98.0485,10.8587],[98.0497,10.8587]]],[[[98.0854,10.8604],[98.086,10.8571],[98.0854,10.8571],[98.0854,10.8604]]],[[[98.0863,10.8621],[98.0865,10.8621],[98.0863,10.8615],[98.0863,10.8621]]],[[[98.0863,10.8562],[98.0863,10.8566],[98.087,10.8562],[98.0863,10.8562]]],[[[98.0804,10.8679],[98.0796,10.8679],[98.0796,10.8692],[98.0804,10.8687],[98.0804,10.8679]]],[[[98.0796,10.8704],[98.0804,10.8704],[98.0796,10.8697],[98.0796,10.8704]]],[[[98.0129,10.8712],[98.0129,10.8706],[98.0113,10.8706],[98.0113,10.8712],[98.0129,10.8712]]],[[[98.0138,10.8704],[98.0138,10.8703],[98.0134,10.8704],[98.0138,10.8704]]],[[[98.0204,10.8696],[98.0208,10.8696],[98.0204,10.8691],[98.0204,10.8696]]],[[[98.0088,10.8729],[98.0088,10.8717],[98.0076,10.8729],[98.0088,10.8729]]],[[[98.0863,10.8737],[98.087,10.8737],[98.0863,10.8732],[98.0863,10.8737]]],[[[98.0921,10.8737],[98.0917,10.8729],[98.0907,10.8736],[98.0886,10.8732],[98.0881,10.8737],[98.0921,10.8737]]],[[[98.0613,10.8737],[98.0613,10.8746],[98.0638,10.8746],[98.0638,10.8754],[98.0646,10.8754],[98.0646,10.8737],[98.0613,10.8737]]],[[[98.0163,10.8737],[98.0163,10.8754],[98.017,10.8754],[98.0169,10.8737],[98.0163,10.8737]]],[[[98.0188,10.8771],[98.019,10.8771],[98.0188,10.8769],[98.0188,10.8771]]],[[[98.0721,10.8771],[98.0704,10.8771],[98.0704,10.8762],[98.0699,10.8762],[98.0706,10.8774],[98.0711,10.8779],[98.0721,10.8771]]],[[[98.0696,10.8754],[98.0695,10.8754],[98.0696,10.8756],[98.0696,10.8754]]],[[[98.0679,10.8771],[98.0671,10.8771],[98.0671,10.8796],[98.0679,10.8796],[98.0679,10.8804],[98.0696,10.8804],[98.0696,10.8787],[98.0708,10.8787],[98.0688,10.8763],[98.0679,10.8762],[98.0679,10.8771]]],[[[98.0721,10.8796],[98.0726,10.8796],[98.0721,10.8793],[98.0721,10.8796]]],[[[98.0221,11.3162],[98.0221,11.3184],[98.0226,11.3164],[98.0221,11.3162]]],[[[98.0192,11.3221],[98.02,11.3224],[98.0204,11.3219],[98.0198,11.321],[98.0202,11.3196],[98.0196,11.3196],[98.0192,11.3221]]],[[[98.0156,11.3579],[98.0159,11.357],[98.0158,11.3562],[98.0154,11.3562],[98.0156,11.3579]]],[[[98.0146,11.3596],[98.0146,11.3596],[98.0146,11.3596],[98.0146,11.3596]]],[[[98.0129,11.3596],[98.0129,11.3606],[98.0136,11.3596],[98.0129,11.3596]]],[[[98.0096,11.3987],[98.01,11.3978],[98.0097,11.3962],[98.0096,11.3962],[98.0096,11.3987]]],[[[98.0876,13.7329],[98.0887,13.7333],[98.0888,13.7336],[98.0888,13.7329],[98.0876,13.7329]]],[[[98.0713,13.7608],[98.0696,13.7604],[98.0696,13.7611],[98.0713,13.7608]]],[[[98.0679,13.7612],[98.0679,13.7614],[98.0689,13.7612],[98.0679,13.7612]]],[[[98.0679,13.7654],[98.0697,13.7654],[98.0689,13.7653],[98.0679,13.7654]]],[[[98.0854,13.8024],[98.0838,13.8021],[98.0838,13.8029],[98.0854,13.8024]]],[[[98.0821,13.8029],[98.0821,13.8034],[98.0837,13.8029],[98.0821,13.8029]]],[[[98.0804,13.8037],[98.0804,13.8044],[98.0815,13.8037],[98.0804,13.8037]]],[[[98.0796,13.8046],[98.0796,13.8049],[98.0801,13.8046],[98.0796,13.8046]]],[[[98.0838,13.9104],[98.0829,13.9104],[98.0829,13.9121],[98.0838,13.9121],[98.0829,13.9137],[98.0846,13.9137],[98.0846,13.9129],[98.0863,13.9129],[98.0863,13.9112],[98.0871,13.9112],[98.0871,13.9079],[98.0879,13.9079],[98.0879,13.9062],[98.0888,13.9062],[98.0896,13.9046],[98.0913,13.9046],[98.0913,13.9029],[98.0888,13.9029],[98.0888,13.9037],[98.0871,13.9046],[98.0871,13.9062],[98.0847,13.9062],[98.0846,13.9079],[98.0838,13.9079],[98.0838,13.9104]]],[[[98.0763,13.9412],[98.0746,13.9412],[98.0746,13.9429],[98.0796,13.9429],[98.0796,13.9412],[98.0788,13.9412],[98.0788,13.9404],[98.0771,13.9404],[98.0771,13.9396],[98.0763,13.9396],[98.0763,13.9412]]],[[[98.0696,13.9679],[98.0713,13.9679],[98.0713,13.9654],[98.0696,13.9654],[98.0696,13.9679]]],[[[98.0704,13.9704],[98.0688,13.9696],[98.0679,13.9712],[98.0704,13.9712],[98.0704,13.9704]]],[[[98.0629,13.9846],[98.0654,13.9846],[98.0654,13.9837],[98.0629,13.9837],[98.0629,13.9846]]],[[[98.0696,13.9987],[98.0704,13.9987],[98.0704,13.9971],[98.0713,13.9971],[98.0713,13.9929],[98.0688,13.9929],[98.0688,13.9937],[98.0679,13.9937],[98.0679,13.9929],[98.0671,13.9929],[98.0671,13.9912],[98.0654,13.9912],[98.0654,13.9929],[98.0646,13.9929],[98.0646,13.9937],[98.0663,13.9937],[98.0663,13.9946],[98.0679,13.9954],[98.0679,13.9971],[98.0696,13.9979],[98.0696,13.9987]]],[[[98.0696,13.9996],[98.0696,13.9987],[98.0679,13.9987],[98.0679,14.0004],[98.0704,14.0004],[98.0704,13.9996],[98.0696,13.9996]]],[[[98.0671,14.0012],[98.0654,14.0021],[98.0654,14.0037],[98.0663,14.0037],[98.0663,14.0046],[98.0679,14.0037],[98.0679,14.0029],[98.0671,14.0029],[98.0671,14.0012]]],[[[98.0671,14.0054],[98.0654,14.0054],[98.0654,14.0087],[98.0663,14.0087],[98.0663,14.0079],[98.0679,14.0087],[98.0679,14.0071],[98.0688,14.0071],[98.0688,14.0046],[98.0671,14.0046],[98.0671,14.0054]]],[[[98.0596,14.0121],[98.0596,14.0107],[98.0594,14.0121],[98.0596,14.0121]]],[[[98.0696,14.0421],[98.0688,14.0421],[98.0696,14.0431],[98.0696,14.0421]]],[[[98.0688,14.0412],[98.0681,14.0412],[98.0688,14.042],[98.0688,14.0412]]],[[[98.0679,14.0404],[98.0671,14.0404],[98.0663,14.0387],[98.0638,14.0387],[98.0638,14.0395],[98.0655,14.0396],[98.0679,14.0411],[98.0679,14.0404]]],[[[98.0629,14.0404],[98.0629,14.0418],[98.0634,14.0404],[98.0629,14.0404]]],[[[98.0613,14.0421],[98.0613,14.0412],[98.0596,14.0412],[98.0617,14.0431],[98.0626,14.0421],[98.0613,14.0421]]],[[[98.0579,14.0404],[98.0573,14.0404],[98.0579,14.0415],[98.0579,14.0404]]],[[[98.0571,14.0388],[98.0571,14.0393],[98.0571,14.0394],[98.0571,14.0388]]],[[[98.0571,14.0337],[98.0559,14.0337],[98.0571,14.0351],[98.0571,14.0337]]],[[[98.0563,14.0312],[98.0563,14.0305],[98.0558,14.0312],[98.0563,14.0312]]],[[[98.0571,14.0287],[98.0571,14.0273],[98.0568,14.0287],[98.0571,14.0287]]],[[[98.0579,14.0262],[98.0579,14.0237],[98.0571,14.0237],[98.0571,14.019],[98.0566,14.0237],[98.0573,14.0244],[98.0573,14.0262],[98.0579,14.0262]]],[[[98.0579,14.0187],[98.0579,14.0174],[98.0572,14.0187],[98.0579,14.0187]]],[[[98.0588,14.0162],[98.0588,14.0146],[98.0583,14.0162],[98.0588,14.0162]]],[[[98.0763,14.0504],[98.0756,14.0504],[98.0761,14.0546],[98.0763,14.0546],[98.0763,14.0504]]],[[[98.0754,14.0471],[98.0746,14.0471],[98.0746,14.0462],[98.0739,14.0462],[98.0754,14.0494],[98.0754,14.0471]]],[[[98.0738,14.0446],[98.0729,14.0446],[98.0738,14.0458],[98.0738,14.0446]]],[[[98.0788,14.0654],[98.0788,14.0696],[98.0813,14.0696],[98.0813,14.0712],[98.0838,14.0712],[98.0838,14.0687],[98.0829,14.0687],[98.0829,14.0679],[98.0813,14.0671],[98.0813,14.0654],[98.0788,14.0654]]],[[[98.0738,14.0846],[98.0713,14.0846],[98.0713,14.0827],[98.0711,14.0862],[98.0727,14.0849],[98.0738,14.0854],[98.0738,14.0846]]],[[[98.0721,14.0812],[98.0721,14.0804],[98.0746,14.0804],[98.0746,14.0821],[98.0754,14.0821],[98.0763,14.0804],[98.0779,14.0804],[98.0779,14.0812],[98.0788,14.0816],[98.0804,14.0812],[98.0829,14.0829],[98.0821,14.0812],[98.0813,14.0812],[98.0813,14.0779],[98.0821,14.0779],[98.0821,14.0804],[98.0838,14.0804],[98.0838,14.0796],[98.0879,14.0796],[98.0879,14.0787],[98.0896,14.0787],[98.0896,14.0821],[98.0879,14.0821],[98.0879,14.0837],[98.0896,14.0837],[98.0904,14.0854],[98.0913,14.0854],[98.0913,14.0871],[98.0921,14.0871],[98.0921,14.0887],[98.0929,14.0887],[98.0929,14.0896],[98.0938,14.0896],[98.0938,14.0879],[98.0946,14.0879],[98.0946,14.0862],[98.0979,14.0862],[98.0979,14.0887],[98.0988,14.0887],[98.0988,14.0896],[98.1004,14.0896],[98.1004,14.0862],[98.1013,14.0862],[98.1013,14.0837],[98.1004,14.0837],[98.1004,14.0821],[98.0996,14.0821],[98.0996,14.0804],[98.0963,14.0804],[98.0971,14.0787],[98.0938,14.0787],[98.0938,14.0779],[98.0896,14.0779],[98.0896,14.0762],[98.0888,14.0762],[98.0888,14.0737],[98.0871,14.0737],[98.0871,14.0721],[98.0854,14.0721],[98.0854,14.0729],[98.0846,14.0729],[98.0846,14.0762],[98.0871,14.0762],[98.0871,14.0779],[98.0846,14.0779],[98.0846,14.0787],[98.0838,14.0787],[98.0838,14.0771],[98.0829,14.0771],[98.0829,14.0746],[98.0838,14.0746],[98.0838,14.0729],[98.0813,14.0729],[98.0813,14.0746],[98.0796,14.0746],[98.0804,14.0729],[98.0788,14.0721],[98.0788,14.0729],[98.0771,14.0737],[98.0771,14.0754],[98.0763,14.0754],[98.0763,14.0721],[98.0771,14.0721],[98.0771,14.066],[98.0751,14.0784],[98.0738,14.0801],[98.072,14.0801],[98.0714,14.0807],[98.0713,14.0812],[98.0721,14.0812]],[[98.0921,14.0821],[98.0938,14.0821],[98.0938,14.0837],[98.0904,14.0837],[98.0904,14.0812],[98.0921,14.0812],[98.0921,14.0821]]],[[[98.0821,14.1662],[98.0829,14.1662],[98.0829,14.1637],[98.0838,14.1637],[98.0838,14.1621],[98.0846,14.1621],[98.0846,14.1579],[98.0854,14.1579],[98.0854,14.1562],[98.0863,14.1562],[98.0863,14.1546],[98.0871,14.1546],[98.0871,14.1521],[98.0879,14.1521],[98.0879,14.1504],[98.0888,14.1504],[98.0888,14.1479],[98.0896,14.1479],[98.0896,14.1458],[98.0821,14.1627],[98.0821,14.1662]]],[[[98.0904,14.1454],[98.0904,14.1441],[98.0898,14.1454],[98.0904,14.1454]]],[[[98.0913,14.1437],[98.0913,14.1424],[98.0906,14.1437],[98.0913,14.1437]]],[[[98.0921,14.1412],[98.0921,14.1406],[98.0918,14.1412],[98.0921,14.1412]]],[[[98.0929,14.1396],[98.0929,14.1383],[98.0924,14.1396],[98.0929,14.1396]]],[[[98.0938,14.1371],[98.0938,14.136],[98.0933,14.1371],[98.0938,14.1371]]],[[[98.0946,14.1354],[98.0946,14.1343],[98.094,14.1354],[98.0946,14.1354]]],[[[98.0954,14.1337],[98.0954,14.1321],[98.0971,14.1329],[98.0971,14.1321],[98.0979,14.1321],[98.0979,14.1304],[98.0996,14.1296],[98.0996,14.1279],[98.1013,14.1279],[98.1013,14.1246],[98.0996,14.1237],[98.0996,14.1254],[98.0988,14.1254],[98.0988,14.1221],[98.0976,14.1277],[98.0963,14.1294],[98.0948,14.1337],[98.0954,14.1337]]],[[[98.0996,14.1212],[98.0996,14.1179],[98.1004,14.1179],[98.1004,14.1146],[98.1013,14.1146],[98.1013,14.1129],[98.1004,14.1129],[98.1004,14.1115],[98.099,14.1212],[98.0996,14.1212]]],[[[98.1013,14.1104],[98.1013,14.1054],[98.1004,14.1054],[98.1013,14.1037],[98.0988,14.1037],[98.0988,14.1061],[98.1002,14.1069],[98.1005,14.1104],[98.1013,14.1104]]],[[[98.0954,14.1062],[98.0954,14.1054],[98.0949,14.1054],[98.0952,14.1063],[98.0976,14.1062],[98.0954,14.1062]]],[[[98.0946,14.1029],[98.094,14.1029],[98.0946,14.1045],[98.0946,14.1029]]],[[[98.0938,14.1012],[98.0931,14.1012],[98.0938,14.1025],[98.0938,14.1012]]],[[[98.0929,14.0979],[98.0921,14.0979],[98.0929,14.101],[98.0929,14.0979]]],[[[98.0921,14.0954],[98.0916,14.0954],[98.0921,14.0977],[98.0921,14.0954]]],[[[98.0913,14.0912],[98.0904,14.0912],[98.0904,14.0896],[98.0896,14.0896],[98.0896,14.0887],[98.0889,14.0887],[98.0913,14.0936],[98.0913,14.0912]]],[[[98.0888,14.0871],[98.0882,14.0871],[98.0888,14.0884],[98.0888,14.0871]]],[[[98.0879,14.0862],[98.0873,14.0862],[98.0879,14.0869],[98.0879,14.0862]]],[[[98.0871,14.0854],[98.0865,14.0854],[98.0871,14.086],[98.0871,14.0854]]],[[[98.0863,14.0846],[98.0856,14.0846],[98.0863,14.0852],[98.0863,14.0846]]],[[[98.0854,14.0829],[98.0871,14.0821],[98.0871,14.0812],[98.0846,14.0812],[98.0846,14.0829],[98.083,14.0829],[98.0854,14.0844],[98.0854,14.0829]]],[[[98.0779,14.0646],[98.0779,14.0579],[98.0775,14.0579],[98.0772,14.0646],[98.0779,14.0646]]],[[[98.0771,14.0571],[98.077,14.0571],[98.0771,14.0573],[98.0771,14.0571]]],[[[98.0854,14.1687],[98.0879,14.1687],[98.0879,14.1679],[98.0854,14.1679],[98.0854,14.1687]]],[[[98.0838,14.1737],[98.0838,14.1729],[98.0829,14.1729],[98.0829,14.1712],[98.0821,14.1712],[98.0821,14.1701],[98.082,14.1712],[98.0828,14.1737],[98.0838,14.1737]]],[[[98.0646,14.2054],[98.0654,14.2071],[98.0638,14.2071],[98.0638,14.2087],[98.0646,14.2087],[98.0646,14.2096],[98.0679,14.2096],[98.0679,14.2087],[98.0696,14.2087],[98.0696,14.2104],[98.0713,14.2104],[98.0713,14.2029],[98.0671,14.2029],[98.0671,14.2021],[98.0646,14.2021],[98.0646,14.2014],[98.0604,14.2079],[98.0621,14.2071],[98.0621,14.2062],[98.0638,14.2062],[98.0638,14.2054],[98.0646,14.2054]]],[[[98.0663,14.1987],[98.0663,14.1986],[98.0662,14.1987],[98.0663,14.1987]]],[[[98.0679,14.1971],[98.0688,14.1954],[98.0696,14.1954],[98.0696,14.1979],[98.0713,14.1987],[98.0713,14.2021],[98.0729,14.2012],[98.0729,14.2004],[98.0738,14.2004],[98.0738,14.1987],[98.0746,14.1987],[98.0746,14.1954],[98.0771,14.1954],[98.0771,14.1987],[98.0788,14.1987],[98.0788,14.1946],[98.0804,14.1946],[98.0804,14.1962],[98.0838,14.1962],[98.0838,14.1971],[98.0846,14.1971],[98.0846,14.1987],[98.0829,14.1987],[98.0829,14.1996],[98.0813,14.1996],[98.0813,14.2012],[98.0829,14.2012],[98.0829,14.2021],[98.0838,14.2021],[98.0838,14.2046],[98.0829,14.2046],[98.0829,14.2079],[98.0813,14.2087],[98.0813,14.2104],[98.0796,14.2104],[98.0796,14.2087],[98.0754,14.2087],[98.0754,14.2096],[98.0738,14.2104],[98.0738,14.2129],[98.0729,14.2129],[98.0729,14.2146],[98.0721,14.2146],[98.0721,14.2154],[98.0738,14.2154],[98.0746,14.2137],[98.0754,14.2137],[98.0754,14.2129],[98.0771,14.2129],[98.0771,14.2137],[98.0796,14.2137],[98.0804,14.2154],[98.0817,14.2154],[98.0829,14.2121],[98.0838,14.2119],[98.0838,14.2104],[98.0846,14.2104],[98.0846,14.2087],[98.0852,14.2087],[98.0879,14.2054],[98.0886,14.2054],[98.0898,14.2025],[98.0912,14.2013],[98.0913,14.1979],[98.0921,14.1979],[98.091,14.1946],[98.0896,14.1946],[98.0896,14.1937],[98.0904,14.1937],[98.0882,14.1914],[98.0879,14.1929],[98.0871,14.1929],[98.0874,14.1912],[98.0821,14.1912],[98.0821,14.1896],[98.0813,14.1896],[98.0813,14.1879],[98.0804,14.1879],[98.0813,14.1862],[98.0804,14.1862],[98.0796,14.1846],[98.0763,14.1846],[98.0763,14.1854],[98.0746,14.1854],[98.0746,14.1839],[98.0713,14.1904],[98.0763,14.1904],[98.0763,14.1912],[98.0738,14.1912],[98.0738,14.1921],[98.0721,14.1921],[98.0721,14.1929],[98.0713,14.1929],[98.0713,14.1946],[98.0696,14.1946],[98.0696,14.193],[98.0671,14.1971],[98.0679,14.1971]],[[98.0804,14.1929],[98.0796,14.1929],[98.0796,14.1912],[98.0804,14.1912],[98.0804,14.1929]],[[98.0779,14.1904],[98.0771,14.1904],[98.0771,14.1896],[98.0779,14.1896],[98.0779,14.1904]],[[98.0779,14.1887],[98.0788,14.1887],[98.0788,14.1896],[98.0779,14.1896],[98.0779,14.1887]]],[[[98.0754,14.1837],[98.0754,14.1822],[98.0747,14.1837],[98.0754,14.1837]]],[[[98.0763,14.1821],[98.0763,14.1812],[98.0771,14.1812],[98.0771,14.1808],[98.0758,14.1813],[98.0755,14.1821],[98.0763,14.1821]]],[[[98.0788,14.1804],[98.0796,14.1821],[98.0804,14.1821],[98.0804,14.1837],[98.0813,14.1837],[98.0813,14.1846],[98.0829,14.1846],[98.0829,14.1871],[98.0821,14.1871],[98.0821,14.1887],[98.0838,14.1887],[98.0838,14.1879],[98.0846,14.1879],[98.0846,14.1867],[98.0807,14.1808],[98.0786,14.1801],[98.0778,14.1804],[98.0788,14.1804]]],[[[98.0579,14.2121],[98.0579,14.2116],[98.0575,14.2121],[98.0579,14.2121]]],[[[98.0596,14.2112],[98.0596,14.2093],[98.0581,14.2112],[98.0596,14.2112]]],[[[98.0604,14.2087],[98.0604,14.2079],[98.06,14.2087],[98.0604,14.2087]]],[[[98.0713,14.1905],[98.0707,14.1912],[98.0713,14.1912],[98.0713,14.1905]]],[[[98.0704,14.1929],[98.0704,14.1917],[98.0696,14.1929],[98.0704,14.1929]]],[[[98.0941,14.1917],[98.0946,14.1966],[98.0954,14.1971],[98.0954,14.1979],[98.0963,14.1979],[98.0963,14.2004],[98.0954,14.2004],[98.0954,14.2021],[98.0947,14.2021],[98.0938,14.2046],[98.0929,14.2046],[98.0929,14.2062],[98.0921,14.2062],[98.0921,14.2071],[98.0904,14.2079],[98.0904,14.2096],[98.0896,14.2096],[98.0896,14.2104],[98.0888,14.2104],[98.0888,14.2112],[98.0871,14.2121],[98.0871,14.2129],[98.0863,14.2129],[98.0863,14.2146],[98.0846,14.2154],[98.0844,14.2186],[98.0822,14.2199],[98.0802,14.2191],[98.0803,14.2179],[98.0788,14.2179],[98.0788,14.2171],[98.0763,14.2171],[98.0763,14.2162],[98.0721,14.2162],[98.0721,14.2171],[98.0713,14.2171],[98.0713,14.2204],[98.0696,14.2212],[98.0696,14.2246],[98.0688,14.2246],[98.0688,14.2254],[98.0671,14.2254],[98.0671,14.2271],[98.0679,14.2271],[98.0679,14.2296],[98.0663,14.2296],[98.0663,14.2304],[98.0646,14.2304],[98.0646,14.2312],[98.0621,14.2312],[98.0621,14.2329],[98.0638,14.2329],[98.0638,14.2346],[98.0621,14.2354],[98.0621,14.2379],[98.0613,14.2379],[98.0604,14.2396],[98.0596,14.2396],[98.0596,14.2404],[98.0604,14.2404],[98.0604,14.2421],[98.0613,14.2421],[98.0613,14.2512],[98.0588,14.2512],[98.0588,14.2521],[98.0604,14.2521],[98.0604,14.2529],[98.0613,14.2529],[98.0613,14.2562],[98.0596,14.2571],[98.0596,14.2579],[98.0579,14.2579],[98.0579,14.2596],[98.0571,14.2596],[98.0563,14.2612],[98.0546,14.2612],[98.0546,14.2621],[98.0513,14.2621],[98.0513,14.2637],[98.0496,14.2637],[98.0496,14.2662],[98.0504,14.2662],[98.0504,14.2712],[98.0479,14.2712],[98.0479,14.2721],[98.0471,14.2721],[98.0471,14.2737],[98.0488,14.2737],[98.0496,14.2721],[98.0513,14.2721],[98.0513,14.2696],[98.0538,14.2696],[98.0538,14.2687],[98.0554,14.2687],[98.0554,14.2679],[98.0546,14.2679],[98.0546,14.2662],[98.0563,14.2662],[98.0563,14.2654],[98.0588,14.2654],[98.0588,14.2687],[98.0579,14.2687],[98.0579,14.2696],[98.0588,14.2696],[98.0588,14.2712],[98.0604,14.2712],[98.0604,14.2704],[98.0596,14.2704],[98.0596,14.2687],[98.0604,14.2687],[98.0604,14.2679],[98.0629,14.2679],[98.0629,14.2687],[98.0663,14.2687],[98.0671,14.2671],[98.0654,14.2671],[98.0654,14.2654],[98.0679,14.2654],[98.0679,14.2671],[98.0704,14.2671],[98.0704,14.2654],[98.0738,14.2654],[98.0738,14.2662],[98.0746,14.2662],[98.0746,14.2679],[98.0754,14.2679],[98.0754,14.2737],[98.0763,14.2737],[98.0763,14.2746],[98.0796,14.2746],[98.0796,14.2721],[98.0788,14.2721],[98.0788,14.2696],[98.0779,14.2696],[98.0779,14.2671],[98.0771,14.2671],[98.0771,14.2646],[98.0754,14.2637],[98.0754,14.2612],[98.0738,14.2612],[98.0738,14.2621],[98.0704,14.2621],[98.0704,14.2612],[98.0688,14.2612],[98.0688,14.2604],[98.0671,14.2604],[98.0671,14.2587],[98.0679,14.2587],[98.0679,14.2562],[98.0688,14.2562],[98.0688,14.2554],[98.0729,14.2554],[98.0729,14.2546],[98.0746,14.2554],[98.0746,14.2546],[98.0754,14.2546],[98.0746,14.2529],[98.0721,14.2529],[98.0721,14.2537],[98.0696,14.2537],[98.0696,14.2512],[98.0704,14.2512],[98.0704,14.2496],[98.0738,14.2479],[98.0738,14.2462],[98.0746,14.2462],[98.0746,14.2454],[98.0771,14.2454],[98.0771,14.2446],[98.0788,14.2446],[98.0788,14.2429],[98.0729,14.2429],[98.0729,14.2437],[98.0713,14.2437],[98.0713,14.2412],[98.0721,14.2412],[98.0721,14.2362],[98.0738,14.2362],[98.0738,14.2354],[98.0754,14.2354],[98.0754,14.2346],[98.0771,14.2337],[98.0771,14.2329],[98.0779,14.2329],[98.0779,14.2304],[98.0796,14.2304],[98.0796,14.2287],[98.0804,14.2287],[98.0804,14.2271],[98.0821,14.2271],[98.0821,14.2262],[98.0829,14.2262],[98.0829,14.2271],[98.0846,14.2271],[98.0846,14.2296],[98.0863,14.2296],[98.0863,14.2287],[98.0888,14.2287],[98.0888,14.2304],[98.0904,14.2304],[98.0904,14.2296],[98.0938,14.2296],[98.0938,14.2287],[98.0963,14.2287],[98.0963,14.2271],[98.0946,14.2271],[98.0946,14.2279],[98.0929,14.2279],[98.0929,14.2287],[98.0896,14.2287],[98.0888,14.2271],[98.0871,14.2262],[98.0871,14.2246],[98.0921,14.2246],[98.0921,14.2237],[98.0904,14.2237],[98.0904,14.2229],[98.0888,14.2229],[98.0888,14.2212],[98.0904,14.2204],[98.0904,14.2196],[98.0929,14.2196],[98.0929,14.2171],[98.0921,14.2171],[98.0921,14.2146],[98.0938,14.2137],[98.0938,14.2121],[98.0921,14.2121],[98.0921,14.2112],[98.0913,14.2112],[98.0913,14.2096],[98.0929,14.2096],[98.0929,14.2087],[98.0971,14.2087],[98.0971,14.2096],[98.0979,14.2096],[98.0979,14.2146],[98.1013,14.2146],[98.1013,14.2137],[98.1021,14.2137],[98.1021,14.2129],[98.1013,14.2129],[98.1013,14.2112],[98.1021,14.2112],[98.1029,14.2096],[98.1054,14.2096],[98.1054,14.2087],[98.1038,14.2087],[98.1038,14.2079],[98.1029,14.2079],[98.1029,14.2062],[98.1021,14.2062],[98.1021,14.2054],[98.1046,14.2054],[98.1046,14.2037],[98.1029,14.2029],[98.1029,14.2012],[98.1013,14.2004],[98.1013,14.1987],[98.1021,14.1987],[98.1021,14.1979],[98.0971,14.1979],[98.0971,14.1954],[98.0963,14.1954],[98.0963,14.1921],[98.0996,14.1921],[98.0996,14.1896],[98.0988,14.1896],[98.0996,14.1879],[98.0988,14.1879],[98.0988,14.1871],[98.1004,14.1862],[98.1004,14.1796],[98.0979,14.1796],[98.0979,14.1812],[98.0971,14.1812],[98.0971,14.1804],[98.0963,14.1804],[98.0963,14.1746],[98.0929,14.1746],[98.0929,14.1737],[98.0921,14.1737],[98.0921,14.1754],[98.0913,14.1754],[98.0913,14.1779],[98.0921,14.1779],[98.0921,14.1869],[98.0941,14.1917]],[[98.0971,14.1871],[98.0979,14.1887],[98.0963,14.1887],[98.0963,14.1896],[98.0946,14.1896],[98.0946,14.1887],[98.0963,14.1879],[98.0963,14.1871],[98.0971,14.1871]]],[[[98.0588,14.2262],[98.0588,14.2287],[98.0613,14.2287],[98.0613,14.2254],[98.0604,14.2254],[98.0604,14.2246],[98.0629,14.2246],[98.0629,14.2237],[98.0638,14.2237],[98.0638,14.2196],[98.0621,14.2196],[98.0621,14.2204],[98.0604,14.2204],[98.0604,14.2221],[98.0596,14.2221],[98.0596,14.2246],[98.0588,14.2246],[98.0588,14.2237],[98.0571,14.2246],[98.0571,14.2262],[98.0588,14.2262]]],[[[98.0546,14.2321],[98.0546,14.2354],[98.0563,14.2354],[98.0563,14.2337],[98.0571,14.2337],[98.0571,14.2321],[98.0546,14.2321]]],[[[98.0504,14.2396],[98.0513,14.2396],[98.0513,14.2371],[98.0504,14.2371],[98.0504,14.2379],[98.0488,14.2387],[98.0488,14.2404],[98.0504,14.2404],[98.0504,14.2396]]],[[[98.0471,14.2429],[98.0471,14.2462],[98.0488,14.2462],[98.0488,14.2404],[98.0479,14.2404],[98.0479,14.2412],[98.0446,14.2412],[98.0446,14.2429],[98.0471,14.2429]]],[[[98.0263,14.2629],[98.0263,14.2637],[98.0254,14.2637],[98.0254,14.2654],[98.0238,14.2654],[98.0221,14.2687],[98.0196,14.2687],[98.0196,14.2679],[98.0204,14.2679],[98.0204,14.2666],[98.0172,14.2704],[98.0188,14.2696],[98.0188,14.2729],[98.0179,14.2729],[98.0179,14.2754],[98.0154,14.2754],[98.0154,14.2771],[98.0146,14.2771],[98.0146,14.2779],[98.0129,14.2779],[98.0129,14.2812],[98.0138,14.2812],[98.0146,14.2796],[98.0163,14.2796],[98.0163,14.2787],[98.0171,14.2787],[98.0171,14.2779],[98.0179,14.2779],[98.0179,14.2762],[98.0196,14.2762],[98.0196,14.2737],[98.0204,14.2737],[98.0204,14.2729],[98.0213,14.2729],[98.0221,14.2712],[98.0238,14.2712],[98.0238,14.2696],[98.0254,14.2696],[98.0254,14.2687],[98.0263,14.2687],[98.0263,14.2671],[98.0271,14.2671],[98.0271,14.2654],[98.0296,14.2654],[98.0296,14.2646],[98.0313,14.2637],[98.0313,14.2629],[98.0321,14.2629],[98.0321,14.2579],[98.0296,14.2579],[98.0296,14.2587],[98.0304,14.2587],[98.0304,14.2612],[98.0288,14.2612],[98.0288,14.2604],[98.0271,14.2604],[98.0271,14.2629],[98.0263,14.2629]],[[98.0296,14.2637],[98.0296,14.2629],[98.0304,14.2629],[98.0304,14.2637],[98.0296,14.2637]]],[[[98.0213,14.2662],[98.0213,14.2658],[98.0208,14.2662],[98.0213,14.2662]]],[[[98.0221,14.2654],[98.0221,14.2649],[98.0217,14.2654],[98.0221,14.2654]]],[[[98.0229,14.2646],[98.0229,14.2638],[98.0223,14.2646],[98.0229,14.2646]]],[[[98.0238,14.2629],[98.0238,14.2626],[98.0235,14.2629],[98.0238,14.2629]]],[[[98.0246,14.2621],[98.0246,14.2614],[98.0241,14.2621],[98.0246,14.2621]]],[[[98.0254,14.2612],[98.0254,14.2604],[98.0263,14.2604],[98.0263,14.2591],[98.0247,14.2612],[98.0254,14.2612]]],[[[98.0279,14.2587],[98.0279,14.2571],[98.0288,14.2571],[98.0288,14.2562],[98.0275,14.2573],[98.0265,14.2587],[98.0279,14.2587]]],[[[98.0296,14.2554],[98.0296,14.2549],[98.0293,14.2554],[98.0296,14.2554]]],[[[98.0304,14.2546],[98.0304,14.2537],[98.0313,14.2537],[98.0313,14.2524],[98.0298,14.2546],[98.0304,14.2546]]],[[[98.0321,14.2521],[98.0321,14.2515],[98.0315,14.2521],[98.0321,14.2521]]],[[[98.0329,14.2512],[98.0329,14.2504],[98.0338,14.2504],[98.0338,14.2487],[98.0346,14.2487],[98.0346,14.2472],[98.0323,14.2512],[98.0329,14.2512]]],[[[98.0354,14.2471],[98.0354,14.2464],[98.0347,14.2471],[98.0354,14.2471]]],[[[98.0363,14.2462],[98.0363,14.2453],[98.0355,14.2462],[98.0363,14.2462]]],[[[98.0371,14.2446],[98.0371,14.2439],[98.0367,14.2446],[98.0371,14.2446]]],[[[98.0379,14.2437],[98.0379,14.2425],[98.0372,14.2437],[98.0379,14.2437]]],[[[98.0388,14.2421],[98.0388,14.2412],[98.0421,14.2412],[98.0429,14.2396],[98.0438,14.2396],[98.0438,14.2387],[98.0454,14.2387],[98.0454,14.2379],[98.0488,14.2379],[98.0488,14.2371],[98.0496,14.2371],[98.0496,14.2329],[98.0504,14.2329],[98.0504,14.2312],[98.0513,14.2312],[98.0513,14.2296],[98.0529,14.2287],[98.0529,14.2271],[98.0546,14.2262],[98.0546,14.2229],[98.0579,14.2229],[98.0579,14.2162],[98.0596,14.2162],[98.0596,14.2146],[98.0571,14.2146],[98.0571,14.2154],[98.0554,14.2154],[98.0554,14.215],[98.0493,14.2238],[98.0446,14.2321],[98.0463,14.2312],[98.0463,14.2304],[98.0471,14.2304],[98.0471,14.2321],[98.0463,14.2321],[98.0463,14.2354],[98.0446,14.2354],[98.0446,14.2362],[98.0438,14.2362],[98.0438,14.2371],[98.0421,14.2379],[98.0421,14.2396],[98.0413,14.2396],[98.0413,14.2404],[98.0404,14.2404],[98.0404,14.2382],[98.0382,14.2421],[98.0388,14.2421]]],[[[98.0096,14.2804],[98.0096,14.2797],[98.009,14.2804],[98.0096,14.2804]]],[[[98.0104,14.2796],[98.0104,14.2787],[98.0113,14.2787],[98.0121,14.2771],[98.0129,14.2771],[98.0129,14.2758],[98.0096,14.2796],[98.0104,14.2796]]],[[[98.0138,14.2754],[98.0138,14.2748],[98.0132,14.2754],[98.0138,14.2754]]],[[[98.0146,14.2746],[98.0146,14.2737],[98.0139,14.2746],[98.0146,14.2746]]],[[[98.0163,14.2729],[98.0163,14.2721],[98.0171,14.2721],[98.0171,14.2706],[98.0152,14.2729],[98.0163,14.2729]]],[[[98.0413,14.2379],[98.0421,14.2362],[98.0429,14.2362],[98.0429,14.2351],[98.0406,14.2379],[98.0413,14.2379]]],[[[98.0438,14.2346],[98.0438,14.2337],[98.0446,14.2337],[98.0446,14.2322],[98.0432,14.2346],[98.0438,14.2346]]],[[[98.0338,14.2546],[98.0313,14.2546],[98.0313,14.2562],[98.0321,14.2562],[98.0321,14.2554],[98.0338,14.2554],[98.0338,14.2546]]],[[[98.0613,14.2704],[98.0613,14.2737],[98.0621,14.2737],[98.0621,14.2729],[98.0638,14.2729],[98.0638,14.2704],[98.0613,14.2704]]],[[[98.0413,14.2712],[98.0413,14.2737],[98.0429,14.2737],[98.0429,14.2712],[98.0413,14.2712]]],[[[98.0504,14.2787],[98.0504,14.2804],[98.0538,14.2804],[98.0538,14.2787],[98.0504,14.2787]]],[[[98.0563,14.2846],[98.0563,14.2862],[98.0579,14.2862],[98.0579,14.2846],[98.0563,14.2846]]],[[[98.0413,14.6012],[98.0413,14.6054],[98.0421,14.6054],[98.0421,14.6012],[98.0413,14.6012]]],[[[98.0338,14.6046],[98.0338,14.6029],[98.0329,14.6029],[98.0329,14.6004],[98.0321,14.6004],[98.0321,14.6037],[98.0304,14.6037],[98.0296,14.6054],[98.0313,14.6062],[98.0321,14.6046],[98.0338,14.6046]]],[[[98.0296,14.6087],[98.0329,14.6087],[98.0329,14.6079],[98.0321,14.6079],[98.0321,14.6071],[98.0304,14.6071],[98.0296,14.6087]]],[[[98.0238,14.6071],[98.0238,14.6079],[98.0229,14.6079],[98.0229,14.6112],[98.0238,14.6112],[98.0238,14.6096],[98.0246,14.6096],[98.0246,14.6104],[98.0263,14.6096],[98.0263,14.6071],[98.0238,14.6071]]],[[[98.0421,14.6079],[98.0421,14.6096],[98.0429,14.6096],[98.0429,14.6112],[98.0438,14.6112],[98.0438,14.6129],[98.0454,14.6129],[98.0454,14.6112],[98.0446,14.6112],[98.0446,14.6096],[98.0438,14.6096],[98.0438,14.6079],[98.0421,14.6079]]],[[[98.0279,14.6112],[98.0263,14.6112],[98.0263,14.6129],[98.0279,14.6129],[98.0279,14.6112]]],[[[98.0296,14.6354],[98.0304,14.6354],[98.0304,14.6337],[98.0288,14.6337],[98.0288,14.6362],[98.0296,14.6362],[98.0296,14.6354]]],[[[98.0604,14.6512],[98.0604,14.6504],[98.0621,14.6504],[98.0621,14.6487],[98.0579,14.6487],[98.0579,14.6504],[98.0571,14.6504],[98.0571,14.6529],[98.0579,14.6529],[98.0588,14.6546],[98.0604,14.6546],[98.0604,14.6529],[98.0596,14.6529],[98.0596,14.6512],[98.0604,14.6512]]],[[[98.0296,14.6529],[98.0288,14.6529],[98.0288,14.6554],[98.0296,14.6554],[98.0296,14.6529]]],[[[98.0363,14.6729],[98.0363,14.6721],[98.0329,14.6721],[98.0329,14.6696],[98.0313,14.6696],[98.0313,14.6721],[98.0296,14.6721],[98.0296,14.6729],[98.0329,14.6729],[98.0329,14.6737],[98.0346,14.6737],[98.0346,14.6779],[98.0363,14.6779],[98.0363,14.6771],[98.0371,14.6771],[98.0371,14.6729],[98.0363,14.6729]]],[[[98.0921,10.8737],[98.0921,10.8754],[98.0929,10.8754],[98.093,10.8762],[98.0929,10.8749],[98.0922,10.8737],[98.0921,10.8737]]],[[[98.0946,10.8779],[98.0954,10.8779],[98.0954,10.8777],[98.0951,10.8775],[98.0946,10.8779]]],[[[98.0958,10.8787],[98.0954,10.8804],[98.0963,10.8804],[98.0966,10.8812],[98.0958,10.8787]]],[[[98.0979,10.8821],[98.0985,10.8821],[98.0979,10.8818],[98.0979,10.8821]]],[[[98.1054,10.8837],[98.1056,10.8837],[98.1054,10.8834],[98.1054,10.8837]]],[[[98.1082,10.8837],[98.1069,10.8834],[98.1058,10.8837],[98.1082,10.8837]]],[[[98.1104,10.8887],[98.1104,10.8921],[98.1105,10.8921],[98.111,10.8887],[98.1104,10.8887]]],[[[98.1146,10.8946],[98.1151,10.8946],[98.1146,10.8943],[98.1146,10.8946]]],[[[98.1163,10.8954],[98.118,10.8954],[98.1176,10.895],[98.1163,10.8954]]],[[[98.1204,10.8996],[98.1209,10.8996],[98.1204,10.899],[98.1204,10.8996]]],[[[98.1396,10.8979],[98.1396,10.9062],[98.1396,10.9062],[98.14,10.8989],[98.1396,10.8979]]],[[[98.0988,10.9087],[98.0971,10.9087],[98.0971,10.9094],[98.0988,10.9095],[98.0988,10.9087]]],[[[98.1388,10.9087],[98.1388,10.9112],[98.1395,10.9112],[98.1392,10.9087],[98.1388,10.9087]]],[[[98.1015,10.9121],[98.1018,10.9146],[98.1021,10.9146],[98.1021,10.9121],[98.1015,10.9121]]],[[[98.1429,10.9171],[98.143,10.9171],[98.1429,10.917],[98.1429,10.9171]]],[[[98.1438,10.9179],[98.144,10.9179],[98.1438,10.9178],[98.1438,10.9179]]],[[[98.1157,10.9237],[98.1163,10.9221],[98.1171,10.9221],[98.1171,10.9204],[98.1154,10.9212],[98.1157,10.9237]]],[[[98.1204,10.9229],[98.1196,10.9229],[98.1196,10.9237],[98.1221,10.9237],[98.1221,10.9221],[98.1204,10.9221],[98.1204,10.9229]]],[[[98.1471,10.9246],[98.1475,10.9246],[98.1471,10.923],[98.1471,10.9246]]],[[[98.1538,10.9262],[98.1544,10.9262],[98.1538,10.926],[98.1538,10.9262]]],[[[98.1563,10.9262],[98.1563,10.9261],[98.1554,10.9262],[98.1563,10.9262]]],[[[98.1154,10.9246],[98.1154,10.9271],[98.1157,10.9246],[98.1154,10.9246]]],[[[98.1479,10.9821],[98.1481,10.9827],[98.1483,10.9821],[98.1479,10.9821]]],[[[98.1488,10.9771],[98.1488,10.9797],[98.1495,10.9771],[98.1488,10.9771]]],[[[98.1246,11.3831],[98.125,11.3819],[98.1246,11.3816],[98.1246,11.3831]]],[[[98.1238,11.3846],[98.1238,11.3879],[98.1254,11.3879],[98.1254,11.3871],[98.1246,11.3871],[98.1246,11.3861],[98.1241,11.3864],[98.1238,11.3859],[98.1238,11.3846]]],[[[98.1254,11.3854],[98.1254,11.385],[98.1253,11.3854],[98.1254,11.3854]]],[[[98.1263,11.3837],[98.1263,11.3831],[98.1258,11.3837],[98.1263,11.3837]]],[[[98.1263,11.3787],[98.1261,11.3787],[98.1263,11.3794],[98.1263,11.3787]]],[[[98.1269,11.3771],[98.1263,11.377],[98.1263,11.3771],[98.1269,11.3771]]],[[[98.1221,11.3729],[98.1221,11.3734],[98.1224,11.3729],[98.1221,11.3729]]],[[[98.1213,11.3746],[98.1213,11.3748],[98.1213,11.3746],[98.1213,11.3746]]],[[[98.1204,11.3762],[98.1204,11.3771],[98.1207,11.3762],[98.1204,11.3762]]],[[[98.1196,11.3779],[98.1196,11.3796],[98.1202,11.3796],[98.1201,11.3779],[98.1196,11.3779]]],[[[98.1213,11.3796],[98.1213,11.3792],[98.1208,11.3796],[98.1213,11.3796]]],[[[98.1232,11.3787],[98.1225,11.3782],[98.1218,11.3787],[98.1232,11.3787]]],[[[98.1413,11.3887],[98.1404,11.3887],[98.1404,11.3954],[98.1405,11.3921],[98.1413,11.3887]]],[[[98.1354,11.4087],[98.1354,11.4082],[98.1345,11.4087],[98.1354,11.4087]]],[[[98.1363,11.4079],[98.1363,11.4062],[98.1356,11.4062],[98.1358,11.4079],[98.1363,11.4079]]],[[[98.1354,11.4054],[98.1349,11.4054],[98.1354,11.406],[98.1354,11.4054]]],[[[98.131,11.4054],[98.1316,11.4059],[98.1329,11.4054],[98.131,11.4054]]],[[[98.1304,11.4046],[98.1301,11.4046],[98.1304,11.4049],[98.1304,11.4046]]],[[[98.1279,11.4046],[98.1279,11.4049],[98.1285,11.4046],[98.1279,11.4046]]],[[[98.1271,11.4054],[98.1271,11.4055],[98.1271,11.4054],[98.1271,11.4054]]],[[[98.1254,11.4062],[98.1254,11.4075],[98.1259,11.4062],[98.1254,11.4062]]],[[[98.1313,11.4121],[98.1313,11.4116],[98.1309,11.412],[98.1313,11.4121]]],[[[98.1329,11.4104],[98.1329,11.4104],[98.1329,11.4104],[98.1329,11.4104]]],[[[98.1338,11.4096],[98.1338,11.4093],[98.1334,11.4096],[98.1338,11.4096]]],[[[98.1191,11.4046],[98.1196,11.4048],[98.1196,11.4046],[98.1191,11.4046]]],[[[98.1179,11.4091],[98.1182,11.4076],[98.1179,11.4063],[98.1179,11.4091]]],[[[98.1179,11.4104],[98.1154,11.4104],[98.1154,11.4112],[98.1183,11.4106],[98.1179,11.4093],[98.1179,11.4104]]],[[[98.1146,11.4112],[98.1146,11.4114],[98.1152,11.4112],[98.1146,11.4112]]],[[[98.1129,11.4121],[98.1129,11.4129],[98.1138,11.4121],[98.1129,11.4121]]],[[[98.1229,11.4062],[98.1229,11.4062],[98.1229,11.4063],[98.1229,11.4062]]],[[[98.1221,11.4054],[98.1208,11.4054],[98.1221,11.4057],[98.1221,11.4054]]],[[[98.1004,11.4076],[98.1038,11.4075],[98.1038,11.4071],[98.1004,11.4071],[98.1004,11.4076]]],[[[98.1046,11.4112],[98.1046,11.4111],[98.104,11.4112],[98.1046,11.4112]]],[[[98.1404,11.4112],[98.1404,11.4118],[98.1438,11.4114],[98.1438,11.4112],[98.1404,11.4112]]],[[[98.1368,11.4121],[98.1381,11.4125],[98.1394,11.4121],[98.1368,11.4121]]],[[[98.1346,11.4121],[98.1346,11.4121],[98.1347,11.4121],[98.1346,11.4121]]],[[[98.1336,13.5529],[98.1327,13.5496],[98.1321,13.5496],[98.1321,13.5512],[98.1329,13.5512],[98.1329,13.5529],[98.1336,13.5529]]],[[[98.1596,13.5546],[98.1596,13.5545],[98.1595,13.5546],[98.1596,13.5546]]],[[[98.1563,13.5575],[98.1551,13.5579],[98.1563,13.5579],[98.1563,13.5575]]],[[[98.1571,13.5571],[98.1571,13.557],[98.1569,13.5571],[98.1571,13.5571]]],[[[98.1579,13.5562],[98.1579,13.5557],[98.1577,13.5562],[98.1579,13.5562]]],[[[98.1546,13.5587],[98.1546,13.5581],[98.1526,13.5587],[98.1546,13.5587]]],[[[98.1338,13.5546],[98.1338,13.5546],[98.1338,13.5546],[98.1338,13.5546]]],[[[98.1338,13.5579],[98.1354,13.5579],[98.1338,13.5567],[98.1338,13.5579]]],[[[98.1363,13.5587],[98.1367,13.5587],[98.1363,13.5585],[98.1363,13.5587]]],[[[98.1388,13.5596],[98.1412,13.5596],[98.1388,13.5592],[98.1388,13.5596]]],[[[98.1504,13.5596],[98.1504,13.5591],[98.1469,13.5596],[98.1504,13.5596]]],[[[98.1271,13.5596],[98.1279,13.5596],[98.1279,13.5579],[98.1279,13.5588],[98.1271,13.5596]]],[[[98.1271,13.5571],[98.1264,13.5571],[98.1271,13.5575],[98.1271,13.5571]]],[[[98.1308,13.5629],[98.1313,13.5637],[98.1313,13.5629],[98.1308,13.5629]]],[[[98.1304,13.5612],[98.1292,13.5612],[98.1304,13.5623],[98.1304,13.5612]]],[[[98.1321,13.5662],[98.1321,13.5637],[98.1313,13.5637],[98.132,13.5649],[98.1315,13.5662],[98.1321,13.5662]]],[[[98.1599,13.5629],[98.1596,13.5662],[98.1601,13.5662],[98.1599,13.5629]]],[[[98.1529,13.5779],[98.1529,13.5737],[98.1546,13.5737],[98.1546,13.5729],[98.1538,13.5729],[98.1538,13.5712],[98.1529,13.5712],[98.1529,13.5696],[98.1513,13.5696],[98.1513,13.5687],[98.1504,13.5687],[98.1504,13.5671],[98.1496,13.5671],[98.1496,13.5637],[98.1513,13.5637],[98.1513,13.5629],[98.1546,13.5629],[98.1546,13.5612],[98.1471,13.5612],[98.1471,13.5621],[98.1438,13.5621],[98.1438,13.5671],[98.1429,13.5671],[98.1421,13.5687],[98.1446,13.5687],[98.1446,13.5696],[98.1488,13.5696],[98.1488,13.5704],[98.1504,13.5712],[98.1504,13.5729],[98.1513,13.5729],[98.1513,13.5746],[98.1521,13.5746],[98.1521,13.5804],[98.1513,13.5804],[98.1513,13.5829],[98.1519,13.5829],[98.1518,13.5815],[98.1529,13.5779]],[[98.1488,13.5662],[98.1463,13.5662],[98.1463,13.5654],[98.1488,13.5654],[98.1488,13.5662]]],[[[98.1521,13.5862],[98.1526,13.5862],[98.1521,13.585],[98.1521,13.5862]]],[[[98.1529,13.5887],[98.1536,13.5887],[98.1529,13.5868],[98.1529,13.5887]]],[[[98.1529,13.5904],[98.1529,13.5956],[98.1537,13.5904],[98.1529,13.5904]]],[[[98.1521,13.5971],[98.1521,13.599],[98.1524,13.5971],[98.1521,13.5971]]],[[[98.1513,13.6004],[98.1513,13.6037],[98.1516,13.6037],[98.1518,13.6004],[98.1513,13.6004]]],[[[98.1521,13.6054],[98.1524,13.6054],[98.1521,13.6048],[98.1521,13.6054]]],[[[98.1529,13.6062],[98.1532,13.6062],[98.1529,13.606],[98.1529,13.6062]]],[[[98.1538,13.6071],[98.1545,13.6071],[98.1538,13.6068],[98.1538,13.6071]]],[[[98.1554,13.6104],[98.1563,13.6104],[98.1563,13.6162],[98.1567,13.6162],[98.1567,13.6115],[98.1554,13.608],[98.1554,13.6104]]],[[[98.1563,13.6179],[98.1563,13.6184],[98.1567,13.6179],[98.1563,13.6179]]],[[[98.1563,13.6212],[98.1569,13.6212],[98.1563,13.6201],[98.1563,13.6212]]],[[[98.1571,13.6221],[98.1573,13.6221],[98.1571,13.6216],[98.1571,13.6221]]],[[[98.1579,13.6237],[98.1587,13.6237],[98.1579,13.623],[98.1579,13.6237]]],[[[98.1588,13.6246],[98.1596,13.6246],[98.1588,13.6238],[98.1588,13.6246]]],[[[98.1629,13.6246],[98.1625,13.6243],[98.1612,13.6246],[98.1629,13.6246]]],[[[98.1271,13.5987],[98.1271,13.5993],[98.1288,13.5992],[98.1288,13.5987],[98.1271,13.5987]]],[[[98.1354,13.6004],[98.1354,13.6014],[98.136,13.6007],[98.1371,13.6013],[98.1371,13.5996],[98.1354,13.6004]]],[[[98.1421,13.6046],[98.1421,13.6062],[98.1429,13.6062],[98.1429,13.6079],[98.1446,13.6079],[98.1446,13.6046],[98.1421,13.6046]]],[[[98.1471,13.6304],[98.1471,13.6296],[98.1479,13.6296],[98.1479,13.6279],[98.1463,13.6279],[98.1463,13.6304],[98.1471,13.6304]]],[[[98.1479,13.6729],[98.1496,13.6729],[98.1496,13.6721],[98.1504,13.6721],[98.1504,13.6704],[98.1488,13.6704],[98.1488,13.6712],[98.1479,13.6712],[98.1479,13.6729]]],[[[98.1088,13.6796],[98.1088,13.6821],[98.1096,13.6821],[98.1092,13.6816],[98.1088,13.6796]]],[[[98.1113,13.6896],[98.1118,13.6896],[98.112,13.6856],[98.1113,13.6838],[98.1113,13.6896]]],[[[98.1121,13.6904],[98.1121,13.6904],[98.1121,13.6904],[98.1121,13.6904]]],[[[98.1313,13.6853],[98.1321,13.6854],[98.1321,13.6848],[98.1313,13.6853]]],[[[98.1329,13.6846],[98.1329,13.6842],[98.1324,13.6846],[98.1329,13.6846]]],[[[98.1346,13.6837],[98.1346,13.6829],[98.1363,13.6829],[98.1363,13.6837],[98.1396,13.6837],[98.1396,13.6854],[98.1379,13.6854],[98.1379,13.6862],[98.1371,13.6862],[98.1371,13.6879],[98.1363,13.6879],[98.1363,13.6887],[98.1346,13.6887],[98.1346,13.6879],[98.1329,13.6879],[98.1329,13.6887],[98.1313,13.6887],[98.1313,13.6904],[98.1304,13.6904],[98.1304,13.6921],[98.1296,13.6921],[98.1296,13.6929],[98.1288,13.6929],[98.1279,13.6946],[98.1263,13.6946],[98.1263,13.6962],[98.1254,13.6962],[98.1254,13.6996],[98.1246,13.6996],[98.1246,13.7012],[98.1271,13.7012],[98.1271,13.7029],[98.1288,13.7029],[98.1288,13.7012],[98.1296,13.7012],[98.1296,13.7004],[98.1313,13.7004],[98.1313,13.6996],[98.1329,13.6987],[98.1329,13.6954],[98.1346,13.6954],[98.1346,13.6946],[98.1354,13.6946],[98.1354,13.6971],[98.1363,13.6971],[98.1363,13.7021],[98.1379,13.7021],[98.1379,13.6987],[98.1396,13.6987],[98.1396,13.6937],[98.1404,13.6937],[98.1404,13.6929],[98.1438,13.6929],[98.1438,13.6912],[98.1446,13.6912],[98.1446,13.6896],[98.1454,13.6896],[98.1454,13.6887],[98.1463,13.6887],[98.1463,13.6871],[98.1479,13.6862],[98.1479,13.6837],[98.1488,13.6837],[98.1488,13.6804],[98.1479,13.6804],[98.1479,13.6771],[98.1471,13.6771],[98.1479,13.6754],[98.1471,13.6754],[98.1463,13.6737],[98.1454,13.6737],[98.1454,13.6762],[98.1438,13.6762],[98.1438,13.6779],[98.1429,13.6779],[98.1429,13.6787],[98.1391,13.6787],[98.1333,13.6837],[98.1346,13.6837]]],[[[98.1129,13.6921],[98.1132,13.6921],[98.1129,13.6917],[98.1129,13.6921]]],[[[98.1154,13.6927],[98.1179,13.6929],[98.1179,13.6926],[98.1154,13.6927]]],[[[98.1213,13.6921],[98.1213,13.692],[98.121,13.6921],[98.1213,13.6921]]],[[[98.1238,13.6912],[98.1238,13.6911],[98.1234,13.6912],[98.1238,13.6912]]],[[[98.1254,13.6904],[98.1254,13.6901],[98.1248,13.6904],[98.1254,13.6904]]],[[[98.1271,13.6896],[98.1271,13.6891],[98.1262,13.6896],[98.1271,13.6896]]],[[[98.0971,13.6979],[98.0971,13.6973],[98.0967,13.6979],[98.0971,13.6979]]],[[[98.0979,13.6971],[98.0979,13.6966],[98.0974,13.6971],[98.0979,13.6971]]],[[[98.1088,13.6987],[98.1088,13.6979],[98.1096,13.6979],[98.1096,13.6971],[98.1079,13.6971],[98.1079,13.6987],[98.1088,13.6987]]],[[[98.1129,13.7046],[98.1121,13.7046],[98.1121,13.7037],[98.1104,13.7037],[98.1104,13.7012],[98.1113,13.7012],[98.1113,13.6996],[98.1079,13.6996],[98.1079,13.6987],[98.1071,13.6987],[98.1071,13.7012],[98.1088,13.7012],[98.1088,13.7029],[98.1096,13.7029],[98.1096,13.7046],[98.1104,13.7046],[98.1104,13.7054],[98.1113,13.7054],[98.1113,13.7062],[98.1129,13.7062],[98.1129,13.7046]]],[[[98.1338,13.7054],[98.1338,13.7037],[98.1329,13.7037],[98.1329,13.7029],[98.1296,13.7029],[98.1304,13.7046],[98.1321,13.7046],[98.1321,13.7054],[98.1338,13.7054]]],[[[98.0946,13.7071],[98.0946,13.7066],[98.0943,13.7071],[98.0946,13.7071]]],[[[98.1263,13.7112],[98.1263,13.7129],[98.1271,13.7129],[98.1271,13.7146],[98.1288,13.7146],[98.1288,13.7137],[98.1304,13.7137],[98.1304,13.7129],[98.1313,13.7129],[98.1313,13.7112],[98.1296,13.7112],[98.1296,13.7062],[98.1304,13.7062],[98.1304,13.7046],[98.1296,13.7046],[98.1296,13.7054],[98.1271,13.7054],[98.1271,13.7071],[98.1279,13.7071],[98.1279,13.7079],[98.1271,13.7079],[98.1271,13.7096],[98.1263,13.7096],[98.1271,13.7112],[98.1263,13.7112]]],[[[98.1024,13.7171],[98.1028,13.7165],[98.1046,13.7171],[98.1046,13.7146],[98.1029,13.7146],[98.1029,13.7162],[98.1021,13.7162],[98.1024,13.7171]]],[[[98.1079,13.7179],[98.1079,13.7171],[98.1071,13.7171],[98.1071,13.7187],[98.1104,13.7187],[98.1096,13.7171],[98.1079,13.7179]]],[[[98.1571,13.7196],[98.1554,13.7196],[98.1554,13.7212],[98.1563,13.7212],[98.1563,13.7221],[98.1571,13.7221],[98.1571,13.7196]]],[[[98.0996,13.7254],[98.1003,13.7254],[98.0996,13.7249],[98.0996,13.7254]]],[[[98.1013,13.7262],[98.1015,13.7262],[98.1013,13.7261],[98.1013,13.7262]]],[[[98.1038,13.7262],[98.1038,13.7255],[98.1023,13.7262],[98.1038,13.7262]]],[[[98.1563,13.7246],[98.1554,13.7262],[98.1538,13.7262],[98.1538,13.7271],[98.1546,13.7271],[98.1546,13.7279],[98.1554,13.7279],[98.1554,13.7271],[98.1571,13.7271],[98.1571,13.7287],[98.1588,13.7287],[98.1588,13.7262],[98.1604,13.7262],[98.1604,13.7246],[98.1596,13.7246],[98.1596,13.7237],[98.1571,13.7237],[98.1571,13.7246],[98.1563,13.7246]]],[[[98.1621,13.7287],[98.1604,13.7287],[98.1604,13.7304],[98.1621,13.7304],[98.1621,13.7287]]],[[[98.1546,13.7287],[98.1546,13.7279],[98.1538,13.7279],[98.1538,13.7312],[98.1521,13.7312],[98.1521,13.7329],[98.1538,13.7329],[98.1538,13.7321],[98.1546,13.7321],[98.1546,13.7304],[98.1571,13.7304],[98.1563,13.7287],[98.1546,13.7287]]],[[[98.1571,13.7329],[98.1588,13.7329],[98.1588,13.7312],[98.1579,13.7312],[98.1579,13.7304],[98.1571,13.7304],[98.1571,13.7329]]],[[[98.1129,13.7321],[98.1104,13.7321],[98.1096,13.7337],[98.1129,13.7337],[98.1129,13.7321]]],[[[98.1529,13.7362],[98.1529,13.7379],[98.1546,13.7379],[98.1538,13.7362],[98.1529,13.7362]]],[[[98.1588,13.7446],[98.1588,13.7454],[98.1571,13.7454],[98.1571,13.7471],[98.1604,13.7471],[98.1604,13.7446],[98.1588,13.7446]]],[[[98.1171,13.7829],[98.1163,13.7812],[98.1146,13.7821],[98.1146,13.7829],[98.1171,13.7829]]],[[[98.1104,13.7896],[98.1113,13.7896],[98.1113,13.7879],[98.1104,13.7879],[98.1104,13.7871],[98.1088,13.7871],[98.1088,13.7854],[98.1104,13.7846],[98.1104,13.7837],[98.1121,13.7837],[98.1121,13.7829],[98.1129,13.7829],[98.1138,13.7812],[98.1096,13.7812],[98.1096,13.7821],[98.1079,13.7829],[98.1079,13.7804],[98.1063,13.7804],[98.1054,13.7787],[98.1046,13.7787],[98.1046,13.7796],[98.1013,13.7796],[98.1013,13.7812],[98.1021,13.7812],[98.1021,13.7821],[98.1038,13.7821],[98.1038,13.7837],[98.1029,13.7837],[98.1029,13.7854],[98.1021,13.7854],[98.1021,13.7862],[98.1004,13.7862],[98.1004,13.7879],[98.1013,13.7879],[98.1013,13.7896],[98.1029,13.7896],[98.1029,13.7904],[98.1046,13.7904],[98.1046,13.7912],[98.1071,13.7912],[98.1079,13.7929],[98.1096,13.7929],[98.1096,13.7912],[98.1104,13.7912],[98.1104,13.7896]],[[98.1088,13.7879],[98.1079,13.7879],[98.1079,13.7871],[98.1088,13.7871],[98.1088,13.7879]],[[98.1071,13.7871],[98.1071,13.7862],[98.1079,13.7862],[98.1079,13.7871],[98.1071,13.7871]],[[98.1054,13.7879],[98.1046,13.7879],[98.1046,13.7887],[98.1029,13.7887],[98.1029,13.7871],[98.1038,13.7871],[98.1038,13.7862],[98.1063,13.7862],[98.1054,13.7879]]],[[[98.1121,13.7846],[98.1121,13.7887],[98.1129,13.7887],[98.1129,13.7862],[98.1138,13.7862],[98.1138,13.7846],[98.1121,13.7846]]],[[[98.0971,13.7862],[98.0971,13.7896],[98.0963,13.7896],[98.0963,13.7912],[98.0946,13.7921],[98.0946,13.7937],[98.0963,13.7937],[98.0963,13.7929],[98.0971,13.7929],[98.0971,13.7912],[98.0979,13.7912],[98.0979,13.7896],[98.0996,13.7896],[98.0996,13.7887],[98.0988,13.7887],[98.0988,13.7879],[98.0996,13.7879],[98.0996,13.7862],[98.0971,13.7862]]],[[[98.0888,13.8002],[98.0929,13.7979],[98.0929,13.7962],[98.0921,13.7962],[98.0921,13.7971],[98.0913,13.7971],[98.0913,13.7979],[98.0904,13.7979],[98.0904,13.7987],[98.0896,13.7987],[98.0896,13.7996],[98.0888,13.7996],[98.0888,13.8002]]],[[[98.1621,13.8296],[98.1613,13.8279],[98.1604,13.8279],[98.1604,13.8304],[98.1621,13.8296]]],[[[98.1554,13.8512],[98.1554,13.8529],[98.1571,13.8529],[98.1571,13.8512],[98.1554,13.8512]]],[[[98.1471,13.8887],[98.1479,13.8887],[98.1479,13.8854],[98.1471,13.8854],[98.1463,13.8871],[98.1446,13.8871],[98.1446,13.8862],[98.1438,13.8862],[98.1438,13.8879],[98.1454,13.8879],[98.1463,13.8896],[98.1471,13.8896],[98.1471,13.8887]]],[[[98.1429,13.8896],[98.1429,13.8912],[98.1438,13.8912],[98.1446,13.8896],[98.1429,13.8896]]],[[[98.0929,13.9021],[98.0929,13.9012],[98.0904,13.9012],[98.0904,13.9021],[98.0929,13.9021]]],[[[98.1379,13.9146],[98.1371,13.9162],[98.1396,13.9162],[98.1396,13.9146],[98.1379,13.9146]]],[[[98.1338,13.9346],[98.1346,13.9346],[98.1346,13.9321],[98.1321,13.9321],[98.1321,13.9337],[98.1338,13.9337],[98.1338,13.9346]]],[[[98.1363,13.9704],[98.1363,13.9721],[98.1379,13.9721],[98.1379,13.9704],[98.1363,13.9704]]],[[[98.1263,13.9721],[98.1271,13.9721],[98.1271,13.9712],[98.1254,13.9712],[98.1254,13.9729],[98.1263,13.9729],[98.1263,13.9721]]],[[[98.1279,13.9721],[98.1263,13.9729],[98.1263,13.9737],[98.1271,13.9737],[98.1279,13.9754],[98.1296,13.9754],[98.1296,13.9737],[98.1288,13.9737],[98.1279,13.9721]]],[[[98.1304,13.9787],[98.1313,13.9771],[98.1296,13.9771],[98.1288,13.9787],[98.1304,13.9787]]],[[[98.1263,13.9821],[98.1263,13.9846],[98.1288,13.9846],[98.1288,13.9821],[98.1263,13.9821]]],[[[98.1338,14.0154],[98.1338,14.0112],[98.1346,14.0112],[98.1346,14.0096],[98.1329,14.0096],[98.1329,14.0104],[98.1313,14.0104],[98.1313,14.0154],[98.1338,14.0154]]],[[[98.1396,14.0112],[98.1379,14.0112],[98.1379,14.0121],[98.1396,14.0129],[98.1396,14.0146],[98.1421,14.0146],[98.1421,14.0137],[98.1404,14.0137],[98.1404,14.0121],[98.1396,14.0121],[98.1396,14.0112]]],[[[98.1513,14.0537],[98.1513,14.0546],[98.1546,14.0546],[98.1538,14.0529],[98.1504,14.0529],[98.1504,14.0537],[98.1513,14.0537]]],[[[98.0954,14.1696],[98.0938,14.1696],[98.0938,14.1704],[98.0954,14.1704],[98.0954,14.1712],[98.0988,14.1712],[98.0988,14.1687],[98.0979,14.1687],[98.0979,14.1671],[98.0996,14.1671],[98.0996,14.1654],[98.1029,14.1654],[98.1029,14.1612],[98.1046,14.1612],[98.1046,14.1537],[98.1004,14.1537],[98.1004,14.1554],[98.0996,14.1554],[98.0996,14.1562],[98.0963,14.1562],[98.0963,14.1537],[98.0929,14.1537],[98.0929,14.1546],[98.0946,14.1546],[98.0946,14.1579],[98.0971,14.1579],[98.0971,14.1596],[98.0963,14.1596],[98.0963,14.1604],[98.0938,14.1604],[98.0929,14.1587],[98.0921,14.1587],[98.0921,14.1596],[98.0896,14.1596],[98.0896,14.1637],[98.0871,14.1637],[98.0871,14.1629],[98.0854,14.1629],[98.0854,14.1646],[98.0888,14.1646],[98.0888,14.1687],[98.0896,14.1687],[98.0904,14.1671],[98.0921,14.1671],[98.0929,14.1654],[98.0946,14.1654],[98.0946,14.1679],[98.0954,14.1679],[98.0954,14.1696]],[[98.0938,14.1646],[98.0921,14.1637],[98.0921,14.1621],[98.0938,14.1621],[98.0938,14.1646]]],[[[98.1013,14.1771],[98.0996,14.1771],[98.0996,14.1787],[98.1013,14.1787],[98.1013,14.1771]]],[[[98.1563,14.1912],[98.1563,14.1921],[98.1554,14.1921],[98.1563,14.1937],[98.1588,14.1937],[98.1588,14.1929],[98.1604,14.1929],[98.1596,14.1912],[98.1563,14.1912]]],[[[98.1563,14.1954],[98.1563,14.1971],[98.1579,14.1971],[98.1579,14.1954],[98.1563,14.1954]]],[[[98.1488,14.2146],[98.1471,14.2146],[98.1471,14.2162],[98.1479,14.2162],[98.1488,14.2146]]],[[[98.1563,14.2171],[98.1563,14.2162],[98.1571,14.2162],[98.1571,14.2146],[98.1554,14.2146],[98.1554,14.2171],[98.1563,14.2171]]],[[[98.1021,14.2162],[98.1021,14.2179],[98.1038,14.2179],[98.1038,14.2162],[98.1021,14.2162]]],[[[98.0938,14.2321],[98.0946,14.2304],[98.0921,14.2304],[98.0921,14.2329],[98.0938,14.2321]]],[[[98.1379,14.2571],[98.1379,14.2587],[98.1396,14.2587],[98.1396,14.2579],[98.1413,14.2579],[98.1413,14.2571],[98.1379,14.2571]]],[[[98.1438,14.2779],[98.1438,14.2771],[98.1429,14.2771],[98.1421,14.2787],[98.1396,14.2787],[98.1396,14.2796],[98.1413,14.2804],[98.1413,14.2829],[98.1421,14.2829],[98.1421,14.2837],[98.1438,14.2837],[98.1438,14.2829],[98.1446,14.2829],[98.1446,14.2804],[98.1438,14.2804],[98.1438,14.2787],[98.1446,14.2787],[98.1446,14.2779],[98.1438,14.2779]]],[[[98.1313,14.2954],[98.1313,14.2971],[98.1338,14.2971],[98.1338,14.2954],[98.1313,14.2954]]],[[[98.1438,14.3821],[98.1421,14.3821],[98.1421,14.3837],[98.1438,14.3837],[98.1438,14.3821]]],[[[98.1971,10.8296],[98.1971,10.8304],[98.1979,10.8301],[98.1984,10.8287],[98.1979,10.8287],[98.1979,10.8296],[98.1971,10.8296]]],[[[98.1996,10.8121],[98.1996,10.8144],[98.2004,10.8127],[98.2004,10.8121],[98.1996,10.8121]]],[[[98.1988,10.8146],[98.1988,10.8171],[98.1979,10.8171],[98.1979,10.8271],[98.1985,10.8186],[98.1995,10.8146],[98.1988,10.8146]]],[[[98.1896,10.8246],[98.1897,10.8246],[98.1896,10.8245],[98.1896,10.8246]]],[[[98.1913,10.8254],[98.1918,10.8254],[98.1913,10.8251],[98.1913,10.8254]]],[[[98.1921,10.8306],[98.1921,10.8304],[98.1921,10.8303],[98.1921,10.8306]]],[[[98.1921,10.8454],[98.1946,10.8454],[98.1946,10.8462],[98.1954,10.8462],[98.1958,10.8471],[98.1953,10.8457],[98.1943,10.845],[98.1915,10.8444],[98.1911,10.8434],[98.1912,10.8406],[98.19,10.8363],[98.1904,10.8332],[98.1918,10.8312],[98.1904,10.8312],[98.1904,10.8321],[98.1896,10.8321],[98.1896,10.8354],[98.1888,10.8354],[98.1888,10.8404],[98.1896,10.8404],[98.1896,10.8454],[98.1888,10.8454],[98.1888,10.8462],[98.1921,10.8462],[98.1921,10.8454]]],[[[98.1954,10.8512],[98.1954,10.8542],[98.1959,10.8512],[98.1954,10.8512]]],[[[98.1954,10.8578],[98.1956,10.8564],[98.1954,10.8554],[98.1954,10.8578]]],[[[98.1954,10.8596],[98.1957,10.8595],[98.1954,10.8579],[98.1954,10.8596]]],[[[98.1771,10.8579],[98.1771,10.859],[98.1788,10.8582],[98.1788,10.8579],[98.1771,10.8579]]],[[[98.2163,10.8662],[98.2168,10.8662],[98.2163,10.8657],[98.2163,10.8662]]],[[[98.2179,10.8671],[98.2187,10.8671],[98.2179,10.8668],[98.2179,10.8671]]],[[[98.2146,10.8879],[98.2154,10.8879],[98.2154,10.8871],[98.2171,10.8871],[98.2171,10.8879],[98.2188,10.8879],[98.2188,10.8862],[98.2196,10.8862],[98.2196,10.8829],[98.2204,10.8829],[98.2204,10.8804],[98.2213,10.8804],[98.2213,10.8787],[98.2221,10.8785],[98.2215,10.8784],[98.2208,10.8792],[98.2204,10.8803],[98.2196,10.8802],[98.2196,10.8821],[98.2188,10.8821],[98.2188,10.8846],[98.2154,10.8846],[98.2154,10.8854],[98.2146,10.8854],[98.2146,10.8879]]],[[[98.2238,10.8779],[98.2238,10.8765],[98.2229,10.8779],[98.2238,10.8779]]],[[[98.2238,10.8729],[98.2237,10.8729],[98.2238,10.8729],[98.2238,10.8729]]],[[[98.2229,10.8712],[98.2227,10.8712],[98.2229,10.8726],[98.2229,10.8712]]],[[[98.2221,10.8696],[98.2212,10.8696],[98.2221,10.8702],[98.2221,10.8696]]],[[[98.2188,10.8684],[98.2191,10.8675],[98.2188,10.8671],[98.2188,10.8684]]],[[[98.2188,10.8721],[98.2194,10.8721],[98.2188,10.8709],[98.2188,10.8721]]],[[[98.2196,10.8758],[98.2207,10.8743],[98.2196,10.8723],[98.2196,10.8758]]],[[[98.2188,10.8762],[98.2188,10.8796],[98.2192,10.8796],[98.2192,10.8762],[98.2188,10.8762]]],[[[98.1771,10.8846],[98.179,10.8846],[98.178,10.8841],[98.1771,10.8846]]],[[[98.1796,10.8854],[98.1801,10.8854],[98.1796,10.885],[98.1796,10.8854]]],[[[98.1804,10.8871],[98.1809,10.8871],[98.1804,10.8857],[98.1804,10.8871]]],[[[98.2054,10.889],[98.2035,10.8896],[98.2054,10.8896],[98.2054,10.889]]],[[[98.2004,10.8887],[98.2006,10.8887],[98.2004,10.8887],[98.2004,10.8887]]],[[[98.2013,10.8896],[98.202,10.8896],[98.2013,10.8891],[98.2013,10.8896]]],[[[98.1813,10.8954],[98.1816,10.8954],[98.1813,10.8943],[98.1813,10.8954]]],[[[98.2138,10.8896],[98.2138,10.8937],[98.2146,10.8937],[98.2146,10.8946],[98.2163,10.8946],[98.2163,10.8929],[98.2154,10.8929],[98.2154,10.8887],[98.2138,10.8896]]],[[[98.1846,10.8979],[98.1904,10.8979],[98.1904,10.8975],[98.1846,10.8972],[98.1846,10.8979]]],[[[98.2188,10.9529],[98.2188,10.9552],[98.2193,10.9529],[98.2188,10.9529]]],[[[98.2079,10.9579],[98.2079,10.9587],[98.2071,10.9587],[98.2071,10.9593],[98.2083,10.9588],[98.2085,10.9579],[98.2079,10.9579]]],[[[98.2063,10.9596],[98.2063,10.96],[98.2068,10.9596],[98.2063,10.9596]]],[[[98.2063,10.9621],[98.2063,10.9621],[98.2063,10.962],[98.2063,10.9621]]],[[[98.2003,10.9629],[98.2004,10.963],[98.2004,10.9629],[98.2003,10.9629]]],[[[98.1963,10.9671],[98.1963,10.9687],[98.1966,10.9687],[98.1969,10.9671],[98.1963,10.9671]]],[[[98.1963,10.9696],[98.1963,10.9705],[98.1965,10.9696],[98.1963,10.9696]]],[[[98.1963,10.9746],[98.1969,10.9735],[98.1963,10.9727],[98.1963,10.9746]]],[[[98.1863,10.9771],[98.1867,10.9754],[98.1863,10.9754],[98.1863,10.9771]]],[[[98.1871,10.9737],[98.1871,10.9745],[98.1878,10.9737],[98.1871,10.9737]]],[[[98.1804,10.9829],[98.1808,10.9846],[98.181,10.9829],[98.1804,10.9829]]],[[[98.1813,10.9854],[98.1813,10.9854],[98.1813,10.9854],[98.1813,10.9854]]],[[[98.1813,10.9821],[98.1813,10.9825],[98.1817,10.9821],[98.1813,10.9821]]],[[[98.1913,10.9854],[98.1904,10.9846],[98.1903,10.9837],[98.1888,10.9837],[98.1896,10.9854],[98.1913,10.9854]]],[[[98.1963,10.9837],[98.1963,10.9878],[98.197,10.9875],[98.1971,10.983],[98.1963,10.9829],[98.1962,10.9822],[98.1946,10.9825],[98.1954,10.9829],[98.1954,10.9837],[98.1963,10.9837]]],[[[98.2079,11.2405],[98.2073,11.2411],[98.2071,11.2417],[98.2079,11.2419],[98.2079,11.2405]]],[[[98.2154,11.2471],[98.2135,11.2471],[98.2154,11.2475],[98.2154,11.2471]]],[[[98.1929,12.9096],[98.1937,12.9096],[98.1929,12.9091],[98.1929,12.9096]]],[[[98.1938,12.9104],[98.1944,12.9104],[98.1938,12.9096],[98.1938,12.9104]]],[[[98.1946,12.9121],[98.1952,12.9121],[98.1946,12.9107],[98.1946,12.9121]]],[[[98.1954,12.9146],[98.1959,12.9146],[98.1954,12.914],[98.1954,12.9146]]],[[[98.1963,12.9196],[98.1967,12.9158],[98.1963,12.9151],[98.1963,12.9196]]],[[[98.1871,12.9187],[98.187,12.9187],[98.1871,12.9187],[98.1871,12.9187]]],[[[98.1888,12.9171],[98.1888,12.917],[98.1886,12.9171],[98.1888,12.9171]]],[[[98.1963,12.9237],[98.1968,12.9237],[98.1963,12.9222],[98.1963,12.9237]]],[[[98.1696,13.5396],[98.1696,13.5394],[98.1696,13.5392],[98.1696,13.5396]]],[[[98.1704,13.5404],[98.171,13.5404],[98.1704,13.54],[98.1704,13.5404]]],[[[98.2009,13.5979],[98.2004,13.5977],[98.2004,13.5979],[98.2009,13.5979]]],[[[98.2013,13.5987],[98.2024,13.5987],[98.2013,13.598],[98.2013,13.5987]]],[[[98.2046,13.5996],[98.2057,13.5996],[98.2046,13.5994],[98.2046,13.5996]]],[[[98.2063,13.6017],[98.2064,13.6005],[98.2063,13.6003],[98.2063,13.6017]]],[[[98.2063,13.6054],[98.207,13.6054],[98.2063,13.6037],[98.2063,13.6054]]],[[[98.2071,13.6062],[98.2075,13.6062],[98.2071,13.6056],[98.2071,13.6062]]],[[[98.2079,13.6096],[98.2082,13.6094],[98.2079,13.6069],[98.2079,13.6096]]],[[[98.1853,13.6196],[98.1847,13.6194],[98.1844,13.6196],[98.1853,13.6196]]],[[[98.1943,13.6229],[98.1939,13.6211],[98.1945,13.6204],[98.1938,13.6204],[98.1938,13.6229],[98.1943,13.6229]]],[[[98.1946,13.6246],[98.1953,13.6246],[98.1946,13.6234],[98.1946,13.6246]]],[[[98.1954,13.6287],[98.196,13.6287],[98.1954,13.6248],[98.1954,13.6287]]],[[[98.1963,13.6304],[98.1966,13.6304],[98.1963,13.6297],[98.1963,13.6304]]],[[[98.1971,13.6321],[98.1975,13.6321],[98.1971,13.6313],[98.1971,13.6321]]],[[[98.1888,13.6121],[98.1889,13.6121],[98.1888,13.612],[98.1888,13.6121]]],[[[98.1896,13.6129],[98.1901,13.6129],[98.1896,13.6126],[98.1896,13.6129]]],[[[98.1921,13.6133],[98.1925,13.6137],[98.1923,13.6133],[98.1921,13.6133]]],[[[98.1929,13.6157],[98.1929,13.6155],[98.1929,13.6154],[98.1929,13.6157]]],[[[98.1946,13.6203],[98.1949,13.62],[98.1946,13.6186],[98.1946,13.6203]]],[[[98.1879,13.6454],[98.1873,13.6454],[98.1879,13.646],[98.1879,13.6454]]],[[[98.1871,13.6429],[98.1857,13.6429],[98.1871,13.6445],[98.1871,13.6429]]],[[[98.1854,13.6412],[98.1871,13.6412],[98.1871,13.6404],[98.1846,13.6404],[98.1846,13.6396],[98.1825,13.6396],[98.1854,13.6423],[98.1854,13.6412]]],[[[98.1821,13.6379],[98.1814,13.6379],[98.1821,13.639],[98.1821,13.6379]]],[[[98.1813,13.6362],[98.1804,13.6362],[98.1804,13.6346],[98.1798,13.6346],[98.1802,13.6358],[98.1813,13.6376],[98.1813,13.6362]]],[[[98.1796,13.628],[98.1793,13.6305],[98.1796,13.6339],[98.1796,13.628]]],[[[98.1804,13.6271],[98.1804,13.6267],[98.1802,13.6271],[98.1804,13.6271]]],[[[98.1821,13.6246],[98.1821,13.6244],[98.1818,13.6246],[98.1821,13.6246]]],[[[98.1829,13.6221],[98.1829,13.6214],[98.1825,13.6221],[98.1829,13.6221]]],[[[98.1679,13.6412],[98.1688,13.6412],[98.1688,13.6407],[98.1679,13.6404],[98.1679,13.6412]]],[[[98.1696,13.6404],[98.1696,13.6396],[98.1733,13.6396],[98.17,13.6388],[98.1692,13.6392],[98.1689,13.6404],[98.1696,13.6404]]],[[[98.1646,13.6321],[98.1646,13.6329],[98.165,13.6321],[98.1646,13.6321]]],[[[98.1638,13.6329],[98.1638,13.6341],[98.1645,13.6329],[98.1638,13.6329]]],[[[98.1638,13.6379],[98.1639,13.6379],[98.1638,13.6368],[98.1638,13.6379]]],[[[98.1646,13.6387],[98.1649,13.6387],[98.1646,13.6385],[98.1646,13.6387]]],[[[98.1654,13.6396],[98.1661,13.6396],[98.1654,13.6392],[98.1654,13.6396]]],[[[98.1671,13.6404],[98.1679,13.6404],[98.1671,13.64],[98.1671,13.6404]]],[[[98.1971,13.6329],[98.1971,13.6337],[98.1978,13.6329],[98.1971,13.6329]]],[[[98.1946,13.6337],[98.1956,13.6344],[98.1969,13.6337],[98.1946,13.6337]]],[[[98.1938,13.6321],[98.1921,13.6312],[98.1921,13.6304],[98.1904,13.6304],[98.1921,13.6337],[98.1938,13.6332],[98.1938,13.6321]]],[[[98.1913,13.6346],[98.1913,13.6359],[98.1921,13.6346],[98.1913,13.6346]]],[[[98.1904,13.6362],[98.1904,13.6371],[98.1912,13.6362],[98.1904,13.6362]]],[[[98.1899,13.6387],[98.1896,13.6421],[98.19,13.6421],[98.1899,13.6387]]],[[[98.1904,13.6437],[98.1911,13.6437],[98.1904,13.6432],[98.1904,13.6437]]],[[[98.1913,13.6454],[98.192,13.6454],[98.1913,13.6439],[98.1913,13.6454]]],[[[98.1921,13.6462],[98.1923,13.6462],[98.1921,13.6457],[98.1921,13.6462]]],[[[98.1929,13.6479],[98.1933,13.6479],[98.1929,13.6474],[98.1929,13.6479]]],[[[98.1746,13.6429],[98.1763,13.6429],[98.1763,13.6414],[98.1746,13.6401],[98.1746,13.6429]]],[[[98.1721,13.6446],[98.1721,13.6462],[98.1738,13.6462],[98.1738,13.6454],[98.1754,13.6454],[98.1754,13.6446],[98.1721,13.6446]]],[[[98.1804,13.6462],[98.1804,13.6454],[98.1796,13.6454],[98.1796,13.6487],[98.1813,13.6487],[98.1813,13.6504],[98.1821,13.6504],[98.1821,13.6487],[98.1829,13.6487],[98.1829,13.6479],[98.1821,13.6479],[98.1821,13.6471],[98.1804,13.6462]]],[[[98.1846,13.6512],[98.1846,13.6521],[98.1821,13.6521],[98.1829,13.6537],[98.1846,13.6537],[98.1846,13.6552],[98.1849,13.6515],[98.1846,13.6512]]],[[[98.1838,13.6554],[98.1838,13.6579],[98.1843,13.6579],[98.1845,13.6554],[98.1838,13.6554]]],[[[98.1821,13.6654],[98.1821,13.6704],[98.1813,13.6704],[98.1813,13.6721],[98.1829,13.6729],[98.1829,13.6704],[98.1834,13.6704],[98.1822,13.668],[98.1829,13.6654],[98.1821,13.6654]]],[[[98.1729,13.6754],[98.1746,13.6754],[98.1746,13.6771],[98.1763,13.6771],[98.1763,13.6754],[98.1746,13.6746],[98.1746,13.6737],[98.1729,13.6737],[98.1729,13.6754]]],[[[98.1713,13.6771],[98.1713,13.6754],[98.1721,13.6754],[98.1721,13.6737],[98.1713,13.6737],[98.1713,13.6729],[98.1704,13.6729],[98.1704,13.6737],[98.1688,13.6737],[98.1688,13.6754],[98.1663,13.6754],[98.1663,13.6762],[98.1688,13.6762],[98.1696,13.6779],[98.1713,13.6771]]],[[[98.1854,13.6804],[98.1854,13.6807],[98.1856,13.6804],[98.1854,13.6804]]],[[[98.1854,13.6829],[98.1856,13.6829],[98.1854,13.6823],[98.1854,13.6829]]],[[[98.1863,13.6837],[98.1864,13.6837],[98.1863,13.6836],[98.1863,13.6837]]],[[[98.1821,13.6854],[98.1821,13.6846],[98.1829,13.6846],[98.1829,13.6829],[98.1813,13.6821],[98.1813,13.6837],[98.1804,13.6837],[98.1804,13.6879],[98.1813,13.6879],[98.1813,13.6871],[98.1829,13.6871],[98.1829,13.6879],[98.1846,13.6879],[98.1846,13.6871],[98.1863,13.6866],[98.1863,13.6854],[98.1854,13.6854],[98.1854,13.6846],[98.1846,13.6846],[98.1838,13.6862],[98.1813,13.6862],[98.1813,13.6854],[98.1821,13.6854]]],[[[98.1763,13.6921],[98.1763,13.6946],[98.1771,13.6946],[98.1771,13.6962],[98.1787,13.6962],[98.1787,13.6955],[98.1796,13.6955],[98.1804,13.6946],[98.1788,13.6946],[98.1771,13.6912],[98.1804,13.6912],[98.1804,13.6921],[98.181,13.6921],[98.1838,13.6887],[98.1829,13.6887],[98.1821,13.6904],[98.1813,13.6904],[98.1813,13.6887],[98.1788,13.6887],[98.1779,13.6904],[98.1754,13.6904],[98.1754,13.6921],[98.1763,13.6921]]],[[[98.1688,13.6954],[98.1688,13.6971],[98.1704,13.6979],[98.1704,13.6996],[98.1729,13.6996],[98.1729,13.6971],[98.1721,13.6971],[98.1721,13.6962],[98.1704,13.6962],[98.1704,13.6954],[98.1688,13.6954]]],[[[98.1754,13.7004],[98.1754,13.7012],[98.1771,13.7021],[98.1771,13.7004],[98.1754,13.7004]]],[[[98.1713,13.7021],[98.1704,13.7021],[98.1704,13.7054],[98.1713,13.7054],[98.1721,13.7037],[98.1729,13.7037],[98.1729,13.7012],[98.1713,13.7012],[98.1713,13.7021]]],[[[98.1796,13.7037],[98.1771,13.7037],[98.1771,13.7046],[98.1746,13.7046],[98.1746,13.7062],[98.1763,13.7071],[98.1763,13.7096],[98.1779,13.7096],[98.1779,13.7087],[98.1788,13.7087],[98.1788,13.7155],[98.1794,13.7133],[98.1791,13.7079],[98.1779,13.7079],[98.1779,13.7062],[98.1792,13.7062],[98.1804,13.7004],[98.1796,13.7004],[98.1796,13.7037]]],[[[98.1788,13.7162],[98.1789,13.7162],[98.1788,13.7157],[98.1788,13.7162]]],[[[98.1746,13.7121],[98.1721,13.7121],[98.1721,13.7154],[98.1704,13.7146],[98.1704,13.7129],[98.1696,13.7129],[98.1696,13.7112],[98.1663,13.7112],[98.1654,13.7129],[98.1629,13.7129],[98.1621,13.7146],[98.1613,13.7146],[98.1613,13.7171],[98.1604,13.7171],[98.1604,13.7187],[98.1596,13.7187],[98.1596,13.7196],[98.1604,13.7196],[98.1604,13.7204],[98.1621,13.7204],[98.1621,13.7187],[98.1629,13.7187],[98.1638,13.7171],[98.1646,13.7171],[98.1654,13.7187],[98.1671,13.7187],[98.1671,13.7196],[98.1688,13.7196],[98.1688,13.7204],[98.1696,13.7204],[98.1696,13.7212],[98.1688,13.7212],[98.1688,13.7229],[98.1696,13.7229],[98.1696,13.7237],[98.1713,13.7237],[98.1713,13.7229],[98.1721,13.7229],[98.1721,13.7212],[98.1738,13.7204],[98.1738,13.7196],[98.1754,13.7196],[98.1754,13.7187],[98.1763,13.7187],[98.1763,13.7179],[98.1754,13.7179],[98.1754,13.7154],[98.1763,13.7154],[98.1763,13.7146],[98.1746,13.7137],[98.1746,13.7121]],[[98.1688,13.7171],[98.1671,13.7171],[98.1671,13.7162],[98.1646,13.7162],[98.1646,13.7154],[98.1654,13.7154],[98.1654,13.7146],[98.1679,13.7146],[98.1679,13.7154],[98.1688,13.7154],[98.1688,13.7171]]],[[[98.1771,13.7237],[98.1771,13.7212],[98.1779,13.7212],[98.1779,13.7204],[98.1738,13.7204],[98.1738,13.7212],[98.1746,13.7212],[98.1746,13.7237],[98.1771,13.7237]]],[[[98.1813,13.7191],[98.1806,13.7179],[98.1804,13.7179],[98.1804,13.7195],[98.1813,13.7191]]],[[[98.1796,13.7196],[98.1796,13.7207],[98.1802,13.7196],[98.1796,13.7196]]],[[[98.1788,13.7212],[98.1788,13.7236],[98.1794,13.7212],[98.1788,13.7212]]],[[[98.1779,13.7237],[98.1779,13.7273],[98.1787,13.7237],[98.1779,13.7237]]],[[[98.1713,13.7354],[98.1713,13.7371],[98.1729,13.7371],[98.1729,13.7354],[98.1713,13.7354]]],[[[98.1738,13.7404],[98.1738,13.7445],[98.1745,13.7404],[98.1738,13.7404]]],[[[98.1729,13.7446],[98.1729,13.7479],[98.173,13.7479],[98.1737,13.7446],[98.1729,13.7446]]],[[[98.1696,13.7487],[98.1696,13.7504],[98.1713,13.7504],[98.1713,13.7487],[98.1696,13.7487]]],[[[98.1713,13.7521],[98.1713,13.7586],[98.1717,13.7521],[98.1713,13.7521]]],[[[98.1988,13.7562],[98.1971,13.7562],[98.1971,13.7554],[98.1954,13.7554],[98.1954,13.7562],[98.1929,13.7562],[98.1929,13.7571],[98.1921,13.7572],[98.1921,13.7604],[98.1938,13.7604],[98.1938,13.7596],[98.1946,13.7596],[98.1946,13.7579],[98.1963,13.7579],[98.1963,13.7587],[98.1988,13.7587],[98.1988,13.7562]]],[[[98.1954,13.7654],[98.1971,13.7654],[98.1979,13.7637],[98.1954,13.7637],[98.1946,13.7621],[98.1913,13.7621],[98.1913,13.7629],[98.1896,13.7637],[98.1896,13.7654],[98.1888,13.7654],[98.1888,13.7687],[98.1904,13.7687],[98.1904,13.7696],[98.1929,13.7696],[98.1938,13.7679],[98.1954,13.7679],[98.1954,13.7654]]],[[[98.1704,13.7746],[98.1704,13.7754],[98.1713,13.7754],[98.1712,13.7704],[98.1704,13.7704],[98.1704,13.7737],[98.1696,13.7737],[98.1696,13.7746],[98.1704,13.7746]]],[[[98.1888,13.7862],[98.1888,13.7846],[98.1904,13.7846],[98.1904,13.7854],[98.1921,13.7854],[98.1921,13.7804],[98.1904,13.7796],[98.1904,13.7787],[98.1896,13.7787],[98.1896,13.7779],[98.1871,13.7779],[98.1871,13.7771],[98.1888,13.7771],[98.1888,13.7762],[98.1896,13.7762],[98.1896,13.7771],[98.1929,13.7771],[98.1929,13.7762],[98.1954,13.7762],[98.1954,13.7712],[98.1913,13.7712],[98.1913,13.7704],[98.1888,13.7704],[98.1888,13.7696],[98.1879,13.7696],[98.1879,13.7712],[98.1871,13.7712],[98.1871,13.7746],[98.1863,13.7746],[98.1863,13.7787],[98.1871,13.7787],[98.1871,13.7837],[98.1863,13.7837],[98.1863,13.7854],[98.1871,13.7854],[98.1871,13.7862],[98.1888,13.7862]],[[98.1896,13.7754],[98.1904,13.7754],[98.1904,13.7762],[98.1896,13.7762],[98.1896,13.7754]],[[98.1896,13.7721],[98.1896,13.7737],[98.1888,13.7737],[98.1888,13.7721],[98.1896,13.7721]]],[[[98.1713,13.7854],[98.1721,13.7854],[98.1717,13.7787],[98.1713,13.7787],[98.1713,13.7829],[98.1704,13.7829],[98.1704,13.7837],[98.1713,13.7837],[98.1713,13.7854]]],[[[98.1638,13.7846],[98.1638,13.7854],[98.1654,13.7862],[98.1654,13.7846],[98.1638,13.7846]]],[[[98.1713,13.7862],[98.1713,13.7887],[98.1721,13.7887],[98.1721,13.7862],[98.1713,13.7862]]],[[[98.1638,13.7904],[98.1638,13.7929],[98.1654,13.7929],[98.1654,13.7912],[98.1638,13.7904]]],[[[98.1721,13.7946],[98.1729,13.7946],[98.1725,13.7887],[98.1721,13.7887],[98.1721,13.7946]]],[[[98.1929,13.7971],[98.1938,13.7971],[98.1938,13.7954],[98.1946,13.7954],[98.1946,13.7937],[98.1921,13.7937],[98.1921,13.7929],[98.1929,13.7929],[98.1929,13.7904],[98.1913,13.7896],[98.1913,13.7879],[98.1938,13.7879],[98.1938,13.7862],[98.1921,13.7862],[98.1921,13.7871],[98.1896,13.7871],[98.1888,13.7887],[98.1871,13.7887],[98.1871,13.7901],[98.1879,13.7904],[98.1879,13.792],[98.1913,13.7993],[98.1913,13.7987],[98.1929,13.7987],[98.1929,13.7971]]],[[[98.1696,13.7937],[98.1688,13.7937],[98.1688,13.7946],[98.1671,13.7954],[98.1679,13.7971],[98.1704,13.7971],[98.1704,13.7962],[98.1696,13.7962],[98.1696,13.7937]]],[[[98.1638,13.8004],[98.1638,13.7979],[98.1629,13.7979],[98.1629,13.7954],[98.1613,13.7954],[98.1613,13.7971],[98.1621,13.7971],[98.1621,13.8004],[98.1638,13.8004]]],[[[98.1663,13.7996],[98.1654,13.8012],[98.1679,13.8012],[98.1679,13.7996],[98.1663,13.7996]]],[[[98.1713,13.8021],[98.1713,13.8046],[98.1729,13.8046],[98.1729,13.8021],[98.1713,13.8021]]],[[[98.2038,13.7696],[98.2046,13.7696],[98.2046,13.7729],[98.2054,13.7729],[98.2054,13.7746],[98.2063,13.7746],[98.2063,13.7779],[98.2071,13.7779],[98.2071,13.7821],[98.2079,13.7821],[98.2079,13.7854],[98.2088,13.7854],[98.2088,13.7871],[98.2096,13.7871],[98.2096,13.7896],[98.2104,13.7896],[98.2104,13.7912],[98.2113,13.7912],[98.2113,13.7929],[98.2121,13.7929],[98.2121,13.7946],[98.2129,13.7946],[98.2129,13.7971],[98.2138,13.7971],[98.2138,13.8021],[98.2146,13.8021],[98.2146,13.8037],[98.2154,13.8037],[98.2154,13.8054],[98.2163,13.8054],[98.2163,13.8087],[98.2171,13.8087],[98.2171,13.8121],[98.2179,13.8121],[98.2179,13.8171],[98.2188,13.8171],[98.2188,13.8221],[98.2196,13.8221],[98.2196,13.8246],[98.2188,13.8246],[98.2188,13.8254],[98.2196,13.8254],[98.2196,13.8304],[98.2204,13.8304],[98.2204,13.8346],[98.2213,13.8346],[98.2213,13.8379],[98.2221,13.8379],[98.2221,13.8429],[98.2238,13.8437],[98.2238,13.8471],[98.2246,13.8471],[98.2246,13.8612],[98.2238,13.8612],[98.2238,13.8629],[98.2244,13.8629],[98.2259,13.8611],[98.2267,13.8527],[98.2264,13.8487],[98.2233,13.838],[98.2216,13.8293],[98.22,13.8148],[98.2186,13.8079],[98.2152,13.7965],[98.2098,13.7843],[98.2034,13.7595],[98.2018,13.7557],[98.1988,13.7527],[98.1988,13.7537],[98.1996,13.7537],[98.1996,13.7554],[98.2004,13.7554],[98.2004,13.7571],[98.2013,13.7571],[98.2013,13.7596],[98.2021,13.7596],[98.2021,13.7621],[98.2029,13.7621],[98.2029,13.7671],[98.2038,13.7671],[98.2038,13.7696]]],[[[98.1979,13.8162],[98.1999,13.8229],[98.2004,13.8229],[98.2006,13.8248],[98.2016,13.8271],[98.2021,13.8271],[98.2023,13.8296],[98.2029,13.8296],[98.2029,13.8304],[98.2046,13.8304],[98.2046,13.8296],[98.2054,13.8296],[98.2054,13.8271],[98.2046,13.8271],[98.2038,13.8254],[98.2029,13.8254],[98.2029,13.8229],[98.2013,13.8229],[98.2013,13.8187],[98.2004,13.8187],[98.2004,13.8179],[98.2013,13.8179],[98.2013,13.8162],[98.2004,13.8162],[98.2004,13.8146],[98.1996,13.8146],[98.1996,13.8112],[98.1979,13.8112],[98.1979,13.8104],[98.1971,13.8104],[98.1971,13.8071],[98.1963,13.8071],[98.1963,13.8029],[98.1946,13.8029],[98.1946,13.8054],[98.1954,13.8054],[98.1954,13.8062],[98.1938,13.8062],[98.1943,13.8071],[98.1954,13.8071],[98.1954,13.8079],[98.1946,13.8079],[98.1948,13.8087],[98.1954,13.8087],[98.1956,13.8112],[98.1963,13.8112],[98.1964,13.8137],[98.1971,13.8137],[98.1971,13.8159],[98.1979,13.8162]]],[[[98.2163,13.8596],[98.2163,13.8612],[98.2171,13.8612],[98.2171,13.8629],[98.2179,13.8629],[98.2179,13.8621],[98.2213,13.8621],[98.2213,13.8562],[98.2204,13.8562],[98.2204,13.8537],[98.2196,13.8537],[98.2196,13.8521],[98.2188,13.8521],[98.2188,13.8512],[98.2163,13.8512],[98.2154,13.8496],[98.2113,13.8496],[98.2113,13.8512],[98.2121,13.8512],[98.2121,13.8529],[98.2129,13.8529],[98.2129,13.8546],[98.2138,13.8546],[98.2138,13.8571],[98.2146,13.8571],[98.2146,13.8587],[98.2163,13.8596]]],[[[98.2121,13.9446],[98.2129,13.9446],[98.2129,13.9421],[98.2146,13.9421],[98.2146,13.9404],[98.2129,13.9404],[98.2129,13.9387],[98.2121,13.9387],[98.2121,13.9446]]],[[[98.2171,13.9479],[98.2129,13.9479],[98.2129,13.9462],[98.2113,13.9471],[98.2113,13.9487],[98.2138,13.9487],[98.2138,13.9496],[98.2154,13.9504],[98.2154,13.9512],[98.2171,13.9512],[98.2171,13.9487],[98.2179,13.9487],[98.2179,13.9471],[98.2171,13.9471],[98.2171,13.9479]]],[[[98.2163,13.9404],[98.2171,13.9404],[98.2171,13.9429],[98.2179,13.9429],[98.2179,13.9446],[98.2188,13.9446],[98.2188,13.9479],[98.2196,13.9479],[98.2196,13.9529],[98.2179,13.9521],[98.2179,13.9529],[98.2163,13.9537],[98.2163,13.9562],[98.2171,13.9562],[98.2171,13.9587],[98.2154,13.9596],[98.2154,13.9604],[98.2163,13.9604],[98.2163,13.9612],[98.2154,13.9612],[98.2154,13.9637],[98.2146,13.9637],[98.2146,13.9646],[98.2104,13.9646],[98.2104,13.9654],[98.2129,13.9654],[98.2129,13.9671],[98.2113,13.9671],[98.2113,13.9687],[98.2136,13.9687],[98.2138,13.9679],[98.2154,13.9666],[98.2196,13.9566],[98.2196,13.9546],[98.2204,13.9546],[98.2204,13.9529],[98.221,13.9529],[98.2215,13.9504],[98.2174,13.9315],[98.2165,13.9296],[98.2163,13.9304],[98.2146,13.9304],[98.2146,13.9321],[98.2138,13.9321],[98.2138,13.9346],[98.2129,13.9346],[98.2129,13.9354],[98.2138,13.9354],[98.2138,13.9371],[98.2129,13.9371],[98.2129,13.9387],[98.2146,13.9387],[98.2146,13.9379],[98.2163,13.9379],[98.2163,13.9404]],[[98.2163,13.9321],[98.2163,13.9354],[98.2146,13.9354],[98.2146,13.9321],[98.2163,13.9321]]],[[[98.2071,13.9612],[98.2079,13.9612],[98.2079,13.9596],[98.2071,13.9596],[98.2071,13.9587],[98.2054,13.9587],[98.2054,13.9604],[98.2046,13.9604],[98.2046,13.9637],[98.2054,13.9637],[98.2054,13.9654],[98.2071,13.9654],[98.2071,13.9662],[98.2079,13.9662],[98.2079,13.9646],[98.2071,13.9646],[98.2071,13.9612]]],[[[98.1338,14.0004],[98.1329,14.0004],[98.1329,13.9979],[98.1338,13.9979],[98.1338,13.9971],[98.1354,13.9971],[98.1354,13.9954],[98.1346,13.9954],[98.1346,13.9929],[98.1363,13.9929],[98.1363,13.9937],[98.1379,13.9937],[98.1379,13.9929],[98.1404,13.9929],[98.1404,13.9937],[98.1413,13.9937],[98.1413,13.9929],[98.1446,13.9929],[98.1446,13.9946],[98.1471,13.9946],[98.1471,13.9954],[98.1488,13.9962],[98.1488,13.9971],[98.1504,13.9971],[98.1504,13.9954],[98.1513,13.9954],[98.1513,13.9946],[98.1546,13.9946],[98.1546,13.9954],[98.1563,13.9954],[98.1563,13.9962],[98.1571,13.9962],[98.1571,13.9987],[98.1596,13.9987],[98.1596,13.9979],[98.1613,13.9979],[98.1613,13.9987],[98.1629,13.9996],[98.1629,14.0021],[98.1604,14.0021],[98.1604,14.0012],[98.1588,14.0021],[98.1588,14.0046],[98.1604,14.0046],[98.1604,14.0062],[98.1588,14.0062],[98.1588,14.0079],[98.1579,14.0079],[98.1579,14.0096],[98.1571,14.0096],[98.1571,14.0112],[98.1579,14.0112],[98.1579,14.0154],[98.1571,14.0154],[98.1571,14.0187],[98.1588,14.0196],[98.1579,14.0212],[98.1588,14.0212],[98.1588,14.0229],[98.1604,14.0237],[98.1604,14.0254],[98.1629,14.0254],[98.1629,14.0279],[98.1596,14.0279],[98.1596,14.0287],[98.1604,14.0287],[98.1604,14.0296],[98.1621,14.0296],[98.1621,14.0304],[98.1629,14.0304],[98.1629,14.0321],[98.1638,14.0321],[98.1638,14.0346],[98.1629,14.0346],[98.1629,14.0379],[98.1646,14.0379],[98.1646,14.0396],[98.1638,14.0396],[98.1638,14.0429],[98.1621,14.0429],[98.1621,14.0421],[98.1604,14.0421],[98.1604,14.0437],[98.1563,14.0437],[98.1563,14.0454],[98.1571,14.0454],[98.1571,14.0479],[98.1563,14.0479],[98.1563,14.0487],[98.1546,14.0479],[98.1538,14.0496],[98.1579,14.0496],[98.1579,14.0479],[98.1588,14.0479],[98.1596,14.0462],[98.1613,14.0462],[98.1613,14.0479],[98.1621,14.0479],[98.1621,14.0487],[98.1613,14.0487],[98.1613,14.0504],[98.1638,14.0504],[98.1638,14.0512],[98.1646,14.0512],[98.1646,14.0529],[98.1638,14.0529],[98.1638,14.0554],[98.1621,14.0554],[98.1613,14.0571],[98.1604,14.0571],[98.1604,14.0562],[98.1588,14.0554],[98.1588,14.0571],[98.1596,14.0571],[98.1596,14.0587],[98.1604,14.0587],[98.1604,14.0596],[98.1621,14.0596],[98.1621,14.0612],[98.1604,14.0612],[98.1604,14.0629],[98.1621,14.0637],[98.1621,14.0654],[98.1613,14.0654],[98.1613,14.0671],[98.1621,14.0671],[98.1621,14.0687],[98.1613,14.0687],[98.1613,14.0696],[98.1621,14.0696],[98.1621,14.0704],[98.1638,14.0704],[98.1638,14.0729],[98.1654,14.0729],[98.1654,14.0737],[98.1671,14.0737],[98.1671,14.0754],[98.1663,14.0754],[98.1663,14.0771],[98.1679,14.0779],[98.1679,14.0812],[98.1688,14.0812],[98.1696,14.0829],[98.1704,14.0829],[98.1704,14.0862],[98.1721,14.0871],[98.1721,14.0912],[98.1729,14.0912],[98.1729,14.0996],[98.1738,14.0996],[98.1738,14.1004],[98.1729,14.1004],[98.1729,14.1021],[98.1738,14.1021],[98.1738,14.1037],[98.1746,14.1037],[98.1746,14.1046],[98.1763,14.1054],[98.1771,14.1071],[98.1779,14.1071],[98.1779,14.1079],[98.1771,14.1079],[98.1771,14.1121],[98.1788,14.1129],[98.1779,14.1146],[98.1763,14.1146],[98.1763,14.1154],[98.1754,14.1154],[98.1754,14.1179],[98.1771,14.1179],[98.1771,14.1162],[98.1788,14.1162],[98.1788,14.1154],[98.1813,14.1154],[98.1813,14.1137],[98.1821,14.1137],[98.1821,14.1171],[98.1829,14.1171],[98.1829,14.1179],[98.1821,14.1179],[98.1821,14.1196],[98.1788,14.1196],[98.1788,14.1187],[98.1763,14.1187],[98.1763,14.1212],[98.1796,14.1212],[98.1796,14.1229],[98.1788,14.1229],[98.1788,14.1246],[98.1796,14.1246],[98.1796,14.1254],[98.1813,14.1254],[98.1813,14.1262],[98.1804,14.1262],[98.1804,14.1296],[98.1788,14.1296],[98.1788,14.1337],[98.1771,14.1337],[98.1771,14.1346],[98.1763,14.1346],[98.1763,14.1337],[98.1738,14.1337],[98.1738,14.1346],[98.1713,14.1346],[98.1704,14.1362],[98.1713,14.1362],[98.1713,14.1371],[98.1729,14.1371],[98.1729,14.1396],[98.1721,14.1396],[98.1721,14.1387],[98.1696,14.1387],[98.1696,14.1404],[98.1713,14.1404],[98.1713,14.1412],[98.1729,14.1412],[98.1738,14.1429],[98.1746,14.1429],[98.1746,14.1396],[98.1754,14.1396],[98.1754,14.1362],[98.1771,14.1362],[98.1771,14.1379],[98.1796,14.1379],[98.1796,14.1371],[98.1804,14.1371],[98.1804,14.1396],[98.1813,14.1396],[98.1813,14.1387],[98.1838,14.1387],[98.1846,14.1371],[98.1863,14.1371],[98.1863,14.1379],[98.1879,14.1387],[98.1879,14.1412],[98.1846,14.1412],[98.1838,14.1429],[98.1829,14.1429],[98.1829,14.1446],[98.1821,14.1446],[98.1821,14.1496],[98.1838,14.1496],[98.1838,14.1487],[98.1863,14.1487],[98.1863,14.1462],[98.1846,14.1462],[98.1846,14.1454],[98.1854,14.1454],[98.1846,14.1437],[98.1863,14.1437],[98.1863,14.1429],[98.1879,14.1437],[98.1879,14.1462],[98.1871,14.1462],[98.1871,14.1479],[98.1879,14.1479],[98.1879,14.1496],[98.1871,14.1496],[98.1871,14.1521],[98.1863,14.1521],[98.1863,14.1512],[98.1846,14.1512],[98.1846,14.1521],[98.1838,14.1521],[98.1838,14.1529],[98.1871,14.1529],[98.1871,14.1546],[98.1863,14.1546],[98.1863,14.1562],[98.1871,14.1562],[98.1871,14.1587],[98.1863,14.1587],[98.1863,14.1629],[98.1854,14.1629],[98.1854,14.1637],[98.1846,14.1637],[98.1846,14.1629],[98.1829,14.1629],[98.1829,14.1621],[98.1771,14.1621],[98.1763,14.1604],[98.1746,14.1604],[98.1746,14.1629],[98.1738,14.1629],[98.1738,14.1621],[98.1721,14.1612],[98.1721,14.1604],[98.1704,14.1604],[98.1704,14.1579],[98.1688,14.1579],[98.1688,14.1537],[98.1671,14.1537],[98.1671,14.1521],[98.1688,14.1512],[98.1688,14.1504],[98.1704,14.1504],[98.1704,14.1487],[98.1679,14.1487],[98.1679,14.1496],[98.1654,14.1496],[98.1654,14.1529],[98.1663,14.1529],[98.1663,14.1537],[98.1646,14.1537],[98.1646,14.1546],[98.1638,14.1546],[98.1638,14.1554],[98.1654,14.1562],[98.1654,14.1637],[98.1638,14.1637],[98.1638,14.1654],[98.1646,14.1654],[98.1646,14.1671],[98.1663,14.1679],[98.1663,14.1687],[98.1679,14.1687],[98.1679,14.1679],[98.1713,14.1679],[98.1713,14.1671],[98.1721,14.1671],[98.1713,14.1654],[98.1696,14.1654],[98.1688,14.1671],[98.1679,14.1671],[98.1679,14.1629],[98.1688,14.1629],[98.1688,14.1621],[98.1713,14.1621],[98.1721,14.1637],[98.1729,14.1637],[98.1729,14.1646],[98.1738,14.1646],[98.1738,14.1679],[98.1746,14.1679],[98.1746,14.1729],[98.1738,14.1729],[98.1738,14.1754],[98.1721,14.1754],[98.1721,14.1762],[98.1729,14.1762],[98.1729,14.1779],[98.1738,14.1779],[98.1738,14.1796],[98.1721,14.1787],[98.1721,14.1804],[98.1679,14.1804],[98.1679,14.1796],[98.1663,14.1796],[98.1663,14.1804],[98.1654,14.1804],[98.1663,14.1821],[98.1671,14.1821],[98.1671,14.1812],[98.1688,14.1812],[98.1688,14.1837],[98.1679,14.1837],[98.1679,14.1862],[98.1671,14.1862],[98.1671,14.1879],[98.1654,14.1887],[98.1646,14.1904],[98.1629,14.1904],[98.1629,14.1912],[98.1621,14.1912],[98.1621,14.1921],[98.1638,14.1929],[98.1638,14.1937],[98.1629,14.1937],[98.1621,14.1954],[98.1613,14.1954],[98.1613,14.1962],[98.1596,14.1971],[98.1596,14.1979],[98.1621,14.1979],[98.1621,14.1987],[98.1638,14.1987],[98.1638,14.1971],[98.1671,14.1971],[98.1679,14.1987],[98.1704,14.1987],[98.1704,14.1979],[98.1713,14.1979],[98.1721,14.1962],[98.1738,14.1962],[98.1746,14.1946],[98.1763,14.1937],[98.1763,14.1921],[98.1754,14.1921],[98.1754,14.1904],[98.1771,14.1896],[98.1771,14.1887],[98.1788,14.1887],[98.1796,14.1871],[98.1804,14.1871],[98.1804,14.1862],[98.1813,14.1862],[98.1813,14.1871],[98.1838,14.1871],[98.1838,14.1854],[98.1846,14.1854],[98.1846,14.1846],[98.1871,14.1846],[98.1871,14.1854],[98.1888,14.1854],[98.1888,14.1887],[98.1921,14.1887],[98.1921,14.1904],[98.1913,14.1904],[98.1913,14.1912],[98.1938,14.1912],[98.1946,14.1929],[98.1963,14.1929],[98.1963,14.1904],[98.1954,14.1904],[98.1954,14.1896],[98.1938,14.1896],[98.1938,14.1879],[98.1929,14.1879],[98.1929,14.1871],[98.1913,14.1871],[98.1913,14.1846],[98.1921,14.1846],[98.1921,14.1862],[98.1938,14.1854],[98.1938,14.1829],[98.1929,14.1829],[98.1929,14.1796],[98.1921,14.1796],[98.1921,14.1787],[98.1929,14.1787],[98.1938,14.1771],[98.1921,14.1771],[98.1921,14.1746],[98.1911,14.1747],[98.1913,14.1721],[98.1904,14.1721],[98.1888,14.1673],[98.1904,14.1711],[98.1904,14.1687],[98.1896,14.1687],[98.1896,14.1662],[98.1888,14.1662],[98.1888,14.1646],[98.1879,14.1646],[98.1879,14.1621],[98.1888,14.1621],[98.1888,14.1596],[98.1896,14.1596],[98.1904,14.1579],[98.1921,14.1579],[98.1921,14.1612],[98.1913,14.1612],[98.1913,14.1621],[98.1896,14.1621],[98.1904,14.1637],[98.1921,14.1646],[98.1921,14.1679],[98.1913,14.1679],[98.1913,14.1704],[98.1929,14.1704],[98.1938,14.1687],[98.1946,14.1687],[98.1946,14.1679],[98.1963,14.1679],[98.1963,14.1662],[98.1954,14.1662],[98.1954,14.1646],[98.1938,14.1637],[98.1938,14.1621],[98.1954,14.1621],[98.1954,14.1612],[98.1963,14.1612],[98.1963,14.1587],[98.1971,14.1587],[98.1971,14.1579],[98.1946,14.1579],[98.1946,14.1562],[98.1988,14.1562],[98.1988,14.1571],[98.1996,14.1571],[98.1996,14.1562],[98.2013,14.1554],[98.2013,14.1537],[98.2029,14.1537],[98.2029,14.1529],[98.2038,14.1529],[98.2038,14.1512],[98.2063,14.1512],[98.2063,14.1504],[98.2071,14.1504],[98.2071,14.1487],[98.2063,14.1487],[98.2063,14.1454],[98.2038,14.1454],[98.2038,14.1446],[98.2088,14.1446],[98.2088,14.1421],[98.2096,14.1421],[98.2096,14.1412],[98.2071,14.1412],[98.2071,14.1396],[98.2063,14.1396],[98.2063,14.1387],[98.2071,14.1387],[98.2071,14.1371],[98.2088,14.1371],[98.2096,14.1354],[98.2113,14.1354],[98.2113,14.1362],[98.2138,14.1362],[98.2138,14.1371],[98.2154,14.1379],[98.2154,14.1404],[98.2138,14.1396],[98.2138,14.1404],[98.2129,14.1404],[98.2129,14.1429],[98.2138,14.1429],[98.2138,14.1437],[98.2163,14.1437],[98.2163,14.1421],[98.2171,14.1421],[98.2171,14.1454],[98.2179,14.1454],[98.2179,14.1462],[98.2196,14.1454],[98.2196,14.1429],[98.2179,14.1429],[98.2179,14.1396],[98.2188,14.1396],[98.2188,14.1387],[98.2204,14.1387],[98.2204,14.1362],[98.2188,14.1362],[98.2188,14.1379],[98.2163,14.1379],[98.2163,14.1346],[98.2154,14.1346],[98.2154,14.1337],[98.2138,14.1337],[98.2138,14.1321],[98.2121,14.1321],[98.2121,14.1312],[98.2104,14.1312],[98.2104,14.1304],[98.2138,14.1304],[98.2138,14.1279],[98.2154,14.1271],[98.2154,14.1237],[98.2163,14.1237],[98.2163,14.1221],[98.2154,14.1221],[98.2154,14.1171],[98.2146,14.1171],[98.2146,14.1154],[98.2154,14.1154],[98.2154,14.1121],[98.2129,14.1121],[98.2129,14.1112],[98.2138,14.1112],[98.2138,14.1087],[98.2121,14.1087],[98.2121,14.1071],[98.2129,14.1071],[98.2129,14.1079],[98.2146,14.1079],[98.2146,14.1087],[98.2154,14.1087],[98.2154,14.1079],[98.2171,14.1079],[98.2171,14.1087],[98.2188,14.1087],[98.2188,14.1029],[98.2196,14.1029],[98.2196,14.0996],[98.2171,14.0996],[98.2171,14.1004],[98.2154,14.1004],[98.2154,14.1012],[98.2171,14.1021],[98.2171,14.1029],[98.2179,14.1029],[98.2171,14.1046],[98.2138,14.1046],[98.2138,14.1054],[98.2113,14.1054],[98.2113,14.1079],[98.2104,14.1079],[98.2104,14.1096],[98.2113,14.1096],[98.2113,14.1112],[98.2104,14.1112],[98.2104,14.1121],[98.2071,14.1121],[98.2063,14.1137],[98.2029,14.1137],[98.2021,14.1154],[98.1971,14.1154],[98.1971,14.1146],[98.1963,14.1146],[98.1963,14.1137],[98.1946,14.1129],[98.1946,14.1121],[98.1929,14.1121],[98.1929,14.1096],[98.1921,14.1096],[98.1921,14.1087],[98.1904,14.1087],[98.1904,14.1079],[98.1888,14.1071],[98.1888,14.1054],[98.1871,14.1046],[98.1871,14.1037],[98.1888,14.1037],[98.1888,14.1004],[98.1913,14.1004],[98.1913,14.0996],[98.1904,14.0996],[98.1904,14.0971],[98.1896,14.0971],[98.1896,14.0954],[98.1888,14.0954],[98.1888,14.0921],[98.1879,14.0921],[98.1879,14.0904],[98.1896,14.0904],[98.1896,14.0896],[98.1904,14.0896],[98.1904,14.0879],[98.1879,14.0879],[98.1879,14.0887],[98.1863,14.0887],[98.1863,14.0904],[98.1854,14.0904],[98.1854,14.0912],[98.1838,14.0912],[98.1838,14.0871],[98.1871,14.0871],[98.1871,14.0854],[98.1879,14.0854],[98.1879,14.0837],[98.1871,14.0837],[98.1871,14.0821],[98.1838,14.0804],[98.1838,14.0796],[98.1854,14.0787],[98.1854,14.0771],[98.1838,14.0762],[98.1838,14.0746],[98.1846,14.0746],[98.1846,14.0729],[98.1854,14.0729],[98.1854,14.0704],[98.1863,14.0704],[98.1863,14.0687],[98.1871,14.0687],[98.1871,14.0671],[98.1879,14.0671],[98.1879,14.0629],[98.1888,14.0629],[98.1888,14.0562],[98.1896,14.0562],[98.1896,14.0529],[98.1913,14.0529],[98.1913,14.0537],[98.1921,14.0537],[98.1921,14.0554],[98.1913,14.0554],[98.1913,14.0579],[98.1929,14.0579],[98.1929,14.0604],[98.1921,14.0604],[98.1921,14.0612],[98.1929,14.0612],[98.1929,14.0629],[98.1946,14.0629],[98.1946,14.0646],[98.1963,14.0646],[98.1963,14.0637],[98.1971,14.0637],[98.1971,14.0646],[98.1979,14.0646],[98.1979,14.0679],[98.2004,14.0679],[98.2004,14.0662],[98.2029,14.0662],[98.2029,14.0679],[98.2021,14.0679],[98.2021,14.0687],[98.2029,14.0687],[98.2029,14.0721],[98.2054,14.0721],[98.2054,14.0704],[98.2071,14.0704],[98.2071,14.0687],[98.2079,14.0687],[98.2079,14.0679],[98.2088,14.0679],[98.2088,14.0687],[98.2104,14.0687],[98.2104,14.0696],[98.2096,14.0696],[98.2096,14.0712],[98.2129,14.0712],[98.2129,14.0696],[98.2146,14.0696],[98.2146,14.0712],[98.2129,14.0721],[98.2129,14.0737],[98.2138,14.0737],[98.2138,14.0746],[98.2154,14.0754],[98.2154,14.0771],[98.2171,14.0771],[98.2171,14.0754],[98.2179,14.0754],[98.2179,14.0746],[98.2204,14.0746],[98.2204,14.0729],[98.2196,14.0729],[98.2196,14.0721],[98.2213,14.0721],[98.2213,14.0729],[98.2238,14.0729],[98.2238,14.0712],[98.2229,14.0712],[98.2229,14.0704],[98.2213,14.0704],[98.2213,14.0696],[98.2196,14.0696],[98.2196,14.0704],[98.2179,14.0704],[98.2179,14.0687],[98.2196,14.0687],[98.2196,14.0662],[98.2204,14.0662],[98.2204,14.0621],[98.2213,14.0621],[98.2213,14.0604],[98.2221,14.0604],[98.2221,14.0587],[98.2238,14.0579],[98.2238,14.0571],[98.2263,14.0571],[98.2263,14.0562],[98.2238,14.0562],[98.2238,14.0529],[98.2196,14.0529],[98.2196,14.0512],[98.2163,14.0512],[98.2163,14.0471],[98.2171,14.0471],[98.2171,14.0496],[98.2188,14.0496],[98.2188,14.0479],[98.2179,14.0479],[98.2179,14.0446],[98.2204,14.0446],[98.2204,14.0429],[98.2171,14.0429],[98.2171,14.0412],[98.2179,14.0412],[98.2179,14.0396],[98.2163,14.0387],[98.2163,14.0379],[98.2171,14.0379],[98.2171,14.0354],[98.2179,14.0354],[98.2179,14.0321],[98.2204,14.0321],[98.2204,14.0312],[98.2213,14.0312],[98.2213,14.0296],[98.2229,14.0287],[98.2229,14.0271],[98.2246,14.0271],[98.2254,14.0287],[98.2279,14.0287],[98.2279,14.0279],[98.2288,14.0279],[98.2288,14.0262],[98.2304,14.0262],[98.2304,14.0212],[98.2279,14.0212],[98.2279,14.0196],[98.2271,14.0196],[98.2271,14.0187],[98.2263,14.0187],[98.2263,14.0204],[98.2246,14.0204],[98.2246,14.0179],[98.2238,14.0179],[98.2238,14.0096],[98.2221,14.0096],[98.2221,14.0087],[98.2213,14.0087],[98.2213,14.0071],[98.2218,14.0071],[98.2214,14.0056],[98.2221,14.0071],[98.2221,14.0004],[98.2229,14.0004],[98.2229,13.9987],[98.2279,13.9987],[98.2279,14.0004],[98.2296,14.0012],[98.2296,14.0046],[98.2304,14.0046],[98.2304,14.0062],[98.2288,14.0062],[98.2288,14.0079],[98.2271,14.0087],[98.2271,14.0104],[98.2279,14.0104],[98.2279,14.0096],[98.2296,14.0096],[98.2296,14.0087],[98.2313,14.0087],[98.2313,14.0062],[98.2329,14.0062],[98.2329,14.0087],[98.2338,14.0087],[98.2338,14.0079],[98.2354,14.0079],[98.2354,14.0071],[98.2379,14.0071],[98.2379,14.0054],[98.2371,14.0054],[98.2371,14.0029],[98.2363,14.0029],[98.2363,14.0012],[98.2413,14.0012],[98.2413,14.0021],[98.2429,14.0021],[98.2429,14.0054],[98.2438,14.0054],[98.2446,14.0071],[98.2454,14.0071],[98.2454,14.0087],[98.2463,14.0087],[98.2463,14.0104],[98.2471,14.0104],[98.2471,14.0146],[98.2454,14.0154],[98.2454,14.0171],[98.2479,14.0171],[98.2479,14.0154],[98.2504,14.0154],[98.2504,14.0129],[98.2513,14.0129],[98.2513,14.0112],[98.2521,14.0112],[98.2521,14.0104],[98.2563,14.0104],[98.2571,14.0087],[98.2596,14.0087],[98.2604,14.0104],[98.2613,14.0104],[98.2613,14.0112],[98.2629,14.0112],[98.2629,14.0096],[98.2654,14.0096],[98.2654,14.0087],[98.2696,14.0087],[98.2696,14.0096],[98.2704,14.0096],[98.2704,14.0112],[98.2721,14.0112],[98.2721,14.0104],[98.2729,14.0104],[98.2738,14.0087],[98.2763,14.0087],[98.2763,14.0096],[98.2746,14.0104],[98.2754,14.0121],[98.2763,14.0121],[98.2763,14.0162],[98.2771,14.0162],[98.2763,14.0179],[98.2754,14.0179],[98.2754,14.0196],[98.2788,14.0196],[98.2788,14.0187],[98.2813,14.0187],[98.2813,14.0196],[98.2838,14.0196],[98.2838,14.0212],[98.2863,14.0212],[98.2863,14.0221],[98.2871,14.0221],[98.2871,14.0246],[98.2863,14.0246],[98.2863,14.0279],[98.2888,14.0279],[98.2888,14.0271],[98.2896,14.0271],[98.2896,14.0229],[98.2888,14.0229],[98.2888,14.0212],[98.2896,14.0212],[98.2896,14.0196],[98.2921,14.0196],[98.2921,14.0204],[98.2938,14.0204],[98.2938,14.0196],[98.2954,14.0196],[98.2954,14.0179],[98.2929,14.0179],[98.2929,14.0162],[98.2913,14.0162],[98.2913,14.0171],[98.2904,14.0171],[98.2904,14.0187],[98.2888,14.0187],[98.2888,14.0179],[98.2879,14.0179],[98.2879,14.0171],[98.2896,14.0162],[98.2904,14.0146],[98.2921,14.0137],[98.2921,14.0121],[98.2913,14.0121],[98.2913,14.0096],[98.2929,14.0096],[98.2929,14.0062],[98.2921,14.0062],[98.2929,14.0046],[98.2921,14.0046],[98.2921,14.0037],[98.2938,14.0029],[98.2938,13.9979],[98.2954,13.9971],[98.2954,13.9946],[98.2963,13.9946],[98.2971,13.9929],[98.2979,13.9929],[98.2979,13.9921],[98.2988,13.9921],[98.2988,13.9896],[98.2996,13.9896],[98.2996,13.9879],[98.2988,13.9879],[98.2988,13.9871],[98.3004,13.9871],[98.3004,13.9879],[98.3013,13.9879],[98.3013,13.9871],[98.3021,13.9871],[98.3021,13.9846],[98.3029,13.9846],[98.3029,13.9821],[98.3054,13.9821],[98.3054,13.9779],[98.3063,13.9779],[98.3063,13.9762],[98.3054,13.9762],[98.3054,13.9737],[98.3046,13.9737],[98.3046,13.9721],[98.3054,13.9721],[98.3054,13.9704],[98.3063,13.9704],[98.3063,13.9696],[98.3071,13.9696],[98.3071,13.9679],[98.3054,13.9679],[98.3054,13.9671],[98.3046,13.9671],[98.3046,13.9679],[98.3021,13.9679],[98.3021,13.9696],[98.3004,13.9704],[98.3004,13.9729],[98.2988,13.9729],[98.2988,13.9746],[98.2971,13.9746],[98.2971,13.9754],[98.2963,13.9754],[98.2963,13.9771],[98.2954,13.9771],[98.2954,13.9804],[98.2946,13.9804],[98.2946,13.9829],[98.2988,13.9829],[98.2988,13.9837],[98.2996,13.9837],[98.2996,13.9846],[98.2988,13.9846],[98.2988,13.9862],[98.2971,13.9854],[98.2971,13.9846],[98.2954,13.9846],[98.2954,13.9837],[98.2896,13.9837],[98.2896,13.9854],[98.2871,13.9854],[98.2871,13.9862],[98.2863,13.9862],[98.2863,13.9879],[98.2879,13.9887],[98.2879,13.9896],[98.2854,13.9896],[98.2854,13.9887],[98.2846,13.9887],[98.2846,13.9904],[98.2863,13.9904],[98.2863,13.9921],[98.2846,13.9921],[98.2846,13.9929],[98.2838,13.9929],[98.2838,13.9962],[98.2846,13.9962],[98.2846,13.9979],[98.2863,13.9979],[98.2863,13.9996],[98.2879,13.9996],[98.2879,14.0004],[98.2888,14.0004],[98.2879,14.0021],[98.2863,14.0021],[98.2863,14.0029],[98.2854,14.0029],[98.2854,14.0046],[98.2829,14.0046],[98.2829,14.0054],[98.2813,14.0054],[98.2813,14.0062],[98.2796,14.0071],[98.2788,14.0054],[98.2771,14.0054],[98.2763,14.0037],[98.2754,14.0037],[98.2754,14.0021],[98.2746,14.0021],[98.2746,14.0046],[98.2729,14.0046],[98.2729,14.0062],[98.2704,14.0062],[98.2704,14.0054],[98.2696,14.0054],[98.2696,14.0021],[98.2663,14.0021],[98.2663,14.0029],[98.2671,14.0029],[98.2663,14.0046],[98.2629,14.0046],[98.2621,14.0062],[98.2604,14.0062],[98.2604,14.0037],[98.2588,14.0037],[98.2588,14.0021],[98.2596,14.0021],[98.2604,14.0004],[98.2579,14.0004],[98.2579,14.0012],[98.2563,14.0012],[98.2563,14.0004],[98.2538,14.0004],[98.2538,13.9996],[98.2496,13.9996],[98.2496,13.9987],[98.2488,13.9987],[98.2488,13.9837],[98.2479,13.9837],[98.2479,13.9821],[98.2471,13.9821],[98.2471,13.9779],[98.2479,13.9779],[98.2479,13.9762],[98.2488,13.9762],[98.2488,13.9754],[98.2471,13.9746],[98.2471,13.9771],[98.2463,13.9771],[98.2463,13.9779],[98.2446,13.9787],[98.2446,13.9796],[98.2413,13.9796],[98.2413,13.9779],[98.2404,13.9779],[98.2404,13.9737],[98.2396,13.9737],[98.2396,13.9729],[98.2379,13.9729],[98.2371,13.9712],[98.2363,13.9712],[98.2363,13.9696],[98.2354,13.9696],[98.2354,13.9662],[98.2371,13.9654],[98.2371,13.9637],[98.2379,13.9637],[98.2379,13.9629],[98.2396,13.9629],[98.2396,13.9637],[98.2421,13.9637],[98.2421,13.9612],[98.2404,13.9604],[98.2404,13.9554],[98.2413,13.9554],[98.2413,13.9546],[98.2463,13.9546],[98.2463,13.9554],[98.2479,13.9554],[98.2479,13.9562],[98.2488,13.9562],[98.2488,13.9537],[98.2504,13.9546],[98.2504,13.9512],[98.2513,13.9512],[98.2513,13.9504],[98.2529,13.9504],[98.2529,13.9471],[98.2504,13.9471],[98.2504,13.9487],[98.2496,13.9487],[98.2496,13.9496],[98.2471,13.9496],[98.2471,13.9471],[98.2463,13.9471],[98.2463,13.9437],[98.2454,13.9437],[98.2454,13.9421],[98.2463,13.9421],[98.2463,13.9404],[98.2471,13.9404],[98.2471,13.9387],[98.2479,13.9387],[98.2479,13.9379],[98.2504,13.9379],[98.2513,13.9396],[98.2521,13.9396],[98.2521,13.9387],[98.2529,13.9387],[98.2529,13.9371],[98.2546,13.9371],[98.2546,13.9362],[98.2554,13.9362],[98.2554,13.9346],[98.2571,13.9346],[98.2571,13.9379],[98.2579,13.9379],[98.2579,13.9387],[98.2596,13.9387],[98.2596,13.9379],[98.2638,13.9379],[98.2638,13.9371],[98.2654,13.9371],[98.2654,13.9379],[98.2671,13.9379],[98.2671,13.9396],[98.2696,13.9396],[98.2696,13.9379],[98.2713,13.9387],[98.2713,13.9371],[98.2721,13.9371],[98.2721,13.9362],[98.2713,13.9362],[98.2713,13.9329],[98.2721,13.9329],[98.2721,13.9321],[98.2696,13.9321],[98.2696,13.9304],[98.2688,13.9304],[98.2688,13.9287],[98.2671,13.9287],[98.2671,13.9304],[98.2654,13.9304],[98.2654,13.9296],[98.2629,13.9296],[98.2629,13.9279],[98.2621,13.9279],[98.2621,13.9271],[98.2596,13.9271],[98.2596,13.9262],[98.2546,13.9262],[98.2546,13.9254],[98.2538,13.9254],[98.2538,13.9237],[98.2529,13.9237],[98.2529,13.9204],[98.2513,13.9196],[98.2513,13.9171],[98.2479,13.9171],[98.2479,13.9162],[98.2463,13.9162],[98.2463,13.9171],[98.2446,13.9171],[98.2446,13.9179],[98.2429,13.9179],[98.2429,13.9162],[98.2413,13.9162],[98.2413,13.9154],[98.2407,13.9154],[98.2404,13.9171],[98.2388,13.919],[98.2388,13.9204],[98.2379,13.9204],[98.2379,13.9212],[98.2373,13.9212],[98.2363,13.9229],[98.2321,13.9252],[98.2314,13.9271],[98.2321,13.9271],[98.2321,13.9287],[98.2313,13.9287],[98.2313,13.9371],[98.2304,13.9371],[98.2304,13.9396],[98.2296,13.9396],[98.2296,13.9459],[98.2304,13.9462],[98.2304,13.9529],[98.2313,13.9529],[98.2313,13.9571],[98.2321,13.9571],[98.2321,13.9596],[98.2313,13.9596],[98.2313,13.9654],[98.2304,13.9654],[98.2304,13.9679],[98.2296,13.9679],[98.2296,13.9696],[98.2288,13.9696],[98.2288,13.9712],[98.2279,13.9712],[98.2279,13.9729],[98.2263,13.9737],[98.2263,13.9746],[98.2254,13.975],[98.2254,13.9762],[98.2246,13.9762],[98.2238,13.9779],[98.2229,13.9779],[98.2229,13.9787],[98.2221,13.9787],[98.2213,13.9804],[98.2204,13.9804],[98.2196,13.9821],[98.2179,13.9829],[98.2179,13.9846],[98.2171,13.9846],[98.2171,13.9854],[98.2154,13.9862],[98.2154,13.9879],[98.2146,13.9879],[98.2146,13.9896],[98.2138,13.9896],[98.2138,13.9912],[98.2129,13.9912],[98.2129,13.9921],[98.2121,13.9925],[98.2121,13.9946],[98.2113,13.9946],[98.2104,13.9962],[98.2096,13.9962],[98.2096,13.9971],[98.2079,13.9971],[98.2079,13.9979],[98.2071,13.9979],[98.207,14.0028],[98.2049,14.0069],[98.2028,14.0092],[98.2001,14.0108],[98.1961,14.0151],[98.1882,14.0214],[98.1899,14.0287],[98.1905,14.0345],[98.1899,14.0414],[98.1921,14.041],[98.1921,14.0404],[98.1929,14.0404],[98.1929,14.0409],[98.1959,14.0401],[98.1929,14.0412],[98.1921,14.041],[98.1899,14.0414],[98.1871,14.0414],[98.1872,14.0431],[98.1871,14.0414],[98.1848,14.0414],[98.1857,14.0342],[98.1844,14.0323],[98.185,14.0312],[98.1847,14.0287],[98.1831,14.0236],[98.1854,14.0153],[98.1842,14.0124],[98.1845,14.0102],[98.1878,14.0076],[98.1889,14.0079],[98.1923,14.0042],[98.1921,14.0029],[98.1929,14.0029],[98.1929,14.0021],[98.1937,14.0021],[98.1944,14.0008],[98.1979,13.9896],[98.2005,13.9832],[98.2029,13.9797],[98.2029,13.9787],[98.2038,13.9787],[98.2038,13.9779],[98.2047,13.9779],[98.2092,13.9747],[98.2088,13.973],[98.2079,13.9729],[98.2079,13.9723],[98.2044,13.971],[98.2008,13.9631],[98.2021,13.9562],[98.2046,13.9521],[98.2057,13.9512],[98.2074,13.9469],[98.2079,13.9346],[98.2085,13.9346],[98.2104,13.9299],[98.2104,13.9279],[98.2113,13.9275],[98.2113,13.9237],[98.2121,13.9237],[98.2121,13.9204],[98.2127,13.9204],[98.2154,13.9106],[98.216,13.9024],[98.2159,13.9012],[98.2154,13.9012],[98.2153,13.8896],[98.2146,13.8896],[98.2146,13.8862],[98.2129,13.8854],[98.2129,13.8837],[98.2113,13.8846],[98.2113,13.8821],[98.2129,13.8829],[98.2129,13.8819],[98.2104,13.8787],[98.2048,13.8687],[98.2046,13.8696],[98.2029,13.8696],[98.2029,13.8679],[98.2021,13.8679],[98.2021,13.8662],[98.2029,13.8662],[98.2029,13.8671],[98.2038,13.8667],[98.2018,13.8621],[98.2013,13.8621],[98.2013,13.8629],[98.2004,13.8629],[98.2004,13.8637],[98.1996,13.8637],[98.1996,13.8646],[98.1979,13.8646],[98.1979,13.8637],[98.1971,13.8637],[98.1979,13.8621],[98.1996,13.8621],[98.1996,13.8612],[98.2013,13.8612],[98.1994,13.8579],[98.1988,13.8579],[98.1979,13.8554],[98.1971,13.8554],[98.1971,13.8537],[98.1959,13.8504],[98.1954,13.8504],[98.1946,13.8462],[98.1938,13.8462],[98.1938,13.8444],[98.1929,13.8437],[98.1929,13.8416],[98.1921,13.8412],[98.1921,13.8396],[98.1913,13.8396],[98.1913,13.8383],[98.1904,13.8379],[98.1884,13.8329],[98.1821,13.8329],[98.1821,13.8346],[98.1804,13.8346],[98.1796,13.8329],[98.1788,13.8329],[98.1788,13.8321],[98.1771,13.8321],[98.1771,13.8304],[98.1779,13.8304],[98.1779,13.8312],[98.1796,13.8312],[98.1796,13.8296],[98.1821,13.8296],[98.1821,13.8321],[98.1829,13.8321],[98.1829,13.8296],[98.1838,13.8296],[98.1838,13.8287],[98.1846,13.8287],[98.1846,13.8296],[98.1863,13.8292],[98.1854,13.8287],[98.1854,13.8271],[98.1846,13.8271],[98.1846,13.8254],[98.1838,13.8254],[98.1838,13.8239],[98.1829,13.8237],[98.1829,13.8229],[98.1821,13.8229],[98.1821,13.8212],[98.1796,13.8212],[98.1796,13.8204],[98.1813,13.8204],[98.1813,13.8196],[98.1804,13.8196],[98.1804,13.8177],[98.1786,13.8156],[98.1754,13.8048],[98.1754,13.8054],[98.1746,13.8054],[98.1746,13.8062],[98.1754,13.8062],[98.1754,13.8079],[98.1763,13.8079],[98.1763,13.8112],[98.1771,13.8112],[98.1771,13.8154],[98.1763,13.8154],[98.1763,13.8146],[98.1754,13.8146],[98.1754,13.8154],[98.1713,13.8154],[98.1713,13.8121],[98.1721,13.8121],[98.1721,13.8104],[98.1738,13.8096],[98.1738,13.8087],[98.1729,13.8087],[98.1729,13.8071],[98.1721,13.8071],[98.1721,13.8062],[98.1713,13.8062],[98.1713,13.8071],[98.1688,13.8071],[98.1688,13.8062],[98.1663,13.8062],[98.1663,13.8054],[98.1654,13.8054],[98.1654,13.8037],[98.1638,13.8037],[98.1638,13.8054],[98.1646,13.8054],[98.1646,13.8071],[98.1663,13.8079],[98.1663,13.8104],[98.1671,13.8104],[98.1671,13.8129],[98.1704,13.8129],[98.1704,13.8137],[98.1696,13.8137],[98.1696,13.8146],[98.1688,13.8146],[98.1688,13.8137],[98.1679,13.8137],[98.1679,13.8146],[98.1663,13.8146],[98.1663,13.8162],[98.1671,13.8162],[98.1663,13.8179],[98.1654,13.8179],[98.1654,13.8171],[98.1629,13.8171],[98.1629,13.8212],[98.1638,13.8212],[98.1638,13.8221],[98.1654,13.8221],[98.1654,13.8237],[98.1671,13.8237],[98.1671,13.8262],[98.1679,13.8262],[98.1679,13.8271],[98.1671,13.8271],[98.1671,13.8312],[98.1663,13.8312],[98.1663,13.8337],[98.1679,13.8337],[98.1679,13.8346],[98.1654,13.8346],[98.1654,13.8362],[98.1663,13.8362],[98.1663,13.8379],[98.1654,13.8379],[98.1646,13.8396],[98.1638,13.8396],[98.1638,13.8429],[98.1629,13.8429],[98.1629,13.8454],[98.1621,13.8454],[98.1621,13.8487],[98.1613,13.8487],[98.1613,13.8512],[98.1604,13.8512],[98.1604,13.8529],[98.1579,13.8529],[98.1579,13.8554],[98.1596,13.8562],[98.1596,13.8554],[98.1629,13.8554],[98.1629,13.8537],[98.1638,13.8537],[98.1638,13.8529],[98.1654,13.8529],[98.1654,13.8537],[98.1679,13.8537],[98.1679,13.8521],[98.1663,13.8521],[98.1663,13.8512],[98.1671,13.8512],[98.1671,13.8504],[98.1696,13.8504],[98.1696,13.8496],[98.1713,13.8496],[98.1713,13.8504],[98.1729,13.8504],[98.1729,13.8537],[98.1738,13.8537],[98.1738,13.8546],[98.1729,13.8546],[98.1729,13.8571],[98.1738,13.8571],[98.1738,13.8596],[98.1713,13.8596],[98.1713,13.8621],[98.1704,13.8621],[98.1704,13.8629],[98.1688,13.8629],[98.1688,13.8637],[98.1671,13.8637],[98.1671,13.8646],[98.1654,13.8646],[98.1654,13.8671],[98.1646,13.8671],[98.1638,13.8687],[98.1621,13.8687],[98.1621,13.8704],[98.1613,13.8704],[98.1613,13.8712],[98.1571,13.8712],[98.1571,13.8729],[98.1579,13.8729],[98.1579,13.8737],[98.1563,13.8746],[98.1563,13.8754],[98.1571,13.8754],[98.1571,13.8779],[98.1579,13.8779],[98.1579,13.8796],[98.1554,13.8796],[98.1554,13.8804],[98.1546,13.8804],[98.1546,13.8829],[98.1538,13.8829],[98.1538,13.8837],[98.1529,13.8837],[98.1529,13.8829],[98.1504,13.8829],[98.1504,13.8837],[98.1496,13.8837],[98.1496,13.8854],[98.1504,13.8854],[98.1504,13.8879],[98.1471,13.8896],[98.1471,13.8904],[98.1488,13.8904],[98.1488,13.8912],[98.1504,13.8912],[98.1504,13.8929],[98.1521,13.8937],[98.1521,13.8979],[98.1513,13.8979],[98.1513,13.8987],[98.1496,13.8996],[98.1496,13.9004],[98.1488,13.9004],[98.1488,13.9021],[98.1454,13.9021],[98.1454,13.9029],[98.1446,13.9029],[98.1446,13.9021],[98.1421,13.9021],[98.1429,13.9037],[98.1438,13.9037],[98.1438,13.9062],[98.1471,13.9062],[98.1471,13.9096],[98.1454,13.9104],[98.1454,13.9154],[98.1463,13.9154],[98.1463,13.9162],[98.1479,13.9162],[98.1479,13.9154],[98.1504,13.9154],[98.1504,13.9162],[98.1521,13.9162],[98.1521,13.9179],[98.1513,13.9179],[98.1513,13.9187],[98.1496,13.9187],[98.1496,13.9204],[98.1504,13.9204],[98.1504,13.9254],[98.1488,13.9254],[98.1479,13.9271],[98.1463,13.9279],[98.1463,13.9304],[98.1479,13.9304],[98.1479,13.9321],[98.1471,13.9321],[98.1471,13.9337],[98.1488,13.9337],[98.1488,13.9346],[98.1504,13.9346],[98.1504,13.9321],[98.1513,13.9321],[98.1513,13.9354],[98.1529,13.9362],[98.1529,13.9387],[98.1504,13.9387],[98.1496,13.9404],[98.1479,13.9404],[98.1479,13.9354],[98.1471,13.9354],[98.1471,13.9362],[98.1463,13.9362],[98.1463,13.9379],[98.1454,13.9379],[98.1454,13.9404],[98.1429,13.9404],[98.1429,13.9421],[98.1413,13.9421],[98.1413,13.9396],[98.1421,13.9396],[98.1421,13.9379],[98.1413,13.9379],[98.1413,13.9371],[98.1371,13.9371],[98.1371,13.9354],[98.1338,13.9354],[98.1338,13.9362],[98.1329,13.9362],[98.1338,13.9379],[98.1363,13.9379],[98.1363,13.9404],[98.1396,13.9404],[98.1396,13.9412],[98.1404,13.9412],[98.1404,13.9429],[98.1413,13.9429],[98.1413,13.9496],[98.1446,13.9496],[98.1446,13.9504],[98.1471,13.9504],[98.1471,13.9512],[98.1479,13.9512],[98.1479,13.9529],[98.1488,13.9529],[98.1488,13.9537],[98.1479,13.9537],[98.1479,13.9562],[98.1496,13.9562],[98.1496,13.9579],[98.1504,13.9579],[98.1504,13.9612],[98.1496,13.9612],[98.1496,13.9621],[98.1479,13.9621],[98.1479,13.9629],[98.1471,13.9629],[98.1463,13.9646],[98.1454,13.9646],[98.1454,13.9662],[98.1446,13.9662],[98.1438,13.9679],[98.1429,13.9679],[98.1429,13.9712],[98.1438,13.9712],[98.1438,13.9754],[98.1429,13.9754],[98.1429,13.9762],[98.1413,13.9762],[98.1413,13.9771],[98.1388,13.9771],[98.1388,13.9762],[98.1371,13.9762],[98.1371,13.9779],[98.1363,13.9779],[98.1363,13.9812],[98.1354,13.9812],[98.1354,13.9821],[98.1338,13.9821],[98.1338,13.9796],[98.1313,13.9796],[98.1313,13.9821],[98.1321,13.9821],[98.1313,13.9837],[98.1304,13.9837],[98.1304,13.9846],[98.1313,13.9846],[98.1313,13.9871],[98.1296,13.9879],[98.1296,13.9896],[98.1288,13.9896],[98.1288,13.9912],[98.1296,13.9912],[98.1296,13.9929],[98.1321,13.9929],[98.1321,13.9937],[98.1296,13.9937],[98.1296,13.9979],[98.1288,13.9979],[98.1288,13.9987],[98.1304,13.9996],[98.1304,14.0004],[98.1296,14.0004],[98.1296,14.0037],[98.1304,14.0037],[98.1304,14.0054],[98.1329,14.0054],[98.1329,14.0062],[98.1338,14.0062],[98.1338,14.0079],[98.1354,14.0079],[98.1354,14.0046],[98.1338,14.0046],[98.1338,14.0037],[98.1329,14.0037],[98.1329,14.0012],[98.1338,14.0012],[98.1338,14.0004]],[[98.1338,13.9929],[98.1338,13.9921],[98.1346,13.9921],[98.1346,13.9929],[98.1338,13.9929]],[[98.1329,13.9921],[98.1329,13.9912],[98.1338,13.9912],[98.1338,13.9921],[98.1329,13.9921]],[[98.1796,14.1137],[98.1796,14.1146],[98.1788,14.1146],[98.1788,14.1137],[98.1796,14.1137]],[[98.1829,14.1379],[98.1829,14.1371],[98.1838,14.1371],[98.1838,14.1379],[98.1829,14.1379]],[[98.1871,14.1337],[98.1854,14.1329],[98.1854,14.1312],[98.1871,14.1304],[98.1871,14.1296],[98.1879,14.1296],[98.1871,14.1279],[98.1888,14.1271],[98.1888,14.1262],[98.1904,14.1262],[98.1904,14.1337],[98.1888,14.1346],[98.1888,14.1371],[98.1879,14.1371],[98.1879,14.1379],[98.1871,14.1379],[98.1871,14.1337]],[[98.1854,14.1337],[98.1846,14.1337],[98.1846,14.1329],[98.1854,14.1329],[98.1854,14.1337]],[[98.1846,14.1346],[98.1838,14.1346],[98.1838,14.1337],[98.1846,14.1337],[98.1846,14.1346]],[[98.1679,14.1896],[98.1679,14.1921],[98.1663,14.1921],[98.1663,14.1904],[98.1654,14.1904],[98.1654,14.1896],[98.1679,14.1896]],[[98.1921,13.8429],[98.1913,13.8429],[98.1913,13.8421],[98.1879,13.8421],[98.1879,13.8412],[98.1896,13.8412],[98.1896,13.8404],[98.1913,13.8404],[98.1913,13.8412],[98.1921,13.8412],[98.1921,13.8429]],[[98.1704,13.8146],[98.1704,13.8162],[98.1696,13.8162],[98.1696,13.8146],[98.1704,13.8146]],[[98.1504,13.8887],[98.1504,13.8896],[98.1496,13.8896],[98.1496,13.8887],[98.1504,13.8887]],[[98.1304,14.0029],[98.1313,14.0029],[98.1313,14.0037],[98.1304,14.0037],[98.1304,14.0029]],[[98.1321,14.0037],[98.1321,14.0046],[98.1313,14.0046],[98.1313,14.0037],[98.1321,14.0037]],[[98.3004,13.9804],[98.2988,13.9804],[98.2988,13.9787],[98.3004,13.9787],[98.3004,13.9804]],[[98.3004,13.9771],[98.3021,13.9771],[98.3021,13.9787],[98.3004,13.9787],[98.3004,13.9771]],[[98.2579,13.9287],[98.2563,13.9287],[98.2563,13.9279],[98.2579,13.9279],[98.2579,13.9287]],[[98.2513,14.0104],[98.2488,14.0104],[98.2488,14.0087],[98.2513,14.0087],[98.2513,14.0104]],[[98.2479,13.9871],[98.2463,13.9871],[98.2463,13.9862],[98.2479,13.9862],[98.2479,13.9871]],[[98.2471,13.9187],[98.2463,13.9187],[98.2463,13.9179],[98.2471,13.9179],[98.2471,13.9187]],[[98.2388,13.9896],[98.2363,13.9896],[98.2363,13.9904],[98.2354,13.9904],[98.2346,13.9921],[98.2329,13.9921],[98.2329,13.9912],[98.2321,13.9912],[98.2321,13.9871],[98.2313,13.9871],[98.2313,13.9829],[98.2321,13.9829],[98.2321,13.9804],[98.2329,13.9804],[98.2338,13.9787],[98.2371,13.9787],[98.2371,13.9796],[98.2388,13.9804],[98.2388,13.9837],[98.2379,13.9837],[98.2379,13.9854],[98.2388,13.9854],[98.2388,13.9871],[98.2396,13.9871],[98.2396,13.9879],[98.2388,13.9879],[98.2388,13.9896]],[[98.2338,14.0054],[98.2329,14.0054],[98.2329,14.0046],[98.2338,14.0046],[98.2338,14.0054]],[[98.2296,14.0229],[98.2296,14.0237],[98.2288,14.0237],[98.2288,14.0229],[98.2296,14.0229]],[[98.2279,14.0229],[98.2279,14.0221],[98.2288,14.0221],[98.2288,14.0229],[98.2279,14.0229]],[[98.2196,14.0562],[98.2179,14.0571],[98.2179,14.0562],[98.2171,14.0562],[98.2171,14.0546],[98.2188,14.0546],[98.2196,14.0562]],[[98.2119,14.0031],[98.219,14.0042],[98.2171,14.0046],[98.2171,14.0039],[98.2119,14.0031]],[[98.2171,14.0712],[98.2163,14.0712],[98.2163,14.0704],[98.2171,14.0704],[98.2171,14.0712]],[[98.2146,14.0004],[98.2138,14.0004],[98.2138,13.9996],[98.2146,13.9996],[98.2146,14.0004]],[[98.2046,14.0696],[98.2038,14.0696],[98.2038,14.0687],[98.2046,14.0687],[98.2046,14.0696]],[[98.2029,14.1304],[98.2021,14.1304],[98.2021,14.1296],[98.2029,14.1296],[98.2029,14.1304]],[[98.2004,14.1546],[98.1996,14.1546],[98.1996,14.1537],[98.2004,14.1537],[98.2004,14.1546]],[[98.2004,13.9721],[98.1988,13.9721],[98.1988,13.9712],[98.2004,13.9712],[98.2004,13.9721]],[[98.1996,14.1512],[98.2004,14.1512],[98.2004,14.1521],[98.1979,14.1521],[98.1979,14.1512],[98.1971,14.1512],[98.1971,14.1496],[98.1988,14.1487],[98.1988,14.1479],[98.1996,14.1479],[98.1996,14.1512]],[[98.1996,14.1471],[98.2004,14.1471],[98.2004,14.1479],[98.1996,14.1479],[98.1996,14.1471]],[[98.1963,14.1296],[98.1971,14.1296],[98.1971,14.1287],[98.1963,14.1287],[98.1963,14.1237],[98.1979,14.1237],[98.1979,14.1262],[98.1996,14.1262],[98.1996,14.1271],[98.1988,14.1271],[98.1996,14.1287],[98.1988,14.1287],[98.1988,14.1304],[98.1979,14.1304],[98.1979,14.1312],[98.1963,14.1312],[98.1963,14.1296]],[[98.1921,14.1412],[98.1929,14.1412],[98.1929,14.1421],[98.1946,14.1421],[98.1946,14.1404],[98.1979,14.1404],[98.1979,14.1471],[98.1971,14.1471],[98.1971,14.1479],[98.1963,14.1479],[98.1963,14.1462],[98.1971,14.1462],[98.1971,14.1429],[98.1954,14.1421],[98.1954,14.1437],[98.1921,14.1437],[98.1921,14.1412]],[[98.1929,14.1479],[98.1913,14.1479],[98.1913,14.1471],[98.1938,14.1471],[98.1938,14.1462],[98.1954,14.1462],[98.1954,14.1479],[98.1938,14.1479],[98.1938,14.1487],[98.1946,14.1487],[98.1946,14.1504],[98.1921,14.1504],[98.1921,14.1512],[98.1904,14.1512],[98.1904,14.1496],[98.1921,14.1496],[98.1929,14.1479]],[[98.1954,14.0579],[98.1946,14.0579],[98.1946,14.0562],[98.1954,14.0562],[98.1954,14.0579]],[[98.1946,14.1362],[98.1954,14.1362],[98.1954,14.1371],[98.1938,14.1371],[98.1938,14.1354],[98.1946,14.1354],[98.1946,14.1362]],[[98.1938,14.1396],[98.1929,14.1396],[98.1929,14.1387],[98.1938,14.1387],[98.1938,14.1396]],[[98.1938,14.1671],[98.1929,14.1671],[98.1929,14.1662],[98.1938,14.1662],[98.1938,14.1671]],[[98.1938,14.1562],[98.1921,14.1571],[98.1921,14.1554],[98.1913,14.1554],[98.1913,14.1537],[98.1929,14.1537],[98.1929,14.1554],[98.1938,14.1554],[98.1938,14.1562]],[[98.1896,14.1179],[98.1904,14.1179],[98.1904,14.1154],[98.1913,14.1154],[98.1913,14.1187],[98.1921,14.1187],[98.1921,14.1204],[98.1904,14.1212],[98.1904,14.1237],[98.1888,14.1229],[98.1888,14.1221],[98.1896,14.1221],[98.1896,14.1179]],[[98.1913,14.0487],[98.1896,14.0487],[98.1896,14.0479],[98.1913,14.0479],[98.1913,14.0487]],[[98.1896,14.1754],[98.1896,14.1762],[98.1888,14.1762],[98.1888,14.1754],[98.1896,14.1754]],[[98.1846,14.1754],[98.1854,14.1737],[98.1871,14.1737],[98.1879,14.1721],[98.1888,14.1721],[98.1888,14.1737],[98.1896,14.1737],[98.1888,14.1754],[98.1846,14.1754]],[[98.1863,14.1779],[98.1888,14.1779],[98.1888,14.1771],[98.1896,14.1771],[98.1896,14.1796],[98.1888,14.1796],[98.1888,14.1804],[98.1879,14.1804],[98.1879,14.1796],[98.1863,14.1796],[98.1863,14.1804],[98.1846,14.1804],[98.1846,14.1796],[98.1854,14.1796],[98.1863,14.1779]],[[98.1888,14.1821],[98.1879,14.1821],[98.1879,14.1812],[98.1888,14.1812],[98.1888,14.1821]],[[98.1829,14.1679],[98.1846,14.1679],[98.1846,14.1662],[98.1854,14.1662],[98.1854,14.1654],[98.1871,14.1662],[98.1871,14.1687],[98.1854,14.1687],[98.1846,14.1704],[98.1829,14.1704],[98.1829,14.1679]],[[98.1854,14.1096],[98.1863,14.1096],[98.1863,14.1104],[98.1829,14.1104],[98.1829,14.1079],[98.1854,14.1079],[98.1854,14.1096]],[[98.1854,14.1146],[98.1846,14.1146],[98.1846,14.1137],[98.1854,14.1137],[98.1854,14.1146]],[[98.1846,14.1779],[98.1838,14.1779],[98.1838,14.1771],[98.1846,14.1771],[98.1846,14.1779]],[[98.1804,14.0829],[98.1838,14.0829],[98.1838,14.0821],[98.1846,14.0821],[98.1846,14.0846],[98.1821,14.0846],[98.1821,14.0837],[98.1804,14.0837],[98.1804,14.0829]],[[98.1846,14.0054],[98.1838,14.0054],[98.1838,14.0046],[98.1846,14.0046],[98.1846,14.0054]],[[98.1821,14.1804],[98.1821,14.1812],[98.1813,14.1812],[98.1813,14.1804],[98.1821,14.1804]],[[98.1838,14.1812],[98.1838,14.1837],[98.1829,14.1837],[98.1829,14.1829],[98.1821,14.1829],[98.1821,14.1812],[98.1838,14.1812]],[[98.1796,14.1804],[98.1796,14.1796],[98.1813,14.1796],[98.1813,14.1804],[98.1796,14.1804]],[[98.1829,14.0296],[98.1821,14.0296],[98.1821,14.0287],[98.1829,14.0287],[98.1829,14.0296]],[[98.1813,14.0871],[98.1804,14.0871],[98.1804,14.0862],[98.1813,14.0862],[98.1813,14.0871]],[[98.1813,14.1104],[98.1813,14.1112],[98.1804,14.1112],[98.1804,14.1104],[98.1813,14.1104]],[[98.1788,14.1104],[98.1788,14.1096],[98.1804,14.1096],[98.1804,14.1104],[98.1788,14.1104]],[[98.1788,14.0971],[98.1779,14.0971],[98.1779,14.0946],[98.1788,14.0946],[98.1788,14.0971]],[[98.1771,14.1746],[98.1763,14.1746],[98.1763,14.1737],[98.1771,14.1737],[98.1771,14.1746]],[[98.1771,14.1729],[98.1779,14.1729],[98.1779,14.1737],[98.1771,14.1737],[98.1771,14.1729]],[[98.1771,14.1671],[98.1754,14.1671],[98.1754,14.1637],[98.1771,14.1637],[98.1771,14.1646],[98.1779,14.1646],[98.1779,14.1654],[98.1771,14.1654],[98.1771,14.1671]],[[98.1763,14.0954],[98.1754,14.0954],[98.1754,14.0946],[98.1763,14.0946],[98.1763,14.0954]],[[98.1763,14.0237],[98.1746,14.0237],[98.1746,14.0229],[98.1763,14.0229],[98.1763,14.0237]],[[98.1738,13.9812],[98.1721,13.9804],[98.1729,13.9787],[98.1763,13.9787],[98.1763,13.9804],[98.1738,13.9804],[98.1738,13.9812]],[[98.1763,13.8204],[98.1754,13.8204],[98.1754,13.8179],[98.1763,13.8179],[98.1763,13.8204]],[[98.1754,13.8229],[98.1746,13.8229],[98.1746,13.8221],[98.1754,13.8221],[98.1754,13.8229]],[[98.1729,14.0404],[98.1721,14.0404],[98.1721,14.0387],[98.1729,14.0387],[98.1729,14.0404]],[[98.1721,14.0346],[98.1696,14.0346],[98.1696,14.0329],[98.1721,14.0329],[98.1721,14.0346]],[[98.1704,13.8321],[98.1721,13.8312],[98.1721,13.8354],[98.1713,13.8354],[98.1713,13.8362],[98.1704,13.8362],[98.1704,13.8321]],[[98.1713,14.0712],[98.1704,14.0712],[98.1704,14.0704],[98.1713,14.0704],[98.1713,14.0712]],[[98.1704,13.8271],[98.1704,13.8279],[98.1696,13.8279],[98.1696,13.8271],[98.1704,13.8271]],[[98.1696,13.8287],[98.1688,13.8287],[98.1688,13.8279],[98.1696,13.8279],[98.1696,13.8287]],[[98.1688,13.8271],[98.1688,13.8262],[98.1696,13.8262],[98.1696,13.8271],[98.1688,13.8271]],[[98.1696,14.0262],[98.1688,14.0262],[98.1688,14.0254],[98.1696,14.0254],[98.1696,14.0262]],[[98.1679,14.0396],[98.1663,14.0387],[98.1663,14.0371],[98.1646,14.0371],[98.1646,14.0346],[98.1654,14.0346],[98.1654,14.0354],[98.1679,14.0354],[98.1679,14.0396]],[[98.1663,13.8704],[98.1663,13.8712],[98.1654,13.8712],[98.1654,13.8704],[98.1663,13.8704]],[[98.1663,13.8696],[98.1679,13.8696],[98.1679,13.8704],[98.1663,13.8704],[98.1663,13.8696]],[[98.1646,13.8704],[98.1646,13.8696],[98.1654,13.8696],[98.1654,13.8704],[98.1646,13.8704]],[[98.1563,13.8871],[98.1546,13.8871],[98.1546,13.8854],[98.1563,13.8854],[98.1563,13.8871]],[[98.1538,13.9204],[98.1529,13.9204],[98.1529,13.9196],[98.1538,13.9196],[98.1538,13.9204]],[[98.1529,13.9012],[98.1521,13.9012],[98.1521,13.8996],[98.1529,13.8996],[98.1529,13.9012]],[[98.1513,13.9662],[98.1496,13.9662],[98.1496,13.9646],[98.1513,13.9646],[98.1513,13.9662]],[[98.1911,14.1744],[98.1911,14.1745],[98.1908,14.1725],[98.1911,14.1744]],[[98.1887,14.1502],[98.1886,14.1514],[98.1884,14.1531],[98.1886,14.1514],[98.1887,14.1502]],[[98.192,14.1274],[98.1938,14.1187],[98.1938,14.118],[98.1936,14.1211],[98.192,14.1274]],[[98.1915,14.1131],[98.1921,14.1136],[98.194,14.1155],[98.1921,14.1136],[98.1915,14.1131]],[[98.1892,14.1104],[98.1892,14.1104],[98.1894,14.1106],[98.1892,14.1104]],[[98.1874,14.1086],[98.1881,14.1091],[98.1885,14.1096],[98.1881,14.1091],[98.1874,14.1086]],[[98.18,14.1005],[98.1803,14.1009],[98.1834,14.1047],[98.1803,14.1009],[98.18,14.1005]],[[98.1785,14.0987],[98.179,14.0993],[98.1795,14.1],[98.179,14.0993],[98.1785,14.0987]],[[98.177,14.0967],[98.177,14.0967],[98.177,14.0967],[98.177,14.0967]],[[98.1765,14.0962],[98.1768,14.0966],[98.1769,14.0967],[98.1768,14.0966],[98.1765,14.0962]],[[98.1765,14.0962],[98.1765,14.0962],[98.1765,14.0962],[98.1765,14.0962]],[[98.1764,14.0962],[98.1765,14.0962],[98.1765,14.0962],[98.1764,14.0962]],[[98.1748,14.0937],[98.1747,14.093],[98.1752,14.0942],[98.1748,14.0937]],[[98.1754,14.0882],[98.1751,14.0883],[98.1751,14.0883],[98.1754,14.0882]],[[98.1829,14.0721],[98.1845,14.0687],[98.1843,14.0693],[98.1829,14.0721],[98.1822,14.0748],[98.1829,14.0721]],[[98.1854,14.0649],[98.1852,14.0663],[98.1851,14.0667],[98.1852,14.0663],[98.1854,14.0649]],[[98.1859,14.06],[98.1859,14.06],[98.1858,14.062],[98.1859,14.06]],[[98.1868,14.0494],[98.1868,14.0494],[98.186,14.0586],[98.1868,14.0494]],[[98.213,14.013],[98.2117,14.0131],[98.214,14.0128],[98.213,14.013]],[[98.2216,14.0102],[98.2209,14.0114],[98.2196,14.0116],[98.2209,14.0114],[98.2216,14.0102]],[[98.1993,14.0331],[98.1983,14.0316],[98.1981,14.0312],[98.1993,14.0331],[98.1994,14.0369],[98.199,14.0379],[98.1993,14.0331]],[[98.1976,14.0304],[98.1979,14.0309],[98.1974,14.0302],[98.1976,14.0304]],[[98.1961,14.0249],[98.1983,14.0212],[98.1975,14.0186],[98.1983,14.0212],[98.1961,14.0249],[98.1967,14.0284],[98.1961,14.0249]],[[98.2,14.0146],[98.1983,14.0156],[98.1972,14.0165],[98.1983,14.0156],[98.2,14.0146]],[[98.2046,14.0151],[98.2013,14.0145],[98.2,14.0146],[98.2013,14.0145],[98.2046,14.0151]]],[[[98.1629,14.0854],[98.1621,14.0854],[98.1621,14.0862],[98.1629,14.0862],[98.1629,14.0871],[98.1621,14.0871],[98.1621,14.0896],[98.1638,14.0896],[98.1638,14.0871],[98.1646,14.0871],[98.1646,14.0846],[98.1629,14.0846],[98.1629,14.0854]]],[[[98.1671,14.1387],[98.1671,14.1362],[98.1696,14.1362],[98.1704,14.1346],[98.1663,14.1346],[98.1663,14.1354],[98.1646,14.1354],[98.1646,14.1362],[98.1654,14.1362],[98.1654,14.1379],[98.1646,14.1379],[98.1646,14.1387],[98.1671,14.1387]]],[[[98.1679,14.1412],[98.1679,14.1421],[98.1671,14.1421],[98.1671,14.1446],[98.1704,14.1446],[98.1704,14.1437],[98.1688,14.1437],[98.1688,14.1404],[98.1671,14.1404],[98.1671,14.1412],[98.1679,14.1412]]],[[[98.1713,14.1471],[98.1713,14.1487],[98.1729,14.1487],[98.1729,14.1471],[98.1713,14.1471]]],[[[98.1713,14.1579],[98.1713,14.1596],[98.1729,14.1596],[98.1729,14.1587],[98.1738,14.1587],[98.1738,14.1579],[98.1713,14.1579]]],[[[98.1604,14.1662],[98.1604,14.1679],[98.1613,14.1679],[98.1613,14.1704],[98.1621,14.1704],[98.1621,14.1679],[98.1629,14.1679],[98.1629,14.1654],[98.1613,14.1654],[98.1613,14.1662],[98.1604,14.1662]]],[[[98.2029,14.1687],[98.2029,14.1704],[98.2046,14.1704],[98.2046,14.1687],[98.2029,14.1687]]],[[[98.1604,14.1762],[98.1604,14.1779],[98.1638,14.1779],[98.1629,14.1762],[98.1604,14.1762]]],[[[98.1713,14.1762],[98.1696,14.1762],[98.1696,14.1787],[98.1713,14.1779],[98.1713,14.1762]]],[[[98.2013,14.1787],[98.2013,14.1804],[98.2021,14.1804],[98.2021,14.1762],[98.2013,14.1762],[98.2013,14.1779],[98.2004,14.1779],[98.2004,14.1787],[98.2013,14.1787]]],[[[98.2021,14.1879],[98.2021,14.1904],[98.2029,14.1904],[98.2029,14.1896],[98.2038,14.1896],[98.2038,14.1879],[98.2021,14.1879]]],[[[98.1979,14.1912],[98.1971,14.1912],[98.1971,14.1937],[98.1979,14.1937],[98.1979,14.1921],[98.1988,14.1921],[98.1988,14.1887],[98.1996,14.1887],[98.1996,14.1854],[98.1979,14.1854],[98.1979,14.1912]]],[[[98.1888,14.1946],[98.1888,14.1954],[98.1896,14.1954],[98.1896,14.1971],[98.1921,14.1971],[98.1921,14.1946],[98.1929,14.1946],[98.1929,14.1937],[98.1896,14.1937],[98.1896,14.1946],[98.1888,14.1946]]],[[[98.2013,14.1987],[98.2013,14.1971],[98.2029,14.1971],[98.2029,14.1962],[98.2038,14.1962],[98.2038,14.1946],[98.2021,14.1946],[98.2013,14.1962],[98.2004,14.1962],[98.2004,14.1954],[98.1988,14.1946],[98.1988,14.1996],[98.2004,14.1996],[98.2004,14.1987],[98.2013,14.1987]]],[[[98.1921,14.1987],[98.1904,14.1987],[98.1904,14.2004],[98.1921,14.2004],[98.1921,14.1987]]],[[[98.2146,14.2054],[98.2146,14.2037],[98.2121,14.2037],[98.2121,14.2029],[98.2129,14.2029],[98.2129,14.2012],[98.2104,14.2012],[98.2104,14.2021],[98.2088,14.2029],[98.2088,14.2046],[98.2096,14.2046],[98.2096,14.2071],[98.2104,14.2071],[98.2104,14.2062],[98.2129,14.2062],[98.2129,14.2054],[98.2146,14.2054]]],[[[98.1604,14.2071],[98.1604,14.2096],[98.1629,14.2096],[98.1621,14.2079],[98.1613,14.2079],[98.1613,14.2071],[98.1604,14.2071]]],[[[98.1913,14.2087],[98.1913,14.2104],[98.1946,14.2104],[98.1938,14.2087],[98.1913,14.2087]]],[[[98.1996,14.2087],[98.2004,14.2104],[98.2021,14.2104],[98.2021,14.2121],[98.2038,14.2121],[98.2038,14.2129],[98.2054,14.2129],[98.2054,14.2104],[98.2046,14.2104],[98.2046,14.2087],[98.1996,14.2087]]],[[[98.1638,14.2121],[98.1629,14.2121],[98.1629,14.2112],[98.1613,14.2112],[98.1613,14.2121],[98.1596,14.2129],[98.1596,14.2146],[98.1646,14.2146],[98.1646,14.2129],[98.1638,14.2129],[98.1638,14.2121]],[[98.1638,14.2137],[98.1629,14.2137],[98.1629,14.2129],[98.1638,14.2129],[98.1638,14.2137]]],[[[98.1663,14.2229],[98.1663,14.2221],[98.1638,14.2221],[98.1646,14.2237],[98.1663,14.2229]]],[[[98.2029,14.2221],[98.2021,14.2221],[98.2021,14.2246],[98.2029,14.2246],[98.2029,14.2221]]],[[[98.1579,14.2296],[98.1588,14.2296],[98.1588,14.2304],[98.1579,14.2304],[98.1579,14.2321],[98.1596,14.2321],[98.1596,14.2337],[98.1579,14.2337],[98.1571,14.2321],[98.1554,14.2321],[98.1554,14.2312],[98.1538,14.2312],[98.1538,14.2329],[98.1554,14.2329],[98.1554,14.2362],[98.1563,14.2362],[98.1571,14.2379],[98.1579,14.2379],[98.1579,14.2371],[98.1604,14.2371],[98.1604,14.2354],[98.1621,14.2346],[98.1621,14.2312],[98.1613,14.2312],[98.1613,14.2271],[98.1629,14.2271],[98.1629,14.2262],[98.1654,14.2262],[98.1654,14.2287],[98.1663,14.2287],[98.1663,14.2312],[98.1671,14.2312],[98.1671,14.2321],[98.1696,14.2321],[98.1696,14.2312],[98.1713,14.2312],[98.1713,14.2321],[98.1721,14.2321],[98.1721,14.2312],[98.1729,14.2312],[98.1721,14.2296],[98.1704,14.2296],[98.1704,14.2271],[98.1679,14.2271],[98.1679,14.2254],[98.1671,14.2254],[98.1671,14.2246],[98.1646,14.2246],[98.1638,14.2229],[98.1629,14.2229],[98.1621,14.2246],[98.1596,14.2246],[98.1596,14.2221],[98.1604,14.2221],[98.1604,14.2204],[98.1621,14.2204],[98.1621,14.2212],[98.1638,14.2212],[98.1638,14.2196],[98.1629,14.2196],[98.1629,14.2162],[98.1613,14.2171],[98.1613,14.2187],[98.1596,14.2187],[98.1588,14.2204],[98.1579,14.2204],[98.1579,14.2196],[98.1563,14.2196],[98.1563,14.2204],[98.1546,14.2204],[98.1546,14.2212],[98.1538,14.2212],[98.1538,14.2229],[98.1546,14.2229],[98.1546,14.2246],[98.1554,14.2246],[98.1554,14.2254],[98.1571,14.2254],[98.1563,14.2271],[98.1571,14.2271],[98.1571,14.2287],[98.1579,14.2287],[98.1579,14.2296]]],[[[98.1671,14.2454],[98.1671,14.2471],[98.1688,14.2471],[98.1688,14.2454],[98.1671,14.2454]]],[[[98.1738,14.2496],[98.1721,14.2504],[98.1729,14.2521],[98.1738,14.2521],[98.1738,14.2496]]],[[[98.1704,14.2512],[98.1704,14.2529],[98.1721,14.2521],[98.1721,14.2512],[98.1704,14.2512]]],[[[98.1696,14.2546],[98.1696,14.2537],[98.1679,14.2537],[98.1679,14.2521],[98.1671,14.2521],[98.1671,14.2554],[98.1688,14.2554],[98.1688,14.2546],[98.1696,14.2546]]],[[[98.1704,14.2571],[98.1688,14.2571],[98.1679,14.2587],[98.1704,14.2587],[98.1704,14.2571]]],[[[98.1646,14.2604],[98.1646,14.2612],[98.1671,14.2612],[98.1671,14.2604],[98.1646,14.2604]]],[[[98.2604,10.6904],[98.2615,10.6904],[98.2604,10.6881],[98.2604,10.6904]]],[[[98.2579,10.6912],[98.2579,10.6899],[98.2565,10.6912],[98.2579,10.6912]]],[[[98.2513,10.6937],[98.2516,10.6937],[98.2513,10.6936],[98.2513,10.6937]]],[[[98.2538,10.6937],[98.2538,10.6934],[98.2531,10.6937],[98.2538,10.6937]]],[[[98.2346,10.6954],[98.2348,10.6954],[98.2346,10.6951],[98.2346,10.6954]]],[[[98.2388,10.6954],[98.2387,10.6946],[98.2373,10.6954],[98.2388,10.6954]]],[[[98.2579,10.7121],[98.2579,10.7129],[98.2596,10.7129],[98.2596,10.7121],[98.2588,10.7121],[98.2588,10.7104],[98.2554,10.7104],[98.2554,10.7121],[98.2579,10.7121]]],[[[98.2463,10.7129],[98.2454,10.7129],[98.2454,10.7121],[98.2438,10.7121],[98.2438,10.7146],[98.2446,10.7146],[98.2446,10.7137],[98.2463,10.7137],[98.2463,10.7129]]],[[[98.2388,10.7279],[98.2388,10.7269],[98.2379,10.7279],[98.2388,10.7279]]],[[[98.2388,10.7321],[98.2388,10.7312],[98.2404,10.7304],[98.2404,10.7287],[98.2388,10.7287],[98.2388,10.7304],[98.2371,10.7304],[98.2371,10.7321],[98.2388,10.7321]]],[[[98.2554,10.7662],[98.2563,10.7662],[98.2563,10.7679],[98.2579,10.7679],[98.2579,10.7671],[98.2571,10.7671],[98.2571,10.7646],[98.2554,10.7654],[98.2554,10.7662]]],[[[98.2529,10.7687],[98.2546,10.7696],[98.2546,10.7679],[98.2529,10.7679],[98.2529,10.7687]]],[[[98.2413,10.8329],[98.2419,10.8329],[98.2413,10.8328],[98.2413,10.8329]]],[[[98.2429,10.8337],[98.2432,10.8337],[98.2429,10.8336],[98.2429,10.8337]]],[[[98.2438,10.8346],[98.2443,10.8346],[98.2438,10.8342],[98.2438,10.8346]]],[[[98.2446,10.8354],[98.2454,10.8354],[98.2446,10.8348],[98.2446,10.8354]]],[[[98.2454,10.8362],[98.246,10.8362],[98.2454,10.8354],[98.2454,10.8362]]],[[[98.2463,10.8379],[98.2467,10.8379],[98.2463,10.8366],[98.2463,10.8379]]],[[[98.2496,10.8504],[98.2479,10.8504],[98.2479,10.8512],[98.2471,10.8512],[98.2471,10.8529],[98.2504,10.8529],[98.2504,10.8512],[98.2496,10.8512],[98.2496,10.8504]]],[[[98.268,10.8546],[98.2679,10.8545],[98.2679,10.8546],[98.268,10.8546]]],[[[98.2688,10.8521],[98.2688,10.8524],[98.2692,10.8521],[98.2688,10.8521]]],[[[98.2679,10.8529],[98.2679,10.8542],[98.2682,10.8529],[98.2679,10.8529]]],[[[98.2471,10.8596],[98.2473,10.8596],[98.2471,10.8591],[98.2471,10.8596]]],[[[98.2593,10.8596],[98.2604,10.8597],[98.2604,10.8596],[98.2593,10.8596]]],[[[98.2588,10.8596],[98.2588,10.8602],[98.2591,10.8596],[98.2588,10.8596]]],[[[98.2421,10.8712],[98.2427,10.8712],[98.2422,10.8704],[98.2421,10.8704],[98.2421,10.8712]]],[[[98.2354,10.8871],[98.2354,10.8879],[98.236,10.8871],[98.2354,10.8871]]],[[[98.2346,10.8879],[98.2346,10.889],[98.2354,10.8879],[98.2346,10.8879]]],[[[98.2329,10.8998],[98.233,10.8994],[98.2329,10.8989],[98.2329,10.8998]]],[[[98.2288,10.9271],[98.2292,10.9267],[98.2288,10.9253],[98.2288,10.9271]]],[[[98.2279,10.9071],[98.2279,10.9085],[98.2283,10.9071],[98.2279,10.9071]]],[[[98.2271,10.9112],[98.2271,10.9146],[98.2275,10.9146],[98.2277,10.9112],[98.2271,10.9112]]],[[[98.2279,10.9193],[98.2281,10.9168],[98.2279,10.916],[98.2279,10.9193]]],[[[98.2273,10.9212],[98.2271,10.9229],[98.2279,10.9229],[98.2283,10.9237],[98.2273,10.9212]]],[[[98.2246,10.9362],[98.2246,10.9314],[98.2253,10.9304],[98.2246,10.9304],[98.2246,10.9362]]],[[[98.2254,10.9296],[98.2254,10.9302],[98.2259,10.9296],[98.2254,10.9296]]],[[[98.2246,10.9371],[98.2246,10.9379],[98.2249,10.9373],[98.2246,10.9371]]],[[[98.2238,10.9387],[98.2238,10.9396],[98.2242,10.9387],[98.2238,10.9387]]],[[[98.2229,10.9404],[98.2229,10.9422],[98.2234,10.9404],[98.2229,10.9404]]],[[[98.2204,10.9512],[98.2207,10.9501],[98.2204,10.9497],[98.2204,10.9512]]],[[[98.2196,10.9487],[98.2198,10.9487],[98.2196,10.9484],[98.2196,10.9487]]],[[[98.2596,11.1754],[98.2596,11.1751],[98.2596,11.1754],[98.2596,11.1754]]],[[[98.2596,11.1729],[98.2586,11.1729],[98.2596,11.1733],[98.2596,11.1729]]],[[[98.2538,11.186],[98.2545,11.1854],[98.2538,11.1854],[98.2538,11.186]]],[[[98.2563,11.1854],[98.2547,11.1854],[98.2563,11.186],[98.2563,11.1854]]],[[[98.2588,11.1854],[98.2588,11.1857],[98.2592,11.1854],[98.2588,11.1854]]],[[[98.2524,11.1862],[98.2527,11.1864],[98.2534,11.1862],[98.2524,11.1862]]],[[[98.2638,11.2112],[98.2654,11.2112],[98.2654,11.2121],[98.2663,11.2121],[98.2663,11.2096],[98.2654,11.2096],[98.2654,11.2087],[98.2638,11.2087],[98.2638,11.2112]]],[[[98.2296,11.2446],[98.2283,11.2446],[98.2296,11.2451],[98.2296,11.2446]]],[[[98.2254,11.2446],[98.2254,11.2452],[98.2264,11.2446],[98.2254,11.2446]]],[[[98.2454,11.2562],[98.2446,11.2562],[98.2454,11.2573],[98.2454,11.2562]]],[[[98.2429,11.2696],[98.2434,11.2696],[98.2429,11.2693],[98.2429,11.2696]]],[[[98.2421,11.2687],[98.2424,11.2687],[98.2421,11.2683],[98.2421,11.2687]]],[[[98.2479,11.2929],[98.2479,11.2921],[98.2454,11.2921],[98.2463,11.2937],[98.2513,11.2936],[98.2513,11.2929],[98.2479,11.2929]]],[[[98.2546,11.2929],[98.2546,11.2937],[98.2567,11.2929],[98.2546,11.2929]]],[[[98.2396,11.3037],[98.2396,11.3029],[98.2342,11.3029],[98.2352,11.3035],[98.2384,11.303],[98.2396,11.3037]]],[[[98.233,11.3029],[98.2333,11.303],[98.2338,11.3029],[98.233,11.3029]]],[[[98.2496,11.3037],[98.248,11.3037],[98.2494,11.3044],[98.2496,11.3037]]],[[[98.2471,11.3033],[98.2454,11.3029],[98.2454,11.3033],[98.2471,11.3033]]],[[[98.2504,11.3037],[98.2504,11.3043],[98.2512,11.3037],[98.2504,11.3037]]],[[[98.2463,11.3471],[98.2463,11.3487],[98.2471,11.3487],[98.2466,11.3485],[98.2463,11.3471]]],[[[98.2504,11.3579],[98.2504,11.3584],[98.2509,11.3579],[98.2504,11.3579]]],[[[98.2504,11.3612],[98.2505,11.3612],[98.2504,11.3607],[98.2504,11.3612]]],[[[98.2379,11.3646],[98.2378,11.3646],[98.2379,11.3648],[98.2379,11.3646]]],[[[98.2363,11.3633],[98.2362,11.3635],[98.2363,11.3635],[98.2363,11.3633]]],[[[98.2455,11.3687],[98.2459,11.3681],[98.2479,11.3685],[98.2479,11.3679],[98.2454,11.3679],[98.2455,11.3687]]],[[[98.2288,11.3829],[98.2288,11.3832],[98.2292,11.3829],[98.2288,11.3829]]],[[[98.2279,11.3864],[98.2281,11.3861],[98.2279,11.3853],[98.2279,11.3864]]],[[[98.2271,11.3871],[98.2271,11.3873],[98.2273,11.3871],[98.2271,11.3871]]],[[[98.2688,13.0471],[98.2688,13.047],[98.2687,13.0471],[98.2688,13.0471]]],[[[98.2521,13.0871],[98.2521,13.0868],[98.2517,13.0871],[98.2521,13.0871]]],[[[98.2529,13.0862],[98.2529,13.0861],[98.2527,13.0862],[98.2529,13.0862]]],[[[98.2529,13.084],[98.2529,13.084],[98.2529,13.0842],[98.2529,13.084]]],[[[98.2538,13.0776],[98.2536,13.0812],[98.2538,13.0817],[98.2538,13.0776]]],[[[98.2546,13.0762],[98.2546,13.0759],[98.2544,13.0762],[98.2546,13.0762]]],[[[98.2554,13.0746],[98.2554,13.0744],[98.2553,13.0746],[98.2554,13.0746]]],[[[98.2563,13.0737],[98.2563,13.0732],[98.2559,13.0737],[98.2563,13.0737]]],[[[98.2504,13.0987],[98.2504,13.0987],[98.2504,13.0987],[98.2504,13.0987]]],[[[98.2513,13.0904],[98.2513,13.0895],[98.2511,13.0904],[98.2513,13.0904]]],[[[98.2479,13.1087],[98.2473,13.1087],[98.2479,13.109],[98.2479,13.1087]]],[[[98.2471,13.1065],[98.2468,13.1073],[98.2471,13.1086],[98.2471,13.1065]]],[[[98.2488,13.1121],[98.2488,13.1115],[98.2484,13.1121],[98.2488,13.1121]]],[[[98.2479,13.1246],[98.2479,13.1243],[98.2477,13.1246],[98.2479,13.1246]]],[[[98.2488,13.1237],[98.2488,13.1221],[98.2486,13.1221],[98.2483,13.1237],[98.2488,13.1237]]],[[[98.2471,13.1212],[98.247,13.1212],[98.2471,13.1213],[98.2471,13.1212]]],[[[98.2438,13.1312],[98.2438,13.1306],[98.2433,13.1312],[98.2438,13.1312]]],[[[98.2446,13.1304],[98.2446,13.13],[98.244,13.1304],[98.2446,13.1304]]],[[[98.2413,13.133],[98.2408,13.1344],[98.2413,13.1353],[98.2413,13.133]]],[[[98.2414,13.1354],[98.2418,13.1358],[98.2429,13.136],[98.2429,13.1354],[98.2414,13.1354]]],[[[98.2421,13.1396],[98.2421,13.1395],[98.2419,13.1396],[98.2421,13.1396]]],[[[98.2388,13.1487],[98.2381,13.1487],[98.2388,13.1492],[98.2388,13.1487]]],[[[98.2379,13.1479],[98.2374,13.1479],[98.2379,13.1486],[98.2379,13.1479]]],[[[98.2371,13.1467],[98.2369,13.1472],[98.2371,13.1475],[98.2371,13.1467]]],[[[98.2379,13.1454],[98.2379,13.1453],[98.2378,13.1454],[98.2379,13.1454]]],[[[98.2396,13.1437],[98.2396,13.1404],[98.2413,13.1404],[98.2413,13.1397],[98.2394,13.1399],[98.2396,13.1437]]],[[[98.2404,13.1579],[98.2404,13.1576],[98.2401,13.1579],[98.2404,13.1579]]],[[[98.2409,13.1571],[98.2413,13.1546],[98.2409,13.1546],[98.2409,13.1571]]],[[[98.2404,13.1529],[98.2399,13.1529],[98.2404,13.1538],[98.2404,13.1529]]],[[[98.2404,13.1604],[98.2399,13.1604],[98.2404,13.1613],[98.2404,13.1604]]],[[[98.2413,13.1662],[98.2403,13.1671],[98.2413,13.1682],[98.2413,13.1662]]],[[[98.2413,13.1621],[98.2406,13.1621],[98.2413,13.1637],[98.2413,13.1621]]],[[[98.2463,13.1746],[98.2463,13.1738],[98.2455,13.1746],[98.2463,13.1746]]],[[[98.2471,13.1729],[98.2471,13.1727],[98.247,13.1729],[98.2471,13.1729]]],[[[98.2471,13.1712],[98.2469,13.1712],[98.2471,13.1722],[98.2471,13.1712]]],[[[98.2463,13.1696],[98.2456,13.1696],[98.2463,13.1699],[98.2463,13.1696]]],[[[98.2438,13.1696],[98.2438,13.1697],[98.2452,13.1696],[98.2438,13.1696]]],[[[98.2438,13.1884],[98.2396,13.1892],[98.2396,13.1904],[98.2413,13.1904],[98.2421,13.1887],[98.2438,13.1884]]],[[[98.2446,13.1879],[98.2446,13.1871],[98.2443,13.1879],[98.2446,13.1879]]],[[[98.2629,13.192],[98.263,13.1912],[98.2629,13.1912],[98.2629,13.192]]],[[[98.2613,13.1929],[98.2613,13.1941],[98.2623,13.1929],[98.2613,13.1929]]],[[[98.2604,13.1946],[98.2604,13.1959],[98.261,13.1946],[98.2604,13.1946]]],[[[98.2596,13.1962],[98.2596,13.1987],[98.2603,13.1987],[98.2603,13.1962],[98.2596,13.1962]]],[[[98.2679,13.1837],[98.2671,13.1837],[98.2671,13.1862],[98.2663,13.1862],[98.2663,13.1879],[98.2654,13.1883],[98.2663,13.188],[98.2669,13.1871],[98.2679,13.1837]]],[[[98.2646,13.1887],[98.2646,13.189],[98.2649,13.1887],[98.2646,13.1887]]],[[[98.2638,13.1896],[98.2638,13.1899],[98.264,13.1896],[98.2638,13.1896]]],[[[98.2354,13.1946],[98.2348,13.1946],[98.2354,13.1953],[98.2354,13.1946]]],[[[98.2338,13.1942],[98.2329,13.1937],[98.2329,13.1929],[98.2324,13.1929],[98.2329,13.1938],[98.2338,13.1942]]],[[[98.2363,13.1962],[98.2361,13.1962],[98.2363,13.1965],[98.2363,13.1962]]],[[[98.2379,13.2004],[98.2377,13.2004],[98.2379,13.2008],[98.2379,13.2004]]],[[[98.2371,13.1987],[98.2368,13.1987],[98.2371,13.1992],[98.2371,13.1987]]],[[[98.2371,13.2137],[98.2369,13.214],[98.2371,13.2144],[98.2371,13.2137]]],[[[98.2363,13.2094],[98.2361,13.2097],[98.2363,13.2102],[98.2363,13.2094]]],[[[98.2408,13.2137],[98.2416,13.213],[98.2417,13.2129],[98.2404,13.2129],[98.2408,13.2137]]],[[[98.2504,13.2146],[98.2498,13.2146],[98.2504,13.2157],[98.2504,13.2146]]],[[[98.2496,13.2137],[98.2481,13.2137],[98.2496,13.2145],[98.2496,13.2137]]],[[[98.2446,13.7812],[98.2454,13.7812],[98.2454,13.7804],[98.2429,13.7804],[98.2429,13.7837],[98.2438,13.7837],[98.2438,13.7821],[98.2446,13.7821],[98.2446,13.7812]]],[[[98.2471,13.8012],[98.2454,13.8012],[98.2456,13.8046],[98.2463,13.8046],[98.2463,13.8029],[98.2471,13.8029],[98.2471,13.8012]]],[[[98.2629,13.8187],[98.2629,13.8204],[98.2646,13.8204],[98.2646,13.8187],[98.2629,13.8187]]],[[[98.2463,13.8212],[98.2463,13.8196],[98.2448,13.8196],[98.2448,13.8212],[98.2463,13.8212]]],[[[98.2679,13.9046],[98.2696,13.9046],[98.2696,13.9029],[98.2704,13.9029],[98.2704,13.9012],[98.2688,13.9012],[98.2688,13.9021],[98.2679,13.9021],[98.2679,13.9046]]],[[[98.2663,13.9262],[98.2663,13.9254],[98.2671,13.9254],[98.2671,13.9246],[98.2654,13.9246],[98.2654,13.9262],[98.2663,13.9262]]],[[[98.2621,13.9412],[98.2621,13.9429],[98.2613,13.9429],[98.2613,13.9446],[98.2638,13.9446],[98.2638,13.9412],[98.2621,13.9412]]],[[[98.2521,13.9612],[98.2488,13.9612],[98.2488,13.9637],[98.2496,13.9637],[98.2496,13.9646],[98.2513,13.9654],[98.2513,13.9662],[98.2529,13.9662],[98.2529,13.9621],[98.2521,13.9621],[98.2521,13.9612]]],[[[98.2471,13.9671],[98.2454,13.9662],[98.2454,13.9654],[98.2438,13.9654],[98.2438,13.9662],[98.2446,13.9662],[98.2446,13.9679],[98.2454,13.9679],[98.2454,13.9687],[98.2471,13.9696],[98.2471,13.9721],[98.2479,13.9721],[98.2479,13.9687],[98.2471,13.9687],[98.2471,13.9671]]],[[[98.2521,13.9821],[98.2521,13.9837],[98.2538,13.9837],[98.2538,13.9821],[98.2521,13.9821]]],[[[98.2271,14.0396],[98.2271,14.0412],[98.2288,14.0412],[98.2288,14.0396],[98.2271,14.0396]]],[[[98.2229,14.0454],[98.2229,14.0471],[98.2246,14.0471],[98.2246,14.0454],[98.2229,14.0454]]],[[[98.2579,14.0554],[98.2596,14.0554],[98.2596,14.0546],[98.2579,14.0537],[98.2579,14.0504],[98.2571,14.0504],[98.2571,14.0512],[98.2563,14.0512],[98.2563,14.0537],[98.2554,14.0537],[98.2554,14.0554],[98.2529,14.0554],[98.2529,14.0571],[98.2521,14.0571],[98.2521,14.0587],[98.2554,14.0587],[98.2554,14.0579],[98.2571,14.0579],[98.2571,14.0571],[98.2579,14.0571],[98.2579,14.0554]]],[[[98.2579,14.0587],[98.2579,14.0596],[98.2571,14.0596],[98.2571,14.0612],[98.2563,14.0612],[98.2563,14.0629],[98.2588,14.0629],[98.2588,14.0621],[98.2579,14.0621],[98.2579,14.0612],[98.2588,14.0612],[98.2588,14.0587],[98.2579,14.0587]]],[[[98.2463,14.0596],[98.2446,14.0604],[98.2446,14.0621],[98.2413,14.0621],[98.2404,14.0637],[98.2438,14.0637],[98.2438,14.0629],[98.2463,14.0629],[98.2463,14.0596]]],[[[98.2529,14.0637],[98.2529,14.0654],[98.2546,14.0662],[98.2546,14.0637],[98.2529,14.0637]]],[[[98.2296,14.0671],[98.2296,14.0679],[98.2288,14.0679],[98.2288,14.0696],[98.2304,14.0696],[98.2304,14.0679],[98.2313,14.0679],[98.2313,14.0671],[98.2296,14.0671]]],[[[98.2529,14.0671],[98.2529,14.0687],[98.2546,14.0696],[98.2546,14.0671],[98.2529,14.0671]]],[[[98.2663,14.0696],[98.2663,14.0704],[98.2679,14.0704],[98.2679,14.0679],[98.2663,14.0679],[98.2663,14.0687],[98.2654,14.0687],[98.2654,14.0696],[98.2663,14.0696]]],[[[98.2454,14.0704],[98.2454,14.0729],[98.2463,14.0729],[98.2463,14.0721],[98.2471,14.0721],[98.2471,14.0704],[98.2454,14.0704]]],[[[98.2388,14.0729],[98.2388,14.0746],[98.2379,14.0746],[98.2379,14.0737],[98.2363,14.0729],[98.2363,14.0712],[98.2346,14.0721],[98.2346,14.0729],[98.2354,14.0729],[98.2354,14.0737],[98.2371,14.0746],[98.2371,14.0762],[98.2354,14.0762],[98.2354,14.0771],[98.2379,14.0771],[98.2388,14.0787],[98.2421,14.0787],[98.2421,14.0779],[98.2438,14.0779],[98.2438,14.0796],[98.2463,14.0796],[98.2463,14.0779],[98.2446,14.0779],[98.2446,14.0746],[98.2438,14.0746],[98.2438,14.0729],[98.2421,14.0721],[98.2421,14.0704],[98.2404,14.0704],[98.2404,14.0696],[98.2379,14.0696],[98.2379,14.0679],[98.2404,14.0679],[98.2404,14.0671],[98.2396,14.0671],[98.2404,14.0654],[98.2396,14.0654],[98.2396,14.0646],[98.2371,14.0646],[98.2371,14.0654],[98.2363,14.0654],[98.2354,14.0671],[98.2346,14.0671],[98.2346,14.0696],[98.2354,14.0696],[98.2354,14.0704],[98.2379,14.0704],[98.2379,14.0729],[98.2388,14.0729]]],[[[98.2679,14.0712],[98.2663,14.0712],[98.2663,14.0737],[98.2679,14.0737],[98.2679,14.0712]]],[[[98.2513,14.0721],[98.2513,14.0729],[98.2521,14.0729],[98.2521,14.0746],[98.2529,14.0746],[98.2529,14.0787],[98.2538,14.0787],[98.2538,14.0779],[98.2546,14.0779],[98.2546,14.0737],[98.2554,14.0737],[98.2554,14.0721],[98.2513,14.0721]]],[[[98.2346,14.0812],[98.2346,14.0829],[98.2363,14.0829],[98.2363,14.0821],[98.2346,14.0812]]],[[[98.2446,14.0804],[98.2446,14.0812],[98.2454,14.0812],[98.2454,14.0837],[98.2471,14.0837],[98.2471,14.0804],[98.2446,14.0804]]],[[[98.2163,14.0904],[98.2171,14.0904],[98.2171,14.0912],[98.2154,14.0921],[98.2154,14.0946],[98.2146,14.0946],[98.2146,14.0979],[98.2171,14.0979],[98.2171,14.0987],[98.2204,14.0987],[98.2213,14.1004],[98.2221,14.1004],[98.2221,14.0996],[98.2238,14.0996],[98.2238,14.0979],[98.2246,14.0979],[98.2254,14.0962],[98.2263,14.0962],[98.2263,14.0946],[98.2254,14.0946],[98.2254,14.0887],[98.2279,14.0887],[98.2279,14.0896],[98.2296,14.0896],[98.2296,14.0879],[98.2288,14.0879],[98.2288,14.0871],[98.2263,14.0871],[98.2263,14.0862],[98.2254,14.0862],[98.2254,14.0821],[98.2246,14.0821],[98.2246,14.0804],[98.2271,14.0804],[98.2271,14.0779],[98.2288,14.0779],[98.2288,14.0796],[98.2296,14.0796],[98.2296,14.0804],[98.2346,14.0804],[98.2346,14.0779],[98.2329,14.0771],[98.2329,14.0746],[98.2313,14.0754],[98.2313,14.0762],[98.2321,14.0762],[98.2321,14.0787],[98.2304,14.0787],[98.2304,14.0771],[98.2288,14.0771],[98.2288,14.0762],[98.2279,14.0762],[98.2279,14.0737],[98.2288,14.0737],[98.2279,14.0721],[98.2246,14.0721],[98.2246,14.0737],[98.2229,14.0737],[98.2229,14.0746],[98.2213,14.0754],[98.2213,14.0762],[98.2204,14.0762],[98.2204,14.0771],[98.2171,14.0771],[98.2171,14.0796],[98.2188,14.0796],[98.2188,14.0846],[98.2179,14.0846],[98.2179,14.0854],[98.2163,14.0854],[98.2163,14.0862],[98.2179,14.0862],[98.2179,14.0879],[98.2163,14.0887],[98.2163,14.0904]],[[98.2179,14.0912],[98.2179,14.0896],[98.2196,14.0896],[98.2196,14.0921],[98.2171,14.0921],[98.2171,14.0912],[98.2179,14.0912]],[[98.2171,14.0971],[98.2163,14.0971],[98.2163,14.0962],[98.2171,14.0962],[98.2171,14.0971]]],[[[98.2463,14.0871],[98.2463,14.0887],[98.2488,14.0887],[98.2488,14.0871],[98.2463,14.0871]]],[[[98.2563,14.1062],[98.2554,14.1079],[98.2571,14.1079],[98.2571,14.1062],[98.2563,14.1062]]],[[[98.2296,14.1579],[98.2279,14.1579],[98.2279,14.1596],[98.2271,14.1596],[98.2271,14.1612],[98.2296,14.1612],[98.2296,14.1579]]],[[[98.2688,10.6937],[98.2696,10.6937],[98.2696,10.6932],[98.2688,10.6932],[98.2688,10.6937]]],[[[98.2679,10.6929],[98.268,10.6929],[98.2679,10.6927],[98.2679,10.6929]]],[[[98.2804,10.7054],[98.2813,10.7054],[98.2813,10.7062],[98.2822,10.7062],[98.2804,10.7045],[98.2804,10.7054]]],[[[98.2829,10.7071],[98.2835,10.7071],[98.2829,10.7067],[98.2829,10.7071]]],[[[98.2854,10.7096],[98.2838,10.7096],[98.2838,10.7112],[98.2863,10.7112],[98.2854,10.7096]]],[[[98.2871,10.7129],[98.2875,10.7129],[98.2871,10.7123],[98.2871,10.7129]]],[[[98.2879,10.7137],[98.2887,10.7137],[98.2879,10.7132],[98.2879,10.7137]]],[[[98.2896,10.7171],[98.29,10.7169],[98.2896,10.7144],[98.2896,10.7171]]],[[[98.2821,10.7204],[98.2821,10.7215],[98.2825,10.7204],[98.2821,10.7204]]],[[[98.2821,10.7254],[98.2821,10.7254],[98.2821,10.7254],[98.2821,10.7254]]],[[[98.2838,10.7296],[98.2843,10.7296],[98.2838,10.7289],[98.2838,10.7296]]],[[[98.2854,10.7316],[98.2858,10.7307],[98.2854,10.7304],[98.2854,10.7316]]],[[[98.2979,10.7362],[98.2954,10.7362],[98.2954,10.7369],[98.2979,10.7364],[98.2982,10.7359],[98.2979,10.7357],[98.2979,10.7362]]],[[[98.2896,10.7404],[98.2896,10.7414],[98.29,10.7404],[98.2896,10.7404]]],[[[98.2888,10.7421],[98.2888,10.7444],[98.2894,10.7421],[98.2888,10.7421]]],[[[98.2863,10.7446],[98.2863,10.7453],[98.2886,10.7451],[98.2887,10.7446],[98.2863,10.7446]]],[[[98.2838,10.7454],[98.2838,10.7471],[98.2847,10.7458],[98.2861,10.7454],[98.2838,10.7454]]],[[[98.2821,10.7479],[98.2821,10.7504],[98.2823,10.7504],[98.2825,10.7479],[98.2821,10.7479]]],[[[98.2788,10.7595],[98.2804,10.7582],[98.2804,10.7571],[98.2788,10.7579],[98.2788,10.7595]]],[[[98.2771,10.7671],[98.2778,10.7671],[98.2771,10.7659],[98.2771,10.7671]]],[[[98.2771,10.7629],[98.2771,10.7631],[98.2771,10.7629],[98.2771,10.7629]]],[[[98.2763,10.7637],[98.2763,10.7654],[98.2768,10.7654],[98.2768,10.7637],[98.2763,10.7637]]],[[[98.2771,10.7679],[98.2771,10.7685],[98.2775,10.7679],[98.2771,10.7679]]],[[[98.2771,10.7696],[98.2788,10.7696],[98.2788,10.7692],[98.2771,10.7689],[98.2771,10.7696]]],[[[98.2871,10.7679],[98.2878,10.7679],[98.2871,10.7674],[98.2871,10.7679]]],[[[98.2879,10.7687],[98.2886,10.7687],[98.2879,10.768],[98.2879,10.7687]]],[[[98.2888,10.7706],[98.2891,10.7702],[98.2888,10.7692],[98.2888,10.7706]]],[[[98.2771,10.7746],[98.2771,10.7737],[98.2779,10.7737],[98.2779,10.7721],[98.2763,10.7729],[98.2763,10.7746],[98.2771,10.7746]]],[[[98.2904,10.7737],[98.2913,10.7754],[98.2921,10.7754],[98.2921,10.7762],[98.2937,10.7762],[98.2904,10.7737]]],[[[98.2938,10.7771],[98.2954,10.7771],[98.2954,10.7768],[98.2938,10.7763],[98.2938,10.7771]]],[[[98.3029,10.7746],[98.3031,10.7733],[98.303,10.7729],[98.3029,10.7729],[98.3029,10.7746]]],[[[98.3029,10.7796],[98.3034,10.7796],[98.3029,10.7763],[98.3029,10.7796]]],[[[98.3038,10.7817],[98.3038,10.7816],[98.3038,10.7815],[98.3038,10.7817]]],[[[98.3029,10.7837],[98.3029,10.7854],[98.3033,10.7837],[98.3029,10.7837]]],[[[98.2804,10.7804],[98.2804,10.7816],[98.2813,10.7804],[98.2804,10.7804]]],[[[98.2796,10.7829],[98.2796,10.7842],[98.28,10.7829],[98.2796,10.7829]]],[[[98.2796,10.7854],[98.2797,10.7854],[98.2796,10.7847],[98.2796,10.7854]]],[[[98.3013,10.7871],[98.3013,10.7875],[98.3019,10.7871],[98.3013,10.7871]]],[[[98.3004,10.7879],[98.3004,10.7883],[98.3007,10.7879],[98.3004,10.7879]]],[[[98.2996,10.7887],[98.2996,10.7893],[98.3002,10.7887],[98.2996,10.7887]]],[[[98.2988,10.7896],[98.2988,10.7898],[98.2992,10.7896],[98.2988,10.7896]]],[[[98.2804,10.7936],[98.2809,10.7934],[98.2804,10.7924],[98.2804,10.7936]]],[[[98.2796,10.7871],[98.2796,10.7879],[98.2799,10.7871],[98.2796,10.7871]]],[[[98.2796,10.7912],[98.2799,10.7912],[98.2796,10.7906],[98.2796,10.7912]]],[[[98.2763,10.7946],[98.2763,10.7956],[98.2766,10.7946],[98.2763,10.7946]]],[[[98.2763,10.7996],[98.2771,10.7996],[98.2763,10.7974],[98.2763,10.7996]]],[[[98.2771,10.8128],[98.2772,10.8125],[98.2771,10.811],[98.2771,10.8128]]],[[[98.2763,10.8187],[98.2769,10.8187],[98.2758,10.8166],[98.276,10.8154],[98.2754,10.8154],[98.2754,10.8179],[98.2763,10.8179],[98.2763,10.8187]]],[[[98.2788,10.8221],[98.2788,10.8224],[98.2789,10.8221],[98.2788,10.8221]]],[[[98.2788,10.8237],[98.2791,10.8237],[98.2788,10.823],[98.2788,10.8237]]],[[[98.2796,10.8262],[98.2797,10.8261],[98.2796,10.8247],[98.2796,10.8262]]],[[[98.2796,10.8263],[98.2779,10.8271],[98.2779,10.8286],[98.2796,10.8263]]],[[[98.2754,10.8346],[98.2754,10.8362],[98.2761,10.8349],[98.2754,10.8346]]],[[[98.2746,10.8371],[98.2746,10.84],[98.275,10.8371],[98.2746,10.8371]]],[[[98.2738,10.8404],[98.2738,10.841],[98.2742,10.8404],[98.2738,10.8404]]],[[[98.2729,10.8421],[98.2729,10.8426],[98.2731,10.8421],[98.2729,10.8421]]],[[[98.2724,10.8437],[98.2721,10.8454],[98.2722,10.8454],[98.2724,10.8437]]],[[[98.2688,10.8575],[98.2691,10.8562],[98.2688,10.8557],[98.2688,10.8575]]],[[[98.3004,11.0104],[98.3001,11.0108],[98.3004,11.0116],[98.3004,11.0104]]],[[[98.3004,11.0129],[98.3004,11.0122],[98.2999,11.0129],[98.3004,11.0129]]],[[[98.2954,11.0204],[98.2954,11.0201],[98.2951,11.0204],[98.2954,11.0204]]],[[[98.2963,11.0196],[98.2963,11.0162],[98.2961,11.0162],[98.2957,11.0196],[98.2963,11.0196]]],[[[98.2971,11.0262],[98.2965,11.0262],[98.2979,11.0283],[98.2979,11.0271],[98.2971,11.0271],[98.2971,11.0262]]],[[[98.2963,11.0254],[98.2957,11.0254],[98.2963,11.0258],[98.2963,11.0254]]],[[[98.2954,11.0254],[98.2954,11.0246],[98.2946,11.0246],[98.2946,11.0232],[98.2941,11.0249],[98.2946,11.0255],[98.2954,11.0254]]],[[[98.2946,11.0221],[98.2943,11.0221],[98.2946,11.0229],[98.2946,11.0221]]],[[[98.2996,11.0287],[98.2984,11.0287],[98.2996,11.0303],[98.2996,11.0287]]],[[[98.3021,11.0329],[98.3021,11.0329],[98.3021,11.033],[98.3021,11.0329]]],[[[98.3013,11.0312],[98.3005,11.0312],[98.3013,11.0318],[98.3013,11.0312]]],[[[98.3004,11.0304],[98.2996,11.0304],[98.3004,11.0312],[98.3004,11.0304]]],[[[98.3071,11.0404],[98.3063,11.0404],[98.3063,11.0396],[98.3052,11.0396],[98.3064,11.0407],[98.3071,11.041],[98.3071,11.0404]]],[[[98.2854,11.2096],[98.2855,11.2096],[98.2854,11.2093],[98.2854,11.2096]]],[[[98.2863,11.2104],[98.2863,11.2104],[98.2863,11.2104],[98.2863,11.2104]]],[[[98.2871,11.2112],[98.2875,11.2112],[98.2871,11.211],[98.2871,11.2112]]],[[[98.2882,11.2137],[98.2879,11.2162],[98.2884,11.2162],[98.2882,11.2137]]],[[[98.2871,11.2221],[98.2875,11.2221],[98.2871,11.2213],[98.2871,11.2221]]],[[[98.2879,11.2237],[98.2884,11.2237],[98.2879,11.2228],[98.2879,11.2237]]],[[[98.2888,11.2246],[98.2892,11.2246],[98.2888,11.2241],[98.2888,11.2246]]],[[[98.2812,11.2304],[98.2813,11.2296],[98.2808,11.2296],[98.2812,11.2304]]],[[[98.2804,11.2287],[98.2799,11.2287],[98.2804,11.2291],[98.2804,11.2287]]],[[[98.2796,11.2279],[98.2768,11.2279],[98.2796,11.2286],[98.2796,11.2279]]],[[[98.2863,11.2312],[98.2863,11.2319],[98.2877,11.2312],[98.2863,11.2312]]],[[[98.2713,11.3337],[98.2709,11.3337],[98.2713,11.3355],[98.2713,11.3337]]],[[[98.2754,11.3987],[98.2754,11.3993],[98.2774,11.3987],[98.2754,11.3987]]],[[[98.2679,11.4034],[98.2693,11.4029],[98.2679,11.4029],[98.2679,11.4034]]],[[[98.2704,11.4029],[98.2698,11.4029],[98.2704,11.4032],[98.2704,11.4029]]],[[[98.3079,12.9046],[98.3079,12.9062],[98.3086,12.9046],[98.3079,12.9046]]],[[[98.3046,12.9129],[98.3061,12.9129],[98.3057,12.9124],[98.3046,12.9129]]],[[[98.3021,12.9196],[98.3021,12.9194],[98.3019,12.9196],[98.3021,12.9196]]],[[[98.3031,12.9304],[98.3029,12.9329],[98.3036,12.9329],[98.3031,12.9304]]],[[[98.3038,12.9341],[98.3039,12.9337],[98.3038,12.9333],[98.3038,12.9341]]],[[[98.3049,12.9429],[98.3046,12.9454],[98.3052,12.9454],[98.3049,12.9429]]],[[[98.2854,12.9637],[98.2854,12.9636],[98.2853,12.9637],[98.2854,12.9637]]],[[[98.2854,12.9612],[98.285,12.9612],[98.2854,12.9622],[98.2854,12.9612]]],[[[98.2938,12.9904],[98.2938,12.9962],[98.2941,12.9962],[98.2946,12.9952],[98.2938,12.9927],[98.2945,12.9904],[98.2938,12.9904]]],[[[98.2821,13.0129],[98.2821,13.0128],[98.282,13.0129],[98.2821,13.0129]]],[[[98.2829,13.0121],[98.2829,13.0057],[98.2824,13.0121],[98.2829,13.0121]]],[[[98.2771,13.0187],[98.2771,13.018],[98.2768,13.0187],[98.2771,13.0187]]],[[[98.3129,13.0221],[98.3129,13.0176],[98.3125,13.0221],[98.3129,13.0221]]],[[[98.2754,13.0254],[98.2754,13.0253],[98.2753,13.0254],[98.2754,13.0254]]],[[[98.2763,13.0246],[98.2763,13.0242],[98.276,13.0246],[98.2763,13.0246]]],[[[98.2763,13.0212],[98.276,13.0221],[98.2763,13.0233],[98.2763,13.0212]]],[[[98.3113,13.0304],[98.3113,13.0275],[98.3112,13.0304],[98.3113,13.0304]]],[[[98.2754,13.0287],[98.2754,13.0271],[98.2749,13.0271],[98.275,13.0287],[98.2754,13.0287]]],[[[98.2746,13.0296],[98.2746,13.0294],[98.2745,13.0296],[98.2746,13.0296]]],[[[98.2721,13.0387],[98.2721,13.0387],[98.272,13.0387],[98.2721,13.0387]]],[[[98.2729,13.0379],[98.2729,13.0361],[98.2726,13.0379],[98.2729,13.0379]]],[[[98.3021,13.0537],[98.3025,13.0537],[98.3021,13.0534],[98.3021,13.0537]]],[[[98.3071,13.0562],[98.3071,13.0564],[98.3073,13.0562],[98.3071,13.0562]]],[[[98.3054,13.0579],[98.3112,13.0579],[98.3088,13.0573],[98.3054,13.0579]]],[[[98.2971,13.0729],[98.2971,13.0721],[98.2979,13.0721],[98.2979,13.0696],[98.2971,13.0696],[98.2971,13.0704],[98.2946,13.0704],[98.2946,13.0729],[98.2971,13.0729]]],[[[98.2971,13.0771],[98.2963,13.0754],[98.2946,13.0754],[98.2946,13.0771],[98.2954,13.0771],[98.2954,13.0779],[98.2971,13.0771]]],[[[98.3038,13.0881],[98.3027,13.0887],[98.3038,13.0887],[98.3038,13.0881]]],[[[98.3046,13.0879],[98.3046,13.0876],[98.3041,13.0879],[98.3046,13.0879]]],[[[98.3046,13.0871],[98.3045,13.0871],[98.3046,13.0872],[98.3046,13.0871]]],[[[98.3038,13.0854],[98.3029,13.0854],[98.3026,13.0837],[98.3026,13.0851],[98.3038,13.0865],[98.3038,13.0854]]],[[[98.3004,13.0887],[98.3,13.0893],[98.3004,13.0917],[98.3004,13.0896],[98.3021,13.0896],[98.3021,13.0891],[98.301,13.0893],[98.3004,13.0887]]],[[[98.3113,13.1154],[98.3121,13.1154],[98.3117,13.1129],[98.3113,13.1129],[98.3113,13.1154]]],[[[98.3071,13.1152],[98.3067,13.1171],[98.3071,13.1171],[98.3071,13.1152]]],[[[98.3079,13.1146],[98.3079,13.1135],[98.3074,13.1146],[98.3079,13.1146]]],[[[98.3063,13.1187],[98.3063,13.1178],[98.3048,13.1187],[98.3063,13.1187]]],[[[98.3104,13.1162],[98.3104,13.1187],[98.3108,13.1187],[98.3113,13.1162],[98.3104,13.1162]]],[[[98.3096,13.1187],[98.3096,13.1212],[98.3104,13.1212],[98.3104,13.1187],[98.3096,13.1187]]],[[[98.3025,13.1279],[98.3027,13.1304],[98.3029,13.1304],[98.3029,13.1279],[98.3025,13.1279]]],[[[98.3013,13.1386],[98.3007,13.1375],[98.3013,13.1371],[98.3013,13.1351],[98.3003,13.1345],[98.2996,13.1308],[98.3004,13.13],[98.3004,13.1279],[98.2996,13.1279],[98.2996,13.1304],[98.2988,13.1304],[98.2988,13.1346],[98.3004,13.1354],[98.3004,13.1371],[98.2996,13.1371],[98.2996,13.1379],[98.2979,13.1379],[98.2979,13.1387],[98.2995,13.138],[98.3003,13.1387],[98.3013,13.1386]]],[[[98.2971,13.1396],[98.2954,13.1396],[98.2954,13.1371],[98.2949,13.1371],[98.2953,13.1421],[98.2971,13.1396]]],[[[98.3104,13.6921],[98.3104,13.6887],[98.3096,13.6887],[98.3096,13.6904],[98.3088,13.6904],[98.3088,13.6921],[98.3104,13.6921]]],[[[98.2871,13.7829],[98.2854,13.7829],[98.2854,13.7854],[98.2863,13.7854],[98.2863,13.7837],[98.2871,13.7837],[98.2871,13.7829]]],[[[98.2446,13.7679],[98.2446,13.7696],[98.2471,13.7696],[98.2471,13.7704],[98.2496,13.7704],[98.2496,13.7662],[98.2504,13.7662],[98.2504,13.7654],[98.2521,13.7654],[98.2521,13.7679],[98.2554,13.7679],[98.2554,13.7696],[98.2563,13.7696],[98.2563,13.7712],[98.2521,13.7712],[98.2521,13.7729],[98.2504,13.7729],[98.2504,13.7737],[98.2454,13.7737],[98.2454,13.7746],[98.2446,13.7746],[98.2446,13.7721],[98.2463,13.7729],[98.2471,13.7712],[98.2438,13.7712],[98.2438,13.7704],[98.2421,13.7704],[98.2421,13.7712],[98.2429,13.7712],[98.2429,13.7737],[98.2421,13.7737],[98.2421,13.7746],[98.2438,13.7754],[98.2438,13.7762],[98.2454,13.7754],[98.2454,13.7771],[98.2471,13.7771],[98.2471,13.7787],[98.2504,13.7787],[98.2504,13.7812],[98.2496,13.7812],[98.2496,13.7829],[98.2504,13.7829],[98.2504,13.7846],[98.2488,13.7846],[98.2488,13.7829],[98.2471,13.7829],[98.2471,13.7871],[98.2463,13.7871],[98.2463,13.7879],[98.2454,13.7879],[98.2446,13.7862],[98.2429,13.7862],[98.243,13.7879],[98.2438,13.7879],[98.2438,13.7921],[98.2454,13.7929],[98.2454,13.7946],[98.2446,13.7946],[98.2446,13.7962],[98.244,13.7962],[98.2442,13.7979],[98.2454,13.7979],[98.2454,13.7987],[98.2463,13.7987],[98.2463,13.7971],[98.2479,13.7979],[98.2479,13.7987],[98.2471,13.7987],[98.2471,13.8012],[98.2479,13.8012],[98.2479,13.8021],[98.2504,13.8021],[98.2504,13.7987],[98.2513,13.7987],[98.2513,13.7971],[98.2488,13.7971],[98.2488,13.7937],[98.2504,13.7937],[98.2513,13.7954],[98.2521,13.7954],[98.2521,13.7962],[98.2538,13.7962],[98.2538,13.7987],[98.2546,13.7987],[98.2546,13.7996],[98.2554,13.7996],[98.2554,13.7987],[98.2571,13.7987],[98.2579,13.7971],[98.2588,13.7971],[98.2588,13.7937],[98.2596,13.7937],[98.2596,13.7921],[98.2579,13.7921],[98.2579,13.7887],[98.2613,13.7887],[98.2613,13.7904],[98.2604,13.7904],[98.2604,13.7929],[98.2613,13.7929],[98.2621,13.7912],[98.2638,13.7912],[98.2638,13.7921],[98.2654,13.7921],[98.2654,13.7912],[98.2671,13.7912],[98.2671,13.7921],[98.2688,13.7929],[98.2688,13.7946],[98.2679,13.7946],[98.2679,13.7954],[98.2663,13.7954],[98.2663,13.7987],[98.2654,13.7987],[98.2654,13.7996],[98.2646,13.7996],[98.2638,13.7979],[98.2596,13.7979],[98.2596,13.8004],[98.2588,13.8004],[98.2588,13.8012],[98.2546,13.8012],[98.2546,13.8021],[98.2529,13.8021],[98.2529,13.8029],[98.2521,13.8029],[98.2521,13.8046],[98.2513,13.8046],[98.2513,13.8054],[98.2463,13.8054],[98.2458,13.8071],[98.2454,13.8121],[98.2463,13.8121],[98.2463,13.8129],[98.245,13.8129],[98.2449,13.8179],[98.2454,13.8179],[98.2454,13.8187],[98.2479,13.8187],[98.2479,13.8179],[98.2504,13.8179],[98.2513,13.8196],[98.2504,13.8196],[98.2504,13.8204],[98.2488,13.8204],[98.2488,13.8229],[98.2479,13.8229],[98.2479,13.8237],[98.2463,13.8229],[98.2463,13.8246],[98.2446,13.8246],[98.2446,13.8262],[98.2454,13.8262],[98.2454,13.8271],[98.2446,13.8271],[98.2446,13.8287],[98.2441,13.8287],[98.2438,13.8371],[98.2429,13.838],[98.2429,13.8412],[98.2421,13.8412],[98.2421,13.8446],[98.2413,13.8446],[98.2413,13.8479],[98.2404,13.8479],[98.2404,13.8496],[98.2429,13.8496],[98.2429,13.8512],[98.2404,13.8512],[98.2404,13.8592],[98.2413,13.8596],[98.2413,13.8618],[98.2421,13.8637],[98.2421,13.8721],[98.239,13.8793],[98.2388,13.8839],[98.2396,13.8904],[98.2404,13.8912],[98.2407,13.8937],[98.2413,13.8937],[98.2413,13.8954],[98.2421,13.8954],[98.2421,13.8962],[98.2413,13.8965],[98.2429,13.9071],[98.2446,13.9071],[98.2446,13.9087],[98.2454,13.9087],[98.2454,13.9054],[98.2446,13.9054],[98.2446,13.9046],[98.2488,13.9046],[98.2488,13.9037],[98.2521,13.9037],[98.2521,13.9021],[98.2529,13.9021],[98.2529,13.8979],[98.2538,13.8979],[98.2538,13.8971],[98.2546,13.8971],[98.2546,13.8979],[98.2563,13.8979],[98.2563,13.8987],[98.2596,13.8987],[98.2596,13.8996],[98.2621,13.8996],[98.2621,13.8987],[98.2654,13.8987],[98.2654,13.8979],[98.2688,13.8979],[98.2688,13.8996],[98.2696,13.8996],[98.2696,13.9004],[98.2729,13.9004],[98.2729,13.9012],[98.2746,13.9012],[98.2746,13.8987],[98.2738,13.8987],[98.2738,13.8979],[98.2713,13.8979],[98.2704,13.8962],[98.2688,13.8962],[98.2688,13.8946],[98.2713,13.8946],[98.2713,13.8954],[98.2738,13.8954],[98.2738,13.8937],[98.2729,13.8937],[98.2729,13.8921],[98.2713,13.8921],[98.2713,13.8929],[98.2696,13.8929],[98.2696,13.8937],[98.2679,13.8937],[98.2679,13.8962],[98.2654,13.8962],[98.2654,13.8946],[98.2629,13.8946],[98.2621,13.8962],[98.2604,13.8962],[98.2604,13.8954],[98.2596,13.8954],[98.2596,13.8946],[98.2579,13.8937],[98.2579,13.8921],[98.2571,13.8921],[98.2571,13.8904],[98.2538,13.8904],[98.2538,13.8879],[98.2563,13.8879],[98.2554,13.8862],[98.2546,13.8862],[98.2546,13.8854],[98.2554,13.8854],[98.2554,13.8812],[98.2563,13.8812],[98.2563,13.8804],[98.2579,13.8796],[98.2579,13.8779],[98.2571,13.8779],[98.2571,13.8762],[98.2579,13.8762],[98.2588,13.8746],[98.2604,13.8737],[98.2604,13.8721],[98.2596,13.8721],[98.2596,13.8712],[98.2613,13.8704],[98.2613,13.8679],[98.2621,13.8679],[98.2621,13.8654],[98.2613,13.8654],[98.2621,13.8637],[98.2613,13.8637],[98.2613,13.8612],[98.2604,13.8612],[98.2604,13.8587],[98.2621,13.8587],[98.2621,13.8571],[98.2654,13.8554],[98.2654,13.8521],[98.2646,13.8521],[98.2646,13.8504],[98.2621,13.8504],[98.2621,13.8471],[98.2596,13.8471],[98.2596,13.8462],[98.2588,13.8462],[98.2588,13.8446],[98.2596,13.8446],[98.2596,13.8412],[98.2588,13.8412],[98.2588,13.8387],[98.2579,13.8387],[98.2579,13.8337],[98.2588,13.8337],[98.2588,13.8287],[98.2579,13.8287],[98.2579,13.8279],[98.2596,13.8279],[98.2596,13.8287],[98.2604,13.8287],[98.2604,13.8262],[98.2613,13.8262],[98.2613,13.8254],[98.2588,13.8254],[98.2588,13.8246],[98.2629,13.8246],[98.2629,13.8237],[98.2638,13.8237],[98.2638,13.8221],[98.2604,13.8204],[98.2604,13.8196],[98.2621,13.8196],[98.2621,13.8154],[98.2629,13.8154],[98.2629,13.8129],[98.2621,13.8129],[98.2621,13.8104],[98.2629,13.8104],[98.2629,13.8096],[98.2638,13.8096],[98.2646,13.8079],[98.2663,13.8071],[98.2663,13.8079],[98.2671,13.8079],[98.2671,13.8096],[98.2679,13.8096],[98.2679,13.8112],[98.2696,13.8112],[98.2696,13.8104],[98.2704,13.8104],[98.2704,13.8112],[98.2721,13.8121],[98.2721,13.8096],[98.2713,13.8096],[98.2713,13.8087],[98.2721,13.8087],[98.2721,13.8071],[98.2696,13.8071],[98.2696,13.8054],[98.2713,13.8054],[98.2713,13.8062],[98.2746,13.8062],[98.2746,13.8054],[98.2738,13.8054],[98.2746,13.8037],[98.2721,13.8037],[98.2721,13.8012],[98.2729,13.8012],[98.2738,13.7996],[98.2713,13.7996],[98.2713,13.7979],[98.2721,13.7979],[98.2721,13.7962],[98.2713,13.7962],[98.2713,13.7937],[98.2704,13.7937],[98.2704,13.7929],[98.2713,13.7929],[98.2713,13.7904],[98.2721,13.7904],[98.2721,13.7896],[98.2746,13.7896],[98.2746,13.7879],[98.2738,13.7879],[98.2738,13.7862],[98.2754,13.7862],[98.2754,13.7871],[98.2771,13.7871],[98.2771,13.7837],[98.2788,13.7829],[98.2788,13.7812],[98.2796,13.7812],[98.2796,13.7796],[98.2846,13.7796],[98.2846,13.7804],[98.2879,13.7804],[98.2879,13.7787],[98.2863,13.7787],[98.2863,13.7779],[98.2879,13.7771],[98.2879,13.7762],[98.2863,13.7754],[98.2863,13.7746],[98.2854,13.7746],[98.2854,13.7712],[98.2846,13.7712],[98.2846,13.7704],[98.2829,13.7704],[98.2829,13.7687],[98.2813,13.7679],[98.2813,13.7671],[98.2796,13.7671],[98.2796,13.7662],[98.2788,13.7662],[98.2788,13.7637],[98.2796,13.7637],[98.2796,13.7646],[98.2813,13.7646],[98.2821,13.7629],[98.2838,13.7629],[98.2838,13.7621],[98.2854,13.7621],[98.2863,13.7604],[98.2888,13.7604],[98.2888,13.7612],[98.2896,13.7612],[98.2904,13.7629],[98.2913,13.7629],[98.2913,13.7637],[98.2904,13.7637],[98.2904,13.7687],[98.2913,13.7687],[98.2913,13.7696],[98.2938,13.7696],[98.2938,13.7704],[98.2929,13.7704],[98.2929,13.7721],[98.2946,13.7721],[98.2946,13.7712],[98.2954,13.7712],[98.2954,13.7704],[98.2946,13.7704],[98.2946,13.7696],[98.2954,13.7696],[98.2954,13.7687],[98.2946,13.7687],[98.2946,13.7671],[98.2954,13.7671],[98.2954,13.7654],[98.2946,13.7654],[98.2946,13.7629],[98.2954,13.7629],[98.2954,13.7621],[98.2971,13.7621],[98.2971,13.7604],[98.2946,13.7604],[98.2946,13.7579],[98.2938,13.7579],[98.2938,13.7562],[98.2921,13.7562],[98.2921,13.7554],[98.2938,13.7546],[98.2938,13.7537],[98.2954,13.7537],[98.2963,13.7521],[98.2971,13.7521],[98.2971,13.7471],[98.2963,13.7471],[98.2963,13.7462],[98.2988,13.7462],[98.2988,13.7446],[98.2971,13.7446],[98.2971,13.7437],[98.2963,13.7437],[98.2963,13.7387],[98.2971,13.7387],[98.2979,13.7371],[98.2996,13.7371],[98.2996,13.7354],[98.3004,13.7354],[98.3004,13.7337],[98.3021,13.7337],[98.3021,13.7329],[98.3029,13.7329],[98.3038,13.7346],[98.3046,13.7346],[98.3046,13.7362],[98.3054,13.7362],[98.3054,13.7371],[98.3079,13.7371],[98.3079,13.7379],[98.3063,13.7379],[98.3063,13.7412],[98.3071,13.7412],[98.3079,13.7429],[98.3088,13.7429],[98.3088,13.7437],[98.3079,13.7437],[98.3079,13.7454],[98.3096,13.7454],[98.3096,13.7429],[98.3104,13.7429],[98.3104,13.7437],[98.3113,13.7437],[98.3113,13.7462],[98.3096,13.7462],[98.3096,13.7471],[98.3104,13.7471],[98.3113,13.7487],[98.3129,13.7487],[98.3129,13.7479],[98.3146,13.7479],[98.3146,13.7512],[98.3163,13.7512],[98.3163,13.7529],[98.3179,13.7529],[98.3188,13.7546],[98.3221,13.7546],[98.3221,13.7504],[98.3246,13.7504],[98.3246,13.7487],[98.3221,13.7487],[98.3213,13.7471],[98.3188,13.7471],[98.3188,13.7454],[98.3179,13.7454],[98.3179,13.7446],[98.3163,13.7437],[98.3163,13.7404],[98.3171,13.7404],[98.3171,13.7387],[98.3188,13.7387],[98.3188,13.7371],[98.3213,13.7371],[98.3213,13.7354],[98.3204,13.7354],[98.3204,13.7329],[98.3213,13.7329],[98.3213,13.7321],[98.3263,13.7321],[98.3263,13.7312],[98.3271,13.7312],[98.3271,13.7321],[98.3288,13.7321],[98.3288,13.7312],[98.3304,13.7312],[98.3304,13.7304],[98.3321,13.7304],[98.3321,13.7337],[98.3338,13.7337],[98.3338,13.7329],[98.3354,13.7321],[98.3354,13.7312],[98.3329,13.7312],[98.3329,13.7287],[98.3338,13.7287],[98.3338,13.7271],[98.3321,13.7262],[98.3321,13.7246],[98.3313,13.7246],[98.3313,13.7229],[98.3304,13.7229],[98.3304,13.7221],[98.3313,13.7221],[98.3313,13.7212],[98.3329,13.7221],[98.3329,13.7212],[98.3346,13.7204],[98.3346,13.7179],[98.3363,13.7179],[98.3363,13.7129],[98.3371,13.7129],[98.3371,13.7104],[98.3363,13.7104],[98.3363,13.7096],[98.3346,13.7104],[98.3346,13.7121],[98.3338,13.7121],[98.3346,13.7137],[98.3338,13.7137],[98.3338,13.7146],[98.3321,13.7137],[98.3329,13.7121],[98.3313,13.7121],[98.3313,13.7112],[98.3288,13.7112],[98.3288,13.7129],[98.3279,13.7129],[98.3279,13.7137],[98.3263,13.7137],[98.3263,13.7129],[98.3254,13.7129],[98.3254,13.7096],[98.3263,13.7096],[98.3263,13.7079],[98.3229,13.7079],[98.3229,13.7062],[98.3204,13.7062],[98.3204,13.7054],[98.3188,13.7054],[98.3188,13.7037],[98.3221,13.7037],[98.3221,13.7054],[98.3238,13.7054],[98.3229,13.7037],[98.3246,13.7029],[98.3246,13.7037],[98.3254,13.7037],[98.3254,13.7046],[98.3246,13.7046],[98.3246,13.7062],[98.3263,13.7071],[98.3263,13.7062],[98.3271,13.7062],[98.3271,13.7029],[98.3263,13.7029],[98.3254,13.7012],[98.3229,13.7012],[98.3229,13.7004],[98.3221,13.7004],[98.3221,13.7012],[98.3213,13.7012],[98.3213,13.7004],[98.3196,13.7012],[98.3196,13.7004],[98.3188,13.7004],[98.3188,13.6996],[98.3171,13.6996],[98.3171,13.6979],[98.3163,13.6979],[98.3163,13.6962],[98.3179,13.6962],[98.3179,13.6971],[98.3188,13.6971],[98.3188,13.6962],[98.3204,13.6954],[98.3204,13.6921],[98.3196,13.6921],[98.3196,13.6929],[98.3188,13.6929],[98.3188,13.6921],[98.3171,13.6929],[98.3171,13.6921],[98.3163,13.6921],[98.3163,13.6929],[98.3154,13.6929],[98.3154,13.6946],[98.3146,13.6946],[98.3146,13.6937],[98.3121,13.6937],[98.3121,13.6946],[98.3096,13.6946],[98.3096,13.6962],[98.3104,13.6962],[98.3104,13.6979],[98.3121,13.6979],[98.3121,13.6987],[98.3138,13.6987],[98.3138,13.7004],[98.3104,13.7004],[98.3104,13.7021],[98.3113,13.7021],[98.3113,13.7037],[98.3088,13.7037],[98.3088,13.7071],[98.3096,13.7071],[98.3096,13.7087],[98.3071,13.7087],[98.3063,13.7071],[98.3038,13.7071],[98.3038,13.7087],[98.3029,13.7087],[98.3029,13.7096],[98.2979,13.7096],[98.2979,13.7079],[98.2971,13.7079],[98.2971,13.7037],[98.2979,13.7037],[98.2979,13.7021],[98.2988,13.7021],[98.2988,13.7012],[98.3021,13.7012],[98.3029,13.7029],[98.3063,13.7029],[98.3063,13.7021],[98.3079,13.7021],[98.3079,13.6979],[98.3071,13.6979],[98.3071,13.6987],[98.3054,13.6987],[98.3054,13.6971],[98.3071,13.6971],[98.3071,13.6954],[98.3055,13.6954],[98.3054,13.6962],[98.3047,13.6962],[98.3046,13.6971],[98.3039,13.6971],[98.3021,13.6996],[98.2979,13.7],[98.2979,13.7004],[98.2921,13.7004],[98.2921,13.7021],[98.2946,13.7021],[98.2946,13.7029],[98.2954,13.7029],[98.2946,13.7046],[98.2938,13.7046],[98.2938,13.7037],[98.2921,13.7037],[98.2921,13.7054],[98.2904,13.7054],[98.2904,13.7046],[98.2888,13.7046],[98.2888,13.7037],[98.2879,13.7037],[98.2879,13.7021],[98.2896,13.7012],[98.2896,13.6999],[98.2879,13.6998],[98.2879,13.7004],[98.2871,13.7004],[98.2871,13.7012],[98.2855,13.7012],[98.2824,13.7075],[98.2825,13.7096],[98.2838,13.7096],[98.2838,13.7079],[98.2854,13.7079],[98.2854,13.7096],[98.2846,13.7096],[98.2846,13.7104],[98.2829,13.7104],[98.2829,13.7121],[98.2846,13.7121],[98.2846,13.7137],[98.2838,13.7137],[98.2838,13.7154],[98.2821,13.7154],[98.2821,13.7123],[98.2794,13.7126],[98.277,13.7091],[98.2713,13.708],[98.2721,13.7096],[98.2738,13.7096],[98.2738,13.7104],[98.2746,13.7104],[98.2746,13.7096],[98.2763,13.7104],[98.2763,13.7137],[98.2738,13.7137],[98.2729,13.7121],[98.2713,13.7121],[98.2713,13.7129],[98.2663,13.7129],[98.2663,13.7137],[98.2638,13.7137],[98.2638,13.7121],[98.2613,13.7121],[98.2613,13.7104],[98.2638,13.7104],[98.2638,13.7112],[98.2663,13.7112],[98.2671,13.7096],[98.2704,13.7096],[98.2704,13.708],[98.2669,13.7082],[98.2625,13.7096],[98.2579,13.7089],[98.2579,13.7104],[98.2571,13.7104],[98.2571,13.7096],[98.2563,13.7096],[98.2554,13.708],[98.2529,13.7071],[98.2529,13.7087],[98.2513,13.7096],[98.2513,13.7087],[98.2471,13.7087],[98.2463,13.7071],[98.2446,13.7071],[98.2446,13.7079],[98.2454,13.7079],[98.2454,13.7112],[98.2463,13.7112],[98.2463,13.7129],[98.2446,13.7129],[98.2446,13.7154],[98.2421,13.7154],[98.2421,13.7179],[98.2413,13.7179],[98.2413,13.7162],[98.2379,13.7162],[98.2379,13.7171],[98.2354,13.7171],[98.2354,13.7179],[98.2346,13.7179],[98.2338,13.7215],[98.2339,13.7221],[98.2354,13.7221],[98.2354,13.7229],[98.2338,13.7229],[98.2338,13.7254],[98.2329,13.7258],[98.2329,13.7312],[98.2321,13.7312],[98.2321,13.7396],[98.2338,13.7396],[98.2338,13.7387],[98.2346,13.7387],[98.2346,13.7404],[98.2338,13.7404],[98.2338,13.7429],[98.2346,13.7429],[98.2346,13.7446],[98.2354,13.7446],[98.2354,13.7462],[98.2371,13.7462],[98.2371,13.7454],[98.2363,13.7454],[98.2363,13.7437],[98.2371,13.7437],[98.2371,13.7429],[98.2404,13.7429],[98.2404,13.7421],[98.2413,13.7421],[98.2413,13.7437],[98.2396,13.7437],[98.2396,13.7454],[98.2388,13.7454],[98.2388,13.7512],[98.2404,13.7512],[98.2404,13.7529],[98.2396,13.7529],[98.2396,13.7562],[98.2421,13.7562],[98.2421,13.7579],[98.2404,13.7579],[98.2406,13.7596],[98.2413,13.7596],[98.2413,13.7621],[98.2421,13.7621],[98.2421,13.7629],[98.2446,13.7629],[98.2446,13.7654],[98.2463,13.7654],[98.2463,13.7671],[98.2446,13.7679]],[[98.2646,13.8071],[98.2646,13.8062],[98.2638,13.8062],[98.2638,13.8046],[98.2646,13.8046],[98.2646,13.8021],[98.2679,13.8021],[98.2679,13.8029],[98.2688,13.8029],[98.2688,13.8054],[98.2663,13.8054],[98.2654,13.8071],[98.2646,13.8071]],[[98.2896,13.7604],[98.2904,13.7604],[98.2904,13.7612],[98.2896,13.7612],[98.2896,13.7604]],[[98.2638,13.7146],[98.2646,13.7146],[98.2646,13.7179],[98.2629,13.7179],[98.2621,13.7196],[98.2596,13.7196],[98.2596,13.7171],[98.2604,13.7171],[98.2604,13.7137],[98.2638,13.7137],[98.2638,13.7146]],[[98.2429,13.7579],[98.2429,13.7587],[98.2421,13.7587],[98.2421,13.7579],[98.2429,13.7579]],[[98.2454,13.7587],[98.2454,13.7612],[98.2446,13.7612],[98.2446,13.7596],[98.2429,13.7596],[98.2429,13.7587],[98.2454,13.7587]],[[98.3296,13.7187],[98.3288,13.7187],[98.3288,13.7179],[98.3296,13.7179],[98.3296,13.7187]],[[98.3254,13.7179],[98.3246,13.7179],[98.3246,13.7171],[98.3254,13.7171],[98.3254,13.7179]],[[98.3196,13.7129],[98.3204,13.7129],[98.3204,13.7121],[98.3221,13.7121],[98.3221,13.7129],[98.3246,13.7129],[98.3246,13.7154],[98.3238,13.7154],[98.3238,13.7162],[98.3221,13.7162],[98.3221,13.7154],[98.3204,13.7146],[98.3196,13.7129]],[[98.3188,13.7137],[98.3171,13.7137],[98.3171,13.7129],[98.3188,13.7129],[98.3188,13.7137]],[[98.3171,13.7046],[98.3154,13.7046],[98.3154,13.7021],[98.3171,13.7021],[98.3171,13.7046]],[[98.3163,13.7096],[98.3146,13.7096],[98.3146,13.7079],[98.3163,13.7079],[98.3163,13.7096]],[[98.3138,13.7296],[98.3121,13.7296],[98.3121,13.7287],[98.3138,13.7287],[98.3138,13.7296]],[[98.3129,13.7071],[98.3121,13.7071],[98.3121,13.7062],[98.3129,13.7062],[98.3129,13.7071]],[[98.3129,13.7054],[98.3138,13.7054],[98.3138,13.7062],[98.3129,13.7062],[98.3129,13.7054]],[[98.3129,13.7087],[98.3121,13.7087],[98.3121,13.7079],[98.3129,13.7079],[98.3129,13.7087]],[[98.3079,13.7129],[98.3063,13.7129],[98.3063,13.7121],[98.3104,13.7121],[98.3104,13.7129],[98.3088,13.7129],[98.3088,13.7137],[98.3079,13.7137],[98.3079,13.7129]],[[98.3063,13.7296],[98.3046,13.7296],[98.3046,13.7287],[98.3063,13.7287],[98.3063,13.7296]],[[98.3046,13.7212],[98.3038,13.7212],[98.3038,13.7196],[98.3046,13.7196],[98.3046,13.7212]],[[98.3046,13.6996],[98.3038,13.6996],[98.3038,13.6987],[98.3046,13.6987],[98.3046,13.6996]],[[98.3021,13.7271],[98.3004,13.7271],[98.3004,13.7262],[98.3021,13.7262],[98.3021,13.7271]],[[98.3013,13.7179],[98.3004,13.7179],[98.3004,13.7171],[98.3013,13.7171],[98.3013,13.7179]],[[98.2988,13.7179],[98.2963,13.7179],[98.2963,13.7162],[98.2988,13.7162],[98.2988,13.7179]],[[98.2979,13.7312],[98.2988,13.7312],[98.2988,13.7321],[98.2971,13.7321],[98.2971,13.7304],[98.2979,13.7304],[98.2979,13.7312]],[[98.2938,13.7362],[98.2929,13.7362],[98.2929,13.7346],[98.2954,13.7346],[98.2954,13.7354],[98.2971,13.7354],[98.2971,13.7371],[98.2938,13.7371],[98.2938,13.7362]],[[98.2963,13.7496],[98.2954,13.7496],[98.2954,13.7487],[98.2963,13.7487],[98.2963,13.7496]],[[98.2904,13.7446],[98.2896,13.7446],[98.2888,13.7429],[98.2904,13.7429],[98.2904,13.7446]],[[98.2904,13.7246],[98.2896,13.7246],[98.2896,13.7237],[98.2904,13.7237],[98.2904,13.7246]],[[98.2904,13.7187],[98.2879,13.7187],[98.2879,13.7179],[98.2888,13.7179],[98.2888,13.7154],[98.2904,13.7154],[98.2904,13.7187]],[[98.2821,13.7179],[98.2829,13.7179],[98.2829,13.7196],[98.2821,13.7196],[98.2821,13.7237],[98.2813,13.7237],[98.2813,13.7212],[98.2804,13.7212],[98.2804,13.7187],[98.2813,13.7187],[98.2813,13.7171],[98.2821,13.7171],[98.2821,13.7179]],[[98.2813,13.7504],[98.2788,13.7504],[98.2788,13.7496],[98.2813,13.7496],[98.2813,13.7504]],[[98.2813,13.7737],[98.2804,13.7737],[98.2804,13.7729],[98.2813,13.7729],[98.2813,13.7737]],[[98.2788,13.7362],[98.2788,13.7371],[98.2779,13.7371],[98.2779,13.7362],[98.2788,13.7362]],[[98.2804,13.7371],[98.2804,13.7379],[98.2788,13.7379],[98.2788,13.7371],[98.2804,13.7371]],[[98.2771,13.7362],[98.2771,13.7304],[98.2779,13.7304],[98.2779,13.7254],[98.2788,13.7254],[98.2788,13.7246],[98.2813,13.7246],[98.2813,13.7262],[98.2804,13.7262],[98.2804,13.7296],[98.2796,13.7296],[98.2796,13.7321],[98.2788,13.7321],[98.2788,13.7354],[98.2771,13.7362]],[[98.2796,13.7687],[98.2796,13.7696],[98.2788,13.7696],[98.2788,13.7687],[98.2796,13.7687]],[[98.2779,13.7687],[98.2779,13.7679],[98.2788,13.7679],[98.2788,13.7687],[98.2779,13.7687]],[[98.2771,13.7637],[98.2763,13.7637],[98.2763,13.7612],[98.2779,13.7621],[98.2771,13.7637]],[[98.2746,13.7162],[98.2738,13.7162],[98.2738,13.7154],[98.2746,13.7154],[98.2746,13.7162]],[[98.2646,13.7287],[98.2646,13.7237],[98.2654,13.7237],[98.2654,13.7229],[98.2671,13.7237],[98.2679,13.7221],[98.2704,13.7221],[98.2704,13.7229],[98.2696,13.7229],[98.2696,13.7246],[98.2679,13.7246],[98.2679,13.7279],[98.2663,13.7287],[98.2663,13.7296],[98.2638,13.7296],[98.2638,13.7287],[98.2646,13.7287]],[[98.2671,13.7221],[98.2671,13.7212],[98.2679,13.7212],[98.2679,13.7221],[98.2671,13.7221]],[[98.2704,13.7204],[98.2713,13.7204],[98.2713,13.7179],[98.2738,13.7179],[98.2738,13.7204],[98.2721,13.7212],[98.2721,13.7221],[98.2704,13.7221],[98.2704,13.7204]],[[98.2738,13.7854],[98.2721,13.7854],[98.2721,13.7846],[98.2738,13.7846],[98.2738,13.7854]],[[98.2704,13.7904],[98.2696,13.7904],[98.2696,13.7896],[98.2704,13.7896],[98.2704,13.7904]],[[98.2688,13.7496],[98.2679,13.7496],[98.2679,13.7487],[98.2688,13.7487],[98.2688,13.7496]],[[98.2688,13.7479],[98.2696,13.7479],[98.2696,13.7487],[98.2688,13.7487],[98.2688,13.7479]],[[98.2696,13.8012],[98.2679,13.8012],[98.2679,13.7996],[98.2696,13.7996],[98.2696,13.8012]],[[98.2679,13.7862],[98.2663,13.7862],[98.2663,13.7854],[98.2646,13.7846],[98.2646,13.7821],[98.2663,13.7821],[98.2663,13.7837],[98.2679,13.7837],[98.2679,13.7862]],[[98.2671,13.7329],[98.2663,13.7329],[98.2663,13.7312],[98.2671,13.7312],[98.2671,13.7329]],[[98.2654,13.7579],[98.2646,13.7579],[98.2646,13.7571],[98.2654,13.7571],[98.2654,13.7579]],[[98.2654,13.7887],[98.2654,13.7904],[98.2646,13.7904],[98.2646,13.7887],[98.2654,13.7887]],[[98.2638,13.7887],[98.2638,13.7879],[98.2629,13.7879],[98.2629,13.7862],[98.2646,13.7862],[98.2646,13.7887],[98.2638,13.7887]],[[98.2654,13.7562],[98.2646,13.7562],[98.2646,13.7554],[98.2654,13.7554],[98.2654,13.7562]],[[98.2604,13.7512],[98.2621,13.7512],[98.2621,13.7521],[98.2629,13.7521],[98.2629,13.7529],[98.2613,13.7529],[98.2613,13.7546],[98.2579,13.7546],[98.2579,13.7537],[98.2563,13.7537],[98.2563,13.7529],[98.2554,13.7529],[98.2554,13.7496],[98.2588,13.7496],[98.2588,13.7521],[98.2604,13.7521],[98.2604,13.7512]],[[98.2629,13.7512],[98.2646,13.7504],[98.2646,13.7521],[98.2629,13.7521],[98.2629,13.7512]],[[98.2621,13.7796],[98.2613,13.7796],[98.2613,13.7787],[98.2621,13.7787],[98.2621,13.7796]],[[98.2621,13.7454],[98.2613,13.7454],[98.2613,13.7446],[98.2621,13.7446],[98.2621,13.7454]],[[98.2621,13.7237],[98.2596,13.7237],[98.2596,13.7204],[98.2604,13.7204],[98.2604,13.7212],[98.2621,13.7221],[98.2621,13.7237]],[[98.2604,13.7396],[98.2596,13.7396],[98.2596,13.7387],[98.2604,13.7387],[98.2604,13.7396]],[[98.2571,13.7196],[98.2563,13.7196],[98.2563,13.7179],[98.2571,13.7179],[98.2571,13.7196]],[[98.2554,13.7154],[98.2563,13.7154],[98.2563,13.7162],[98.2546,13.7162],[98.2546,13.7146],[98.2554,13.7146],[98.2554,13.7154]],[[98.2529,13.7112],[98.2546,13.7104],[98.2546,13.7112],[98.2563,13.7112],[98.2563,13.7121],[98.2529,13.7121],[98.2529,13.7112]],[[98.2538,13.7254],[98.2529,13.7254],[98.2529,13.7246],[98.2538,13.7246],[98.2538,13.7254]],[[98.2513,13.7421],[98.2504,13.7421],[98.2504,13.7412],[98.2513,13.7412],[98.2513,13.7421]],[[98.2513,13.7404],[98.2504,13.7404],[98.2504,13.7379],[98.2521,13.7387],[98.2521,13.7412],[98.2513,13.7412],[98.2513,13.7404]],[[98.2496,13.7429],[98.2504,13.7446],[98.2496,13.7446],[98.2496,13.7454],[98.2479,13.7454],[98.2479,13.7437],[98.2496,13.7429]],[[98.2504,13.7429],[98.2513,13.7429],[98.2513,13.7437],[98.2504,13.7437],[98.2504,13.7429]],[[98.2471,13.7437],[98.2471,13.7429],[98.2479,13.7429],[98.2479,13.7437],[98.2471,13.7437]],[[98.2496,13.8262],[98.2488,13.8262],[98.2488,13.8246],[98.2496,13.8246],[98.2496,13.8262]],[[98.2446,13.7329],[98.2471,13.7329],[98.2471,13.7346],[98.2488,13.7337],[98.2488,13.7362],[98.2496,13.7362],[98.2496,13.7379],[98.2479,13.7379],[98.2479,13.7362],[98.2463,13.7362],[98.2463,13.7346],[98.2446,13.7346],[98.2446,13.7329]],[[98.2479,13.8154],[98.2471,13.8154],[98.2471,13.8146],[98.2479,13.8146],[98.2479,13.8154]],[[98.2463,13.7246],[98.2446,13.7246],[98.2446,13.7229],[98.2463,13.7229],[98.2463,13.7246]],[[98.2454,13.7262],[98.2446,13.7262],[98.2446,13.7254],[98.2454,13.7254],[98.2454,13.7262]],[[98.2446,13.9029],[98.2438,13.9029],[98.2438,13.9004],[98.2446,13.9004],[98.2446,13.9029]],[[98.2446,13.7479],[98.2438,13.7479],[98.2438,13.7471],[98.2446,13.7471],[98.2446,13.7479]],[[98.2446,13.7204],[98.2429,13.7204],[98.2429,13.7179],[98.2446,13.7179],[98.2446,13.7204]],[[98.2438,13.7412],[98.2429,13.7412],[98.2429,13.7404],[98.2438,13.7404],[98.2438,13.7412]],[[98.2429,13.7371],[98.2413,13.7371],[98.2413,13.7354],[98.2429,13.7354],[98.2429,13.7371]],[[98.2404,13.7412],[98.2388,13.7412],[98.2388,13.7379],[98.2413,13.7379],[98.2413,13.7387],[98.2421,13.7387],[98.2421,13.7404],[98.2404,13.7404],[98.2404,13.7412]]],[[[98.2746,13.8054],[98.2754,13.8054],[98.2754,13.8062],[98.2771,13.8054],[98.2771,13.8037],[98.2763,13.8037],[98.2763,13.8029],[98.2754,13.8029],[98.2754,13.8046],[98.2746,13.8046],[98.2746,13.8054]]],[[[98.2779,13.8146],[98.2779,13.8162],[98.2796,13.8162],[98.2788,13.8146],[98.2779,13.8146]]],[[[98.2671,13.8162],[98.2671,13.8179],[98.2679,13.8179],[98.2688,13.8196],[98.2713,13.8196],[98.2713,13.8212],[98.2729,13.8212],[98.2729,13.8204],[98.2738,13.8204],[98.2738,13.8196],[98.2729,13.8196],[98.2729,13.8179],[98.2738,13.8179],[98.2738,13.8154],[98.2721,13.8146],[98.2721,13.8129],[98.2696,13.8129],[98.2688,13.8146],[98.2679,13.8146],[98.2679,13.8162],[98.2671,13.8162]],[[98.2721,13.8179],[98.2721,13.8171],[98.2729,13.8171],[98.2729,13.8179],[98.2721,13.8179]],[[98.2713,13.8171],[98.2713,13.8162],[98.2721,13.8162],[98.2721,13.8171],[98.2713,13.8171]]],[[[98.2754,13.8204],[98.2754,13.8196],[98.2746,13.8196],[98.2746,13.8212],[98.2763,13.8221],[98.2763,13.8237],[98.2788,13.8237],[98.2788,13.8229],[98.2779,13.8229],[98.2779,13.8212],[98.2771,13.8212],[98.2771,13.8204],[98.2754,13.8204]]],[[[98.2821,13.8929],[98.2821,13.8921],[98.2838,13.8921],[98.2838,13.8904],[98.2821,13.8896],[98.2821,13.8871],[98.2796,13.8871],[98.2796,13.8896],[98.2788,13.8896],[98.2788,13.8904],[98.2771,13.8904],[98.2771,13.8921],[98.2746,13.8921],[98.2746,13.8937],[98.2754,13.8937],[98.2754,13.8946],[98.2813,13.8946],[98.2813,13.8929],[98.2821,13.8929]]],[[[98.2746,13.8979],[98.2754,13.8979],[98.2754,13.8987],[98.2763,13.8987],[98.2763,13.8979],[98.2779,13.8979],[98.2779,13.8962],[98.2771,13.8962],[98.2771,13.8954],[98.2746,13.8954],[98.2746,13.8979]]],[[[98.2788,13.9004],[98.2788,13.9054],[98.2804,13.9062],[98.2804,13.9004],[98.2788,13.9004]]],[[[98.2771,13.9254],[98.2763,13.9237],[98.2754,13.9237],[98.2754,13.9254],[98.2746,13.9254],[98.2746,13.9262],[98.2729,13.9262],[98.2729,13.9279],[98.2746,13.9279],[98.2754,13.9262],[98.2771,13.9254]]],[[[98.2688,13.9254],[98.2679,13.9254],[98.2679,13.9262],[98.2696,13.9262],[98.2696,13.9271],[98.2704,13.9271],[98.2704,13.9254],[98.2696,13.9254],[98.2696,13.9246],[98.2688,13.9246],[98.2688,13.9254]]],[[[98.2804,13.9346],[98.2796,13.9346],[98.2796,13.9337],[98.2779,13.9337],[98.2779,13.9354],[98.2788,13.9354],[98.2788,13.9362],[98.2796,13.9362],[98.2804,13.9346]]],[[[98.2913,13.9337],[98.2913,13.9346],[98.2871,13.9346],[98.2871,13.9354],[98.2888,13.9354],[98.2888,13.9362],[98.2904,13.9371],[98.2904,13.9362],[98.2921,13.9362],[98.2921,13.9337],[98.2913,13.9337]]],[[[98.2796,13.9396],[98.2796,13.9429],[98.2804,13.9429],[98.2804,13.9421],[98.2813,13.9421],[98.2813,13.9387],[98.2821,13.9387],[98.2821,13.9371],[98.2804,13.9371],[98.2804,13.9396],[98.2796,13.9396]]],[[[98.3071,13.9746],[98.3071,13.9779],[98.3079,13.9779],[98.3079,13.9746],[98.3071,13.9746]]],[[[98.2771,13.9871],[98.2771,13.9862],[98.2738,13.9862],[98.2738,13.9879],[98.2746,13.9879],[98.2746,13.9912],[98.2771,13.9912],[98.2771,13.9904],[98.2788,13.9904],[98.2788,13.9896],[98.2796,13.9896],[98.2796,13.9879],[98.2788,13.9879],[98.2788,13.9871],[98.2771,13.9871]]],[[[98.2946,14.0054],[98.2946,14.0071],[98.2963,14.0071],[98.2963,14.0054],[98.2946,14.0054]]],[[[98.2938,14.0221],[98.2938,14.0229],[98.2954,14.0237],[98.2954,14.0221],[98.2938,14.0221]]],[[[98.2713,14.0254],[98.2713,14.0271],[98.2738,14.0271],[98.2738,14.0254],[98.2713,14.0254]]],[[[98.2688,14.0571],[98.2688,14.0579],[98.2696,14.0579],[98.2696,14.0596],[98.2713,14.0596],[98.2713,14.0562],[98.2688,14.0562],[98.2688,14.0546],[98.2679,14.0546],[98.2679,14.0571],[98.2688,14.0571]]],[[[98.2729,14.0679],[98.2738,14.0679],[98.2738,14.0696],[98.2746,14.0696],[98.2746,14.0704],[98.2754,14.0704],[98.2754,14.0696],[98.2788,14.0696],[98.2788,14.0679],[98.2779,14.0679],[98.2779,14.0671],[98.2763,14.0679],[98.2763,14.0687],[98.2754,14.0687],[98.2754,14.0662],[98.2771,14.0662],[98.2771,14.0646],[98.2754,14.0646],[98.2754,14.0629],[98.2763,14.0629],[98.2763,14.0612],[98.2779,14.0604],[98.2771,14.0587],[98.2754,14.0587],[98.2754,14.0604],[98.2738,14.0612],[98.2738,14.0621],[98.2729,14.0621],[98.2729,14.0629],[98.2738,14.0629],[98.2738,14.0637],[98.2729,14.0637],[98.2729,14.0679]]],[[[98.2913,14.0679],[98.2913,14.0654],[98.2921,14.0654],[98.2921,14.0637],[98.2904,14.0637],[98.2896,14.0654],[98.2879,14.0662],[98.2879,14.0712],[98.2896,14.0712],[98.2896,14.0687],[98.2913,14.0679]]],[[[98.2821,14.0729],[98.2829,14.0746],[98.2838,14.0746],[98.2838,14.0729],[98.2821,14.0729]]],[[[98.2946,14.0812],[98.2954,14.0812],[98.2954,14.0804],[98.2971,14.0804],[98.2971,14.0796],[98.2988,14.0787],[98.2988,14.0779],[98.2996,14.0779],[98.2996,14.0787],[98.3013,14.0787],[98.3013,14.0771],[98.3004,14.0771],[98.3004,14.0746],[98.2988,14.0746],[98.2988,14.0754],[98.2979,14.0754],[98.2979,14.0771],[98.2971,14.0771],[98.2971,14.0787],[98.2954,14.0787],[98.2954,14.0796],[98.2938,14.0796],[98.2946,14.0812]]],[[[98.2913,14.0796],[98.2913,14.0787],[98.2929,14.0787],[98.2929,14.0771],[98.2904,14.0771],[98.2904,14.0779],[98.2896,14.0779],[98.2896,14.0796],[98.2913,14.0796]]],[[[98.2954,14.0846],[98.2954,14.0879],[98.2979,14.0879],[98.2979,14.0854],[98.2971,14.0854],[98.2971,14.0846],[98.2954,14.0846]]],[[[98.3013,14.1112],[98.2996,14.1112],[98.2996,14.1121],[98.2979,14.1129],[98.2979,14.1154],[98.2996,14.1146],[98.2996,14.1129],[98.3013,14.1129],[98.3013,14.1112]]],[[[98.2929,14.1171],[98.2929,14.1179],[98.2946,14.1179],[98.2946,14.1196],[98.2954,14.1196],[98.2954,14.1171],[98.2946,14.1171],[98.2946,14.1162],[98.2929,14.1171]]],[[[98.3154,11.0279],[98.3154,11.0296],[98.3159,11.0296],[98.3159,11.0287],[98.318,11.0271],[98.3163,11.0271],[98.3163,11.0279],[98.3154,11.0279]]],[[[98.3129,12.8696],[98.3129,12.8695],[98.3129,12.8696],[98.3129,12.8696]]],[[[98.3146,12.8704],[98.3149,12.8704],[98.3146,12.8699],[98.3146,12.8704]]],[[[98.3154,12.8729],[98.3162,12.8729],[98.3154,12.8713],[98.3154,12.8729]]],[[[98.3163,12.8771],[98.3165,12.8771],[98.3163,12.8767],[98.3163,12.8771]]],[[[98.3154,12.8737],[98.3154,12.8762],[98.316,12.8762],[98.3156,12.8754],[98.3161,12.8737],[98.3154,12.8737]]],[[[98.3146,12.8831],[98.3151,12.8822],[98.3146,12.8812],[98.3146,12.8812],[98.3146,12.8831]]],[[[98.3146,12.8854],[98.3147,12.8854],[98.3146,12.8851],[98.3146,12.8854]]],[[[98.3138,13.0154],[98.3138,13.0162],[98.3146,13.0162],[98.3146,13.0179],[98.3163,13.0179],[98.3163,13.0187],[98.3179,13.0187],[98.3179,13.0182],[98.3158,13.0177],[98.3153,13.0154],[98.3138,13.0154]]],[[[98.3196,13.0179],[98.3196,13.0174],[98.3189,13.0179],[98.3196,13.0179]]],[[[98.3179,13.0637],[98.3204,13.0635],[98.3179,13.0634],[98.3179,13.0637]]],[[[98.3154,13.0629],[98.3156,13.0629],[98.3154,13.0628],[98.3154,13.0629]]],[[[98.3263,13.0754],[98.3263,13.0751],[98.3238,13.0754],[98.3263,13.0754]]],[[[98.3301,13.0746],[98.33,13.0746],[98.3298,13.0746],[98.3301,13.0746]]],[[[98.4179,13.4487],[98.4179,13.4471],[98.4171,13.4471],[98.4171,13.4462],[98.4165,13.4462],[98.4179,13.4487]]],[[[98.4171,13.4504],[98.4171,13.4498],[98.4167,13.4504],[98.4171,13.4504]]],[[[98.4204,13.4804],[98.4204,13.4802],[98.4203,13.4804],[98.4204,13.4804]]],[[[98.4213,13.4796],[98.4213,13.4762],[98.4211,13.4762],[98.4207,13.4796],[98.4213,13.4796]]],[[[98.4113,13.5037],[98.4104,13.5037],[98.4104,13.5054],[98.4121,13.5054],[98.4121,13.5046],[98.4129,13.5046],[98.4129,13.5029],[98.4113,13.5029],[98.4113,13.5037]]],[[[98.4113,13.5071],[98.4121,13.5071],[98.4121,13.5079],[98.4129,13.5079],[98.4129,13.5071],[98.4154,13.5071],[98.4154,13.5054],[98.4121,13.5054],[98.4113,13.5071]]],[[[98.4079,13.5137],[98.4079,13.5129],[98.4088,13.5129],[98.4088,13.5146],[98.4104,13.5146],[98.4104,13.5112],[98.4113,13.5112],[98.4113,13.5079],[98.4096,13.5079],[98.4096,13.5104],[98.4079,13.5112],[98.4079,13.5079],[98.4063,13.5079],[98.4063,13.5062],[98.4054,13.5062],[98.4054,13.5071],[98.4038,13.5071],[98.4038,13.5087],[98.4021,13.5096],[98.4021,13.5112],[98.4046,13.5112],[98.4046,13.5121],[98.4063,13.5121],[98.4063,13.5137],[98.4079,13.5137]]],[[[98.3996,13.5129],[98.3996,13.5137],[98.3988,13.5137],[98.3988,13.5154],[98.3996,13.5154],[98.3996,13.5162],[98.4004,13.5162],[98.4004,13.5154],[98.4029,13.5154],[98.4029,13.5137],[98.4013,13.5137],[98.4013,13.5129],[98.3996,13.5129]]],[[[98.4088,13.5171],[98.4104,13.5171],[98.4113,13.5187],[98.4129,13.5187],[98.4129,13.5179],[98.4121,13.5179],[98.4121,13.5162],[98.4088,13.5162],[98.4088,13.5171]]],[[[98.3979,13.5171],[98.3971,13.5171],[98.3971,13.5196],[98.4029,13.5196],[98.4029,13.5179],[98.4004,13.5179],[98.3996,13.5162],[98.3979,13.5162],[98.3979,13.5171]]],[[[98.4154,13.5271],[98.4154,13.5254],[98.4163,13.5254],[98.4163,13.5246],[98.4146,13.5237],[98.4146,13.5221],[98.4129,13.5212],[98.4129,13.5204],[98.4096,13.5204],[98.4096,13.5187],[98.4046,13.5187],[98.4046,13.5229],[98.4071,13.5229],[98.4071,13.5221],[98.4079,13.5221],[98.4079,13.5229],[98.4104,13.5229],[98.4104,13.5246],[98.4121,13.5246],[98.4121,13.5262],[98.4138,13.5262],[98.4138,13.5271],[98.4154,13.5271]]],[[[98.3954,13.5246],[98.3971,13.5237],[98.3971,13.5229],[98.3979,13.5229],[98.3979,13.5204],[98.3965,13.5204],[98.3921,13.5262],[98.3929,13.5262],[98.3929,13.5271],[98.3954,13.5271],[98.3954,13.5246]]],[[[98.4171,13.5287],[98.4171,13.5312],[98.4188,13.5312],[98.4188,13.5296],[98.4171,13.5287]]],[[[98.3971,13.5329],[98.3971,13.5337],[98.3979,13.5337],[98.3979,13.5354],[98.3996,13.5354],[98.3996,13.5329],[98.3988,13.5329],[98.3979,13.5312],[98.3971,13.5312],[98.3971,13.5296],[98.3963,13.5296],[98.3963,13.5312],[98.3954,13.5312],[98.3954,13.5321],[98.3938,13.5321],[98.3938,13.5337],[98.3929,13.5337],[98.3929,13.5354],[98.3946,13.5346],[98.3946,13.5329],[98.3971,13.5329]]],[[[98.3913,13.5371],[98.3913,13.5396],[98.3929,13.5396],[98.3929,13.5387],[98.3938,13.5387],[98.3938,13.5371],[98.3913,13.5371]]],[[[98.3788,13.5637],[98.3788,13.5629],[98.3771,13.5629],[98.3771,13.5637],[98.3763,13.5637],[98.3763,13.5654],[98.3738,13.5654],[98.3729,13.5671],[98.3713,13.5671],[98.3713,13.5679],[98.3721,13.5679],[98.3721,13.5687],[98.3729,13.5687],[98.3729,13.5679],[98.3746,13.5679],[98.3754,13.5696],[98.3771,13.5696],[98.3771,13.5662],[98.3779,13.5662],[98.3779,13.5654],[98.3796,13.5654],[98.3796,13.5637],[98.3788,13.5637]]],[[[98.3646,13.6029],[98.3654,13.6046],[98.3671,13.6046],[98.3671,13.6029],[98.3646,13.6029]]],[[[98.3746,13.6379],[98.3746,13.6396],[98.3763,13.6404],[98.3763,13.6379],[98.3746,13.6379]]],[[[98.3771,13.6396],[98.3771,13.6421],[98.3788,13.6421],[98.3788,13.6404],[98.3771,13.6396]]],[[[98.3813,13.6429],[98.3813,13.6446],[98.3838,13.6446],[98.3838,13.6429],[98.3813,13.6429]]],[[[98.3196,13.6438],[98.3179,13.6447],[98.3179,13.6454],[98.3196,13.6454],[98.3196,13.6438]]],[[[98.3063,13.6587],[98.3079,13.6587],[98.3079,13.6596],[98.3096,13.6596],[98.3096,13.6612],[98.3079,13.6612],[98.3079,13.6637],[98.3071,13.6637],[98.3071,13.6646],[98.3054,13.6637],[98.3054,13.6662],[98.3046,13.6662],[98.3046,13.6671],[98.3029,13.6679],[98.3029,13.6696],[98.3038,13.6696],[98.3038,13.6704],[98.3004,13.6704],[98.2996,13.6687],[98.2988,13.6687],[98.2988,13.6671],[98.2979,13.6671],[98.2979,13.6654],[98.2971,13.6654],[98.2971,13.6629],[98.2954,13.6629],[98.2954,13.6637],[98.2946,13.6637],[98.2946,13.6654],[98.2929,13.6654],[98.2929,13.6679],[98.2896,13.6679],[98.2896,13.6671],[98.2887,13.6671],[98.2879,13.6677],[98.2879,13.6704],[98.2871,13.6704],[98.2871,13.6712],[98.2846,13.6712],[98.2838,13.6729],[98.2829,13.6729],[98.2829,13.6746],[98.2813,13.6754],[98.2813,13.6879],[98.2804,13.6879],[98.2804,13.6901],[98.2813,13.6904],[98.2816,13.6917],[98.2863,13.6921],[98.2922,13.6937],[98.2951,13.6937],[98.2954,13.6929],[98.2965,13.6929],[98.2971,13.6921],[98.2995,13.6911],[98.3004,13.6871],[98.3011,13.6862],[98.3004,13.6862],[98.3004,13.6854],[98.3013,13.6854],[98.3025,13.6821],[98.3038,13.6746],[98.3045,13.6746],[98.3096,13.6702],[98.3096,13.6696],[98.3108,13.6692],[98.3114,13.6704],[98.3121,13.6704],[98.3129,13.6732],[98.3129,13.6737],[98.3121,13.6737],[98.3121,13.6754],[98.3104,13.6762],[98.3104,13.6787],[98.3121,13.6796],[98.3121,13.6821],[98.3129,13.6821],[98.3129,13.6837],[98.3121,13.6837],[98.3121,13.6854],[98.3113,13.6854],[98.3113,13.6871],[98.3104,13.6871],[98.3104,13.6887],[98.3121,13.6879],[98.3121,13.6871],[98.3138,13.6862],[98.3138,13.6854],[98.3213,13.6854],[98.3213,13.6829],[98.3221,13.6829],[98.3213,13.6812],[98.3221,13.6812],[98.3221,13.6804],[98.3229,13.6804],[98.3229,13.6854],[98.3238,13.6854],[98.3238,13.6846],[98.3254,13.6846],[98.3254,13.6854],[98.3263,13.6854],[98.3271,13.6871],[98.3304,13.6871],[98.3304,13.6887],[98.3329,13.6887],[98.3329,13.6871],[98.3346,13.6871],[98.3346,13.6862],[98.3363,13.6862],[98.3363,13.6854],[98.3388,13.6854],[98.3388,13.6846],[98.3396,13.6846],[98.3396,13.6796],[98.3421,13.6796],[98.3421,13.6787],[98.3429,13.6787],[98.3429,13.6779],[98.3438,13.6779],[98.3438,13.6754],[98.3446,13.6754],[98.3446,13.6746],[98.3463,13.6746],[98.3471,13.6729],[98.3504,13.6729],[98.3504,13.6721],[98.3513,13.6721],[98.3513,13.6704],[98.3521,13.6704],[98.3529,13.6687],[98.3554,13.6687],[98.3563,13.6671],[98.3588,13.6671],[98.3588,13.6679],[98.3613,13.6679],[98.3621,13.6696],[98.3638,13.6696],[98.3638,13.6704],[98.3646,13.6704],[98.3646,13.6721],[98.3638,13.6721],[98.3638,13.6737],[98.3646,13.6737],[98.3646,13.6754],[98.3621,13.6754],[98.3621,13.6779],[98.3638,13.6779],[98.3638,13.6771],[98.3654,13.6771],[98.3654,13.6787],[98.3629,13.6787],[98.3629,13.6871],[98.3613,13.6879],[98.3613,13.6887],[98.3621,13.6887],[98.3621,13.6912],[98.3613,13.6912],[98.3613,13.6921],[98.3596,13.6929],[98.3596,13.6962],[98.3604,13.6962],[98.3604,13.6996],[98.3596,13.6996],[98.3596,13.7004],[98.3579,13.7004],[98.3588,13.7021],[98.3571,13.7029],[98.3571,13.7062],[98.3579,13.7062],[98.3579,13.7054],[98.3596,13.7054],[98.3604,13.7071],[98.3613,13.7071],[98.3613,13.7062],[98.3654,13.7062],[98.3654,13.7046],[98.3638,13.7037],[98.3638,13.7021],[98.3663,13.7021],[98.3663,13.7012],[98.3688,13.7012],[98.3688,13.7029],[98.3704,13.7029],[98.3704,13.7012],[98.3696,13.7012],[98.3696,13.6996],[98.3688,13.6996],[98.3688,13.6954],[98.3704,13.6946],[98.3704,13.6929],[98.3713,13.6929],[98.3713,13.6921],[98.3721,13.6921],[98.3729,13.6904],[98.3696,13.6904],[98.3696,13.6896],[98.3704,13.6896],[98.3704,13.6887],[98.3721,13.6887],[98.3721,13.6896],[98.3729,13.6896],[98.3729,13.6887],[98.3738,13.6887],[98.3729,13.6871],[98.3746,13.6862],[98.3746,13.6854],[98.3763,13.6854],[98.3763,13.6829],[98.3788,13.6829],[98.3788,13.6812],[98.3771,13.6812],[98.3763,13.6796],[98.3746,13.6796],[98.3746,13.6779],[98.3754,13.6779],[98.3754,13.6771],[98.3788,13.6771],[98.3788,13.6762],[98.3796,13.6762],[98.3796,13.6771],[98.3804,13.6771],[98.3804,13.6762],[98.3838,13.6762],[98.3838,13.6737],[98.3821,13.6729],[98.3821,13.6721],[98.3804,13.6721],[98.3804,13.6737],[98.3788,13.6746],[98.3788,13.6737],[98.3779,13.6737],[98.3779,13.6721],[98.3763,13.6721],[98.3754,13.6704],[98.3738,13.6704],[98.3738,13.6679],[98.3746,13.6679],[98.3754,13.6696],[98.3788,13.6696],[98.3788,13.6687],[98.3796,13.6687],[98.3796,13.6662],[98.3804,13.6662],[98.3813,13.6646],[98.3821,13.6646],[98.3829,13.6629],[98.3838,13.6629],[98.3838,13.6621],[98.3821,13.6621],[98.3821,13.6629],[98.3796,13.6629],[98.3796,13.6612],[98.3779,13.6612],[98.3779,13.6587],[98.3796,13.6587],[98.3796,13.6579],[98.3813,13.6579],[98.3813,13.6562],[98.3804,13.6562],[98.3804,13.6554],[98.3788,13.6554],[98.3788,13.6521],[98.3763,13.6521],[98.3763,13.6546],[98.3746,13.6554],[98.3746,13.6562],[98.3738,13.6562],[98.3729,13.6579],[98.3721,13.6579],[98.3721,13.6604],[98.3713,13.6604],[98.3704,13.6621],[98.3679,13.6621],[98.3679,13.6604],[98.3663,13.6604],[98.3663,13.6621],[98.3646,13.6621],[98.3638,13.6604],[98.3621,13.6604],[98.3621,13.6596],[98.3629,13.6596],[98.3629,13.6546],[98.3646,13.6546],[98.3646,13.6537],[98.3663,13.6529],[98.3663,13.6512],[98.3671,13.6512],[98.3671,13.6496],[98.3688,13.6496],[98.3688,13.6487],[98.3696,13.6487],[98.3696,13.6462],[98.3688,13.6462],[98.3688,13.6454],[98.3696,13.6454],[98.3696,13.6429],[98.3704,13.6429],[98.3713,13.6412],[98.3721,13.6412],[98.3721,13.6421],[98.3738,13.6412],[98.3738,13.6387],[98.3679,13.6387],[98.3679,13.6362],[98.3638,13.6362],[98.3638,13.6346],[98.3646,13.6346],[98.3646,13.6329],[98.3654,13.6329],[98.3654,13.6304],[98.3679,13.6304],[98.3679,13.6296],[98.3688,13.6296],[98.3688,13.6304],[98.3704,13.6304],[98.3704,13.6287],[98.3729,13.6287],[98.3729,13.6304],[98.3713,13.6304],[98.3713,13.6312],[98.3738,13.6312],[98.3738,13.6304],[98.3746,13.6304],[98.3746,13.6287],[98.3754,13.6287],[98.3754,13.6271],[98.3738,13.6271],[98.3738,13.6262],[98.3729,13.6262],[98.3738,13.6246],[98.3754,13.6246],[98.3738,13.6212],[98.3713,13.6212],[98.3713,13.6237],[98.3671,13.6237],[98.3671,13.6221],[98.3679,13.6221],[98.3679,13.6187],[98.3704,13.6187],[98.3713,13.6171],[98.3729,13.6171],[98.3729,13.6112],[98.3696,13.6112],[98.3696,13.6121],[98.3671,13.6121],[98.3671,13.6104],[98.3663,13.6104],[98.3654,13.6121],[98.3646,13.6121],[98.3646,13.6129],[98.3638,13.6129],[98.3629,13.6146],[98.3621,13.6146],[98.3621,13.6171],[98.3629,13.6171],[98.3621,13.6187],[98.3638,13.6187],[98.3638,13.6196],[98.3629,13.6196],[98.3629,13.6221],[98.3613,13.6229],[98.3613,13.6246],[98.3604,13.6246],[98.3604,13.6262],[98.3596,13.6262],[98.3596,13.6287],[98.3579,13.6296],[98.3579,13.6312],[98.3571,13.6312],[98.3571,13.6321],[98.3554,13.6321],[98.3546,13.6304],[98.3521,13.6304],[98.3521,13.6296],[98.3513,13.6296],[98.3521,13.6279],[98.3504,13.6279],[98.3504,13.6271],[98.3496,13.6271],[98.3488,13.6254],[98.3452,13.6254],[98.3446,13.6262],[98.3446,13.6287],[98.3429,13.6287],[98.3429,13.6296],[98.3421,13.6296],[98.3421,13.6304],[98.3429,13.6304],[98.3429,13.6321],[98.3421,13.6321],[98.3421,13.6329],[98.3446,13.6329],[98.3446,13.6346],[98.3454,13.6346],[98.3454,13.6354],[98.3446,13.6354],[98.3446,13.6371],[98.3438,13.6371],[98.3438,13.6387],[98.3446,13.6387],[98.3446,13.6404],[98.3396,13.6404],[98.3396,13.6387],[98.3371,13.6387],[98.3371,13.6371],[98.3379,13.6371],[98.3379,13.6354],[98.3371,13.6354],[98.3371,13.6337],[98.3354,13.6337],[98.3354,13.6354],[98.3327,13.6354],[98.3313,13.6364],[98.3313,13.6379],[98.3288,13.6379],[98.3288,13.6387],[98.3279,13.6387],[98.3279,13.6412],[98.3296,13.6412],[98.3296,13.6421],[98.3304,13.6421],[98.3304,13.6437],[98.3288,13.6437],[98.3288,13.6446],[98.3279,13.6446],[98.3279,13.6462],[98.3254,13.6462],[98.3254,13.6454],[98.3229,13.6454],[98.3229,13.6446],[98.3221,13.6446],[98.3221,13.6454],[98.3213,13.6454],[98.3213,13.6471],[98.3188,13.6471],[98.3188,13.6487],[98.3146,13.6487],[98.3146,13.6521],[98.3113,13.6521],[98.3113,13.6512],[98.3096,13.6512],[98.3096,13.6529],[98.3088,13.6529],[98.3088,13.6537],[98.3071,13.6537],[98.3063,13.6554],[98.3046,13.6554],[98.3046,13.6562],[98.3063,13.6571],[98.3063,13.6587]],[[98.3104,13.6529],[98.3104,13.6537],[98.3096,13.6537],[98.3096,13.6529],[98.3104,13.6529]],[[98.3763,13.6629],[98.3763,13.6654],[98.3746,13.6654],[98.3746,13.6637],[98.3763,13.6629]],[[98.3713,13.6646],[98.3713,13.6654],[98.3704,13.6654],[98.3704,13.6646],[98.3713,13.6646]],[[98.3688,13.6729],[98.3688,13.6762],[98.3679,13.6762],[98.3679,13.6746],[98.3671,13.6746],[98.3671,13.6729],[98.3688,13.6729]],[[98.3646,13.6671],[98.3646,13.6662],[98.3654,13.6662],[98.3654,13.6671],[98.3671,13.6671],[98.3671,13.6679],[98.3654,13.6679],[98.3654,13.6687],[98.3646,13.6687],[98.3646,13.6679],[98.3638,13.6679],[98.3638,13.6671],[98.3646,13.6671]],[[98.3638,13.6887],[98.3638,13.6896],[98.3629,13.6896],[98.3629,13.6887],[98.3638,13.6887]],[[98.3629,13.6629],[98.3629,13.6646],[98.3621,13.6646],[98.3613,13.6629],[98.3629,13.6629]],[[98.3629,13.7004],[98.3629,13.7012],[98.3621,13.7012],[98.3621,13.7004],[98.3629,13.7004]],[[98.3571,13.6621],[98.3571,13.6629],[98.3563,13.6629],[98.3563,13.6621],[98.3571,13.6621]],[[98.3479,13.6371],[98.3479,13.6379],[98.3471,13.6379],[98.3471,13.6371],[98.3479,13.6371]],[[98.3471,13.6279],[98.3471,13.6287],[98.3463,13.6287],[98.3463,13.6279],[98.3471,13.6279]],[[98.3446,13.6529],[98.3446,13.6537],[98.3438,13.6537],[98.3438,13.6529],[98.3446,13.6529]],[[98.3446,13.6521],[98.3454,13.6521],[98.3454,13.6529],[98.3446,13.6529],[98.3446,13.6521]],[[98.3363,13.6771],[98.3363,13.6779],[98.3354,13.6779],[98.3354,13.6771],[98.3363,13.6771]],[[98.3338,13.6779],[98.3338,13.6787],[98.3329,13.6787],[98.3329,13.6779],[98.3338,13.6779]],[[98.3229,13.6537],[98.3229,13.6521],[98.3238,13.6521],[98.3238,13.6512],[98.3254,13.6504],[98.3254,13.6496],[98.3263,13.6496],[98.3263,13.6504],[98.3279,13.6504],[98.3279,13.6521],[98.3288,13.6521],[98.3279,13.6537],[98.3271,13.6537],[98.3271,13.6529],[98.3246,13.6529],[98.3246,13.6537],[98.3229,13.6537]],[[98.3229,13.6679],[98.3238,13.6679],[98.3238,13.6687],[98.3229,13.6687],[98.3229,13.6679]],[[98.3221,13.6679],[98.3221,13.6671],[98.3229,13.6671],[98.3229,13.6679],[98.3221,13.6679]],[[98.3238,13.6671],[98.3246,13.6671],[98.3246,13.6679],[98.3238,13.6679],[98.3238,13.6671]],[[98.3229,13.6696],[98.3221,13.6696],[98.3221,13.6687],[98.3229,13.6687],[98.3229,13.6696]],[[98.3246,13.6471],[98.3246,13.6479],[98.3238,13.6479],[98.3238,13.6471],[98.3246,13.6471]],[[98.3213,13.6671],[98.3213,13.6679],[98.3204,13.6679],[98.3204,13.6671],[98.3213,13.6671]],[[98.3196,13.6837],[98.3196,13.6846],[98.3188,13.6846],[98.3188,13.6837],[98.3196,13.6837]],[[98.2963,13.6729],[98.2963,13.6737],[98.2946,13.6737],[98.2946,13.6729],[98.2963,13.6729]],[[98.2946,13.6687],[98.2946,13.6696],[98.2938,13.6696],[98.2938,13.6662],[98.2954,13.6671],[98.2954,13.6687],[98.2946,13.6687]],[[98.2929,13.6696],[98.2929,13.6712],[98.2913,13.6712],[98.2913,13.6696],[98.2929,13.6696]]],[[[98.3854,13.6662],[98.3854,13.6679],[98.3871,13.6679],[98.3871,13.6662],[98.3854,13.6662]]],[[[98.3821,13.6804],[98.3813,13.6787],[98.3796,13.6787],[98.3796,13.6796],[98.3788,13.6796],[98.3788,13.6812],[98.3813,13.6812],[98.3813,13.6804],[98.3821,13.6804]]],[[[98.3846,13.6821],[98.3846,13.6837],[98.3854,13.6837],[98.3854,13.6804],[98.3846,13.6804],[98.3846,13.6796],[98.3829,13.6796],[98.3829,13.6804],[98.3821,13.6804],[98.3821,13.6821],[98.3846,13.6821]]],[[[98.3946,13.6846],[98.3946,13.6854],[98.3971,13.6854],[98.3971,13.6862],[98.3988,13.6854],[98.3988,13.6829],[98.3979,13.6829],[98.3979,13.6821],[98.3954,13.6821],[98.3954,13.6796],[98.3921,13.6796],[98.3921,13.6821],[98.3904,13.6821],[98.3904,13.6812],[98.3879,13.6812],[98.3879,13.6821],[98.3863,13.6829],[98.3871,13.6846],[98.3913,13.6846],[98.3913,13.6829],[98.3929,13.6837],[98.3929,13.6846],[98.3946,13.6846]],[[98.3896,13.6821],[98.3896,13.6837],[98.3879,13.6837],[98.3879,13.6821],[98.3896,13.6821]]],[[[98.3563,13.6862],[98.3554,13.6879],[98.3588,13.6879],[98.3588,13.6862],[98.3563,13.6862]]],[[[98.4054,13.6887],[98.4071,13.6887],[98.4071,13.6871],[98.4054,13.6871],[98.4054,13.6887]]],[[[98.4171,13.6912],[98.4171,13.6904],[98.4188,13.6904],[98.4188,13.6912],[98.4221,13.6912],[98.4221,13.6921],[98.4238,13.6929],[98.4238,13.6954],[98.4254,13.6946],[98.4254,13.6929],[98.4246,13.6929],[98.4246,13.6921],[98.4238,13.6921],[98.4238,13.6912],[98.4229,13.6912],[98.4221,13.6896],[98.4188,13.6896],[98.4188,13.6887],[98.4171,13.6887],[98.4171,13.6896],[98.4146,13.6896],[98.4146,13.6887],[98.4129,13.6887],[98.4129,13.6896],[98.4121,13.6896],[98.4113,13.6912],[98.4088,13.6912],[98.4088,13.6904],[98.4063,13.6904],[98.4054,13.6887],[98.4038,13.6896],[98.4038,13.6921],[98.4113,13.6921],[98.4113,13.6929],[98.4146,13.6929],[98.4146,13.6921],[98.4138,13.6921],[98.4138,13.6904],[98.4163,13.6904],[98.4163,13.6912],[98.4171,13.6912]]],[[[98.3229,13.6971],[98.3229,13.6987],[98.3246,13.6987],[98.3238,13.6971],[98.3229,13.6971]]],[[[98.3713,13.7037],[98.3713,13.7071],[98.3729,13.7071],[98.3729,13.7037],[98.3713,13.7037]]],[[[98.3646,13.7079],[98.3646,13.7096],[98.3663,13.7096],[98.3654,13.7079],[98.3646,13.7079]]],[[[98.3604,13.7079],[98.3604,13.7071],[98.3596,13.7071],[98.3596,13.7096],[98.3588,13.7096],[98.3588,13.7121],[98.3596,13.7121],[98.3596,13.7129],[98.3613,13.7129],[98.3613,13.7121],[98.3629,13.7112],[98.3629,13.7079],[98.3604,13.7079]]],[[[98.3679,13.7096],[98.3679,13.7112],[98.3704,13.7112],[98.3704,13.7096],[98.3679,13.7096]]],[[[98.3554,13.7112],[98.3546,13.7112],[98.3546,13.7137],[98.3563,13.7137],[98.3563,13.7121],[98.3554,13.7121],[98.3554,13.7112]]],[[[98.3496,13.7121],[98.3496,13.7137],[98.3521,13.7137],[98.3521,13.7121],[98.3496,13.7121]]],[[[98.3554,13.7187],[98.3554,13.7196],[98.3571,13.7204],[98.3571,13.7196],[98.3579,13.7196],[98.3579,13.7171],[98.3563,13.7171],[98.3563,13.7187],[98.3554,13.7187]]],[[[98.3663,13.7179],[98.3646,13.7179],[98.3646,13.7196],[98.3663,13.7196],[98.3663,13.7204],[98.3679,13.7212],[98.3679,13.7196],[98.3663,13.7187],[98.3663,13.7179]]],[[[98.3571,13.7221],[98.3571,13.7212],[98.3554,13.7212],[98.3554,13.7237],[98.3563,13.7237],[98.3563,13.7262],[98.3579,13.7271],[98.3579,13.7262],[98.3588,13.7262],[98.3588,13.7229],[98.3571,13.7221]]],[[[98.3579,13.7296],[98.3579,13.7312],[98.3596,13.7312],[98.3596,13.7296],[98.3613,13.7296],[98.3613,13.7287],[98.3604,13.7287],[98.3604,13.7279],[98.3588,13.7279],[98.3588,13.7296],[98.3579,13.7296]]],[[[98.3404,13.7346],[98.3404,13.7337],[98.3371,13.7337],[98.3371,13.7329],[98.3346,13.7329],[98.3346,13.7337],[98.3329,13.7346],[98.3329,13.7371],[98.3354,13.7371],[98.3354,13.7379],[98.3371,13.7379],[98.3371,13.7362],[98.3413,13.7362],[98.3413,13.7346],[98.3404,13.7346]]],[[[98.3238,13.7579],[98.3238,13.7571],[98.3254,13.7571],[98.3254,13.7579],[98.3271,13.7579],[98.3271,13.7571],[98.3288,13.7571],[98.3288,13.7554],[98.3296,13.7554],[98.3296,13.7537],[98.3279,13.7537],[98.3279,13.7554],[98.3246,13.7554],[98.3246,13.7562],[98.3221,13.7562],[98.3221,13.7554],[98.3213,13.7554],[98.3213,13.7579],[98.3221,13.7579],[98.3221,13.7587],[98.3238,13.7579]]],[[[98.3229,13.7696],[98.3238,13.7696],[98.3246,13.7712],[98.3254,13.7712],[98.3254,13.7679],[98.3246,13.7679],[98.3246,13.7671],[98.3238,13.7671],[98.3238,13.7679],[98.3221,13.7679],[98.3229,13.7696]],[[98.3238,13.7687],[98.3246,13.7687],[98.3246,13.7696],[98.3238,13.7696],[98.3238,13.7687]]],[[[98.3304,13.9487],[98.3304,13.9496],[98.3296,13.9496],[98.3296,13.9521],[98.3313,13.9521],[98.3313,13.9487],[98.3304,13.9487]]],[[[98.3213,13.9529],[98.3213,13.9546],[98.3238,13.9546],[98.3238,13.9529],[98.3213,13.9529]]],[[[98.3154,13.9579],[98.3146,13.9562],[98.3163,13.9554],[98.3163,13.9546],[98.3129,13.9546],[98.3129,13.9579],[98.3154,13.9579]]],[[[98.3154,13.9696],[98.3154,13.9712],[98.3171,13.9712],[98.3171,13.9721],[98.3179,13.9721],[98.3179,13.9696],[98.3154,13.9696]]],[[[98.3213,13.9796],[98.3188,13.9796],[98.3188,13.9812],[98.3213,13.9812],[98.3213,13.9796]]],[[[98.3138,14.0687],[98.3138,14.0704],[98.3154,14.0704],[98.3154,14.0687],[98.3138,14.0687]]],[[[98.4629,10.6962],[98.4638,10.6962],[98.4638,10.6987],[98.4646,10.6987],[98.4654,10.7004],[98.4671,10.7012],[98.4671,10.7037],[98.4663,10.7037],[98.4663,10.7046],[98.461,10.7037],[98.4588,10.7047],[98.4588,10.7054],[98.4567,10.7049],[98.4554,10.7062],[98.4554,10.7087],[98.4575,10.7087],[98.4579,10.7079],[98.4613,10.7072],[98.4613,10.7062],[98.4629,10.7062],[98.4646,10.7096],[98.4654,10.7096],[98.4654,10.7112],[98.4646,10.7119],[98.4646,10.7129],[98.4629,10.7137],[98.4629,10.7162],[98.4638,10.7162],[98.4638,10.7171],[98.4654,10.7171],[98.4654,10.7179],[98.4671,10.7179],[98.4671,10.7162],[98.4663,10.7162],[98.4663,10.7137],[98.4696,10.7137],[98.4696,10.7112],[98.4704,10.7112],[98.4704,10.7096],[98.4713,10.7096],[98.4713,10.7087],[98.4738,10.7087],[98.4738,10.7096],[98.4746,10.7096],[98.4746,10.7112],[98.4738,10.7112],[98.4738,10.7154],[98.4754,10.7154],[98.4754,10.7146],[98.4763,10.7146],[98.4763,10.7121],[98.4779,10.7112],[98.4779,10.7087],[98.4788,10.7087],[98.4788,10.7079],[98.4796,10.7079],[98.4796,10.7104],[98.4838,10.7104],[98.4829,10.7087],[98.4838,10.7087],[98.4838,10.7062],[98.4846,10.7062],[98.4846,10.7029],[98.4854,10.7029],[98.4854,10.7004],[98.4863,10.7004],[98.4863,10.6971],[98.4871,10.6971],[98.4871,10.6954],[98.4854,10.6946],[98.4854,10.6912],[98.4871,10.6904],[98.4871,10.6887],[98.4863,10.6887],[98.4863,10.6896],[98.4846,10.6896],[98.4846,10.6921],[98.4829,10.6921],[98.4829,10.6937],[98.4838,10.6937],[98.4838,10.6954],[98.4829,10.6954],[98.4829,10.6987],[98.4813,10.6987],[98.4813,10.6979],[98.4788,10.6979],[98.4788,10.6987],[98.4771,10.6987],[98.4771,10.6971],[98.4763,10.6971],[98.4763,10.7004],[98.4746,10.7004],[98.4746,10.7012],[98.4729,10.7012],[98.4729,10.6979],[98.4721,10.6979],[98.4721,10.6921],[98.4713,10.6921],[98.4713,10.6912],[98.4721,10.6912],[98.4721,10.6871],[98.4713,10.6871],[98.4699,10.6886],[98.4662,10.6893],[98.4662,10.6923],[98.4629,10.6927],[98.4629,10.6962]]],[[[98.4754,10.7171],[98.4754,10.7196],[98.4771,10.7196],[98.4771,10.7171],[98.4754,10.7171]]],[[[98.4738,10.7254],[98.4738,10.7246],[98.4729,10.7246],[98.4729,10.7229],[98.4738,10.7229],[98.4738,10.7221],[98.4721,10.7221],[98.4721,10.7204],[98.4688,10.7204],[98.4688,10.7212],[98.4696,10.7212],[98.4696,10.7246],[98.4688,10.7246],[98.4688,10.7271],[98.4704,10.7271],[98.4704,10.7221],[98.4713,10.7221],[98.4713,10.7246],[98.4721,10.7246],[98.4721,10.7254],[98.4738,10.7254]]],[[[98.4754,10.7246],[98.4754,10.7262],[98.4771,10.7262],[98.4771,10.7246],[98.4754,10.7246]]],[[[98.4663,10.7287],[98.4663,10.728],[98.4655,10.7287],[98.4663,10.7287]]],[[[98.4671,10.7279],[98.4671,10.7265],[98.4663,10.7279],[98.4671,10.7279]]],[[[98.4646,10.7354],[98.464,10.7354],[98.4638,10.7371],[98.4663,10.7371],[98.4663,10.7354],[98.4671,10.7354],[98.4671,10.7337],[98.4663,10.7337],[98.4663,10.7321],[98.4646,10.7321],[98.4646,10.7354]]],[[[98.4713,10.7346],[98.4713,10.7387],[98.4717,10.7387],[98.4733,10.7346],[98.4713,10.7346]]],[[[98.4677,10.7423],[98.4704,10.7404],[98.4688,10.7404],[98.4688,10.7396],[98.4646,10.7396],[98.4646,10.7379],[98.4629,10.7379],[98.4629,10.7396],[98.4638,10.7396],[98.4638,10.7412],[98.4629,10.7412],[98.4629,10.7429],[98.4638,10.7429],[98.4638,10.7421],[98.4671,10.7421],[98.4671,10.7439],[98.4681,10.7437],[98.4677,10.7423]]],[[[98.4729,10.8887],[98.4738,10.8887],[98.4738,10.8896],[98.4768,10.8896],[98.4762,10.8871],[98.4729,10.8871],[98.4729,10.8887]]],[[[98.4771,10.8904],[98.4776,10.8904],[98.4771,10.8899],[98.4771,10.8904]]],[[[98.4779,10.8912],[98.4782,10.8912],[98.4779,10.8908],[98.4779,10.8912]]],[[[98.4788,10.8937],[98.4779,10.8937],[98.4779,10.8954],[98.4788,10.8954],[98.4788,10.8962],[98.4794,10.8962],[98.4788,10.8923],[98.4788,10.8937]]],[[[98.4796,10.8971],[98.4807,10.8971],[98.4796,10.8967],[98.4796,10.8971]]],[[[98.4821,10.8979],[98.4853,10.8979],[98.4821,10.8975],[98.4821,10.8979]]],[[[98.4713,10.8812],[98.4714,10.8812],[98.4713,10.8811],[98.4713,10.8812]]],[[[98.4721,10.8821],[98.4727,10.8821],[98.4721,10.8817],[98.4721,10.8821]]],[[[98.4729,10.8829],[98.4733,10.8824],[98.4729,10.8822],[98.4729,10.8829]]],[[[98.4738,10.8854],[98.4743,10.8854],[98.4738,10.8842],[98.4738,10.8854]]],[[[98.4746,10.8862],[98.4746,10.8862],[98.4746,10.8861],[98.4746,10.8862]]],[[[98.4363,10.9346],[98.4366,10.9355],[98.4368,10.9346],[98.4363,10.9346]]],[[[98.4354,10.9279],[98.4359,10.9279],[98.4354,10.9275],[98.4354,10.9279]]],[[[98.4363,10.9304],[98.4371,10.9304],[98.4363,10.9283],[98.4363,10.9304]]],[[[98.4371,10.9312],[98.4377,10.9312],[98.4371,10.9305],[98.4371,10.9312]]],[[[98.4379,10.9332],[98.4382,10.9319],[98.4379,10.9315],[98.4379,10.9332]]],[[[98.4371,10.9337],[98.4371,10.9341],[98.4375,10.9337],[98.4371,10.9337]]],[[[98.4813,10.9528],[98.4829,10.9529],[98.4829,10.9527],[98.4813,10.9528]]],[[[98.4429,10.9621],[98.4421,10.9621],[98.4421,10.9629],[98.4429,10.9629],[98.4429,10.9635],[98.4434,10.9623],[98.4429,10.9609],[98.4429,10.9621]]],[[[98.4438,10.9662],[98.4453,10.9662],[98.4438,10.9656],[98.4438,10.9662]]],[[[98.4496,10.9683],[98.4499,10.9669],[98.4496,10.9668],[98.4496,10.9683]]],[[[98.4479,10.9696],[98.4479,10.9701],[98.4482,10.9696],[98.4479,10.9696]]],[[[98.4479,10.9729],[98.4484,10.9729],[98.4479,10.972],[98.4479,10.9729]]],[[[98.4488,10.9737],[98.4488,10.9737],[98.4488,10.9737],[98.4488,10.9737]]],[[[98.4496,10.9746],[98.4496,10.9746],[98.4496,10.9745],[98.4496,10.9746]]],[[[98.4538,10.9737],[98.454,10.9737],[98.4538,10.9737],[98.4538,10.9737]]],[[[98.4554,10.9754],[98.4559,10.9754],[98.4554,10.9742],[98.4554,10.9754]]],[[[98.4563,10.9762],[98.4563,10.9762],[98.4563,10.9762],[98.4563,10.9762]]],[[[98.4579,10.9771],[98.4582,10.9771],[98.4579,10.9769],[98.4579,10.9771]]],[[[98.4796,10.9771],[98.4821,10.9771],[98.4821,10.9762],[98.4796,10.9762],[98.4796,10.9771]]],[[[98.4521,10.9762],[98.4521,10.9779],[98.4527,10.9779],[98.4525,10.9764],[98.4538,10.9767],[98.4538,10.9762],[98.4521,10.9762]]],[[[98.4846,10.9804],[98.4854,10.9804],[98.4854,10.9837],[98.4871,10.9837],[98.4871,10.9829],[98.4863,10.9829],[98.4863,10.9796],[98.4854,10.9796],[98.4854,10.9787],[98.4846,10.9787],[98.4846,10.9804]]],[[[98.4586,10.9804],[98.4585,10.9803],[98.4579,10.9804],[98.4586,10.9804]]],[[[98.4588,10.9829],[98.4594,10.9817],[98.4588,10.9805],[98.4588,10.9829]]],[[[98.4796,10.9871],[98.4796,10.9887],[98.4821,10.9887],[98.4821,10.9879],[98.4804,10.9879],[98.4804,10.9862],[98.4796,10.9862],[98.4796,10.9846],[98.4788,10.9846],[98.4788,10.9837],[98.4771,10.9837],[98.4768,10.9829],[98.4765,10.9846],[98.4746,10.9842],[98.4729,10.9824],[98.4721,10.9824],[98.4721,10.9829],[98.4729,10.9829],[98.4729,10.9837],[98.4738,10.9837],[98.4738,10.9846],[98.4763,10.9846],[98.4763,10.9854],[98.4771,10.9854],[98.4779,10.9871],[98.4796,10.9871]]],[[[98.4704,10.9821],[98.4711,10.9821],[98.4704,10.9812],[98.4704,10.9821]]],[[[98.4638,10.9896],[98.4649,10.9896],[98.4638,10.9892],[98.4638,10.9896]]],[[[98.4654,10.9914],[98.4658,10.9907],[98.4654,10.9899],[98.4654,10.9914]]],[[[98.4604,10.9837],[98.4606,10.9837],[98.4604,10.9837],[98.4604,10.9837]]],[[[98.4604,10.9862],[98.4604,10.9869],[98.4609,10.9862],[98.4604,10.9862]]],[[[98.4596,10.9871],[98.4596,10.9876],[98.4602,10.9871],[98.4596,10.9871]]],[[[98.4596,10.9904],[98.4599,10.9904],[98.4596,10.9884],[98.4596,10.9904]]],[[[98.4613,10.9904],[98.4613,10.9896],[98.461,10.9904],[98.4613,10.9904]]],[[[98.4628,10.9887],[98.4618,10.9881],[98.4615,10.9887],[98.4628,10.9887]]],[[[98.4813,10.9921],[98.4813,10.9962],[98.4829,10.9962],[98.4829,10.9937],[98.4838,10.9937],[98.4838,10.9921],[98.4829,10.9921],[98.4829,10.9912],[98.4813,10.9921]]],[[[98.4621,10.9954],[98.4621,10.9971],[98.4625,10.9971],[98.4625,10.9954],[98.4621,10.9954]]],[[[98.4629,10.9979],[98.463,10.9979],[98.4629,10.9978],[98.4629,10.9979]]],[[[98.4638,10.9996],[98.4639,10.9996],[98.4638,10.9993],[98.4638,10.9996]]],[[[98.4646,11.0021],[98.4647,11.0019],[98.4646,11.0007],[98.4646,11.0021]]],[[[98.4646,11.0037],[98.4652,11.0037],[98.4646,11.0032],[98.4646,11.0037]]],[[[98.4829,11.0004],[98.4846,11.0004],[98.4846,10.9996],[98.4838,10.9996],[98.4838,10.9987],[98.4821,10.9987],[98.4829,11.0004]]],[[[98.4846,11.4062],[98.4846,11.4055],[98.4839,11.4062],[98.4846,11.4062]]],[[[98.4854,11.4054],[98.4854,11.4049],[98.4848,11.4054],[98.4854,11.4054]]],[[[98.4846,11.4174],[98.4854,11.4179],[98.4863,11.4187],[98.4863,11.4171],[98.4846,11.4174]]],[[[98.4788,13.2779],[98.4788,13.2777],[98.4785,13.2779],[98.4788,13.2779]]],[[[98.4754,13.2804],[98.4754,13.2796],[98.4751,13.2804],[98.4754,13.2804]]],[[[98.4763,13.2796],[98.4763,13.2792],[98.4755,13.2796],[98.4763,13.2796]]],[[[98.4721,13.2987],[98.4721,13.2984],[98.4714,13.2987],[98.4721,13.2987]]],[[[98.4729,13.2979],[98.4729,13.2968],[98.4725,13.2979],[98.4729,13.2979]]],[[[98.4796,13.3046],[98.4796,13.3062],[98.4804,13.3062],[98.4804,13.3012],[98.4779,13.3012],[98.4779,13.3021],[98.4788,13.3021],[98.4788,13.3046],[98.4796,13.3046]]],[[[98.4854,13.3079],[98.4838,13.3079],[98.4838,13.3096],[98.4846,13.3096],[98.4846,13.3104],[98.4854,13.3104],[98.4854,13.3079]]],[[[98.4813,13.3121],[98.4804,13.3121],[98.4804,13.3129],[98.4838,13.3129],[98.4838,13.3137],[98.4846,13.3137],[98.4846,13.3121],[98.4838,13.3121],[98.4838,13.3112],[98.4813,13.3112],[98.4813,13.3121]]],[[[98.4688,13.3121],[98.4683,13.3154],[98.4688,13.3154],[98.4688,13.3121]]],[[[98.4763,13.3237],[98.4771,13.3237],[98.4771,13.3279],[98.4788,13.3287],[98.4788,13.3296],[98.4796,13.3296],[98.4796,13.3246],[98.4788,13.3246],[98.4788,13.3221],[98.4796,13.3221],[98.4796,13.3196],[98.4779,13.3196],[98.4779,13.3162],[98.4788,13.3162],[98.4788,13.3129],[98.4796,13.3129],[98.4788,13.3112],[98.4771,13.3112],[98.4771,13.3137],[98.4763,13.3137],[98.4763,13.3146],[98.4738,13.3146],[98.4738,13.3162],[98.4754,13.3162],[98.4746,13.3179],[98.4754,13.3179],[98.4754,13.3196],[98.4763,13.3196],[98.4763,13.3237]]],[[[98.4663,13.3321],[98.4663,13.3282],[98.4657,13.3321],[98.4663,13.3321]]],[[[98.4846,13.3296],[98.4829,13.3304],[98.4838,13.3321],[98.4846,13.3321],[98.4846,13.3296]]],[[[98.4813,13.3354],[98.4813,13.3346],[98.4821,13.3346],[98.4821,13.3321],[98.4804,13.3321],[98.4796,13.3304],[98.4788,13.3304],[98.4788,13.3321],[98.4754,13.3321],[98.4754,13.3337],[98.4788,13.3337],[98.4788,13.3329],[98.4796,13.3329],[98.4796,13.3354],[98.4813,13.3354]]],[[[98.4654,13.3354],[98.4654,13.3339],[98.4652,13.3354],[98.4654,13.3354]]],[[[98.4646,13.3391],[98.4643,13.3404],[98.4646,13.3404],[98.4646,13.3391]]],[[[98.4604,13.3629],[98.4604,13.3587],[98.4596,13.3587],[98.4596,13.3621],[98.4588,13.3621],[98.4588,13.3629],[98.4604,13.3629]]],[[[98.4496,13.3787],[98.449,13.3812],[98.4496,13.3812],[98.4496,13.3787]]],[[[98.4588,13.3896],[98.4596,13.3896],[98.4588,13.3877],[98.4588,13.3896]]],[[[98.4763,13.3912],[98.4754,13.3896],[98.4746,13.3896],[98.4754,13.3879],[98.4763,13.3879],[98.4763,13.3862],[98.4746,13.3862],[98.4738,13.3879],[98.4729,13.3879],[98.4729,13.3904],[98.4721,13.3904],[98.4713,13.3921],[98.4738,13.3921],[98.4738,13.3912],[98.4763,13.3912]]],[[[98.4604,13.4004],[98.4604,13.3987],[98.4588,13.3987],[98.4588,13.4012],[98.4604,13.4012],[98.4613,13.4029],[98.4629,13.4029],[98.4621,13.4012],[98.4604,13.4004]]],[[[98.4713,13.4029],[98.4738,13.4029],[98.4738,13.4021],[98.4713,13.4021],[98.4713,13.4029]]],[[[98.4779,13.4096],[98.4788,13.4096],[98.4788,13.4071],[98.4796,13.4071],[98.4796,13.4054],[98.4788,13.4054],[98.4788,13.4037],[98.4796,13.4037],[98.4796,13.4029],[98.4813,13.4029],[98.4813,13.4012],[98.4796,13.4012],[98.4796,13.4004],[98.4779,13.4004],[98.4779,13.3996],[98.4763,13.3996],[98.4763,13.3962],[98.4771,13.3962],[98.4771,13.3954],[98.4746,13.3954],[98.4746,13.3971],[98.4713,13.3971],[98.4713,13.3996],[98.4721,13.3996],[98.4721,13.4004],[98.4746,13.4004],[98.4746,13.4012],[98.4771,13.4012],[98.4771,13.4054],[98.4763,13.4054],[98.4763,13.4096],[98.4771,13.4096],[98.4771,13.4104],[98.4779,13.4104],[98.4779,13.4096]]],[[[98.4496,13.4071],[98.4496,13.4079],[98.4538,13.4079],[98.4538,13.4071],[98.4496,13.4071]]],[[[98.4413,13.4096],[98.4413,13.4137],[98.4421,13.4137],[98.4421,13.4096],[98.4413,13.4096]]],[[[98.4796,13.4179],[98.4804,13.4179],[98.4804,13.4171],[98.4813,13.4171],[98.4813,13.4179],[98.4829,13.4179],[98.4829,13.4154],[98.4821,13.4154],[98.4821,13.4137],[98.4838,13.4137],[98.4838,13.4087],[98.4821,13.4087],[98.4821,13.4096],[98.4804,13.4104],[98.4804,13.4112],[98.4788,13.4112],[98.4788,13.4121],[98.4779,13.4121],[98.4779,13.4137],[98.4771,13.4137],[98.4771,13.4154],[98.4779,13.4154],[98.4779,13.4179],[98.4788,13.4179],[98.4788,13.4187],[98.4796,13.4187],[98.4796,13.4179]],[[98.4813,13.4112],[98.4813,13.4121],[98.4804,13.4121],[98.4804,13.4112],[98.4813,13.4112]],[[98.4804,13.4129],[98.4796,13.4129],[98.4796,13.4121],[98.4804,13.4121],[98.4804,13.4129]]],[[[98.4504,13.4129],[98.4504,13.4162],[98.4513,13.4162],[98.4513,13.4154],[98.4521,13.4154],[98.4521,13.4129],[98.4504,13.4129]]],[[[98.4404,13.4137],[98.4404,13.4171],[98.4413,13.4171],[98.4413,13.4137],[98.4404,13.4137]]],[[[98.4754,13.4179],[98.4729,13.4179],[98.4729,13.4196],[98.4738,13.4196],[98.4738,13.4187],[98.4754,13.4187],[98.4754,13.4179]]],[[[98.4388,13.4204],[98.4388,13.4196],[98.4396,13.4196],[98.4396,13.4179],[98.4371,13.4179],[98.4371,13.4196],[98.4388,13.4204]]],[[[98.4846,13.4196],[98.4854,13.4212],[98.4863,13.4212],[98.4863,13.4196],[98.4846,13.4196]]],[[[98.4721,13.4196],[98.4704,13.4196],[98.4704,13.4204],[98.4696,13.4204],[98.4696,13.4221],[98.4721,13.4221],[98.4721,13.4196]]],[[[98.4379,13.4237],[98.4404,13.4237],[98.4404,13.4212],[98.4379,13.4212],[98.4379,13.4221],[98.4371,13.4221],[98.4379,13.4237]]],[[[98.4746,13.4279],[98.4746,13.4296],[98.4763,13.4296],[98.4763,13.4279],[98.4746,13.4279]]],[[[98.4421,13.4304],[98.4421,13.4321],[98.4438,13.4321],[98.4438,13.4304],[98.4421,13.4304]]],[[[98.4746,13.4329],[98.4746,13.4312],[98.4713,13.4312],[98.4713,13.4321],[98.4704,13.4321],[98.4704,13.4337],[98.4696,13.4337],[98.4696,13.4354],[98.4704,13.4354],[98.4704,13.4346],[98.4721,13.4346],[98.4729,13.4329],[98.4746,13.4329]]],[[[98.4279,13.4371],[98.4279,13.4368],[98.4274,13.4371],[98.4279,13.4371]]],[[[98.4663,13.4421],[98.4663,13.4437],[98.4679,13.4437],[98.4679,13.4421],[98.4663,13.4421]]],[[[98.4463,13.4662],[98.4446,13.4662],[98.4446,13.4687],[98.4463,13.4687],[98.4463,13.4662]]],[[[98.4221,13.4796],[98.4229,13.4796],[98.4229,13.4771],[98.4221,13.4771],[98.4221,13.4796]]],[[[98.4413,13.4787],[98.4404,13.4804],[98.4388,13.4804],[98.4388,13.4812],[98.4371,13.4812],[98.4371,13.4821],[98.4363,13.4821],[98.4363,13.4837],[98.4346,13.4837],[98.4346,13.4846],[98.4288,13.4846],[98.4288,13.4837],[98.4263,13.4837],[98.4263,13.4829],[98.4254,13.4829],[98.4246,13.4812],[98.4238,13.4812],[98.4238,13.4829],[98.4213,13.4829],[98.4213,13.4846],[98.4229,13.4854],[98.4229,13.4879],[98.4246,13.4879],[98.4246,13.4912],[98.4229,13.4921],[98.4229,13.4929],[98.4221,13.4929],[98.4221,13.4921],[98.4204,13.4921],[98.4204,13.4929],[98.4196,13.4929],[98.4196,13.4954],[98.4213,13.4962],[98.4213,13.4979],[98.4196,13.4987],[98.4196,13.4996],[98.4188,13.4996],[98.4188,13.5004],[98.4204,13.5004],[98.4204,13.5029],[98.4179,13.5029],[98.4179,13.5021],[98.4171,13.5021],[98.4171,13.5046],[98.4213,13.5046],[98.4213,13.5054],[98.4238,13.5054],[98.4238,13.5046],[98.4246,13.5046],[98.4246,13.5037],[98.4229,13.5029],[98.4229,13.4971],[98.4238,13.4971],[98.4238,13.4962],[98.4254,13.4962],[98.4254,13.4954],[98.4263,13.4954],[98.4263,13.4937],[98.4271,13.4937],[98.4271,13.4929],[98.4288,13.4921],[98.4288,13.4904],[98.4279,13.4904],[98.4279,13.4879],[98.4296,13.4879],[98.4296,13.4896],[98.4363,13.4896],[98.4363,13.4921],[98.4379,13.4921],[98.4379,13.4929],[98.4388,13.4929],[98.4388,13.4921],[98.4404,13.4921],[98.4413,13.4937],[98.4429,13.4937],[98.4429,13.4996],[98.4421,13.4996],[98.4421,13.5029],[98.4438,13.5029],[98.4438,13.4996],[98.4454,13.4996],[98.4454,13.4987],[98.4446,13.4987],[98.4446,13.4971],[98.4463,13.4971],[98.4463,13.4954],[98.4446,13.4946],[98.4446,13.4929],[98.4429,13.4929],[98.4429,13.4921],[98.4438,13.4921],[98.4429,13.4904],[98.4438,13.4904],[98.4438,13.4871],[98.4454,13.4871],[98.4454,13.4862],[98.4471,13.4862],[98.4479,13.4846],[98.4454,13.4846],[98.4454,13.4837],[98.4404,13.4837],[98.4404,13.4829],[98.4413,13.4829],[98.4421,13.4812],[98.4446,13.4812],[98.4446,13.4796],[98.4438,13.4796],[98.4429,13.4779],[98.4446,13.4779],[98.4446,13.4771],[98.4454,13.4771],[98.4454,13.4754],[98.4479,13.4754],[98.4479,13.4762],[98.4496,13.4771],[98.4496,13.4787],[98.4504,13.4787],[98.4504,13.4796],[98.4513,13.4796],[98.4513,13.4762],[98.4538,13.4762],[98.4538,13.4771],[98.4554,13.4771],[98.4554,13.4779],[98.4579,13.4779],[98.4579,13.4804],[98.4629,13.4804],[98.4629,13.4771],[98.4613,13.4771],[98.4613,13.4762],[98.4604,13.4762],[98.4604,13.4746],[98.4596,13.4746],[98.4596,13.4721],[98.4613,13.4721],[98.4621,13.4737],[98.4646,13.4737],[98.4646,13.4704],[98.4629,13.4704],[98.4621,13.4687],[98.4588,13.4687],[98.4588,13.4671],[98.4596,13.4671],[98.4596,13.4654],[98.4588,13.4654],[98.4588,13.4637],[98.4579,13.4637],[98.4579,13.4654],[98.4571,13.4654],[98.4563,13.4671],[98.4546,13.4671],[98.4546,13.4687],[98.4521,13.4687],[98.4521,13.4712],[98.4504,13.4712],[98.4504,13.4721],[98.4471,13.4721],[98.4471,13.4712],[98.4463,13.4712],[98.4463,13.4721],[98.4446,13.4721],[98.4438,13.4737],[98.4413,13.4737],[98.4413,13.4721],[98.4421,13.4721],[98.4421,13.4712],[98.4438,13.4712],[98.4438,13.4696],[98.4421,13.4696],[98.4421,13.4679],[98.4413,13.4679],[98.4413,13.4671],[98.4396,13.4671],[98.4396,13.4654],[98.4379,13.4654],[98.4379,13.4662],[98.4371,13.4662],[98.4371,13.4696],[98.4354,13.4696],[98.4354,13.4679],[98.4338,13.4679],[98.4338,13.4671],[98.4321,13.4671],[98.4313,13.4687],[98.4279,13.4687],[98.4279,13.4696],[98.4271,13.4696],[98.4271,13.4704],[98.4288,13.4704],[98.4288,13.4696],[98.4304,13.4696],[98.4304,13.4704],[98.4346,13.4704],[98.4346,13.4746],[98.4388,13.4746],[98.4388,13.4754],[98.4396,13.4754],[98.4396,13.4771],[98.4404,13.4771],[98.4404,13.4787],[98.4413,13.4787]],[[98.4404,13.4821],[98.4404,13.4812],[98.4413,13.4812],[98.4413,13.4821],[98.4404,13.4821]],[[98.4429,13.4796],[98.4421,13.4796],[98.4421,13.4787],[98.4429,13.4787],[98.4429,13.4796]],[[98.4396,13.4896],[98.4396,13.4904],[98.4388,13.4904],[98.4388,13.4896],[98.4396,13.4896]],[[98.4379,13.4896],[98.4379,13.4887],[98.4388,13.4887],[98.4388,13.4896],[98.4379,13.4896]],[[98.4354,13.4862],[98.4363,13.4862],[98.4363,13.4887],[98.4346,13.4887],[98.4346,13.4879],[98.4329,13.4879],[98.4329,13.4871],[98.4321,13.4871],[98.4321,13.4862],[98.4346,13.4862],[98.4346,13.4854],[98.4354,13.4854],[98.4354,13.4862]]],[[[98.4529,13.4854],[98.4504,13.4854],[98.4504,13.4871],[98.4529,13.4871],[98.4529,13.4854]]],[[[98.4221,13.6987],[98.4221,13.6979],[98.4204,13.6979],[98.4204,13.6996],[98.4221,13.7004],[98.4221,13.7012],[98.4246,13.7012],[98.4246,13.7004],[98.4238,13.7004],[98.4238,13.6996],[98.4221,13.6987]]],[[[98.4254,13.7004],[98.4254,13.7012],[98.4271,13.7021],[98.4271,13.7004],[98.4254,13.7004]]],[[[98.4304,13.7021],[98.4296,13.7021],[98.4296,13.7037],[98.4313,13.7037],[98.4304,13.7021]]],[[[98.4438,13.7054],[98.4438,13.7087],[98.4421,13.7096],[98.4421,13.7112],[98.4404,13.7112],[98.4404,13.7154],[98.4396,13.7154],[98.4396,13.7179],[98.4413,13.7179],[98.4413,13.7154],[98.4421,13.7154],[98.4421,13.7137],[98.4429,13.7137],[98.4429,13.7129],[98.4446,13.7129],[98.4446,13.7096],[98.4454,13.7096],[98.4454,13.7062],[98.4463,13.7062],[98.4463,13.7054],[98.4454,13.7054],[98.4446,13.7037],[98.4421,13.7037],[98.4421,13.7029],[98.4396,13.7029],[98.4396,13.7021],[98.4371,13.7021],[98.4371,13.7029],[98.4379,13.7029],[98.4371,13.7046],[98.4388,13.7046],[98.4388,13.7054],[98.4404,13.7054],[98.4404,13.7046],[98.4429,13.7046],[98.4429,13.7054],[98.4438,13.7054]]],[[[98.4296,13.7337],[98.4296,13.7354],[98.4304,13.7354],[98.4304,13.7321],[98.4288,13.7329],[98.4288,13.7337],[98.4296,13.7337]]],[[[98.5163,10.6596],[98.5163,10.6612],[98.5171,10.6612],[98.5171,10.6637],[98.5188,10.6637],[98.5188,10.6612],[98.5204,10.6612],[98.5204,10.6596],[98.5188,10.6587],[98.5188,10.6537],[98.5171,10.6537],[98.5171,10.6529],[98.5154,10.6537],[98.5154,10.6546],[98.5146,10.6546],[98.5146,10.6571],[98.5163,10.6571],[98.5163,10.6579],[98.5179,10.6579],[98.5179,10.6587],[98.5163,10.6596]]],[[[98.5154,10.6654],[98.5154,10.6671],[98.5163,10.6671],[98.5163,10.6637],[98.5146,10.6646],[98.5146,10.6654],[98.5154,10.6654]]],[[[98.5163,10.6679],[98.5163,10.6704],[98.5179,10.6704],[98.5179,10.6679],[98.5163,10.6679]]],[[[98.5154,10.6729],[98.5154,10.6737],[98.5171,10.6737],[98.5171,10.6721],[98.5146,10.6721],[98.5146,10.6729],[98.5154,10.6729]]],[[[98.5079,10.6804],[98.5079,10.6821],[98.5096,10.6821],[98.5096,10.6812],[98.5079,10.6804]]],[[[98.5013,10.7012],[98.5004,10.7012],[98.5004,10.7037],[98.5021,10.7037],[98.5021,10.7054],[98.5004,10.7054],[98.5004,10.7046],[98.4996,10.7046],[98.4988,10.7062],[98.4996,10.7062],[98.4996,10.7071],[98.5021,10.7071],[98.5021,10.7062],[98.5054,10.7062],[98.5054,10.7079],[98.5071,10.7087],[98.5071,10.7096],[98.5063,10.7096],[98.5063,10.7129],[98.5071,10.7129],[98.5071,10.7137],[98.5088,10.7129],[98.5088,10.7137],[98.5096,10.7137],[98.5096,10.7154],[98.5113,10.7154],[98.5113,10.7121],[98.5096,10.7112],[98.5096,10.7096],[98.5079,10.7087],[98.5079,10.7071],[98.5088,10.7071],[98.5088,10.7062],[98.5104,10.7062],[98.5113,10.7079],[98.5154,10.7079],[98.5154,10.7071],[98.5163,10.7071],[98.5163,10.7087],[98.5246,10.7087],[98.5254,10.7104],[98.5263,10.7104],[98.5263,10.7121],[98.5254,10.7121],[98.5254,10.7137],[98.5246,10.7137],[98.5246,10.7146],[98.5254,10.7149],[98.5264,10.7127],[98.5267,10.71],[98.5288,10.7076],[98.5288,10.7071],[98.5254,10.7071],[98.5246,10.7054],[98.5238,10.7054],[98.5238,10.7046],[98.5254,10.7037],[98.5254,10.6996],[98.5263,10.6996],[98.5263,10.6971],[98.5271,10.6971],[98.5271,10.6954],[98.5263,10.6954],[98.5263,10.6937],[98.5254,10.6937],[98.5254,10.6946],[98.5238,10.6954],[98.5238,10.6962],[98.5229,10.6962],[98.5229,10.6996],[98.5221,10.6996],[98.5221,10.6987],[98.5204,10.6987],[98.5204,10.7054],[98.5188,10.7054],[98.5188,10.7046],[98.5179,10.7046],[98.5179,10.7029],[98.5163,10.7021],[98.5163,10.7004],[98.5154,10.7004],[98.5154,10.6987],[98.5138,10.6987],[98.5138,10.6996],[98.5129,10.6996],[98.5129,10.7021],[98.5121,10.7021],[98.5121,10.7029],[98.5113,10.7029],[98.5104,10.7046],[98.5096,10.7046],[98.5096,10.7037],[98.5063,10.7037],[98.5063,10.7004],[98.5038,10.7004],[98.5038,10.6987],[98.5046,10.6987],[98.5046,10.6971],[98.5038,10.6971],[98.5038,10.6946],[98.5046,10.6946],[98.5046,10.6921],[98.5029,10.6912],[98.5029,10.6896],[98.5021,10.6896],[98.5021,10.6871],[98.5013,10.6871],[98.5013,10.6846],[98.4996,10.6846],[98.4996,10.6862],[98.4979,10.6871],[98.4979,10.6887],[98.4996,10.6887],[98.4996,10.6896],[98.5004,10.6896],[98.5004,10.6937],[98.5013,10.6937],[98.5013,10.6987],[98.5021,10.6987],[98.5021,10.7004],[98.5013,10.7004],[98.5013,10.7012]],[[98.4996,10.6871],[98.4996,10.6879],[98.4988,10.6879],[98.4988,10.6871],[98.4996,10.6871]]],[[[98.5246,10.7154],[98.5246,10.7171],[98.5238,10.7171],[98.5238,10.7187],[98.5244,10.7187],[98.5253,10.7154],[98.5246,10.7154]]],[[[98.4938,10.7037],[98.4946,10.7054],[98.4954,10.7054],[98.4954,10.7062],[98.4979,10.7062],[98.4979,10.7054],[98.4963,10.7054],[98.4954,10.7037],[98.4938,10.7037]]],[[[98.4938,10.7146],[98.4938,10.7162],[98.4954,10.7162],[98.4954,10.7146],[98.4938,10.7146]]],[[[98.5038,10.7262],[98.5038,10.7254],[98.5063,10.7254],[98.5063,10.7229],[98.5054,10.7229],[98.5054,10.7212],[98.5063,10.7212],[98.5063,10.7196],[98.5054,10.7196],[98.5054,10.7187],[98.5038,10.7187],[98.5038,10.7204],[98.5021,10.7212],[98.5021,10.7229],[98.4996,10.7229],[98.4996,10.7246],[98.5021,10.7246],[98.5029,10.7262],[98.5038,10.7262]]],[[[98.5213,10.7212],[98.5221,10.7212],[98.5221,10.7204],[98.5238,10.7204],[98.5238,10.7196],[98.5229,10.7196],[98.5229,10.7187],[98.5188,10.7187],[98.5188,10.7196],[98.5171,10.7196],[98.5171,10.7204],[98.5154,10.7204],[98.5154,10.7212],[98.5138,10.7221],[98.5138,10.7262],[98.5146,10.7262],[98.5146,10.7254],[98.5169,10.7254],[98.5171,10.7237],[98.5196,10.7229],[98.5196,10.7221],[98.5213,10.7221],[98.5213,10.7212]]],[[[98.4971,10.7287],[98.4954,10.7287],[98.4954,10.7254],[98.4963,10.7254],[98.4963,10.7246],[98.4954,10.7246],[98.4954,10.7221],[98.4971,10.7221],[98.4971,10.7187],[98.4938,10.7187],[98.4938,10.7204],[98.4921,10.7204],[98.4921,10.7212],[98.4904,10.7212],[98.4904,10.7196],[98.4863,10.7196],[98.4863,10.7212],[98.4871,10.7212],[98.4871,10.7237],[98.4888,10.7237],[98.4888,10.7246],[98.4904,10.7246],[98.4896,10.7262],[98.4904,10.7262],[98.4913,10.7279],[98.4929,10.7279],[98.4929,10.7296],[98.4913,10.7296],[98.4904,10.7279],[98.4888,10.7279],[98.4888,10.7287],[98.4904,10.7296],[98.4904,10.7321],[98.4896,10.7321],[98.4896,10.7329],[98.4879,10.7329],[98.4879,10.7337],[98.4871,10.7337],[98.4871,10.7354],[98.4896,10.7354],[98.4896,10.7346],[98.4904,10.7346],[98.4904,10.7337],[98.4913,10.7337],[98.4913,10.7312],[98.4938,10.7312],[98.4938,10.7329],[98.4929,10.7329],[98.4929,10.7337],[98.4935,10.7337],[98.4949,10.7321],[98.4952,10.731],[98.4946,10.7298],[98.4971,10.7292],[98.4971,10.7287]]],[[[98.4971,10.7271],[98.4971,10.7279],[98.4996,10.7279],[98.4996,10.7271],[98.4971,10.7271]]],[[[98.4913,10.7346],[98.4904,10.7346],[98.4904,10.7362],[98.4911,10.7362],[98.4906,10.7351],[98.4913,10.7346]]],[[[98.4913,10.7379],[98.4904,10.7379],[98.4904,10.7396],[98.4896,10.7396],[98.4896,10.7409],[98.4909,10.7396],[98.4916,10.7373],[98.4913,10.7365],[98.4913,10.7379]]],[[[98.4896,10.7449],[98.49,10.7431],[98.4896,10.7421],[98.4896,10.7449]]],[[[98.5096,10.7754],[98.5096,10.7762],[98.5118,10.7762],[98.5092,10.7752],[98.5069,10.7754],[98.5096,10.7754]]],[[[98.5129,10.7771],[98.514,10.7771],[98.5129,10.7767],[98.5129,10.7771]]],[[[98.5154,10.7812],[98.5163,10.7812],[98.5163,10.7821],[98.5171,10.7821],[98.5171,10.7812],[98.523,10.7812],[98.522,10.7802],[98.5196,10.781],[98.5174,10.7805],[98.5166,10.7799],[98.5164,10.7778],[98.5154,10.7773],[98.5154,10.7812]]],[[[98.5263,10.7812],[98.5263,10.7811],[98.526,10.7812],[98.5263,10.7812]]],[[[98.5129,10.7829],[98.5096,10.7829],[98.5096,10.7837],[98.5104,10.7837],[98.5104,10.7846],[98.5129,10.7846],[98.5129,10.7829]]],[[[98.5013,10.7896],[98.5029,10.7896],[98.5029,10.789],[98.5024,10.7894],[98.5013,10.7896]]],[[[98.5038,10.7887],[98.5038,10.7883],[98.5032,10.7887],[98.5038,10.7887]]],[[[98.5054,10.7887],[98.5058,10.7887],[98.5054,10.7884],[98.5054,10.7887]]],[[[98.4938,10.7912],[98.4943,10.7912],[98.4938,10.7908],[98.4938,10.7912]]],[[[98.5088,10.7971],[98.5079,10.7971],[98.5079,10.7979],[98.5104,10.7979],[98.5104,10.7929],[98.5146,10.7929],[98.5146,10.7904],[98.5129,10.7904],[98.5129,10.7879],[98.5113,10.7879],[98.5113,10.7912],[98.5088,10.7912],[98.5088,10.7929],[98.5046,10.7929],[98.5046,10.7937],[98.5063,10.7937],[98.5063,10.7946],[98.5079,10.7946],[98.5079,10.7954],[98.5088,10.7954],[98.5088,10.7971]]],[[[98.5021,10.8021],[98.5021,10.8037],[98.5054,10.8037],[98.5054,10.8012],[98.5046,10.8012],[98.5046,10.8021],[98.5021,10.8021]]],[[[98.5096,10.8254],[98.5096,10.8262],[98.5121,10.8262],[98.5129,10.8279],[98.5138,10.8279],[98.5138,10.8271],[98.5154,10.8271],[98.5154,10.8279],[98.5163,10.8279],[98.5163,10.8271],[98.5179,10.8271],[98.5179,10.8262],[98.5188,10.8262],[98.5188,10.8296],[98.5179,10.8296],[98.5179,10.8321],[98.5204,10.8321],[98.5204,10.8312],[98.5221,10.8304],[98.5221,10.8296],[98.5229,10.8296],[98.5229,10.8262],[98.5238,10.8262],[98.5238,10.8246],[98.5229,10.8246],[98.5229,10.8229],[98.5204,10.8229],[98.5204,10.8221],[98.5188,10.8221],[98.5188,10.8212],[98.5179,10.8212],[98.5179,10.8204],[98.5163,10.8204],[98.5163,10.8212],[98.5146,10.8212],[98.5146,10.8229],[98.5138,10.8229],[98.5138,10.8237],[98.5121,10.8237],[98.5121,10.8254],[98.5113,10.8254],[98.5113,10.8246],[98.5096,10.8254]]],[[[98.4996,10.8262],[98.5004,10.8262],[98.5017,10.8262],[98.4996,10.8256],[98.4996,10.8262]]],[[[98.5021,10.8271],[98.5038,10.8271],[98.5038,10.8279],[98.5046,10.8279],[98.5054,10.8262],[98.5079,10.8262],[98.5079,10.8256],[98.506,10.8259],[98.5032,10.8269],[98.5021,10.8264],[98.5021,10.8271]]],[[[98.5046,10.8537],[98.5113,10.8537],[98.5113,10.8521],[98.5104,10.8521],[98.5104,10.8529],[98.5088,10.8529],[98.5079,10.8512],[98.5063,10.8512],[98.5063,10.8504],[98.5046,10.8504],[98.5046,10.8512],[98.5027,10.8512],[98.5014,10.8521],[98.4979,10.8527],[98.4988,10.8529],[98.4988,10.8537],[98.5004,10.8537],[98.5004,10.8529],[98.5046,10.8529],[98.5046,10.8537]]],[[[98.5046,10.8712],[98.5013,10.8712],[98.5013,10.8729],[98.5021,10.8729],[98.5021,10.8737],[98.5046,10.8737],[98.5046,10.8746],[98.5079,10.8746],[98.5079,10.8737],[98.5088,10.8737],[98.5088,10.8729],[98.5063,10.8729],[98.5063,10.8721],[98.5046,10.8721],[98.5046,10.8712]]],[[[98.4979,10.8779],[98.5004,10.8779],[98.5004,10.8762],[98.4979,10.8762],[98.4979,10.8771],[98.4971,10.8771],[98.4971,10.8787],[98.4979,10.8787],[98.4979,10.8779]]],[[[98.4963,10.8846],[98.4929,10.8846],[98.4929,10.8854],[98.4963,10.8854],[98.4963,10.8846]]],[[[98.5004,10.8829],[98.4971,10.8829],[98.4963,10.8846],[98.4971,10.8846],[98.4971,10.8854],[98.4979,10.8856],[98.5004,10.8829]]],[[[98.5061,10.9396],[98.5051,10.9392],[98.5048,10.9396],[98.5061,10.9396]]],[[[98.5063,10.9421],[98.5067,10.9413],[98.5063,10.9397],[98.5063,10.9421]]],[[[98.5054,10.9421],[98.5054,10.9425],[98.5062,10.9421],[98.5054,10.9421]]],[[[98.5049,10.9429],[98.5046,10.9446],[98.5049,10.9446],[98.5049,10.9429]]],[[[98.5054,10.9462],[98.5055,10.9461],[98.5054,10.9459],[98.5054,10.9462]]],[[[98.4871,10.9504],[98.4871,10.9511],[98.4875,10.9504],[98.4871,10.9504]]],[[[98.4871,10.9537],[98.4873,10.9537],[98.4871,10.9532],[98.4871,10.9537]]],[[[98.4879,10.9554],[98.4879,10.9554],[98.4879,10.9554],[98.4879,10.9554]]],[[[98.5088,10.9554],[98.5088,10.9562],[98.5096,10.9562],[98.5096,10.9587],[98.5104,10.9587],[98.5104,10.9629],[98.5131,10.9629],[98.511,10.9622],[98.5106,10.9614],[98.5109,10.9583],[98.5097,10.956],[98.5079,10.9548],[98.5079,10.9554],[98.5088,10.9554]]],[[[98.5146,10.9637],[98.5154,10.9637],[98.5146,10.9635],[98.5146,10.9637]]],[[[98.5163,10.9679],[98.5167,10.9656],[98.5163,10.9644],[98.5163,10.9679]]],[[[98.5046,10.9471],[98.5046,10.9478],[98.5054,10.9472],[98.5054,10.9471],[98.5046,10.9471]]],[[[98.5038,10.9479],[98.5038,10.9485],[98.5045,10.9479],[98.5038,10.9479]]],[[[98.5029,10.9487],[98.5029,10.9491],[98.5034,10.9487],[98.5029,10.9487]]],[[[98.5029,10.9529],[98.5035,10.9529],[98.5029,10.9513],[98.5029,10.9529]]],[[[98.5038,10.9537],[98.5041,10.9537],[98.5038,10.9532],[98.5038,10.9537]]],[[[98.5046,10.9546],[98.5054,10.9546],[98.5046,10.9543],[98.5046,10.9546]]],[[[98.4904,10.9562],[98.4919,10.9562],[98.4904,10.956],[98.4904,10.9562]]],[[[98.4921,10.9579],[98.4935,10.9579],[98.4921,10.9566],[98.4921,10.9579]]],[[[98.4938,10.9587],[98.4941,10.9587],[98.4938,10.9581],[98.4938,10.9587]]],[[[98.4946,10.9596],[98.4946,10.9596],[98.4946,10.9595],[98.4946,10.9596]]],[[[98.5029,10.9597],[98.5013,10.959],[98.5013,10.9629],[98.5021,10.9629],[98.5021,10.9621],[98.5038,10.9612],[98.5038,10.9604],[98.5029,10.9604],[98.5029,10.9597]]],[[[98.4988,10.9587],[98.5009,10.9587],[98.4998,10.9578],[98.4988,10.9587]]],[[[98.4938,10.9687],[98.4954,10.9687],[98.4954,10.9671],[98.4938,10.9671],[98.4929,10.9654],[98.4913,10.9654],[98.4913,10.9621],[98.4896,10.9621],[98.4896,10.9629],[98.4888,10.9629],[98.4888,10.9646],[98.4863,10.9646],[98.4863,10.9679],[98.4879,10.9671],[98.4879,10.9654],[98.4888,10.9654],[98.4888,10.9662],[98.4904,10.9662],[98.4904,10.9671],[98.4929,10.9671],[98.4929,10.9746],[98.4938,10.9746],[98.4938,10.9687]]],[[[98.5129,10.9771],[98.5134,10.9752],[98.5129,10.9738],[98.5136,10.9729],[98.5129,10.9729],[98.5129,10.9746],[98.5121,10.9746],[98.5121,10.9771],[98.5129,10.9771]]],[[[98.5096,10.9771],[98.5096,10.9762],[98.5088,10.9762],[98.5088,10.9746],[98.5079,10.9746],[98.5079,10.9771],[98.5096,10.9779],[98.5096,10.9804],[98.5079,10.9804],[98.5079,10.9812],[98.5113,10.9812],[98.5113,10.9779],[98.5096,10.9771]]],[[[98.5172,10.9779],[98.5171,10.9787],[98.5175,10.9787],[98.5172,10.9779]]],[[[98.5179,10.9812],[98.5171,10.9812],[98.5171,10.9846],[98.5154,10.9854],[98.5154,10.9879],[98.5171,10.9879],[98.5171,10.9904],[98.5163,10.9904],[98.5163,10.9921],[98.5154,10.9921],[98.5154,10.9946],[98.5138,10.9946],[98.5138,10.9954],[98.5121,10.9962],[98.5113,10.9979],[98.5154,10.9979],[98.5154,10.9962],[98.5171,10.9962],[98.5171,11.0004],[98.5179,11.0004],[98.5179,11.0021],[98.5188,11.0021],[98.5196,11.0037],[98.5213,11.0037],[98.5213,11.0021],[98.5196,11.0021],[98.5196,10.9962],[98.5204,10.9962],[98.5204,10.9946],[98.5196,10.9946],[98.5196,10.9929],[98.5221,10.9929],[98.5221,10.9937],[98.5229,10.9937],[98.5229,10.9954],[98.5246,10.9962],[98.5246,10.9946],[98.5238,10.9946],[98.5238,10.9912],[98.5229,10.9912],[98.5229,10.9904],[98.5246,10.9904],[98.5254,10.9921],[98.5279,10.9921],[98.5279,10.9912],[98.5263,10.9912],[98.5263,10.9904],[98.5254,10.9904],[98.5254,10.9879],[98.5271,10.9879],[98.5271,10.9871],[98.5229,10.9871],[98.5229,10.9862],[98.5238,10.9862],[98.5238,10.9846],[98.5229,10.9846],[98.5229,10.9829],[98.5246,10.9821],[98.5246,10.9812],[98.5229,10.9804],[98.5229,10.9787],[98.5221,10.9787],[98.5221,10.9771],[98.5238,10.9771],[98.5238,10.9779],[98.5254,10.9779],[98.5254,10.9762],[98.5279,10.9762],[98.5279,10.9754],[98.5288,10.9754],[98.5288,10.9746],[98.5263,10.9746],[98.5263,10.9729],[98.5271,10.9729],[98.5271,10.9721],[98.5238,10.9729],[98.5229,10.9746],[98.5221,10.9746],[98.5221,10.9754],[98.5213,10.9754],[98.5213,10.9787],[98.5194,10.9787],[98.5195,10.9825],[98.5185,10.9858],[98.5211,10.9893],[98.5211,10.9907],[98.5176,10.9861],[98.5182,10.9804],[98.5179,10.9797],[98.5179,10.9812]]],[[[98.5021,11.0071],[98.5021,11.0087],[98.5038,11.0087],[98.5038,11.0071],[98.5021,11.0071]]],[[[98.5113,11.0162],[98.5113,11.0179],[98.5104,11.0179],[98.5104,11.0187],[98.5138,11.0187],[98.5138,11.0171],[98.5146,11.0171],[98.5146,11.0137],[98.5138,11.0137],[98.5138,11.0087],[98.5146,11.0087],[98.5146,11.0071],[98.5154,11.0071],[98.5154,11.0062],[98.5146,11.0062],[98.5146,11.0037],[98.5129,11.0037],[98.5129,11.0079],[98.5121,11.0079],[98.5121,11.0096],[98.5104,11.0104],[98.5104,11.0112],[98.5096,11.0112],[98.5096,11.0121],[98.5088,11.0121],[98.5088,11.0129],[98.5071,11.0129],[98.5063,11.0112],[98.5046,11.0112],[98.5038,11.0129],[98.5004,11.0129],[98.5004,11.0121],[98.4988,11.0121],[98.4979,11.0137],[98.4963,11.0137],[98.4963,11.0154],[98.4971,11.0154],[98.4971,11.0162],[98.4988,11.0162],[98.4988,11.0146],[98.5004,11.0146],[98.5004,11.0162],[98.5013,11.0162],[98.5013,11.0187],[98.5004,11.0187],[98.4996,11.0204],[98.5013,11.0204],[98.5013,11.0196],[98.5038,11.0196],[98.5038,11.0187],[98.5046,11.0187],[98.5046,11.0196],[98.5063,11.0196],[98.5063,11.0162],[98.5071,11.0162],[98.5071,11.0154],[98.5104,11.0154],[98.5104,11.0162],[98.5113,11.0162]]],[[[98.5046,11.0221],[98.5046,11.0229],[98.5054,11.0229],[98.5054,11.0235],[98.5071,11.0237],[98.5071,11.0229],[98.5063,11.0229],[98.5063,11.0212],[98.5038,11.0212],[98.5038,11.0221],[98.5046,11.0221]]],[[[98.5129,11.0254],[98.5138,11.0254],[98.5138,11.0279],[98.5146,11.0279],[98.5146,11.0321],[98.5154,11.0321],[98.5154,11.0304],[98.5163,11.0304],[98.5163,11.0287],[98.5154,11.0287],[98.5154,11.0262],[98.5163,11.0262],[98.5163,11.0246],[98.5154,11.0246],[98.5154,11.0237],[98.5129,11.0237],[98.5129,11.0254]]],[[[98.5171,11.0346],[98.5179,11.0346],[98.5179,11.0329],[98.5171,11.0329],[98.5171,11.0321],[98.5154,11.0321],[98.5154,11.0337],[98.5171,11.0337],[98.5171,11.0346]]],[[[98.5196,11.0412],[98.5188,11.0412],[98.5188,11.0446],[98.5204,11.0446],[98.5204,11.0421],[98.5196,11.0421],[98.5196,11.0412]]],[[[98.5196,11.0754],[98.5196,11.0771],[98.5213,11.0771],[98.5213,11.0754],[98.5196,11.0754]]],[[[98.4871,11.4046],[98.4886,11.4046],[98.4871,11.4043],[98.4871,11.4046]]],[[[98.4921,11.4079],[98.4924,11.4079],[98.4921,11.4077],[98.4921,11.4079]]],[[[98.4929,11.4087],[98.4939,11.4087],[98.4929,11.4082],[98.4929,11.4087]]],[[[98.4946,11.4096],[98.4954,11.4096],[98.4946,11.4091],[98.4946,11.4096]]],[[[98.5063,11.4229],[98.5064,11.4229],[98.5063,11.4227],[98.5063,11.4229]]],[[[98.5071,11.4237],[98.5073,11.4237],[98.5071,11.4235],[98.5071,11.4237]]],[[[98.5088,11.4246],[98.5107,11.4246],[98.5088,11.4242],[98.5088,11.4246]]],[[[98.5163,11.4246],[98.5163,11.4242],[98.5143,11.4246],[98.5163,11.4246]]],[[[98.5188,11.4237],[98.5188,11.4233],[98.5176,11.4237],[98.5188,11.4237]]],[[[98.4996,11.4129],[98.5,11.4129],[98.4996,11.4126],[98.4996,11.4129]]],[[[98.5029,11.4135],[98.5031,11.4137],[98.503,11.4135],[98.5029,11.4135]]],[[[98.5046,11.4162],[98.5047,11.4162],[98.5046,11.4159],[98.5046,11.4162]]],[[[98.5054,11.4204],[98.5057,11.4191],[98.5054,11.4181],[98.5054,11.4204]]],[[[98.5088,11.4404],[98.5104,11.4396],[98.5104,11.4379],[98.5096,11.4379],[98.5088,11.4396],[98.5079,11.4396],[98.5079,11.4412],[98.5088,11.4412],[98.5088,11.4404]]],[[[98.5079,11.4514],[98.5079,11.4507],[98.5079,11.4506],[98.5079,11.4514]]],[[[98.5063,11.4529],[98.5063,11.4551],[98.5072,11.4529],[98.5063,11.4529]]],[[[98.5054,11.4562],[98.5054,11.457],[98.5059,11.4562],[98.5054,11.4562]]],[[[98.5046,11.4579],[98.5046,11.4587],[98.5048,11.4579],[98.5046,11.4579]]],[[[98.5038,11.4596],[98.5038,11.461],[98.5043,11.4596],[98.5038,11.4596]]],[[[98.5168,12.7821],[98.5167,12.7817],[98.5164,12.7821],[98.5168,12.7821]]],[[[98.5171,12.7871],[98.5175,12.7871],[98.5171,12.7829],[98.5171,12.7871]]],[[[98.5179,12.7887],[98.5182,12.7887],[98.5179,12.7881],[98.5179,12.7887]]],[[[98.5182,12.7937],[98.5179,12.7971],[98.5182,12.7971],[98.5182,12.7937]]],[[[98.5046,13.1729],[98.5046,13.1725],[98.5038,13.1729],[98.5046,13.1729]]],[[[98.5063,13.1729],[98.508,13.1729],[98.5063,13.1723],[98.5063,13.1729]]],[[[98.4913,13.1779],[98.4913,13.1757],[98.4903,13.1779],[98.4913,13.1779]]],[[[98.4929,13.1754],[98.4929,13.1736],[98.4915,13.1754],[98.4929,13.1754]]],[[[98.5013,13.1804],[98.5013,13.1812],[98.5038,13.1812],[98.5038,13.1821],[98.5029,13.1821],[98.5029,13.1846],[98.5013,13.1837],[98.5013,13.1846],[98.4996,13.1846],[98.4996,13.1854],[98.4988,13.1854],[98.4988,13.1896],[98.4979,13.1896],[98.4979,13.1912],[98.4996,13.1912],[98.4996,13.1937],[98.4979,13.1946],[98.4979,13.1962],[98.4996,13.1962],[98.4996,13.1954],[98.5021,13.1954],[98.5038,13.1921],[98.5046,13.1921],[98.5046,13.1929],[98.5079,13.1929],[98.5079,13.1921],[98.5088,13.1921],[98.5088,13.1887],[98.5104,13.1879],[98.5104,13.1862],[98.5138,13.1862],[98.5138,13.1854],[98.5154,13.1854],[98.5154,13.1837],[98.5179,13.1837],[98.5179,13.1829],[98.5196,13.1829],[98.5196,13.1821],[98.5213,13.1821],[98.5213,13.1812],[98.5238,13.1812],[98.5229,13.1796],[98.5221,13.1796],[98.5221,13.1782],[98.5196,13.1762],[98.5188,13.1762],[98.5183,13.1752],[98.5163,13.1748],[98.5163,13.1754],[98.5154,13.1754],[98.5154,13.1746],[98.5096,13.1735],[98.5096,13.1746],[98.5046,13.1746],[98.5046,13.1754],[98.5029,13.1762],[98.5021,13.1779],[98.4996,13.1779],[98.4996,13.1804],[98.5013,13.1804]],[[98.5146,13.1762],[98.5146,13.1779],[98.5138,13.1779],[98.5138,13.1787],[98.5121,13.1787],[98.5121,13.1762],[98.5146,13.1762]],[[98.5079,13.1804],[98.5079,13.1812],[98.5063,13.1812],[98.5063,13.1804],[98.5079,13.1804]],[[98.5071,13.1771],[98.5071,13.1779],[98.5063,13.1779],[98.5063,13.1771],[98.5071,13.1771]],[[98.5063,13.1879],[98.5063,13.1887],[98.5054,13.1887],[98.5054,13.1879],[98.5063,13.1879]]],[[[98.4926,13.1921],[98.4929,13.1887],[98.4922,13.1887],[98.4926,13.1921]]],[[[98.5171,13.1921],[98.5171,13.1929],[98.5163,13.1929],[98.5163,13.1937],[98.5179,13.1937],[98.5179,13.1921],[98.5171,13.1921]]],[[[98.5096,13.1987],[98.5096,13.2012],[98.5113,13.2012],[98.5113,13.2021],[98.5146,13.2021],[98.5146,13.2037],[98.5121,13.2037],[98.5121,13.2054],[98.5138,13.2054],[98.5138,13.2062],[98.5154,13.2062],[98.5154,13.2071],[98.5196,13.2071],[98.5196,13.2079],[98.5213,13.2079],[98.5213,13.2062],[98.5204,13.2062],[98.5204,13.2046],[98.5163,13.2046],[98.5163,13.2029],[98.5154,13.2029],[98.5154,13.2012],[98.5138,13.2012],[98.5138,13.1987],[98.5163,13.1987],[98.5163,13.1954],[98.5146,13.1954],[98.5146,13.1971],[98.5138,13.1971],[98.5138,13.1979],[98.5113,13.1979],[98.5113,13.1971],[98.5104,13.1971],[98.5104,13.1946],[98.5088,13.1946],[98.5088,13.1954],[98.5071,13.1954],[98.5071,13.1946],[98.5063,13.1946],[98.5063,13.1962],[98.5071,13.1962],[98.5079,13.1979],[98.5096,13.1987]]],[[[98.5096,13.2104],[98.5104,13.2104],[98.5104,13.2079],[98.5096,13.2079],[98.5096,13.2046],[98.5088,13.2046],[98.5088,13.2054],[98.5079,13.2054],[98.5088,13.2071],[98.5054,13.2087],[98.5054,13.2104],[98.5063,13.2104],[98.5054,13.2121],[98.5063,13.2121],[98.5063,13.2129],[98.5079,13.2129],[98.5079,13.2121],[98.5096,13.2112],[98.5096,13.2104]]],[[[98.4988,13.2079],[98.4988,13.2096],[98.5004,13.2096],[98.5004,13.2079],[98.4988,13.2079]]],[[[98.4921,13.2109],[98.4905,13.2115],[98.4902,13.2121],[98.4921,13.2121],[98.4921,13.2109]]],[[[98.4938,13.2104],[98.4938,13.2079],[98.4946,13.2079],[98.4946,13.2062],[98.4938,13.2062],[98.4935,13.2046],[98.4936,13.2091],[98.4927,13.2104],[98.4938,13.2104]]],[[[98.4996,13.2112],[98.4979,13.2112],[98.4988,13.2129],[98.4996,13.2129],[98.4996,13.2112]]],[[[98.4988,13.2154],[98.4988,13.2179],[98.4996,13.2179],[98.4996,13.2187],[98.5013,13.2196],[98.5013,13.2204],[98.5038,13.2204],[98.5038,13.2212],[98.5046,13.2212],[98.5054,13.2229],[98.5088,13.2229],[98.5088,13.2221],[98.5113,13.2221],[98.5121,13.2204],[98.5129,13.2204],[98.5129,13.2212],[98.5146,13.2212],[98.5146,13.2221],[98.5163,13.2221],[98.5163,13.2212],[98.5171,13.2212],[98.5171,13.2162],[98.5179,13.2162],[98.5179,13.2154],[98.5171,13.2154],[98.5171,13.2146],[98.5154,13.2146],[98.5154,13.2137],[98.5138,13.2137],[98.5138,13.2129],[98.5121,13.2129],[98.5113,13.2146],[98.5071,13.2146],[98.5071,13.2162],[98.5029,13.2162],[98.5021,13.2146],[98.4996,13.2146],[98.4996,13.2154],[98.4988,13.2154]],[[98.5063,13.2204],[98.5054,13.2204],[98.5054,13.2196],[98.5063,13.2196],[98.5063,13.2204]]],[[[98.4913,13.2212],[98.4913,13.2237],[98.4929,13.2237],[98.4929,13.2212],[98.4913,13.2212]]],[[[98.5021,13.2221],[98.5021,13.2229],[98.5013,13.2229],[98.5013,13.2254],[98.5038,13.2254],[98.5038,13.2221],[98.5021,13.2221]]],[[[98.5054,13.2296],[98.5046,13.2279],[98.5021,13.2279],[98.5021,13.2296],[98.5029,13.2296],[98.5029,13.2304],[98.5046,13.2312],[98.5046,13.2329],[98.5071,13.2329],[98.5071,13.2321],[98.5079,13.2321],[98.5079,13.2296],[98.5054,13.2296]]],[[[98.5088,13.2287],[98.5088,13.2296],[98.5096,13.2296],[98.5104,13.2312],[98.5113,13.2312],[98.5113,13.2321],[98.5129,13.2321],[98.5129,13.2337],[98.5104,13.2337],[98.5104,13.2354],[98.5088,13.2354],[98.5088,13.2404],[98.5079,13.2404],[98.5079,13.2429],[98.5088,13.2429],[98.5088,13.2412],[98.5104,13.2412],[98.5104,13.2371],[98.5113,13.2371],[98.5113,13.2387],[98.5121,13.2387],[98.5121,13.2362],[98.5129,13.2362],[98.5129,13.2354],[98.5138,13.2354],[98.5138,13.2387],[98.5154,13.2387],[98.5154,13.2371],[98.5163,13.2371],[98.5163,13.2379],[98.5171,13.2377],[98.5171,13.2354],[98.5179,13.2354],[98.5179,13.2337],[98.5188,13.2337],[98.5188,13.2354],[98.5196,13.2354],[98.5196,13.2346],[98.5204,13.2346],[98.5204,13.2337],[98.5213,13.2337],[98.5221,13.2321],[98.5238,13.2312],[98.5238,13.2296],[98.5246,13.2296],[98.5246,13.2271],[98.5238,13.2271],[98.5238,13.2262],[98.5213,13.2262],[98.5213,13.2246],[98.5204,13.2246],[98.5204,13.2237],[98.5163,13.2237],[98.5163,13.2246],[98.5146,13.2246],[98.5146,13.2254],[98.5138,13.2254],[98.5138,13.2262],[98.5079,13.2262],[98.5071,13.2279],[98.5088,13.2287]]],[[[98.5063,13.2379],[98.5054,13.2396],[98.5038,13.2396],[98.5038,13.2404],[98.5071,13.2404],[98.5079,13.2387],[98.5063,13.2379]]],[[[98.4961,13.2471],[98.4957,13.2468],[98.4943,13.2471],[98.4961,13.2471]]],[[[98.5193,13.2387],[98.5106,13.2446],[98.5113,13.2446],[98.5113,13.2471],[98.5096,13.2471],[98.5096,13.2479],[98.5104,13.2479],[98.5104,13.2487],[98.5138,13.2487],[98.5129,13.2504],[98.5096,13.2504],[98.5096,13.2496],[98.5088,13.2496],[98.5088,13.2512],[98.5071,13.2512],[98.5071,13.2487],[98.5054,13.2479],[98.5054,13.2471],[98.5063,13.2468],[98.5038,13.2473],[98.5038,13.2479],[98.5029,13.2479],[98.5029,13.2504],[98.5021,13.2504],[98.5021,13.2537],[98.5004,13.2537],[98.5013,13.2554],[98.5021,13.2554],[98.5021,13.2562],[98.5013,13.2562],[98.5013,13.2571],[98.5021,13.2571],[98.5021,13.2596],[98.5004,13.2596],[98.5004,13.2587],[98.4988,13.2587],[98.4988,13.2612],[98.4996,13.2612],[98.4996,13.2629],[98.5004,13.2629],[98.5004,13.2637],[98.5013,13.2637],[98.5013,13.2621],[98.5029,13.2621],[98.5029,13.2612],[98.5038,13.2612],[98.5038,13.2579],[98.5046,13.2579],[98.5046,13.2537],[98.5038,13.2537],[98.5038,13.2521],[98.5063,13.2521],[98.5063,13.2529],[98.5096,13.2529],[98.5096,13.2537],[98.5071,13.2537],[98.5071,13.2562],[98.5063,13.2562],[98.5063,13.2579],[98.5079,13.2579],[98.5079,13.2587],[98.5096,13.2579],[98.5104,13.2562],[98.5113,13.2562],[98.5113,13.2571],[98.5129,13.2562],[98.5129,13.2554],[98.5121,13.2554],[98.5121,13.2521],[98.5138,13.2521],[98.5138,13.2529],[98.5154,13.2529],[98.5154,13.2521],[98.5163,13.2521],[98.5163,13.2504],[98.5171,13.2504],[98.5171,13.2487],[98.5179,13.2487],[98.5179,13.2512],[98.5204,13.2512],[98.5204,13.2504],[98.5221,13.2504],[98.5221,13.2537],[98.5246,13.2537],[98.5246,13.2546],[98.5254,13.2546],[98.5254,13.2529],[98.5263,13.2529],[98.5271,13.2512],[98.5254,13.2512],[98.5254,13.2479],[98.5246,13.2479],[98.5246,13.2454],[98.5279,13.2454],[98.5279,13.2437],[98.5296,13.2429],[98.5296,13.2421],[98.5313,13.2421],[98.5313,13.2429],[98.5304,13.2429],[98.5304,13.2446],[98.5321,13.2446],[98.5321,13.2437],[98.5329,13.2437],[98.5329,13.2429],[98.5321,13.2429],[98.5321,13.2396],[98.5329,13.2396],[98.5329,13.2371],[98.5321,13.2371],[98.5321,13.2354],[98.5338,13.2362],[98.5338,13.2346],[98.5329,13.2346],[98.5321,13.2329],[98.5296,13.2329],[98.5296,13.2346],[98.5279,13.2346],[98.5271,13.2362],[98.524,13.2362],[98.5204,13.2381],[98.5204,13.2387],[98.5193,13.2387]],[[98.5296,13.2396],[98.5288,13.2396],[98.5288,13.2387],[98.5296,13.2387],[98.5296,13.2396]],[[98.5238,13.2496],[98.5221,13.2496],[98.5221,13.2487],[98.5238,13.2487],[98.5238,13.2496]],[[98.5204,13.2462],[98.5188,13.2462],[98.5188,13.2454],[98.5204,13.2454],[98.5204,13.2462]]],[[[98.5088,13.2462],[98.5088,13.2459],[98.5083,13.2462],[98.5088,13.2462]]],[[[98.4921,13.2596],[98.4921,13.2604],[98.4938,13.2604],[98.4938,13.2596],[98.4946,13.2596],[98.4946,13.2587],[98.4938,13.2587],[98.4938,13.2562],[98.4954,13.2554],[98.4946,13.2537],[98.4963,13.2529],[98.4963,13.2512],[98.4946,13.2512],[98.4946,13.2521],[98.4938,13.2521],[98.4938,13.2546],[98.4921,13.2554],[98.4921,13.2562],[98.4904,13.2562],[98.4904,13.2587],[98.4921,13.2596]]],[[[98.5188,13.2562],[98.5171,13.2562],[98.5171,13.2579],[98.5188,13.2579],[98.5188,13.2562]]],[[[98.5171,13.2637],[98.5171,13.2629],[98.5179,13.2629],[98.5179,13.2612],[98.5154,13.2612],[98.5154,13.2629],[98.5171,13.2637]]],[[[98.5088,13.2637],[98.5079,13.2654],[98.5104,13.2654],[98.5104,13.2637],[98.5088,13.2637]]],[[[98.5088,13.2712],[98.5079,13.2712],[98.5079,13.2721],[98.5063,13.2712],[98.5063,13.2729],[98.5096,13.2729],[98.5096,13.2704],[98.5088,13.2704],[98.5088,13.2712]]],[[[98.4929,13.2812],[98.4946,13.2812],[98.4946,13.2796],[98.4929,13.2796],[98.4929,13.2812]]],[[[98.5063,13.2879],[98.5063,13.2862],[98.5054,13.2862],[98.5054,13.2854],[98.5038,13.2854],[98.5038,13.2871],[98.5054,13.2871],[98.5054,13.2879],[98.5063,13.2879]]],[[[98.5196,13.2879],[98.5196,13.2854],[98.5188,13.2854],[98.5188,13.2837],[98.5171,13.2837],[98.5171,13.2846],[98.5163,13.2846],[98.5163,13.2862],[98.5138,13.2862],[98.5138,13.2871],[98.5129,13.2871],[98.5129,13.2896],[98.5154,13.2896],[98.5154,13.2887],[98.5179,13.2887],[98.5179,13.2879],[98.5196,13.2879]]],[[[98.5004,13.2871],[98.5004,13.2879],[98.4996,13.2879],[98.4996,13.2929],[98.5013,13.2929],[98.5013,13.2937],[98.5029,13.2937],[98.5029,13.2921],[98.5021,13.2921],[98.5021,13.2904],[98.5013,13.2904],[98.5013,13.2871],[98.5004,13.2871]]],[[[98.5038,13.2896],[98.5038,13.2904],[98.5046,13.2904],[98.5046,13.2921],[98.5054,13.2921],[98.5054,13.2954],[98.5071,13.2954],[98.5071,13.2937],[98.5063,13.2937],[98.5063,13.2912],[98.5054,13.2912],[98.5054,13.2896],[98.5038,13.2896]]],[[[98.5113,13.2904],[98.5113,13.2921],[98.5104,13.2921],[98.5104,13.2929],[98.5088,13.2929],[98.5088,13.2946],[98.5096,13.2946],[98.5096,13.2954],[98.5113,13.2954],[98.5113,13.2929],[98.5138,13.2929],[98.5138,13.2904],[98.5113,13.2904]]],[[[98.4896,13.2987],[98.4904,13.2987],[98.4904,13.2979],[98.4896,13.2979],[98.4889,13.2996],[98.4896,13.2996],[98.4896,13.2987]]],[[[98.5004,13.2987],[98.4988,13.2987],[98.4988,13.3004],[98.5004,13.3004],[98.5013,13.2987],[98.5029,13.2987],[98.5029,13.2979],[98.5004,13.2979],[98.5004,13.2987]]],[[[98.4954,13.3037],[98.4954,13.3029],[98.4946,13.3029],[98.4946,13.3021],[98.4954,13.3021],[98.4954,13.2979],[98.4938,13.2971],[98.4938,13.2962],[98.4929,13.2962],[98.4921,13.2946],[98.4911,13.2946],[98.4903,13.2962],[98.4921,13.2962],[98.4921,13.2971],[98.4929,13.2971],[98.4929,13.2987],[98.4946,13.2987],[98.4946,13.3004],[98.4929,13.3004],[98.4929,13.3029],[98.4921,13.3029],[98.4921,13.3046],[98.4946,13.3046],[98.4946,13.3037],[98.4954,13.3037]]],[[[98.4871,13.3037],[98.4854,13.3046],[98.4854,13.3054],[98.4871,13.3054],[98.4871,13.3037]]],[[[98.4996,13.3062],[98.5004,13.3046],[98.4979,13.3046],[98.4979,13.3071],[98.4996,13.3062]]],[[[98.5113,13.3129],[98.5113,13.3121],[98.5129,13.3121],[98.5129,13.3104],[98.5113,13.3104],[98.5113,13.3112],[98.5096,13.3112],[98.5096,13.3129],[98.5113,13.3129]]],[[[98.4979,13.3137],[98.4988,13.3137],[98.4988,13.3154],[98.4996,13.3154],[98.4996,13.3121],[98.4988,13.3121],[98.4979,13.3137]]],[[[98.5029,13.3154],[98.5029,13.3179],[98.5038,13.3179],[98.5046,13.3162],[98.5054,13.3162],[98.5054,13.3121],[98.5021,13.3121],[98.5021,13.3112],[98.5013,13.3112],[98.5013,13.3121],[98.5004,13.3121],[98.5013,13.3137],[98.5021,13.3137],[98.5021,13.3129],[98.5038,13.3137],[98.5038,13.3154],[98.5029,13.3154]]],[[[98.4938,13.3762],[98.4938,13.3771],[98.4963,13.3771],[98.4963,13.3762],[98.4938,13.3762]]],[[[98.4871,13.4062],[98.4871,13.4096],[98.4879,13.4096],[98.4879,13.4071],[98.4888,13.4071],[98.4888,13.4062],[98.4871,13.4062]]],[[[98.4913,13.4204],[98.4913,13.4196],[98.4904,13.4196],[98.4904,13.4179],[98.4921,13.4179],[98.4921,13.4187],[98.4929,13.4187],[98.4929,13.4221],[98.4938,13.4221],[98.4938,13.4196],[98.4946,13.4196],[98.4946,13.4179],[98.4938,13.4179],[98.4929,13.4162],[98.4904,13.4162],[98.4904,13.4171],[98.4888,13.4171],[98.4888,13.4179],[98.4879,13.4179],[98.4879,13.4196],[98.4871,13.4196],[98.4879,13.4212],[98.4888,13.4212],[98.4888,13.4204],[98.4913,13.4204]]],[[[98.4996,13.4196],[98.4996,13.4212],[98.5013,13.4212],[98.5013,13.4196],[98.4996,13.4196]]],[[[98.5054,13.4237],[98.5054,13.4254],[98.5071,13.4246],[98.5063,13.4229],[98.5046,13.4229],[98.5046,13.4237],[98.5054,13.4237]]],[[[98.4929,13.4254],[98.4929,13.4229],[98.4913,13.4237],[98.4913,13.4246],[98.4896,13.4246],[98.4896,13.4237],[98.4879,13.4237],[98.4879,13.4229],[98.4871,13.4229],[98.4871,13.4246],[98.4879,13.4246],[98.4879,13.4262],[98.4871,13.4262],[98.4871,13.4271],[98.4921,13.4271],[98.4921,13.4287],[98.4913,13.4287],[98.4913,13.4304],[98.4896,13.4304],[98.4896,13.4312],[98.4913,13.4312],[98.4913,13.4321],[98.4929,13.4321],[98.4929,13.4362],[98.4938,13.4362],[98.4938,13.4354],[98.4946,13.4354],[98.4946,13.4321],[98.4938,13.4321],[98.4938,13.4304],[98.4929,13.4304],[98.4929,13.4271],[98.4946,13.4271],[98.4946,13.4279],[98.4963,13.4279],[98.4963,13.4287],[98.4979,13.4279],[98.4979,13.4271],[98.4971,13.4271],[98.4971,13.4262],[98.4954,13.4254],[98.4954,13.4246],[98.4946,13.4246],[98.4946,13.4254],[98.4929,13.4254]]],[[[98.5054,13.4312],[98.5054,13.4304],[98.5071,13.4304],[98.5071,13.4287],[98.5038,13.4287],[98.5038,13.4296],[98.5029,13.4296],[98.5029,13.4312],[98.5054,13.4312]]],[[[98.5438,10.6304],[98.5446,10.6287],[98.5413,10.6287],[98.5421,10.6304],[98.5438,10.6304]]],[[[98.5488,10.6396],[98.5488,10.6387],[98.5471,10.6387],[98.5471,10.6379],[98.5463,10.6379],[98.5463,10.6387],[98.5446,10.6387],[98.5446,10.6362],[98.5438,10.6362],[98.5438,10.6404],[98.5463,10.6404],[98.5463,10.6396],[98.5471,10.6396],[98.5479,10.6412],[98.5488,10.6412],[98.5488,10.6404],[98.5496,10.6404],[98.5496,10.6396],[98.5488,10.6396]]],[[[98.5429,10.6421],[98.5429,10.6437],[98.5454,10.6437],[98.5454,10.6421],[98.5429,10.6421]]],[[[98.5538,10.6732],[98.5533,10.6737],[98.5538,10.6737],[98.5538,10.6732]]],[[[98.5546,10.6729],[98.5546,10.6719],[98.554,10.6729],[98.5546,10.6729]]],[[[98.5554,10.6712],[98.5554,10.6696],[98.5571,10.6696],[98.5571,10.6704],[98.5579,10.6704],[98.5579,10.6721],[98.5571,10.6721],[98.5571,10.6737],[98.5588,10.6737],[98.5588,10.6729],[98.5613,10.6729],[98.5613,10.6712],[98.5638,10.6712],[98.5638,10.6696],[98.5604,10.6696],[98.5604,10.6712],[98.5588,10.6712],[98.5588,10.6654],[98.5579,10.6654],[98.5571,10.6671],[98.5554,10.6671],[98.5554,10.6654],[98.5546,10.6654],[98.5546,10.6629],[98.5554,10.6629],[98.5554,10.6604],[98.5571,10.6604],[98.5571,10.6571],[98.5579,10.6571],[98.5579,10.6554],[98.5629,10.6554],[98.5629,10.6537],[98.5579,10.6537],[98.5579,10.6546],[98.5571,10.6546],[98.5571,10.6562],[98.5529,10.6562],[98.5529,10.6571],[98.5538,10.6571],[98.5538,10.6579],[98.5529,10.6579],[98.5529,10.6596],[98.5538,10.6596],[98.5538,10.6612],[98.5504,10.6612],[98.5496,10.6629],[98.5513,10.6629],[98.5513,10.6637],[98.5521,10.6637],[98.5521,10.6654],[98.5496,10.6654],[98.5496,10.6637],[98.5479,10.6637],[98.5471,10.6621],[98.5454,10.6621],[98.5454,10.6596],[98.5446,10.6596],[98.5446,10.6587],[98.5463,10.6579],[98.5463,10.6562],[98.5438,10.6562],[98.5438,10.6546],[98.5454,10.6537],[98.5454,10.6521],[98.5463,10.6521],[98.5463,10.6504],[98.5438,10.6504],[98.5438,10.6521],[98.5429,10.6521],[98.5429,10.6537],[98.5421,10.6537],[98.5421,10.6579],[98.5413,10.6579],[98.5413,10.6596],[98.5421,10.6596],[98.5421,10.6621],[98.5429,10.6621],[98.5429,10.6637],[98.5438,10.6637],[98.5438,10.6654],[98.5471,10.6671],[98.5471,10.6687],[98.5479,10.6687],[98.5479,10.6696],[98.5496,10.6696],[98.5483,10.6677],[98.5487,10.6669],[98.5518,10.6663],[98.5527,10.6682],[98.5539,10.6685],[98.5551,10.6701],[98.5548,10.6712],[98.5554,10.6712]]],[[[98.5496,10.6712],[98.5488,10.6712],[98.5488,10.6729],[98.5496,10.6729],[98.5496,10.6737],[98.5488,10.6737],[98.5479,10.6754],[98.5471,10.6754],[98.5471,10.6746],[98.5463,10.6746],[98.5463,10.6721],[98.5446,10.6712],[98.5446,10.6696],[98.5438,10.6696],[98.5438,10.6729],[98.5446,10.6729],[98.5446,10.6754],[98.5463,10.6754],[98.5463,10.6779],[98.5474,10.6779],[98.5501,10.6744],[98.5507,10.673],[98.5505,10.6709],[98.5496,10.6696],[98.5496,10.6712]]],[[[98.5521,10.6754],[98.5521,10.6754],[98.5521,10.6754],[98.5521,10.6754]]],[[[98.5529,10.6746],[98.5529,10.6742],[98.5526,10.6746],[98.5529,10.6746]]],[[[98.5304,10.6646],[98.5313,10.6662],[98.5321,10.6662],[98.5321,10.6646],[98.5304,10.6646]]],[[[98.5221,10.6687],[98.5221,10.6704],[98.5238,10.6704],[98.5238,10.6687],[98.5221,10.6687]]],[[[98.5388,10.6696],[98.5371,10.6696],[98.5371,10.6679],[98.5338,10.6679],[98.5338,10.6687],[98.5363,10.6687],[98.5363,10.6704],[98.5371,10.6704],[98.5371,10.6712],[98.5388,10.6712],[98.5388,10.6721],[98.5404,10.6721],[98.5404,10.6704],[98.5388,10.6704],[98.5388,10.6696]]],[[[98.5371,10.6846],[98.5371,10.6837],[98.5363,10.6837],[98.5363,10.6821],[98.5346,10.6821],[98.5346,10.6804],[98.5338,10.6804],[98.5338,10.6796],[98.5329,10.6796],[98.5321,10.6779],[98.5304,10.6771],[98.5304,10.6754],[98.5296,10.6754],[98.5296,10.6746],[98.5279,10.6746],[98.5279,10.6754],[98.5254,10.6754],[98.5254,10.6737],[98.5229,10.6737],[98.5229,10.6746],[98.5213,10.6746],[98.5213,10.6737],[98.5196,10.6737],[98.5196,10.6746],[98.5163,10.6746],[98.5163,10.6771],[98.5154,10.6771],[98.5154,10.6796],[98.5163,10.6796],[98.5163,10.6804],[98.5179,10.6804],[98.5179,10.6812],[98.5213,10.6812],[98.5213,10.6804],[98.5204,10.6804],[98.5204,10.6779],[98.5213,10.6779],[98.5213,10.6771],[98.5221,10.6771],[98.5221,10.6779],[98.5238,10.6779],[98.5238,10.6787],[98.5263,10.6787],[98.5263,10.6804],[98.5304,10.6804],[98.5304,10.6821],[98.5313,10.6821],[98.5313,10.6829],[98.5329,10.6837],[98.5329,10.6854],[98.5363,10.6854],[98.5371,10.6871],[98.5379,10.6871],[98.5383,10.6904],[98.5404,10.6862],[98.5388,10.6862],[98.5388,10.6846],[98.5371,10.6846]],[[98.5296,10.6796],[98.5279,10.6796],[98.5279,10.6787],[98.5296,10.6787],[98.5296,10.6796]]],[[[98.5288,10.6837],[98.5288,10.6854],[98.5304,10.6854],[98.5304,10.6837],[98.5288,10.6837]]],[[[98.5488,10.6896],[98.5504,10.6896],[98.5504,10.6882],[98.5455,10.6912],[98.5479,10.6912],[98.5488,10.6896]]],[[[98.5423,10.6937],[98.5421,10.6946],[98.5446,10.6946],[98.5446,10.6922],[98.5423,10.6937]]],[[[98.5346,10.6921],[98.5346,10.6929],[98.5338,10.6929],[98.5338,10.6954],[98.5366,10.6921],[98.5346,10.6921]]],[[[98.5396,10.7121],[98.5396,10.7112],[98.5388,10.7112],[98.5388,10.7096],[98.5396,10.7096],[98.5396,10.7087],[98.5463,10.7087],[98.5463,10.7096],[98.5479,10.7096],[98.5488,10.7112],[98.5496,10.7112],[98.5496,10.7129],[98.5513,10.7129],[98.5513,10.7187],[98.5496,10.7196],[98.5504,10.7212],[98.5529,10.7212],[98.5529,10.7221],[98.5538,10.7221],[98.5538,10.7179],[98.5563,10.7179],[98.5563,10.7196],[98.5571,10.7196],[98.5571,10.7204],[98.5588,10.7204],[98.5588,10.7229],[98.5579,10.7229],[98.5579,10.7246],[98.5588,10.7246],[98.5588,10.7271],[98.5596,10.7271],[98.5596,10.7321],[98.5615,10.7321],[98.5622,10.73],[98.5619,10.7187],[98.5607,10.7134],[98.56,10.7127],[98.562,10.7117],[98.5646,10.7121],[98.5646,10.7146],[98.5654,10.7146],[98.5654,10.7162],[98.5663,10.7162],[98.5663,10.7154],[98.5704,10.7154],[98.5704,10.7146],[98.5729,10.7146],[98.5729,10.7154],[98.5738,10.7154],[98.5738,10.7179],[98.5729,10.7179],[98.5729,10.7204],[98.5738,10.7204],[98.5746,10.7187],[98.5763,10.7187],[98.5763,10.7212],[98.5771,10.7212],[98.5771,10.7229],[98.5754,10.7229],[98.5754,10.7262],[98.5763,10.7262],[98.5763,10.7287],[98.5796,10.7287],[98.5796,10.7262],[98.5779,10.7262],[98.5779,10.7237],[98.5788,10.7237],[98.5788,10.7229],[98.5804,10.7229],[98.5804,10.7212],[98.5796,10.7212],[98.5796,10.7179],[98.5804,10.7179],[98.5804,10.7162],[98.5788,10.7162],[98.5788,10.7154],[98.5779,10.7154],[98.5779,10.7121],[98.5788,10.7121],[98.5788,10.7112],[98.5813,10.7112],[98.5813,10.7096],[98.5821,10.7096],[98.5821,10.7071],[98.5813,10.7071],[98.5813,10.7037],[98.5788,10.7037],[98.5788,10.7046],[98.5779,10.7046],[98.5788,10.7062],[98.5804,10.7062],[98.5804,10.7096],[98.5771,10.7096],[98.5771,10.7104],[98.5763,10.7104],[98.5763,10.7096],[98.5746,10.7096],[98.5746,10.7121],[98.5713,10.7121],[98.5713,10.7104],[98.5704,10.7104],[98.5704,10.7112],[98.5688,10.7112],[98.5688,10.7104],[98.5671,10.7096],[98.5671,10.7087],[98.5696,10.7087],[98.5696,10.7071],[98.5679,10.7071],[98.5679,10.7062],[98.5663,10.7054],[98.5663,10.6987],[98.5654,10.6987],[98.5654,10.6971],[98.5646,10.6971],[98.5646,10.6954],[98.5638,10.6954],[98.5638,10.6946],[98.5654,10.6937],[98.5654,10.6946],[98.5663,10.6946],[98.5663,10.6954],[98.5671,10.6954],[98.5679,10.6971],[98.5738,10.6971],[98.5738,10.6979],[98.5754,10.6979],[98.5754,10.6971],[98.5771,10.6971],[98.5771,10.6954],[98.5746,10.6954],[98.5746,10.6937],[98.5729,10.6937],[98.5721,10.6954],[98.5704,10.6954],[98.5704,10.6946],[98.5696,10.6946],[98.5696,10.6912],[98.5688,10.6912],[98.5688,10.6904],[98.5671,10.6904],[98.5663,10.6921],[98.5629,10.6921],[98.5629,10.6912],[98.5621,10.6912],[98.5621,10.6887],[98.5613,10.6887],[98.5613,10.6879],[98.5621,10.6879],[98.5621,10.6862],[98.5671,10.6862],[98.5671,10.6837],[98.5688,10.6829],[98.5688,10.6821],[98.5704,10.6821],[98.5704,10.6829],[98.5721,10.6829],[98.5721,10.6787],[98.5704,10.6787],[98.5704,10.6796],[98.5688,10.6796],[98.5679,10.6812],[98.5663,10.6821],[98.5663,10.6837],[98.5654,10.6837],[98.5654,10.6821],[98.5638,10.6821],[98.5638,10.6829],[98.5596,10.6829],[98.5596,10.6837],[98.5588,10.6837],[98.5588,10.6862],[98.5579,10.6862],[98.5579,10.6854],[98.5554,10.6854],[98.5554,10.6862],[98.5538,10.6862],[98.5538,10.6846],[98.5571,10.6846],[98.5571,10.6821],[98.5563,10.6821],[98.5563,10.6812],[98.5554,10.6812],[98.5546,10.6796],[98.5538,10.6796],[98.5538,10.6804],[98.5521,10.6804],[98.5521,10.6871],[98.5512,10.6871],[98.5509,10.6879],[98.5546,10.6879],[98.5546,10.6896],[98.5563,10.6896],[98.5563,10.6904],[98.5571,10.6904],[98.5571,10.6912],[98.5554,10.6912],[98.5554,10.6921],[98.5579,10.6921],[98.5579,10.6954],[98.5588,10.6954],[98.5588,10.6962],[98.5579,10.6962],[98.5579,10.6971],[98.5554,10.6971],[98.5554,10.6979],[98.5521,10.6979],[98.5521,10.6946],[98.5504,10.6937],[98.5504,10.6954],[98.5488,10.6962],[98.5488,10.6979],[98.5479,10.6979],[98.5479,10.6996],[98.5471,10.6996],[98.5471,10.7004],[98.5446,10.7004],[98.5446,10.7029],[98.5463,10.7029],[98.5463,10.7046],[98.5438,10.7046],[98.5438,10.7037],[98.5429,10.7037],[98.5421,10.7054],[98.5404,10.7054],[98.5404,10.7046],[98.5396,10.7046],[98.5396,10.7062],[98.5388,10.7062],[98.5388,10.7071],[98.5363,10.7071],[98.5363,10.7104],[98.5358,10.7104],[98.5354,10.7154],[98.5349,10.7154],[98.5346,10.7171],[98.5346,10.7204],[98.5354,10.7204],[98.5354,10.7196],[98.5379,10.7196],[98.5379,10.7171],[98.5388,10.7171],[98.5388,10.7179],[98.5404,10.7179],[98.5404,10.7154],[98.5388,10.7154],[98.5388,10.7146],[98.5363,10.7146],[98.5363,10.7137],[98.5396,10.7137],[98.5396,10.7129],[98.5404,10.7129],[98.5404,10.7121],[98.5396,10.7121]],[[98.5696,10.6804],[98.5696,10.6812],[98.5688,10.6812],[98.5688,10.6804],[98.5696,10.6804]],[[98.5596,10.6962],[98.5596,10.6954],[98.5604,10.6954],[98.5604,10.6987],[98.5596,10.6987],[98.5596,10.6971],[98.5588,10.6971],[98.5588,10.6962],[98.5596,10.6962]],[[98.5371,10.7171],[98.5371,10.7162],[98.5379,10.7162],[98.5379,10.7171],[98.5371,10.7171]],[[98.5571,10.7162],[98.5563,10.7162],[98.5563,10.7154],[98.5571,10.7154],[98.5571,10.7162]],[[98.5563,10.7037],[98.5554,10.7037],[98.5554,10.7029],[98.5563,10.7029],[98.5563,10.7037]],[[98.5538,10.6837],[98.5529,10.6837],[98.5529,10.6829],[98.5538,10.6829],[98.5538,10.6837]]],[[[98.5246,10.7121],[98.5229,10.7112],[98.5229,10.7137],[98.5246,10.7137],[98.5246,10.7121]]],[[[98.5663,10.7187],[98.5679,10.7196],[98.5679,10.7179],[98.5663,10.7179],[98.5663,10.7187]]],[[[98.5679,10.7237],[98.5671,10.7237],[98.5671,10.7271],[98.5688,10.7271],[98.5688,10.7279],[98.5696,10.7279],[98.5696,10.7271],[98.5704,10.7271],[98.5704,10.7262],[98.5696,10.7262],[98.5696,10.7212],[98.5679,10.7212],[98.5679,10.7237]]],[[[98.5363,10.7237],[98.5363,10.7246],[98.5354,10.7246],[98.5354,10.7262],[98.5379,10.7262],[98.5379,10.7254],[98.5396,10.7246],[98.5396,10.7229],[98.5371,10.7229],[98.5371,10.7237],[98.5363,10.7237]]],[[[98.5379,10.7312],[98.5379,10.7296],[98.5363,10.7296],[98.5354,10.7312],[98.5346,10.7312],[98.5346,10.7304],[98.5325,10.7312],[98.5321,10.7329],[98.5329,10.7329],[98.5329,10.7346],[98.5363,10.7346],[98.5371,10.7329],[98.5404,10.7329],[98.5404,10.7312],[98.5379,10.7312]]],[[[98.5713,10.7312],[98.5704,10.7312],[98.5696,10.7329],[98.5679,10.7321],[98.5679,10.7312],[98.5663,10.7312],[98.5663,10.7346],[98.5671,10.7346],[98.5671,10.7362],[98.5696,10.7362],[98.5696,10.7379],[98.5721,10.7379],[98.5721,10.7371],[98.5713,10.7371],[98.5713,10.7362],[98.5721,10.7362],[98.5721,10.7354],[98.5713,10.7354],[98.5713,10.7312]]],[[[98.5521,10.7379],[98.5539,10.7374],[98.5554,10.7352],[98.5565,10.7356],[98.5579,10.7347],[98.5579,10.7337],[98.5588,10.7337],[98.5596,10.7321],[98.5571,10.7321],[98.5571,10.7304],[98.5563,10.7304],[98.5563,10.7279],[98.5554,10.7279],[98.5554,10.7271],[98.5529,10.7271],[98.5529,10.7254],[98.5504,10.7254],[98.5496,10.7271],[98.5479,10.7271],[98.5479,10.7262],[98.5463,10.7262],[98.5463,10.7279],[98.5496,10.7279],[98.5496,10.7312],[98.5488,10.7312],[98.5488,10.7354],[98.5446,10.7354],[98.5446,10.7362],[98.5463,10.7362],[98.5463,10.7371],[98.5471,10.7371],[98.5471,10.7471],[98.55,10.7405],[98.5514,10.7387],[98.5521,10.7387],[98.5521,10.7379]]],[[[98.5579,10.7354],[98.5579,10.7348],[98.5577,10.7354],[98.5579,10.7354]]],[[[98.5421,10.7404],[98.5421,10.7421],[98.5446,10.7421],[98.5446,10.7404],[98.5421,10.7404]]],[[[98.5796,10.7412],[98.5796,10.7429],[98.5813,10.7421],[98.5813,10.7412],[98.5796,10.7412]]],[[[98.5171,10.7446],[98.5203,10.7446],[98.518,10.7444],[98.5171,10.7446]]],[[[98.5246,10.7446],[98.5246,10.7437],[98.5254,10.7437],[98.5254,10.7446],[98.5271,10.7446],[98.5271,10.7471],[98.5279,10.7471],[98.5279,10.7487],[98.5271,10.7487],[98.5271,10.7504],[98.5296,10.7504],[98.5296,10.7454],[98.5279,10.7454],[98.5279,10.7446],[98.5313,10.7446],[98.5313,10.7437],[98.5321,10.7437],[98.5321,10.7421],[98.5304,10.7412],[98.5304,10.7396],[98.5313,10.7396],[98.5313,10.7379],[98.5288,10.7379],[98.5288,10.7404],[98.5279,10.7404],[98.5287,10.7409],[98.5255,10.7424],[98.5234,10.7444],[98.5223,10.7446],[98.5246,10.7446]]],[[[98.5404,10.7454],[98.5404,10.7471],[98.5371,10.7471],[98.5371,10.7479],[98.5379,10.7479],[98.5379,10.7496],[98.5396,10.7496],[98.5396,10.7487],[98.5413,10.7487],[98.5413,10.7479],[98.5429,10.7479],[98.5429,10.7487],[98.5446,10.7479],[98.5446,10.7446],[98.5429,10.7446],[98.5429,10.7454],[98.5404,10.7454]]],[[[98.5221,10.7496],[98.5229,10.7496],[98.5238,10.7479],[98.5221,10.7479],[98.5221,10.7496]]],[[[98.5263,10.7546],[98.5263,10.7562],[98.5279,10.7562],[98.5279,10.7546],[98.5263,10.7546]]],[[[98.5329,10.7571],[98.5329,10.7579],[98.5337,10.7579],[98.5336,10.7556],[98.5354,10.7546],[98.5321,10.7546],[98.5321,10.7571],[98.5329,10.7571]]],[[[98.5338,10.7587],[98.534,10.7587],[98.5338,10.758],[98.5338,10.7587]]],[[[98.5688,10.7579],[98.5688,10.7649],[98.5697,10.7658],[98.5696,10.7696],[98.5704,10.7696],[98.5704,10.7687],[98.5721,10.7687],[98.5729,10.7671],[98.5746,10.7662],[98.5746,10.7696],[98.5729,10.7696],[98.5729,10.7704],[98.5704,10.7704],[98.5704,10.7721],[98.5713,10.7721],[98.5713,10.7745],[98.5721,10.7746],[98.5721,10.7762],[98.5729,10.7762],[98.5729,10.7729],[98.5746,10.7737],[98.5746,10.7754],[98.5771,10.7754],[98.5771,10.7762],[98.5809,10.7744],[98.582,10.7729],[98.5804,10.7729],[98.5804,10.7721],[98.5796,10.7721],[98.5788,10.7704],[98.5813,10.7704],[98.5813,10.7696],[98.5821,10.7696],[98.5824,10.7721],[98.5832,10.7697],[98.5846,10.7684],[98.5846,10.7671],[98.5854,10.7671],[98.5854,10.7662],[98.5863,10.7661],[98.5863,10.7646],[98.5877,10.7646],[98.5885,10.7633],[98.5904,10.7637],[98.5904,10.7621],[98.5913,10.7621],[98.5913,10.7596],[98.5904,10.7596],[98.5904,10.7571],[98.5888,10.7571],[98.5888,10.7562],[98.5871,10.7562],[98.5871,10.7554],[98.5854,10.7554],[98.5854,10.7529],[98.5846,10.7529],[98.5838,10.7546],[98.5829,10.7546],[98.5829,10.7537],[98.5813,10.7529],[98.5813,10.7521],[98.5821,10.7521],[98.5821,10.7496],[98.5796,10.7496],[98.5796,10.7462],[98.5813,10.7462],[98.5804,10.7446],[98.5771,10.7462],[98.5771,10.7471],[98.5779,10.7471],[98.5779,10.7487],[98.5788,10.7487],[98.5779,10.7504],[98.5788,10.7504],[98.5788,10.7562],[98.5796,10.7562],[98.5796,10.7579],[98.5779,10.7579],[98.5779,10.7571],[98.5771,10.7571],[98.5771,10.7554],[98.5763,10.7554],[98.5763,10.7546],[98.5738,10.7546],[98.5738,10.7521],[98.5729,10.7521],[98.5729,10.7496],[98.5704,10.7496],[98.5704,10.7479],[98.5688,10.7471],[98.5688,10.7454],[98.5679,10.7454],[98.5679,10.7446],[98.5671,10.7446],[98.5671,10.7429],[98.5679,10.7429],[98.5679,10.7421],[98.5704,10.7421],[98.5704,10.7404],[98.5679,10.7404],[98.5679,10.7379],[98.5671,10.7379],[98.5671,10.7404],[98.5663,10.7404],[98.5663,10.7504],[98.5654,10.7504],[98.5654,10.7512],[98.5663,10.7512],[98.5663,10.7529],[98.5671,10.7529],[98.5671,10.7554],[98.5679,10.7554],[98.5679,10.7579],[98.5688,10.7579]],[[98.5863,10.7629],[98.5854,10.7629],[98.5854,10.7604],[98.5863,10.7604],[98.5863,10.7629]],[[98.5813,10.7662],[98.5796,10.7662],[98.5796,10.7646],[98.5813,10.7646],[98.5813,10.7662]],[[98.5804,10.7687],[98.5796,10.7687],[98.5796,10.7679],[98.5804,10.7679],[98.5804,10.7687]],[[98.5796,10.7604],[98.5788,10.7604],[98.5788,10.7587],[98.5796,10.7587],[98.5796,10.7604]],[[98.5788,10.7696],[98.5779,10.7696],[98.5779,10.7687],[98.5788,10.7687],[98.5788,10.7696]],[[98.5771,10.7737],[98.5754,10.7729],[98.5754,10.7704],[98.5771,10.7704],[98.5771,10.7737]],[[98.5746,10.7587],[98.5738,10.7587],[98.5738,10.7579],[98.5746,10.7579],[98.5746,10.7587]],[[98.5746,10.7637],[98.5738,10.7637],[98.5738,10.7629],[98.5746,10.7629],[98.5746,10.7637]],[[98.5713,10.7646],[98.5696,10.7646],[98.5696,10.7629],[98.5713,10.7629],[98.5713,10.7646]]],[[[98.5271,10.7821],[98.5279,10.7821],[98.5279,10.7846],[98.5271,10.7846],[98.5263,10.7862],[98.5296,10.7862],[98.5296,10.7854],[98.5329,10.7854],[98.5329,10.7837],[98.5304,10.7846],[98.5281,10.7817],[98.5271,10.7813],[98.5271,10.7821]]],[[[98.5438,10.8087],[98.5421,10.8087],[98.5421,10.8104],[98.5438,10.8096],[98.5438,10.8087]]],[[[98.5204,10.8179],[98.5204,10.8187],[98.5213,10.8187],[98.5213,10.8204],[98.5246,10.8204],[98.5246,10.8212],[98.5263,10.8204],[98.5263,10.8212],[98.5279,10.8212],[98.5279,10.8229],[98.5288,10.8229],[98.5288,10.8246],[98.5279,10.8246],[98.5279,10.8262],[98.5288,10.8262],[98.5288,10.8304],[98.5313,10.8304],[98.5313,10.8254],[98.5321,10.8254],[98.5321,10.8237],[98.5304,10.8237],[98.5304,10.8187],[98.5321,10.8179],[98.5321,10.8171],[98.5354,10.8171],[98.5354,10.8179],[98.5363,10.8179],[98.5363,10.8196],[98.5379,10.8196],[98.5379,10.8162],[98.5396,10.8154],[98.5396,10.8137],[98.5388,10.8137],[98.5388,10.8121],[98.5379,10.8121],[98.5379,10.8137],[98.5371,10.8137],[98.5371,10.8146],[98.5363,10.8146],[98.5354,10.8162],[98.5329,10.8162],[98.5329,10.8154],[98.5321,10.8154],[98.5321,10.8129],[98.5313,10.8129],[98.5313,10.8146],[98.5296,10.8154],[98.5296,10.8179],[98.5288,10.8179],[98.5288,10.8187],[98.5271,10.8187],[98.5271,10.8171],[98.5263,10.8171],[98.5263,10.8129],[98.5271,10.8129],[98.5271,10.8112],[98.5263,10.8112],[98.5263,10.8104],[98.5246,10.8096],[98.5246,10.8054],[98.5238,10.8054],[98.5238,10.8062],[98.5229,10.8062],[98.5229,10.8087],[98.5204,10.8087],[98.5204,10.8079],[98.5179,10.8079],[98.5179,10.8087],[98.5196,10.8087],[98.5196,10.8096],[98.5204,10.8096],[98.5204,10.8112],[98.5196,10.8112],[98.5196,10.8146],[98.5171,10.8146],[98.5171,10.8137],[98.5163,10.8137],[98.5154,10.8121],[98.5129,10.8121],[98.5129,10.8112],[98.5113,10.8112],[98.5121,10.8129],[98.5129,10.8129],[98.5129,10.8144],[98.5138,10.8146],[98.5138,10.8154],[98.5171,10.8154],[98.5171,10.8171],[98.5196,10.8171],[98.5196,10.8179],[98.5204,10.8179]]],[[[98.5371,10.7912],[98.5371,10.7929],[98.5346,10.7929],[98.5346,10.7921],[98.5338,10.7921],[98.5329,10.7937],[98.5321,10.7937],[98.5321,10.7929],[98.5296,10.7929],[98.5296,10.7937],[98.5279,10.7937],[98.5279,10.7946],[98.5321,10.7946],[98.5321,10.7979],[98.5304,10.7979],[98.5304,10.7987],[98.5288,10.7987],[98.5288,10.7996],[98.5279,10.7996],[98.5279,10.8012],[98.5296,10.8012],[98.5304,10.7996],[98.5346,10.7996],[98.5346,10.8012],[98.5338,10.8012],[98.5338,10.8054],[98.5329,10.8054],[98.5329,10.8071],[98.5346,10.8071],[98.5346,10.8054],[98.5354,10.8054],[98.5354,10.8046],[98.5371,10.8046],[98.5371,10.8012],[98.5379,10.8012],[98.5379,10.7979],[98.5388,10.7979],[98.5388,10.7971],[98.5413,10.7971],[98.5413,10.7946],[98.5446,10.7946],[98.5446,10.7954],[98.5463,10.7962],[98.5463,10.7979],[98.5454,10.7979],[98.5454,10.7996],[98.5471,10.7996],[98.5471,10.8004],[98.5488,10.8012],[98.5488,10.8046],[98.5504,10.8046],[98.5504,10.8062],[98.5488,10.8071],[98.5488,10.8087],[98.5471,10.8087],[98.5471,10.8079],[98.5454,10.8071],[98.5454,10.8062],[98.5446,10.8062],[98.5446,10.8096],[98.5454,10.8096],[98.5454,10.8104],[98.5471,10.8104],[98.5471,10.8112],[98.5463,10.8112],[98.5463,10.8129],[98.5454,10.8129],[98.5454,10.8154],[98.5446,10.8154],[98.5446,10.8179],[98.5429,10.8179],[98.5429,10.8187],[98.5421,10.8187],[98.5421,10.8204],[98.5438,10.8204],[98.5438,10.8196],[98.5446,10.8196],[98.5446,10.8221],[98.5438,10.8221],[98.5438,10.8237],[98.5471,10.8237],[98.5471,10.8262],[98.5438,10.8262],[98.5438,10.8271],[98.5413,10.8271],[98.5413,10.8279],[98.5404,10.8279],[98.5404,10.8321],[98.5413,10.8321],[98.5413,10.8329],[98.5429,10.8329],[98.5429,10.8321],[98.5454,10.8321],[98.5454,10.8329],[98.5479,10.8329],[98.5479,10.8346],[98.5471,10.8346],[98.5471,10.8371],[98.5463,10.8371],[98.5463,10.8387],[98.5446,10.8387],[98.5446,10.8421],[98.5454,10.8421],[98.5454,10.8429],[98.5438,10.8437],[98.5438,10.8462],[98.5429,10.8462],[98.5429,10.8504],[98.5421,10.8504],[98.5421,10.8512],[98.5404,10.8512],[98.5404,10.8529],[98.5421,10.8537],[98.5421,10.8562],[98.5413,10.8562],[98.5413,10.8579],[98.5404,10.8579],[98.5404,10.8604],[98.5396,10.8604],[98.5396,10.8621],[98.5371,10.8621],[98.5371,10.8579],[98.5388,10.8571],[98.5388,10.8554],[98.5363,10.8554],[98.5363,10.8596],[98.5354,10.8596],[98.5354,10.8612],[98.5338,10.8612],[98.5338,10.8604],[98.5304,10.8604],[98.5304,10.8596],[98.5288,10.8596],[98.5288,10.8554],[98.5279,10.8554],[98.5279,10.8571],[98.5271,10.8571],[98.5271,10.8579],[98.5279,10.8579],[98.5279,10.8604],[98.5254,10.8604],[98.5254,10.8621],[98.5246,10.8621],[98.5246,10.8629],[98.5229,10.8629],[98.5229,10.8612],[98.5221,10.8612],[98.5221,10.8604],[98.5213,10.8604],[98.5213,10.8646],[98.5204,10.8646],[98.5196,10.8629],[98.5179,10.8629],[98.5179,10.8679],[98.5196,10.8671],[98.5196,10.8654],[98.5213,10.8654],[98.5213,10.8662],[98.5221,10.8662],[98.5221,10.8679],[98.5238,10.8679],[98.5238,10.8704],[98.5221,10.8712],[98.5213,10.8729],[98.5188,10.8729],[98.5188,10.8754],[98.5204,10.8754],[98.5204,10.8762],[98.5213,10.8762],[98.5213,10.8796],[98.5204,10.8796],[98.5204,10.8804],[98.5221,10.8804],[98.5221,10.8796],[98.5229,10.8796],[98.5238,10.8779],[98.5246,10.8779],[98.5246,10.8771],[98.5263,10.8757],[98.5263,10.8746],[98.5271,10.8746],[98.5296,10.8696],[98.5321,10.8696],[98.5321,10.8687],[98.5346,10.8687],[98.5346,10.8729],[98.5338,10.8729],[98.5338,10.8746],[98.5346,10.8746],[98.5354,10.8729],[98.5379,10.8729],[98.5379,10.8712],[98.5371,10.8712],[98.5371,10.8696],[98.5379,10.8696],[98.5379,10.8671],[98.5388,10.8671],[98.5388,10.8646],[98.5396,10.8646],[98.5396,10.8629],[98.5404,10.8629],[98.5404,10.8687],[98.5396,10.8687],[98.5396,10.8712],[98.5404,10.8712],[98.5404,10.8721],[98.5416,10.8721],[98.5425,10.8701],[98.5425,10.8677],[98.5431,10.8672],[98.5451,10.8679],[98.5454,10.8671],[98.5512,10.8646],[98.5529,10.8629],[98.5553,10.862],[98.5554,10.8612],[98.5578,10.8604],[98.5579,10.8596],[98.5587,10.8596],[98.5604,10.858],[98.5601,10.8574],[98.5616,10.856],[98.5617,10.8542],[98.5608,10.8521],[98.5596,10.8515],[98.5596,10.8521],[98.5588,10.8521],[98.5588,10.8511],[98.5571,10.8504],[98.5571,10.8487],[98.5579,10.8487],[98.5584,10.8479],[98.5582,10.8463],[98.5571,10.8454],[98.557,10.8438],[98.5534,10.837],[98.5531,10.8353],[98.5513,10.8334],[98.5513,10.8354],[98.5496,10.8354],[98.5496,10.8329],[98.5488,10.8329],[98.5488,10.8321],[98.5496,10.8318],[98.5493,10.8312],[98.5499,10.8294],[98.5513,10.8292],[98.5513,10.8279],[98.5526,10.8279],[98.5535,10.8254],[98.5549,10.8245],[98.5557,10.8227],[98.556,10.8196],[98.5554,10.8196],[98.5554,10.8221],[98.5546,10.8221],[98.5546,10.8229],[98.5521,10.8229],[98.5521,10.8196],[98.5538,10.8187],[98.5538,10.8154],[98.5554,10.8154],[98.5554,10.8146],[98.5562,10.8146],[98.5571,10.8113],[98.5544,10.8084],[98.5515,10.8076],[98.5507,10.8027],[98.5473,10.7991],[98.5457,10.7939],[98.5427,10.7909],[98.5421,10.7878],[98.5379,10.7849],[98.5379,10.7871],[98.5371,10.7871],[98.5371,10.7879],[98.5338,10.7879],[98.5338,10.7896],[98.5329,10.7896],[98.5329,10.7904],[98.5379,10.7904],[98.5379,10.7912],[98.5371,10.7912]],[[98.5563,10.8137],[98.5554,10.8137],[98.5554,10.8112],[98.5563,10.8112],[98.5563,10.8137]],[[98.5496,10.8262],[98.5488,10.8262],[98.5488,10.8254],[98.5496,10.8254],[98.5496,10.8262]],[[98.5496,10.8246],[98.5504,10.8246],[98.5504,10.8254],[98.5496,10.8254],[98.5496,10.8246]],[[98.5488,10.8221],[98.5471,10.8221],[98.5463,10.8204],[98.5488,10.8204],[98.5488,10.8221]],[[98.5471,10.8412],[98.5463,10.8412],[98.5463,10.8404],[98.5471,10.8404],[98.5471,10.8412]],[[98.5421,10.8304],[98.5413,10.8304],[98.5413,10.8296],[98.5438,10.8296],[98.5429,10.8312],[98.5421,10.8312],[98.5421,10.8304]],[[98.5346,10.8637],[98.5329,10.8637],[98.5329,10.8621],[98.5346,10.8621],[98.5346,10.8637]],[[98.5279,10.8696],[98.5271,10.8696],[98.5271,10.8687],[98.5279,10.8687],[98.5279,10.8696]]],[[[98.5546,10.8054],[98.5538,10.8054],[98.5538,10.8046],[98.5529,10.8046],[98.5529,10.8037],[98.5521,10.8037],[98.5521,10.8029],[98.5515,10.8029],[98.553,10.8061],[98.5545,10.806],[98.5546,10.8054]]],[[[98.5513,10.8021],[98.5512,10.8021],[98.5513,10.8022],[98.5513,10.8021]]],[[[98.5496,10.7996],[98.5488,10.7996],[98.5488,10.7987],[98.548,10.7987],[98.5486,10.7997],[98.5496,10.8004],[98.5496,10.7996]]],[[[98.5479,10.7971],[98.5476,10.7971],[98.5479,10.7984],[98.5479,10.7971]]],[[[98.5471,10.7937],[98.5466,10.7937],[98.5471,10.795],[98.5471,10.7937]]],[[[98.5463,10.7929],[98.5461,10.7929],[98.5463,10.7932],[98.5463,10.7929]]],[[[98.5454,10.7912],[98.5451,10.7912],[98.5454,10.7918],[98.5454,10.7912]]],[[[98.5446,10.7904],[98.5446,10.7904],[98.5446,10.7904],[98.5446,10.7904]]],[[[98.5438,10.7871],[98.5437,10.7871],[98.5438,10.7873],[98.5438,10.7871]]],[[[98.5338,10.7837],[98.5361,10.7837],[98.5338,10.7834],[98.5338,10.7837]]],[[[98.5363,10.7846],[98.5375,10.7846],[98.5363,10.7838],[98.5363,10.7846]]],[[[98.5379,10.8462],[98.5404,10.8462],[98.5404,10.8454],[98.5413,10.8454],[98.5413,10.8437],[98.5404,10.8437],[98.5404,10.8429],[98.5421,10.8421],[98.5421,10.8412],[98.5413,10.8412],[98.5413,10.8396],[98.5429,10.8387],[98.5429,10.8379],[98.5438,10.8379],[98.5438,10.8354],[98.5421,10.8354],[98.5421,10.8362],[98.5413,10.8362],[98.5413,10.8387],[98.5396,10.8396],[98.5396,10.8421],[98.5379,10.8429],[98.5379,10.8462]]],[[[98.5321,10.8546],[98.5321,10.8537],[98.5379,10.8537],[98.5379,10.8504],[98.5371,10.8504],[98.5363,10.8521],[98.5338,10.8521],[98.5338,10.8512],[98.5313,10.8512],[98.5313,10.8521],[98.5296,10.8521],[98.5296,10.8537],[98.5313,10.8537],[98.5313,10.8546],[98.5321,10.8546]]],[[[98.5413,10.8919],[98.5415,10.8916],[98.5417,10.8904],[98.5413,10.8904],[98.5413,10.8919]]],[[[98.5353,10.8763],[98.5313,10.8799],[98.5313,10.8804],[98.5321,10.8804],[98.5321,10.8812],[98.5354,10.8812],[98.5354,10.8821],[98.5371,10.8829],[98.5371,10.8779],[98.5363,10.8779],[98.5363,10.8763],[98.5353,10.8763]]],[[[98.5413,10.8762],[98.5413,10.8808],[98.5417,10.8763],[98.5409,10.8761],[98.5372,10.8762],[98.5413,10.8762]]],[[[98.5404,10.8812],[98.5404,10.8839],[98.5411,10.8812],[98.5404,10.8812]]],[[[98.5404,10.8862],[98.5405,10.8862],[98.5404,10.8856],[98.5404,10.8862]]],[[[98.5413,10.8887],[98.5416,10.8887],[98.5413,10.8881],[98.5413,10.8887]]],[[[98.5388,10.9496],[98.539,10.9496],[98.5388,10.9493],[98.5388,10.9496]]],[[[98.5396,10.9504],[98.5398,10.9504],[98.5396,10.9503],[98.5396,10.9504]]],[[[98.5404,10.9512],[98.5408,10.9512],[98.5404,10.9509],[98.5404,10.9512]]],[[[98.5413,10.9521],[98.5414,10.9521],[98.5413,10.9517],[98.5413,10.9521]]],[[[98.5421,10.9545],[98.5421,10.9545],[98.5421,10.9543],[98.5421,10.9545]]],[[[98.5404,10.9603],[98.5396,10.9608],[98.5386,10.9602],[98.5376,10.9591],[98.5376,10.9579],[98.5382,10.9563],[98.5404,10.9554],[98.5404,10.9546],[98.5379,10.9546],[98.5379,10.9562],[98.5371,10.9562],[98.5371,10.9604],[98.5388,10.9604],[98.5388,10.9612],[98.5404,10.9612],[98.5404,10.9603]]],[[[98.5413,10.9604],[98.5413,10.9618],[98.5424,10.9603],[98.5413,10.9604]]],[[[98.5404,10.9629],[98.5404,10.9646],[98.5409,10.9629],[98.5404,10.9629]]],[[[98.5404,10.9671],[98.5406,10.9671],[98.5404,10.9665],[98.5404,10.9671]]],[[[98.5371,10.9654],[98.5363,10.9654],[98.5363,10.9637],[98.5346,10.9637],[98.5346,10.9662],[98.5338,10.9662],[98.5338,10.9671],[98.5354,10.9671],[98.5354,10.9687],[98.5363,10.9687],[98.5363,10.9704],[98.5379,10.9696],[98.5379,10.9662],[98.5371,10.9662],[98.5371,10.9654]]],[[[98.5286,10.9704],[98.5277,10.9716],[98.5271,10.9721],[98.5288,10.9721],[98.5286,10.9704]]],[[[98.5396,10.9687],[98.5396,10.9699],[98.5405,10.9687],[98.5396,10.9687]]],[[[98.5388,10.9721],[98.5388,10.9724],[98.5394,10.9721],[98.5388,10.9721]]],[[[98.5463,10.9912],[98.5463,10.9922],[98.547,10.9912],[98.5463,10.9912]]],[[[98.5438,10.9937],[98.5438,10.9954],[98.5454,10.9962],[98.5454,11.0021],[98.5446,11.0021],[98.5446,11.0037],[98.5454,11.0037],[98.5454,11.0071],[98.5471,11.0079],[98.5471,11.0104],[98.5454,11.0104],[98.5454,11.0087],[98.5438,11.0096],[98.5438,11.0129],[98.5479,11.0129],[98.5479,11.0121],[98.5488,11.0121],[98.549,11.0112],[98.5472,11.0062],[98.5463,11.0062],[98.5463,11.0046],[98.547,11.0046],[98.5464,11.0031],[98.547,10.999],[98.5459,10.9937],[98.5438,10.9937]]],[[[98.5438,10.9804],[98.5442,10.9804],[98.5438,10.9795],[98.5438,10.9804]]],[[[98.5446,10.9821],[98.5453,10.9821],[98.5446,10.9811],[98.5446,10.9821]]],[[[98.5463,10.9829],[98.5464,10.9829],[98.5463,10.9828],[98.5463,10.9829]]],[[[98.5471,10.9835],[98.5471,10.9835],[98.5471,10.9834],[98.5471,10.9835]]],[[[98.5463,10.9846],[98.5463,10.985],[98.5464,10.9846],[98.5463,10.9846]]],[[[98.5463,10.9879],[98.5467,10.9873],[98.5463,10.9868],[98.5463,10.9879]]],[[[98.5471,10.9911],[98.5473,10.9899],[98.5471,10.9893],[98.5471,10.9911]]],[[[98.5438,11.0254],[98.5446,11.0254],[98.5446,11.0246],[98.5456,11.0246],[98.5463,11.0204],[98.5471,11.0204],[98.5471,11.0187],[98.5477,11.0187],[98.5491,11.0137],[98.5479,11.0137],[98.5479,11.0146],[98.5463,11.0146],[98.5463,11.0171],[98.5438,11.0171],[98.5438,11.0179],[98.5404,11.0179],[98.5404,11.0204],[98.5446,11.0204],[98.5446,11.0221],[98.5438,11.0221],[98.5438,11.0254]]],[[[98.5421,11.0279],[98.5429,11.0296],[98.5438,11.0296],[98.5438,11.0279],[98.5421,11.0279]]],[[[98.5446,11.0287],[98.5446,11.0312],[98.5446,11.0312],[98.5451,11.0299],[98.5451,11.0287],[98.5446,11.0287]]],[[[98.5438,11.0321],[98.5438,11.0337],[98.5443,11.0321],[98.5438,11.0321]]],[[[98.5429,11.0337],[98.5429,11.035],[98.5437,11.0337],[98.5429,11.0337]]],[[[98.5421,11.0354],[98.5421,11.0379],[98.5422,11.0379],[98.5427,11.0354],[98.5421,11.0354]]],[[[98.5404,11.0446],[98.541,11.0446],[98.5401,11.0418],[98.541,11.0407],[98.541,11.0404],[98.5404,11.0404],[98.5404,11.0412],[98.5396,11.0412],[98.5396,11.0454],[98.5404,11.0452],[98.5404,11.0446]]],[[[98.5379,11.0462],[98.5379,11.0512],[98.5387,11.0512],[98.5384,11.0462],[98.5379,11.0462]]],[[[98.5338,11.0629],[98.5346,11.0629],[98.5346,11.0646],[98.5338,11.0646],[98.5338,11.0654],[98.5362,11.0654],[98.5371,11.0617],[98.535,11.0602],[98.5349,11.0582],[98.5359,11.0577],[98.5368,11.0563],[98.5385,11.0562],[98.5391,11.0554],[98.5388,11.0529],[98.5371,11.0537],[98.5371,11.0554],[98.5354,11.0554],[98.5354,11.0579],[98.5346,11.0579],[98.5346,11.0604],[98.5329,11.0604],[98.5329,11.0621],[98.5338,11.0621],[98.5338,11.0629]]],[[[98.5363,11.0694],[98.5359,11.0662],[98.5354,11.0662],[98.5354,11.0694],[98.5363,11.0694]]],[[[98.5346,11.0704],[98.5329,11.0704],[98.5329,11.0687],[98.5321,11.0687],[98.5321,11.0671],[98.5338,11.0662],[98.5338,11.0654],[98.5321,11.0646],[98.5321,11.0654],[98.5313,11.0654],[98.5313,11.0696],[98.5304,11.0696],[98.5304,11.0704],[98.5321,11.0712],[98.5321,11.0754],[98.5329,11.0754],[98.5329,11.0777],[98.5351,11.0746],[98.5363,11.074],[98.5366,11.0721],[98.5354,11.0714],[98.5346,11.0698],[98.5346,11.0704]]],[[[98.5304,11.0904],[98.5304,11.0927],[98.5307,11.0904],[98.5304,11.0904]]],[[[98.5304,11.0962],[98.5306,11.0961],[98.5304,11.0941],[98.5304,11.0962]]],[[[98.5296,11.1132],[98.5288,11.1129],[98.5285,11.1117],[98.5279,11.1116],[98.5279,11.1146],[98.5288,11.1146],[98.5288,11.1162],[98.5279,11.1162],[98.5279,11.1204],[98.5271,11.1204],[98.5271,11.1237],[98.5283,11.1221],[98.5296,11.1132]]],[[[98.5521,11.2762],[98.5522,11.2762],[98.5521,11.2759],[98.5521,11.2762]]],[[[98.5471,11.2646],[98.5475,11.2646],[98.5471,11.264],[98.5471,11.2646]]],[[[98.5479,11.2662],[98.5483,11.2662],[98.5479,11.2654],[98.5479,11.2662]]],[[[98.5488,11.2696],[98.5492,11.2696],[98.5488,11.2678],[98.5488,11.2696]]],[[[98.5496,11.2704],[98.5498,11.2704],[98.5496,11.2701],[98.5496,11.2704]]],[[[98.5504,11.2729],[98.551,11.2729],[98.5504,11.2716],[98.5504,11.2729]]],[[[98.5513,11.2746],[98.5517,11.2746],[98.5513,11.2736],[98.5513,11.2746]]],[[[98.5529,11.2804],[98.5529,11.2846],[98.5532,11.2804],[98.5529,11.2804]]],[[[98.5521,11.2854],[98.5521,11.2862],[98.5513,11.2862],[98.5513,11.2879],[98.5528,11.2858],[98.5521,11.2854]]],[[[98.5488,11.2955],[98.5489,11.2951],[98.549,11.2921],[98.5488,11.2921],[98.5488,11.2955]]],[[[98.5454,11.3029],[98.5454,11.3054],[98.5458,11.3054],[98.5462,11.3035],[98.5471,11.3029],[98.5454,11.3029]]],[[[98.5421,11.3087],[98.5421,11.3088],[98.5422,11.3087],[98.5421,11.3087]]],[[[98.5379,11.3117],[98.539,11.3112],[98.5379,11.3112],[98.5379,11.3117]]],[[[98.5363,11.3121],[98.5363,11.3124],[98.5371,11.3121],[98.5363,11.3121]]],[[[98.5304,11.3187],[98.5304,11.3193],[98.5311,11.3187],[98.5304,11.3187]]],[[[98.5296,11.3196],[98.5296,11.3201],[98.53,11.3196],[98.5296,11.3196]]],[[[98.5288,11.3204],[98.5288,11.3212],[98.5294,11.3204],[98.5288,11.3204]]],[[[98.5279,11.3212],[98.5279,11.3222],[98.5287,11.3212],[98.5279,11.3212]]],[[[98.5254,11.4196],[98.5254,11.4211],[98.5263,11.4196],[98.5254,11.4196]]],[[[98.5246,11.4212],[98.5246,11.4219],[98.5252,11.4212],[98.5246,11.4212]]],[[[98.5238,11.4229],[98.5238,11.4274],[98.5241,11.4229],[98.5238,11.4229]]],[[[98.5229,11.4337],[98.5229,11.4362],[98.5236,11.4362],[98.5234,11.4337],[98.5229,11.4337]]],[[[98.5546,12.9062],[98.5546,12.9062],[98.5546,12.9062],[98.5546,12.9062]]],[[[98.5579,12.9079],[98.5582,12.9053],[98.5579,12.9034],[98.5579,12.9079]]],[[[98.5488,12.9212],[98.5494,12.9212],[98.5488,12.9209],[98.5488,12.9212]]],[[[98.5513,12.9271],[98.552,12.9231],[98.5513,12.9215],[98.5513,12.9271]]],[[[98.5513,12.9296],[98.5513,12.9296],[98.5513,12.9295],[98.5513,12.9296]]],[[[98.5488,12.9329],[98.5483,12.9326],[98.5479,12.9322],[98.5479,12.9329],[98.5488,12.9329]]],[[[98.5496,12.9337],[98.5502,12.9337],[98.5496,12.9333],[98.5496,12.9337]]],[[[98.5778,13.0679],[98.5771,13.0673],[98.5771,13.0679],[98.5778,13.0679]]],[[[98.5796,13.0679],[98.5796,13.0677],[98.5793,13.0679],[98.5796,13.0679]]],[[[98.5804,13.0671],[98.5804,13.0669],[98.5802,13.0671],[98.5804,13.0671]]],[[[98.5821,13.1021],[98.5821,13.1071],[98.5813,13.1071],[98.5813,13.1079],[98.5829,13.1079],[98.5829,13.1029],[98.5838,13.1029],[98.5838,13.1021],[98.5821,13.1021]]],[[[98.5721,13.1134],[98.5738,13.1137],[98.5738,13.1121],[98.5721,13.1134]]],[[[98.5721,13.1246],[98.5721,13.1262],[98.5713,13.1262],[98.5713,13.1279],[98.5704,13.1279],[98.5704,13.1312],[98.5713,13.1312],[98.5713,13.1287],[98.5729,13.1287],[98.5729,13.1254],[98.5738,13.1254],[98.5738,13.1246],[98.5721,13.1246]]],[[[98.5738,13.1304],[98.5763,13.1304],[98.5763,13.1287],[98.5746,13.1287],[98.5738,13.1304]]],[[[98.5321,13.1379],[98.5329,13.1379],[98.5321,13.1372],[98.5321,13.1379]]],[[[98.5271,13.1246],[98.5272,13.1246],[98.5271,13.1243],[98.5271,13.1246]]],[[[98.5279,13.1262],[98.5281,13.1262],[98.5279,13.126],[98.5279,13.1262]]],[[[98.5288,13.1271],[98.5289,13.1271],[98.5288,13.127],[98.5288,13.1271]]],[[[98.5296,13.1287],[98.5299,13.1287],[98.5296,13.1277],[98.5296,13.1287]]],[[[98.5304,13.1329],[98.5309,13.1329],[98.5304,13.1313],[98.5304,13.1329]]],[[[98.5313,13.1337],[98.5315,13.1337],[98.5313,13.1334],[98.5313,13.1337]]],[[[98.5304,13.1421],[98.5304,13.1414],[98.5302,13.1421],[98.5304,13.1421]]],[[[98.5304,13.1337],[98.5303,13.1337],[98.5304,13.134],[98.5304,13.1337]]],[[[98.5288,13.1471],[98.5288,13.1465],[98.5283,13.1471],[98.5288,13.1471]]],[[[98.5296,13.1462],[98.5296,13.1455],[98.529,13.1462],[98.5296,13.1462]]],[[[98.5654,13.1505],[98.5613,13.15],[98.5613,13.1512],[98.5604,13.1512],[98.5604,13.1521],[98.5654,13.1521],[98.5654,13.1505]]],[[[98.5221,13.1637],[98.5221,13.1646],[98.5288,13.1646],[98.5288,13.1637],[98.5313,13.1637],[98.5321,13.1621],[98.5338,13.1621],[98.5338,13.1612],[98.5364,13.1594],[98.5376,13.1571],[98.5371,13.1571],[98.5371,13.1579],[98.5363,13.1579],[98.5363,13.1587],[98.5346,13.1587],[98.5346,13.1579],[98.5354,13.1579],[98.5354,13.1562],[98.5363,13.1562],[98.5363,13.1471],[98.5371,13.1471],[98.536,13.1446],[98.5354,13.1446],[98.5354,13.1454],[98.5329,13.1454],[98.5329,13.1554],[98.5338,13.1554],[98.5338,13.1571],[98.5313,13.1571],[98.5313,13.1562],[98.5321,13.1562],[98.5321,13.1546],[98.5304,13.1546],[98.5304,13.1537],[98.5313,13.1537],[98.5313,13.1529],[98.5304,13.1529],[98.5304,13.1512],[98.5288,13.1512],[98.5288,13.1529],[98.5279,13.1529],[98.5279,13.1546],[98.5238,13.1546],[98.5229,13.1562],[98.5216,13.1562],[98.5197,13.1612],[98.5204,13.1612],[98.5204,13.1637],[98.5221,13.1637]],[[98.5304,13.1554],[98.5296,13.1554],[98.5296,13.1546],[98.5304,13.1546],[98.5304,13.1554]],[[98.5238,13.1562],[98.5238,13.1571],[98.5229,13.1571],[98.5229,13.1562],[98.5238,13.1562]],[[98.5229,13.1587],[98.5229,13.1604],[98.5238,13.1604],[98.5238,13.1612],[98.5221,13.1612],[98.5221,13.1587],[98.5229,13.1587]]],[[[98.5371,13.1479],[98.5375,13.1479],[98.5371,13.1471],[98.5371,13.1479]]],[[[98.5379,13.1504],[98.5371,13.1504],[98.5371,13.1512],[98.5379,13.1512],[98.5379,13.1521],[98.5385,13.1521],[98.5379,13.1489],[98.5379,13.1504]]],[[[98.5354,13.14],[98.5354,13.14],[98.5354,13.1398],[98.5354,13.14]]],[[[98.5354,13.1421],[98.5346,13.1421],[98.5346,13.1429],[98.5354,13.1429],[98.5354,13.1437],[98.536,13.1437],[98.5354,13.1421]]],[[[98.5379,13.1537],[98.5379,13.1562],[98.5381,13.1562],[98.5384,13.1537],[98.5379,13.1537]]],[[[98.5488,13.1871],[98.5488,13.1896],[98.5479,13.1896],[98.5479,13.1912],[98.5471,13.1912],[98.5471,13.1904],[98.5463,13.1904],[98.5463,13.1912],[98.5446,13.1912],[98.5446,13.1929],[98.5438,13.1929],[98.5438,13.1937],[98.5421,13.1937],[98.5421,13.1929],[98.5404,13.1929],[98.5404,13.1871],[98.5396,13.1871],[98.5396,13.1837],[98.5404,13.1837],[98.5404,13.1812],[98.5413,13.1812],[98.5413,13.1796],[98.5429,13.1787],[98.5429,13.1779],[98.5438,13.1779],[98.5438,13.1746],[98.5429,13.1746],[98.5429,13.1704],[98.5421,13.1704],[98.5421,13.1696],[98.5429,13.1696],[98.5429,13.1671],[98.5421,13.1671],[98.5421,13.1624],[98.5386,13.1651],[98.5379,13.1671],[98.5373,13.1671],[98.5371,13.1704],[98.5363,13.1704],[98.5363,13.1729],[98.5349,13.1729],[98.5346,13.1771],[98.5338,13.1771],[98.5338,13.1837],[98.5346,13.1837],[98.5346,13.1854],[98.5354,13.1854],[98.5354,13.1846],[98.5371,13.1846],[98.5371,13.1862],[98.5354,13.1862],[98.5354,13.1896],[98.5363,13.1896],[98.5363,13.1921],[98.5379,13.1929],[98.5388,13.1946],[98.5396,13.1946],[98.5396,13.1954],[98.5454,13.1954],[98.5454,13.1962],[98.5492,13.1962],[98.5496,13.1954],[98.5513,13.1954],[98.5513,13.1946],[98.5533,13.1946],[98.5538,13.1937],[98.5563,13.1937],[98.5563,13.1929],[98.5613,13.1929],[98.5613,13.1912],[98.5619,13.1912],[98.5621,13.1871],[98.5629,13.1871],[98.5629,13.1854],[98.5638,13.1854],[98.5638,13.1837],[98.5621,13.1829],[98.5621,13.1812],[98.5638,13.1812],[98.5646,13.1829],[98.5671,13.1829],[98.5671,13.1846],[98.5696,13.1846],[98.5688,13.1829],[98.5704,13.1821],[98.5704,13.1854],[98.573,13.1854],[98.5735,13.1812],[98.5729,13.1812],[98.5729,13.1821],[98.5713,13.1812],[98.5713,13.1804],[98.5721,13.1804],[98.5721,13.1779],[98.5729,13.1779],[98.5729,13.1762],[98.5721,13.1762],[98.5721,13.1746],[98.5729,13.1746],[98.5738,13.1729],[98.5752,13.1729],[98.5754,13.1721],[98.5738,13.1721],[98.5738,13.1712],[98.5759,13.1712],[98.5771,13.1678],[98.5763,13.1654],[98.5754,13.1654],[98.5754,13.1638],[98.5721,13.1609],[98.5693,13.1574],[98.5681,13.1533],[98.5684,13.1508],[98.5679,13.1508],[98.5679,13.1537],[98.5663,13.1537],[98.5663,13.1546],[98.5679,13.1546],[98.5679,13.1571],[98.5671,13.1571],[98.5671,13.1596],[98.5688,13.1596],[98.5688,13.1612],[98.5704,13.1612],[98.5704,13.1629],[98.5696,13.1629],[98.5696,13.1637],[98.5663,13.1637],[98.5663,13.1646],[98.5646,13.1646],[98.5646,13.1629],[98.5629,13.1629],[98.5629,13.1637],[98.5638,13.1637],[98.5638,13.1662],[98.5629,13.1662],[98.5629,13.1679],[98.5621,13.1679],[98.5621,13.1687],[98.5604,13.1687],[98.5604,13.1704],[98.5613,13.1704],[98.5613,13.1737],[98.5588,13.1737],[98.5588,13.1729],[98.5571,13.1729],[98.5571,13.1721],[98.5554,13.1721],[98.5554,13.1737],[98.5546,13.1737],[98.5546,13.1754],[98.5554,13.1754],[98.5554,13.1762],[98.5571,13.1762],[98.5571,13.1804],[98.5554,13.1796],[98.5554,13.1821],[98.5538,13.1821],[98.5538,13.1837],[98.5529,13.1837],[98.5529,13.1846],[98.5504,13.1846],[98.5504,13.1862],[98.5488,13.1871]],[[98.5613,13.1871],[98.5613,13.1879],[98.5604,13.1879],[98.5596,13.1862],[98.5604,13.1862],[98.5604,13.1846],[98.5621,13.1846],[98.5621,13.1871],[98.5613,13.1871]],[[98.5596,13.1879],[98.5588,13.1879],[98.5588,13.1871],[98.5596,13.1871],[98.5596,13.1879]],[[98.5579,13.1871],[98.5579,13.1862],[98.5588,13.1862],[98.5588,13.1871],[98.5579,13.1871]],[[98.5579,13.1804],[98.5579,13.1812],[98.5571,13.1812],[98.5571,13.1804],[98.5579,13.1804]],[[98.5754,13.1671],[98.5746,13.1671],[98.5746,13.1662],[98.5754,13.1662],[98.5754,13.1671]],[[98.5688,13.1746],[98.5679,13.1746],[98.5679,13.1704],[98.5671,13.1704],[98.5671,13.1687],[98.5679,13.1687],[98.5679,13.1679],[98.5704,13.1679],[98.5713,13.1696],[98.5729,13.1696],[98.5729,13.1712],[98.5721,13.1712],[98.5721,13.1737],[98.5713,13.1737],[98.5704,13.1754],[98.5688,13.1754],[98.5688,13.1746]],[[98.5621,13.1771],[98.5613,13.1771],[98.5613,13.1754],[98.5621,13.1754],[98.5621,13.1771]],[[98.5571,13.1837],[98.5579,13.1837],[98.5579,13.1846],[98.5563,13.1846],[98.5563,13.1829],[98.5571,13.1829],[98.5571,13.1837]],[[98.5363,13.1779],[98.5354,13.1779],[98.5354,13.1771],[98.5363,13.1771],[98.5363,13.1779]]],[[[98.5738,13.1779],[98.5738,13.1793],[98.5743,13.1779],[98.5738,13.1779]]],[[[98.5796,13.1879],[98.5796,13.1871],[98.5813,13.1862],[98.5813,13.1887],[98.5838,13.1887],[98.5838,13.1854],[98.5846,13.1854],[98.5846,13.1837],[98.5863,13.1837],[98.5871,13.1821],[98.5838,13.1821],[98.5829,13.1837],[98.5821,13.1837],[98.5821,13.1846],[98.5796,13.1846],[98.5796,13.1829],[98.5788,13.1829],[98.5788,13.1812],[98.5779,13.1812],[98.5779,13.1837],[98.5788,13.1837],[98.5788,13.1854],[98.5771,13.1854],[98.5771,13.1846],[98.5763,13.1846],[98.5763,13.1871],[98.5771,13.1871],[98.5771,13.1879],[98.5796,13.1879]]],[[[98.5729,13.1912],[98.5729,13.1905],[98.5719,13.1912],[98.5729,13.1912]]],[[[98.5663,13.1996],[98.5663,13.1979],[98.5671,13.1979],[98.5663,13.1962],[98.5671,13.1962],[98.5671,13.1954],[98.5654,13.1954],[98.5654,13.1994],[98.5663,13.1996]]],[[[98.5188,13.1912],[98.5213,13.1912],[98.5213,13.1921],[98.5221,13.1921],[98.5221,13.1946],[98.5213,13.1946],[98.5213,13.1962],[98.5221,13.1962],[98.5221,13.1979],[98.5213,13.1979],[98.5213,13.2021],[98.5229,13.2029],[98.5229,13.2037],[98.5238,13.2037],[98.5238,13.2046],[98.5229,13.2046],[98.5229,13.2062],[98.5221,13.2062],[98.5221,13.2104],[98.5229,13.2104],[98.5238,13.2087],[98.5254,13.2096],[98.5254,13.2112],[98.5246,13.2112],[98.5246,13.2121],[98.5229,13.2121],[98.5229,13.2129],[98.5329,13.2129],[98.5329,13.2121],[98.5321,13.2121],[98.5321,13.2104],[98.5329,13.2104],[98.5329,13.2112],[98.5346,13.2112],[98.5346,13.2104],[98.5354,13.21],[98.5354,13.2096],[98.5329,13.2096],[98.5329,13.2071],[98.5346,13.2071],[98.5346,13.2079],[98.5354,13.2079],[98.5354,13.2087],[98.536,13.2087],[98.5364,13.2064],[98.5354,13.2034],[98.5338,13.2012],[98.5338,13.2004],[98.5329,13.2004],[98.5329,13.1996],[98.5313,13.2004],[98.5313,13.2012],[98.5296,13.2012],[98.5296,13.2004],[98.5304,13.2004],[98.5304,13.1987],[98.5313,13.1987],[98.5317,13.1979],[98.5271,13.1904],[98.5263,13.1904],[98.5263,13.1912],[98.5229,13.1912],[98.5229,13.1904],[98.5238,13.1904],[98.5238,13.1871],[98.5254,13.1871],[98.5254,13.1896],[98.5267,13.1896],[98.5244,13.1821],[98.5229,13.1821],[98.5238,13.1837],[98.5229,13.1837],[98.5221,13.1854],[98.5179,13.1854],[98.5179,13.1862],[98.5221,13.1862],[98.5213,13.1879],[98.5196,13.1879],[98.5196,13.1904],[98.5188,13.1904],[98.5188,13.1912]],[[98.5271,13.1912],[98.5271,13.1921],[98.5263,13.1921],[98.5263,13.1912],[98.5271,13.1912]],[[98.5263,13.1929],[98.5254,13.1929],[98.5254,13.1921],[98.5263,13.1921],[98.5263,13.1929]],[[98.5246,13.1846],[98.5246,13.1854],[98.5229,13.1854],[98.5229,13.1846],[98.5246,13.1846]],[[98.5254,13.2062],[98.5254,13.2054],[98.5271,13.2046],[98.5279,13.2062],[98.5296,13.2062],[98.5296,13.2087],[98.5271,13.2087],[98.5271,13.2079],[98.5263,13.2079],[98.5263,13.2062],[98.5254,13.2062]]],[[[98.5721,13.2021],[98.5721,13.2054],[98.5713,13.2054],[98.5713,13.2046],[98.5696,13.2054],[98.5704,13.2071],[98.5713,13.2071],[98.5713,13.2079],[98.5704,13.2079],[98.5704,13.2112],[98.5688,13.2121],[98.5688,13.2162],[98.5696,13.2162],[98.5696,13.2187],[98.5729,13.2187],[98.5729,13.2204],[98.5754,13.2204],[98.5754,13.2221],[98.5779,13.2221],[98.5779,13.2212],[98.5788,13.2212],[98.5788,13.2196],[98.5771,13.2196],[98.5771,13.2171],[98.5763,13.2171],[98.5763,13.2146],[98.5746,13.2146],[98.5746,13.2154],[98.5721,13.2154],[98.5721,13.2146],[98.5729,13.2146],[98.5729,13.2112],[98.5754,13.2112],[98.5754,13.2087],[98.5779,13.2087],[98.5779,13.2104],[98.5771,13.2104],[98.5763,13.2121],[98.5788,13.2121],[98.5788,13.2137],[98.5804,13.2137],[98.5804,13.2146],[98.5838,13.2146],[98.5838,13.2129],[98.5821,13.2129],[98.5821,13.2137],[98.5813,13.2137],[98.5813,13.2129],[98.5796,13.2129],[98.5796,13.2104],[98.5813,13.2104],[98.5813,13.2087],[98.5804,13.2087],[98.5804,13.2071],[98.5796,13.2071],[98.5796,13.2046],[98.5804,13.2046],[98.5804,13.2037],[98.5788,13.2029],[98.5779,13.2012],[98.5813,13.2012],[98.5813,13.1987],[98.5779,13.1987],[98.5779,13.1962],[98.5763,13.1954],[98.5763,13.1937],[98.5779,13.1937],[98.5779,13.1912],[98.5771,13.1912],[98.5771,13.1896],[98.5754,13.1896],[98.5754,13.1904],[98.5738,13.1912],[98.5738,13.1921],[98.5713,13.1921],[98.5713,13.1929],[98.5688,13.1929],[98.5688,13.1923],[98.5654,13.1929],[98.5654,13.1937],[98.5671,13.1937],[98.5671,13.1954],[98.5679,13.1954],[98.5679,13.2004],[98.5671,13.2004],[98.5671,13.2029],[98.5679,13.2029],[98.5679,13.2021],[98.5721,13.2021]],[[98.5713,13.1962],[98.5704,13.1962],[98.5704,13.1954],[98.5713,13.1954],[98.5713,13.1962]]],[[[98.5688,13.2096],[98.5696,13.2096],[98.5696,13.2071],[98.5688,13.2071],[98.5688,13.2096]]],[[[98.5438,13.2137],[98.5438,13.2121],[98.5446,13.2121],[98.5446,13.2112],[98.5429,13.2112],[98.5429,13.2121],[98.5421,13.2121],[98.5421,13.2137],[98.5438,13.2137]]],[[[98.5204,13.2137],[98.5213,13.2121],[98.5196,13.2121],[98.5196,13.2137],[98.5204,13.2137]]],[[[98.5404,13.2187],[98.5421,13.2187],[98.5421,13.2171],[98.5396,13.2171],[98.5396,13.2162],[98.5379,13.2162],[98.5379,13.2179],[98.5404,13.2179],[98.5404,13.2187]]],[[[98.5813,13.2171],[98.5813,13.2187],[98.5829,13.2187],[98.5829,13.2179],[98.5838,13.2179],[98.5838,13.2171],[98.5813,13.2171]]],[[[98.5354,13.2206],[98.535,13.2214],[98.534,13.2221],[98.5354,13.2221],[98.5354,13.2206]]],[[[98.5321,13.2262],[98.5329,13.2262],[98.5329,13.2237],[98.5321,13.2237],[98.5321,13.2262]]],[[[98.5488,13.2404],[98.5488,13.2396],[98.5513,13.2396],[98.5513,13.2421],[98.5529,13.2421],[98.5529,13.2429],[98.5554,13.2429],[98.5554,13.2446],[98.5563,13.2446],[98.5563,13.2421],[98.5546,13.2421],[98.5546,13.2404],[98.5538,13.2404],[98.5538,13.2396],[98.5546,13.2396],[98.5546,13.2387],[98.5571,13.2387],[98.5571,13.2379],[98.5588,13.2379],[98.5588,13.2371],[98.5604,13.2371],[98.5613,13.2387],[98.5621,13.2387],[98.5621,13.2396],[98.5638,13.2396],[98.5638,13.2412],[98.5663,13.2412],[98.5663,13.2421],[98.5671,13.2421],[98.5671,13.2412],[98.5688,13.2412],[98.5688,13.2396],[98.5713,13.2396],[98.5713,13.2421],[98.5718,13.2421],[98.5712,13.2389],[98.5704,13.2373],[98.5704,13.2387],[98.5679,13.2387],[98.5679,13.2396],[98.5663,13.2396],[98.5663,13.2379],[98.5654,13.2379],[98.5654,13.2354],[98.5679,13.2354],[98.5679,13.2346],[98.5654,13.2346],[98.5654,13.2329],[98.5695,13.2329],[98.5684,13.2298],[98.5676,13.2287],[98.5671,13.2287],[98.5671,13.2296],[98.5663,13.2296],[98.5654,13.2279],[98.5629,13.2279],[98.5629,13.2262],[98.5657,13.2262],[98.5638,13.2229],[98.5638,13.2246],[98.5629,13.2246],[98.5621,13.2229],[98.5613,13.2229],[98.5613,13.2237],[98.5596,13.2229],[98.5604,13.2212],[98.5613,13.2212],[98.5613,13.2221],[98.5635,13.2221],[98.5629,13.2196],[98.5621,13.2196],[98.5626,13.2179],[98.5588,13.2179],[98.5596,13.2162],[98.5613,13.2162],[98.5613,13.2154],[98.5588,13.2154],[98.5588,13.2129],[98.5596,13.2129],[98.5596,13.2112],[98.5604,13.2112],[98.5613,13.2096],[98.5621,13.2096],[98.5621,13.2104],[98.5633,13.2104],[98.562,13.2037],[98.5613,13.2037],[98.5613,13.2046],[98.5621,13.2046],[98.5613,13.2062],[98.5588,13.2062],[98.5588,13.2029],[98.5579,13.2029],[98.5579,13.2021],[98.5538,13.2021],[98.5538,13.2012],[98.5521,13.2012],[98.5521,13.2021],[98.5513,13.2021],[98.5513,13.2012],[98.5496,13.2011],[98.5425,13.2029],[98.5421,13.2037],[98.5413,13.2037],[98.5404,13.2096],[98.5398,13.2096],[98.5388,13.2121],[98.5404,13.2121],[98.5404,13.2112],[98.5421,13.2121],[98.5421,13.2096],[98.5438,13.2096],[98.5438,13.2104],[98.5454,13.2112],[98.5454,13.2146],[98.5463,13.2146],[98.5463,13.2137],[98.5479,13.2137],[98.5479,13.2154],[98.5488,13.2154],[98.5488,13.2162],[98.5479,13.2162],[98.5479,13.2187],[98.5421,13.2187],[98.5421,13.2246],[98.5413,13.2246],[98.5413,13.2254],[98.5396,13.2254],[98.5388,13.2237],[98.5371,13.2237],[98.5371,13.2254],[98.5354,13.2254],[98.5354,13.2271],[98.5371,13.2271],[98.5371,13.2279],[98.5396,13.2279],[98.5396,13.2296],[98.5379,13.2304],[98.5379,13.2337],[98.5371,13.2337],[98.5379,13.2354],[98.5396,13.2354],[98.5396,13.2362],[98.5388,13.2362],[98.5388,13.2379],[98.5404,13.2379],[98.5404,13.2396],[98.5446,13.2396],[98.5446,13.2387],[98.5463,13.2387],[98.5463,13.2379],[98.5471,13.2379],[98.5471,13.2404],[98.5488,13.2404]],[[98.5538,13.2412],[98.5529,13.2412],[98.5529,13.2404],[98.5538,13.2404],[98.5538,13.2412]],[[98.5513,13.2029],[98.5504,13.2029],[98.5504,13.2021],[98.5513,13.2021],[98.5513,13.2029]],[[98.5446,13.2096],[98.5454,13.2096],[98.5454,13.2104],[98.5446,13.2104],[98.5446,13.2096]],[[98.5396,13.2346],[98.5404,13.2346],[98.5404,13.2354],[98.5396,13.2354],[98.5396,13.2346]],[[98.5679,13.2312],[98.5671,13.2312],[98.5671,13.2304],[98.5679,13.2304],[98.5679,13.2312]],[[98.5638,13.2296],[98.5638,13.2304],[98.5629,13.2304],[98.5629,13.2296],[98.5638,13.2296]],[[98.5646,13.2304],[98.5646,13.2312],[98.5638,13.2312],[98.5638,13.2304],[98.5646,13.2304]],[[98.5621,13.2296],[98.5621,13.2287],[98.5629,13.2287],[98.5629,13.2296],[98.5621,13.2296]],[[98.5538,13.2362],[98.5538,13.2371],[98.5529,13.2371],[98.5529,13.2362],[98.5538,13.2362]],[[98.5521,13.2362],[98.5521,13.2354],[98.5496,13.2354],[98.5496,13.2329],[98.5488,13.2329],[98.5488,13.2312],[98.5504,13.2312],[98.5504,13.2304],[98.5521,13.2304],[98.5521,13.2262],[98.5513,13.2262],[98.5513,13.2254],[98.5529,13.2254],[98.5529,13.2262],[98.5546,13.2262],[98.5546,13.2271],[98.5563,13.2271],[98.5563,13.2262],[98.5579,13.2262],[98.5579,13.2287],[98.5571,13.2287],[98.5563,13.2304],[98.5546,13.2304],[98.5546,13.2312],[98.5571,13.2312],[98.5571,13.2321],[98.5579,13.2321],[98.5588,13.2304],[98.5604,13.2296],[98.5604,13.2304],[98.5613,13.2304],[98.5613,13.2312],[98.5604,13.2312],[98.5604,13.2329],[98.5621,13.2321],[98.5621,13.2329],[98.5629,13.2329],[98.5629,13.2346],[98.5638,13.2346],[98.5629,13.2362],[98.5588,13.2362],[98.5588,13.2346],[98.5579,13.2346],[98.5579,13.2337],[98.5563,13.2337],[98.5563,13.2346],[98.5554,13.2346],[98.5554,13.2337],[98.5529,13.2337],[98.5529,13.2362],[98.5521,13.2362]],[[98.5604,13.2204],[98.5596,13.2204],[98.5596,13.2196],[98.5604,13.2196],[98.5604,13.2204]],[[98.5604,13.2187],[98.5613,13.2187],[98.5613,13.2196],[98.5604,13.2196],[98.5604,13.2187]],[[98.5613,13.2254],[98.5604,13.2254],[98.5604,13.2246],[98.5613,13.2246],[98.5613,13.2254]],[[98.5563,13.2087],[98.5571,13.2087],[98.5571,13.2079],[98.5588,13.2079],[98.5588,13.2104],[98.5571,13.2104],[98.5563,13.2087]],[[98.5521,13.2121],[98.5513,13.2121],[98.5513,13.2112],[98.5538,13.2112],[98.5538,13.2121],[98.5563,13.2121],[98.5563,13.2137],[98.5554,13.2137],[98.5554,13.2154],[98.5546,13.2154],[98.5546,13.2162],[98.5529,13.2162],[98.5529,13.2179],[98.5513,13.2179],[98.5513,13.2162],[98.5521,13.2162],[98.5521,13.2121]],[[98.5463,13.2087],[98.5479,13.2087],[98.5479,13.2054],[98.5488,13.2054],[98.5488,13.2071],[98.5513,13.2071],[98.5513,13.2104],[98.5463,13.2104],[98.5463,13.2087]],[[98.5488,13.2037],[98.5479,13.2037],[98.5479,13.2029],[98.5488,13.2029],[98.5488,13.2037]],[[98.5479,13.2304],[98.5471,13.2304],[98.5471,13.2312],[98.5454,13.2312],[98.5454,13.2287],[98.5479,13.2287],[98.5479,13.2304]],[[98.5429,13.2321],[98.5438,13.2321],[98.5438,13.2329],[98.5421,13.2329],[98.5421,13.2312],[98.5429,13.2312],[98.5429,13.2321]]],[[[98.5721,13.2437],[98.5725,13.2437],[98.5721,13.2428],[98.5721,13.2437]]],[[[98.5729,13.2454],[98.5733,13.2454],[98.5729,13.2447],[98.5729,13.2454]]],[[[98.5738,13.2487],[98.5721,13.2487],[98.5721,13.2504],[98.5688,13.2504],[98.5688,13.2521],[98.5671,13.2521],[98.5671,13.2537],[98.5688,13.2537],[98.5688,13.2529],[98.5713,13.2529],[98.5713,13.2521],[98.5721,13.2521],[98.5721,13.2537],[98.5713,13.2537],[98.5713,13.2554],[98.5679,13.2554],[98.5679,13.2562],[98.5654,13.2562],[98.5654,13.2587],[98.5646,13.2587],[98.5654,13.2604],[98.5688,13.2604],[98.5696,13.2587],[98.5713,13.2587],[98.5713,13.2571],[98.5721,13.2571],[98.5721,13.2562],[98.5746,13.2562],[98.5746,13.2579],[98.5763,13.2579],[98.5763,13.2571],[98.5788,13.2571],[98.5788,13.2579],[98.5796,13.2579],[98.5796,13.2571],[98.5813,13.2571],[98.5821,13.2587],[98.5829,13.2587],[98.5829,13.2579],[98.5871,13.2579],[98.5871,13.2571],[98.5896,13.2571],[98.5896,13.2554],[98.5904,13.2554],[98.5904,13.2537],[98.5896,13.2537],[98.5888,13.2521],[98.5846,13.2521],[98.5846,13.2537],[98.5829,13.2537],[98.5829,13.2529],[98.5813,13.2521],[98.5813,13.2512],[98.5804,13.2512],[98.5804,13.2496],[98.5796,13.2496],[98.5796,13.2479],[98.5779,13.2471],[98.5779,13.2454],[98.5771,13.2454],[98.5771,13.2421],[98.5763,13.2421],[98.5763,13.2404],[98.5754,13.2404],[98.5754,13.2396],[98.575,13.2396],[98.577,13.2449],[98.5769,13.2463],[98.5762,13.2481],[98.5746,13.2477],[98.5738,13.2461],[98.5738,13.2487]],[[98.5779,13.2504],[98.5771,13.2504],[98.5771,13.2529],[98.5754,13.2529],[98.5754,13.2496],[98.5779,13.2496],[98.5779,13.2504]]],[[[98.5746,13.2354],[98.5763,13.2354],[98.5763,13.2346],[98.5746,13.2337],[98.5742,13.2321],[98.5746,13.2384],[98.5746,13.2354]]],[[[98.5738,13.2271],[98.5746,13.2271],[98.5738,13.2254],[98.5754,13.2254],[98.5754,13.2237],[98.5738,13.2237],[98.5738,13.2229],[98.5713,13.2229],[98.5713,13.2212],[98.5704,13.2212],[98.5703,13.2245],[98.5738,13.2303],[98.5738,13.2271]],[[98.5721,13.2246],[98.5713,13.2246],[98.5713,13.2237],[98.5721,13.2237],[98.5721,13.2246]]],[[[98.5696,13.2362],[98.5702,13.2362],[98.5696,13.2332],[98.5696,13.2362]]],[[[98.5663,13.2271],[98.5663,13.2271],[98.5663,13.227],[98.5663,13.2271]]],[[[98.5763,13.2296],[98.5746,13.2296],[98.5746,13.2312],[98.5754,13.2312],[98.5754,13.2321],[98.5763,13.2321],[98.5763,13.2296]]],[[[98.5779,13.2354],[98.5779,13.2362],[98.5796,13.2362],[98.5796,13.2371],[98.5804,13.2371],[98.5804,13.2354],[98.5796,13.2354],[98.5796,13.2346],[98.5779,13.2354]]],[[[98.5804,13.2404],[98.5804,13.2387],[98.5796,13.2387],[98.5796,13.2379],[98.5779,13.2387],[98.5779,13.2404],[98.5804,13.2404]]],[[[98.5638,13.2479],[98.5646,13.2479],[98.5646,13.2462],[98.5654,13.2462],[98.5654,13.2446],[98.5638,13.2454],[98.5638,13.2479]]],[[[98.5696,13.2479],[98.5713,13.2479],[98.5713,13.2454],[98.5696,13.2454],[98.5696,13.2479]]],[[[98.5313,13.2471],[98.5313,13.2496],[98.5338,13.2496],[98.5338,13.2487],[98.5329,13.2487],[98.5329,13.2471],[98.5313,13.2471]]],[[[98.5496,13.2496],[98.5513,13.2496],[98.5513,13.2487],[98.5563,13.2487],[98.5563,13.2462],[98.5529,13.2462],[98.5529,13.2454],[98.5488,13.2454],[98.5488,13.2487],[98.5479,13.2487],[98.5479,13.2496],[98.5446,13.2496],[98.5446,13.2521],[98.5454,13.2521],[98.5454,13.2529],[98.5471,13.2529],[98.5471,13.2546],[98.5463,13.2546],[98.5463,13.2562],[98.5479,13.2562],[98.5479,13.2554],[98.5504,13.2554],[98.5504,13.2571],[98.5496,13.2571],[98.5496,13.2587],[98.5513,13.2596],[98.5513,13.2604],[98.5529,13.2604],[98.5529,13.2587],[98.5546,13.2579],[98.5554,13.2562],[98.5538,13.2562],[98.5529,13.2546],[98.5504,13.2546],[98.5504,13.2529],[98.5496,13.2529],[98.5496,13.2521],[98.5471,13.2521],[98.5471,13.2504],[98.5496,13.2504],[98.5496,13.2496]]],[[[98.5354,13.2529],[98.5354,13.2546],[98.5371,13.2554],[98.5371,13.2529],[98.5354,13.2529]]],[[[98.5579,13.2562],[98.5579,13.2546],[98.5563,13.2546],[98.5563,13.2554],[98.5554,13.2554],[98.5554,13.2562],[98.5579,13.2562]]],[[[98.5604,13.2554],[98.5604,13.2571],[98.5621,13.2571],[98.5621,13.2554],[98.5604,13.2554]]],[[[98.5363,13.2571],[98.5354,13.2571],[98.5354,13.2587],[98.5371,13.2587],[98.5371,13.2579],[98.5379,13.2579],[98.5371,13.2562],[98.5363,13.2562],[98.5363,13.2571]]],[[[98.5396,13.2637],[98.5396,13.2629],[98.5404,13.2629],[98.5404,13.2604],[98.5388,13.2604],[98.5388,13.2621],[98.5379,13.2621],[98.5379,13.2637],[98.5396,13.2637]]],[[[98.5638,13.2612],[98.5638,13.2621],[98.5621,13.2629],[98.5621,13.2646],[98.5679,13.2646],[98.5679,13.2621],[98.5671,13.2621],[98.5671,13.2629],[98.5654,13.2629],[98.5654,13.2612],[98.5638,13.2612]]],[[[98.5629,13.2679],[98.5629,13.2704],[98.5646,13.2704],[98.5646,13.2687],[98.5629,13.2679]]],[[[98.5213,13.2671],[98.5213,13.2679],[98.5204,13.2679],[98.5204,13.2712],[98.5196,13.2712],[98.5196,13.2754],[98.5204,13.2754],[98.5204,13.2762],[98.5213,13.2762],[98.5221,13.2779],[98.5229,13.2779],[98.5229,13.2754],[98.5238,13.2754],[98.5238,13.2721],[98.5246,13.2721],[98.5246,13.2687],[98.5221,13.2687],[98.5221,13.2671],[98.5229,13.2671],[98.5238,13.2654],[98.5246,13.2654],[98.5246,13.2637],[98.5279,13.2637],[98.5279,13.2621],[98.5263,13.2612],[98.5254,13.2629],[98.5229,13.2629],[98.5229,13.2637],[98.5204,13.2637],[98.5204,13.2654],[98.5213,13.2654],[98.5204,13.2671],[98.5213,13.2671]]],[[[98.5729,13.2887],[98.5729,13.2846],[98.5713,13.2846],[98.5713,13.2862],[98.5721,13.2862],[98.5721,13.2879],[98.5713,13.2879],[98.5713,13.2929],[98.5721,13.2929],[98.5721,13.2937],[98.5729,13.2937],[98.5729,13.2904],[98.5738,13.2904],[98.5738,13.2887],[98.5729,13.2887]]],[[[98.5196,13.2971],[98.5204,13.2987],[98.5221,13.2987],[98.5221,13.2971],[98.5196,13.2971]]],[[[98.5754,13.3037],[98.5763,13.3037],[98.5763,13.3029],[98.5754,13.3029],[98.5754,13.3012],[98.5738,13.3012],[98.5738,13.3046],[98.5754,13.3046],[98.5754,13.3037]]],[[[98.5654,13.3212],[98.5654,13.3221],[98.5638,13.3221],[98.5638,13.3229],[98.5663,13.3229],[98.5663,13.3212],[98.5654,13.3212]]],[[[98.5838,10.7354],[98.5829,10.7354],[98.5829,10.7371],[98.5863,10.7371],[98.5863,10.7362],[98.5854,10.7362],[98.5854,10.7346],[98.5838,10.7346],[98.5838,10.7354]]],[[[98.5863,10.7379],[98.5854,10.7379],[98.5854,10.7396],[98.5863,10.7396],[98.5863,10.7404],[98.5879,10.7404],[98.5879,10.7396],[98.5896,10.7396],[98.5896,10.7379],[98.5871,10.7379],[98.5871,10.7371],[98.5863,10.7371],[98.5863,10.7379]]],[[[98.5929,10.7387],[98.5913,10.7387],[98.5913,10.7404],[98.5929,10.7404],[98.5929,10.7387]]],[[[98.6029,10.7671],[98.6029,10.7654],[98.6013,10.7654],[98.6013,10.7662],[98.6004,10.7662],[98.6004,10.7671],[98.6029,10.7671]]],[[[98.5929,10.7729],[98.5913,10.7729],[98.5913,10.7737],[98.5946,10.7737],[98.5954,10.7721],[98.5979,10.7721],[98.5979,10.7746],[98.5988,10.7746],[98.5988,10.7737],[98.5996,10.7737],[98.5996,10.7696],[98.5988,10.7696],[98.5988,10.7687],[98.6004,10.7679],[98.6004,10.7671],[98.5996,10.7671],[98.5996,10.7662],[98.5979,10.7662],[98.5979,10.7671],[98.5971,10.7671],[98.5971,10.7646],[98.5954,10.7646],[98.5954,10.7654],[98.5938,10.7654],[98.5938,10.7637],[98.5904,10.7637],[98.5904,10.7654],[98.5913,10.7654],[98.5913,10.7671],[98.5904,10.7671],[98.5904,10.7679],[98.5913,10.7679],[98.5913,10.7687],[98.5946,10.7687],[98.5946,10.7704],[98.5938,10.7704],[98.5938,10.7721],[98.5929,10.7721],[98.5929,10.7729]]],[[[98.5879,10.7696],[98.5896,10.7704],[98.5896,10.7679],[98.5879,10.7687],[98.5879,10.7696]]],[[[98.5921,10.7804],[98.5921,10.7821],[98.5938,10.7829],[98.5938,10.7804],[98.5921,10.7804]]],[[[98.5954,10.7821],[98.5954,10.7837],[98.5971,10.7837],[98.5971,10.7821],[98.5954,10.7821]]],[[[98.5929,10.7912],[98.5938,10.7912],[98.5938,10.7904],[98.5929,10.7904],[98.5929,10.7871],[98.5938,10.7871],[98.5938,10.7862],[98.5954,10.7862],[98.5954,10.7846],[98.5946,10.7846],[98.5946,10.7837],[98.5938,10.7837],[98.5938,10.7846],[98.5921,10.7846],[98.5921,10.7871],[98.5913,10.7871],[98.5913,10.7862],[98.5879,10.7862],[98.5879,10.7871],[98.5863,10.7871],[98.5863,10.7854],[98.5854,10.7854],[98.5854,10.7887],[98.5847,10.7887],[98.5846,10.7904],[98.5854,10.7904],[98.5863,10.7921],[98.5871,10.7921],[98.5871,10.7912],[98.5921,10.7912],[98.5921,10.7921],[98.5929,10.7921],[98.5929,10.7912]],[[98.5888,10.7896],[98.5896,10.7896],[98.5896,10.7904],[98.5863,10.7904],[98.5863,10.7887],[98.5888,10.7887],[98.5888,10.7896]]],[[[98.5871,10.7946],[98.5888,10.7954],[98.5888,10.7937],[98.5871,10.7937],[98.5871,10.7946]]],[[[98.5954,10.7971],[98.5954,10.7962],[98.5929,10.7962],[98.5929,10.7971],[98.5954,10.7971]]],[[[98.6146,10.8104],[98.6163,10.8104],[98.6163,10.8112],[98.6171,10.8112],[98.6171,10.8129],[98.6196,10.8129],[98.6196,10.8137],[98.6213,10.8137],[98.6213,10.8121],[98.6246,10.8121],[98.6246,10.8112],[98.6254,10.8112],[98.6254,10.8087],[98.6238,10.8087],[98.6238,10.8079],[98.6229,10.8079],[98.6229,10.8096],[98.6204,10.8096],[98.6204,10.8046],[98.6196,10.8046],[98.6196,10.8037],[98.6179,10.8037],[98.6179,10.8012],[98.6188,10.8012],[98.6188,10.8004],[98.6179,10.8004],[98.6179,10.7996],[98.6163,10.7996],[98.6163,10.7987],[98.6146,10.7987],[98.6146,10.8012],[98.6154,10.8012],[98.6154,10.8021],[98.6146,10.8021],[98.6146,10.8046],[98.6163,10.8054],[98.6163,10.8079],[98.6146,10.8079],[98.6146,10.8071],[98.6121,10.8071],[98.6113,10.8054],[98.6096,10.8046],[98.6096,10.8037],[98.6104,10.8037],[98.6104,10.8021],[98.6088,10.8012],[98.6088,10.7996],[98.6071,10.7987],[98.6071,10.7979],[98.6046,10.7979],[98.6046,10.7996],[98.6054,10.7996],[98.6054,10.8012],[98.6029,10.8012],[98.6036,10.8016],[98.6039,10.803],[98.6029,10.8034],[98.6029,10.8054],[98.6054,10.8054],[98.6054,10.8062],[98.6071,10.8062],[98.6071,10.8087],[98.6079,10.8087],[98.6079,10.8096],[98.6113,10.8096],[98.6113,10.8104],[98.6129,10.8104],[98.6129,10.8112],[98.6146,10.8112],[98.6146,10.8104]]],[[[98.6021,10.8246],[98.6021,10.8221],[98.6029,10.8221],[98.6029,10.8212],[98.5996,10.8212],[98.5996,10.8196],[98.6013,10.8187],[98.6013,10.8171],[98.6004,10.8171],[98.6004,10.8137],[98.6013,10.8137],[98.6013,10.8079],[98.6021,10.8079],[98.6021,10.8071],[98.6004,10.8071],[98.6004,10.8062],[98.5976,10.8062],[98.5971,10.8065],[98.5971,10.8129],[98.5979,10.8129],[98.5979,10.8162],[98.5988,10.8162],[98.5988,10.8229],[98.6004,10.8229],[98.6004,10.8254],[98.6021,10.8246]]],[[[98.6129,10.8296],[98.6138,10.8296],[98.6138,10.8271],[98.6146,10.8271],[98.6146,10.8254],[98.6171,10.8254],[98.6171,10.8212],[98.6163,10.8212],[98.6154,10.8229],[98.6138,10.8229],[98.6138,10.8212],[98.6129,10.8212],[98.6129,10.8204],[98.6121,10.8204],[98.6121,10.8212],[98.6113,10.8212],[98.6113,10.8204],[98.6096,10.8204],[98.6096,10.8187],[98.6121,10.8187],[98.6121,10.8179],[98.6113,10.8179],[98.6113,10.8162],[98.6129,10.8154],[98.6129,10.8137],[98.6104,10.8137],[98.6104,10.8146],[98.6096,10.8146],[98.6096,10.8171],[98.6088,10.8171],[98.6088,10.8187],[98.6063,10.8187],[98.6063,10.8196],[98.6054,10.8196],[98.6054,10.8212],[98.6071,10.8212],[98.6071,10.8229],[98.6046,10.8229],[98.6046,10.8237],[98.6054,10.8237],[98.6054,10.8254],[98.6063,10.8254],[98.6063,10.8246],[98.6079,10.8246],[98.6079,10.8254],[98.6096,10.8254],[98.6096,10.8262],[98.6104,10.8262],[98.6104,10.8279],[98.6121,10.8279],[98.6129,10.8296]]],[[[98.6288,10.8237],[98.6296,10.8254],[98.6321,10.8254],[98.6321,10.8237],[98.6296,10.8237],[98.6296,10.8229],[98.6279,10.8229],[98.6279,10.8237],[98.6288,10.8237]]],[[[98.6013,10.8329],[98.6013,10.8312],[98.5996,10.8304],[98.5996,10.8287],[98.5954,10.8289],[98.5954,10.8296],[98.5971,10.8296],[98.5971,10.8304],[98.5988,10.8312],[98.5988,10.8321],[98.5996,10.8321],[98.5996,10.8329],[98.6013,10.8329]]],[[[98.5946,10.8287],[98.5952,10.8287],[98.5946,10.8285],[98.5946,10.8287]]],[[[98.6213,10.8329],[98.6221,10.8329],[98.6221,10.8296],[98.6213,10.8296],[98.6213,10.8279],[98.6204,10.8279],[98.6204,10.8271],[98.6188,10.8271],[98.6188,10.8287],[98.6196,10.8287],[98.6196,10.8329],[98.6146,10.8329],[98.6146,10.8337],[98.6154,10.8337],[98.6154,10.8346],[98.6171,10.8346],[98.6171,10.8337],[98.6188,10.8337],[98.6188,10.8346],[98.6213,10.8346],[98.6213,10.8329]]],[[[98.6221,10.8446],[98.6246,10.8446],[98.6246,10.8437],[98.6263,10.8437],[98.6263,10.8421],[98.6279,10.8412],[98.6279,10.8396],[98.6288,10.8396],[98.6288,10.8371],[98.6296,10.8371],[98.6296,10.8354],[98.6304,10.8354],[98.6301,10.8312],[98.6311,10.8287],[98.6304,10.8287],[98.6304,10.8279],[98.6288,10.8279],[98.6288,10.8321],[98.6296,10.8321],[98.6296,10.8337],[98.6288,10.8337],[98.6288,10.8329],[98.6263,10.8329],[98.6263,10.8346],[98.6246,10.8346],[98.6246,10.8412],[98.6238,10.8412],[98.6238,10.8429],[98.6221,10.8429],[98.6221,10.8446]]],[[[98.5988,10.8379],[98.5988,10.8387],[98.6013,10.8387],[98.6013,10.8404],[98.5996,10.8404],[98.5999,10.8408],[98.5988,10.8413],[98.5938,10.8404],[98.5931,10.8387],[98.5904,10.8375],[98.5921,10.8387],[98.5921,10.8396],[98.5929,10.8396],[98.5929,10.8404],[98.5938,10.8404],[98.5938,10.8421],[98.5946,10.8421],[98.5946,10.8462],[98.5954,10.8462],[98.5954,10.8446],[98.5963,10.8446],[98.5963,10.8421],[98.5979,10.8421],[98.5979,10.8446],[98.5988,10.8446],[98.5988,10.8454],[98.6021,10.8454],[98.6021,10.8421],[98.6029,10.8421],[98.6029,10.8387],[98.6038,10.8387],[98.6038,10.8379],[98.6046,10.8379],[98.6054,10.8362],[98.6088,10.8362],[98.6088,10.8354],[98.6113,10.8354],[98.6113,10.8337],[98.6104,10.8337],[98.6104,10.8312],[98.6121,10.8312],[98.6121,10.8304],[98.6104,10.8304],[98.6104,10.8287],[98.6096,10.8287],[98.6096,10.8279],[98.6013,10.8279],[98.6013,10.8296],[98.6038,10.8296],[98.6038,10.8321],[98.6021,10.8321],[98.6021,10.8329],[98.6029,10.8329],[98.6029,10.8379],[98.6013,10.8379],[98.6013,10.8362],[98.5996,10.8362],[98.5996,10.8379],[98.5988,10.8379]],[[98.6096,10.8304],[98.6079,10.8304],[98.6079,10.8287],[98.6096,10.8287],[98.6096,10.8304]]],[[[98.5979,10.8396],[98.5977,10.8396],[98.5979,10.8399],[98.5979,10.8396]]],[[[98.5888,10.8362],[98.5891,10.8362],[98.5888,10.8358],[98.5888,10.8362]]],[[[98.5896,10.8371],[98.5899,10.8371],[98.5896,10.8368],[98.5896,10.8371]]],[[[98.6204,10.8396],[98.6221,10.8396],[98.6221,10.8362],[98.6213,10.8362],[98.6213,10.8354],[98.6204,10.8354],[98.6204,10.8396]]],[[[98.6096,10.8471],[98.6105,10.8457],[98.6121,10.8453],[98.6121,10.8446],[98.6138,10.8446],[98.6138,10.8437],[98.6163,10.8437],[98.6163,10.8429],[98.6179,10.8421],[98.6179,10.8354],[98.6146,10.8354],[98.6146,10.8371],[98.6138,10.8371],[98.6138,10.8387],[98.6121,10.8387],[98.6121,10.8379],[98.6096,10.8379],[98.6096,10.8396],[98.6071,10.8396],[98.6071,10.8446],[98.6079,10.8446],[98.6079,10.8471],[98.6096,10.8471]]],[[[98.6338,10.8479],[98.6338,10.8521],[98.6354,10.8521],[98.6354,10.8504],[98.6346,10.8504],[98.6346,10.8487],[98.6371,10.8487],[98.6371,10.8471],[98.6354,10.8471],[98.6354,10.8479],[98.6338,10.8479]]],[[[98.6021,10.8512],[98.6021,10.8504],[98.6038,10.8504],[98.6038,10.8487],[98.6004,10.8487],[98.5996,10.8504],[98.6004,10.8504],[98.6004,10.8512],[98.6021,10.8512]]],[[[98.6088,10.8479],[98.6088,10.8487],[98.6079,10.8487],[98.6079,10.8512],[98.6063,10.8512],[98.6063,10.8521],[98.6046,10.8521],[98.6046,10.8529],[98.608,10.8529],[98.6096,10.8484],[98.6096,10.8479],[98.6088,10.8479]]],[[[98.6058,10.8579],[98.6071,10.8596],[98.6088,10.8596],[98.6096,10.8612],[98.6104,10.8612],[98.6104,10.8629],[98.6113,10.8629],[98.6113,10.8637],[98.6154,10.8637],[98.6154,10.8646],[98.6238,10.8646],[98.6238,10.8637],[98.6258,10.8637],[98.627,10.8611],[98.6267,10.8518],[98.6262,10.8507],[98.6237,10.8491],[98.6142,10.8466],[98.6129,10.8472],[98.6129,10.8521],[98.6121,10.8521],[98.6121,10.8537],[98.6106,10.8537],[98.6088,10.8562],[98.6058,10.8579]],[[98.6246,10.8529],[98.6263,10.8521],[98.6263,10.8554],[98.6254,10.8554],[98.6254,10.8562],[98.6246,10.8562],[98.6246,10.8554],[98.6221,10.8554],[98.6221,10.8562],[98.6213,10.8562],[98.6213,10.8546],[98.6238,10.8546],[98.6246,10.8529]],[[98.6263,10.8604],[98.6254,10.8604],[98.6254,10.8596],[98.6263,10.8596],[98.6263,10.8604]],[[98.6196,10.8504],[98.6188,10.8504],[98.6188,10.8496],[98.6196,10.8496],[98.6196,10.8504]]],[[[98.5913,10.8612],[98.5898,10.8612],[98.5888,10.8629],[98.5913,10.8629],[98.5913,10.8612]]],[[[98.6304,10.8629],[98.6304,10.8654],[98.6296,10.8654],[98.6288,10.8671],[98.6321,10.8671],[98.6321,10.8654],[98.6329,10.8654],[98.6329,10.8637],[98.6313,10.8637],[98.6313,10.8629],[98.6304,10.8629]]],[[[98.6288,10.8679],[98.6263,10.8679],[98.6263,10.8671],[98.6254,10.8671],[98.6254,10.8687],[98.6263,10.8687],[98.6263,10.8696],[98.6288,10.8696],[98.6288,10.8679]]],[[[98.5896,10.8637],[98.5871,10.8637],[98.5868,10.8626],[98.5821,10.8632],[98.5821,10.8637],[98.5811,10.8633],[98.5771,10.865],[98.5763,10.8655],[98.5763,10.8662],[98.5754,10.8662],[98.5754,10.8671],[98.5746,10.8671],[98.5746,10.8687],[98.5738,10.8687],[98.5738,10.8704],[98.5729,10.8704],[98.5729,10.8721],[98.5738,10.8721],[98.5738,10.8729],[98.5754,10.8729],[98.5754,10.8754],[98.5763,10.8754],[98.5771,10.8771],[98.5788,10.8771],[98.5788,10.8779],[98.5804,10.8779],[98.5804,10.8787],[98.5821,10.8787],[98.5821,10.8796],[98.5838,10.8796],[98.5846,10.8812],[98.5863,10.8812],[98.5863,10.8821],[98.5879,10.8821],[98.5879,10.8829],[98.5913,10.8829],[98.5913,10.8837],[98.5929,10.8846],[98.5929,10.8854],[98.5946,10.8854],[98.5954,10.8871],[98.5996,10.8871],[98.5996,10.8879],[98.6004,10.8879],[98.6013,10.8896],[98.6021,10.8896],[98.6021,10.8887],[98.6038,10.8887],[98.6038,10.8879],[98.6063,10.8879],[98.6063,10.8896],[98.6038,10.8896],[98.6038,10.8904],[98.6046,10.8904],[98.6046,10.8912],[98.6063,10.8912],[98.6063,10.8921],[98.6071,10.8921],[98.6071,10.8904],[98.6079,10.8904],[98.6079,10.8879],[98.6096,10.8879],[98.6096,10.8871],[98.6104,10.8871],[98.6104,10.8879],[98.6129,10.8879],[98.6129,10.8896],[98.6113,10.8896],[98.6113,10.8904],[98.6104,10.8904],[98.6104,10.8937],[98.6121,10.8937],[98.6121,10.8946],[98.6138,10.8946],[98.6138,10.8954],[98.6196,10.8954],[98.6196,10.8946],[98.6204,10.8946],[98.6204,10.8962],[98.6221,10.8962],[98.6221,10.8971],[98.6238,10.8979],[98.6238,10.8987],[98.6263,10.8987],[98.6263,10.8996],[98.6288,10.8996],[98.6288,10.8987],[98.6313,10.8987],[98.6313,10.8979],[98.6329,10.8978],[98.6329,10.8971],[98.6337,10.8971],[98.6413,10.89],[98.6413,10.8887],[98.6404,10.8887],[98.6404,10.8879],[98.6388,10.8879],[98.6388,10.8896],[98.6363,10.8896],[98.6363,10.8879],[98.6354,10.8879],[98.6354,10.8871],[98.6346,10.8871],[98.6338,10.8854],[98.6313,10.8854],[98.6313,10.8871],[98.6304,10.8871],[98.6304,10.8887],[98.6288,10.8887],[98.6288,10.8904],[98.6304,10.8904],[98.6304,10.8921],[98.6271,10.8921],[98.6271,10.8937],[98.6254,10.8937],[98.6254,10.8929],[98.6246,10.8929],[98.6246,10.8896],[98.6238,10.8896],[98.6238,10.8887],[98.6221,10.8887],[98.6221,10.8846],[98.6213,10.8846],[98.6213,10.8829],[98.6196,10.8821],[98.6196,10.8787],[98.6246,10.8787],[98.6246,10.8796],[98.6254,10.8796],[98.6254,10.8812],[98.6279,10.8812],[98.6279,10.8804],[98.6288,10.8804],[98.6288,10.8779],[98.6279,10.8779],[98.6279,10.8762],[98.6271,10.8762],[98.6271,10.8737],[98.6288,10.8737],[98.6288,10.8721],[98.6254,10.8721],[98.6254,10.8712],[98.6238,10.8704],[98.6238,10.8674],[98.6213,10.8681],[98.6213,10.8687],[98.6204,10.8683],[98.6138,10.8698],[98.6138,10.8712],[98.6129,10.8712],[98.6129,10.8699],[98.6108,10.8706],[98.6054,10.8691],[98.604,10.8683],[98.6026,10.8661],[98.6005,10.8651],[98.5979,10.8626],[98.5965,10.8599],[98.5913,10.8551],[98.5913,10.8571],[98.5921,10.8571],[98.5921,10.8596],[98.5929,10.8596],[98.5929,10.8612],[98.5938,10.8612],[98.5938,10.8637],[98.5913,10.8637],[98.5913,10.8646],[98.5896,10.8646],[98.5896,10.8637]],[[98.6196,10.8829],[98.6188,10.8829],[98.6188,10.8821],[98.6196,10.8821],[98.6196,10.8829]],[[98.6229,10.8687],[98.6229,10.8704],[98.6213,10.8704],[98.6213,10.8687],[98.6229,10.8687]],[[98.6146,10.8712],[98.6146,10.8704],[98.6179,10.8704],[98.6179,10.8712],[98.6188,10.8712],[98.6188,10.8729],[98.6179,10.8729],[98.6179,10.8737],[98.6163,10.8737],[98.6154,10.8754],[98.6146,10.8754],[98.6146,10.8737],[98.6138,10.8737],[98.6138,10.8712],[98.6146,10.8712]],[[98.6238,10.8746],[98.6238,10.8762],[98.6221,10.8762],[98.6221,10.8746],[98.6238,10.8746]]],[[[98.5888,10.8546],[98.5899,10.8546],[98.5888,10.8542],[98.5888,10.8546]]],[[[98.6413,11.0246],[98.6428,11.0246],[98.6415,11.0229],[98.6413,11.0229],[98.6413,11.0246]]],[[[98.6404,11.0246],[98.641,11.0257],[98.6404,11.0271],[98.6413,11.0271],[98.6413,11.0246],[98.6404,11.0246]]],[[[98.6129,11.0204],[98.6129,11.0212],[98.6104,11.0212],[98.6096,11.0229],[98.6086,11.0229],[98.6038,11.0255],[98.6029,11.0271],[98.6021,11.0271],[98.6021,11.0287],[98.6013,11.0287],[98.6013,11.0296],[98.6004,11.0296],[98.6004,11.0279],[98.5972,11.0295],[98.5976,11.0304],[98.6001,11.0311],[98.6018,11.0303],[98.6038,11.0304],[98.6038,11.0321],[98.6021,11.0337],[98.6021,11.0346],[98.6004,11.0346],[98.6004,11.0354],[98.5996,11.0354],[98.6005,11.0412],[98.6013,11.0412],[98.6013,11.0396],[98.6004,11.0396],[98.6004,11.0379],[98.6029,11.0379],[98.6029,11.0387],[98.6038,11.0387],[98.6038,11.0379],[98.6054,11.0379],[98.6054,11.0362],[98.6038,11.0362],[98.6038,11.0346],[98.6054,11.0346],[98.6054,11.0337],[98.6063,11.0337],[98.6063,11.0362],[98.6079,11.0362],[98.6079,11.0354],[98.6096,11.0346],[98.6096,11.0329],[98.6088,11.0329],[98.6088,11.0321],[98.6063,11.0321],[98.6063,11.0312],[98.6071,11.0312],[98.6071,11.0304],[98.6079,11.0304],[98.6079,11.0312],[98.6104,11.0312],[98.6104,11.0304],[98.6121,11.0296],[98.6121,11.0271],[98.6129,11.0271],[98.6129,11.0262],[98.6146,11.0271],[98.6146,11.0262],[98.6154,11.0262],[98.6154,11.0246],[98.6171,11.0254],[98.6171,11.0287],[98.6204,11.0287],[98.6204,11.0279],[98.6229,11.0279],[98.6229,11.0287],[98.6238,11.0287],[98.6238,11.0329],[98.6246,11.0329],[98.6247,11.0346],[98.6251,11.0298],[98.6233,11.0257],[98.6211,11.0237],[98.6184,11.024],[98.6176,11.0252],[98.6174,11.0247],[98.6187,11.0229],[98.6217,11.0219],[98.6229,11.0196],[98.6183,11.0172],[98.6146,11.0137],[98.6146,11.0154],[98.6163,11.0162],[98.6163,11.0179],[98.6154,11.0179],[98.6154,11.0187],[98.6129,11.0187],[98.6129,11.0196],[98.6121,11.0196],[98.6121,11.0204],[98.6129,11.0204]],[[98.6154,11.0237],[98.6154,11.0229],[98.6146,11.0229],[98.6146,11.0212],[98.6171,11.0212],[98.6171,11.0221],[98.6163,11.0221],[98.6163,11.0237],[98.6154,11.0237]],[[98.6171,11.0179],[98.6188,11.0179],[98.6188,11.0187],[98.6196,11.0187],[98.6196,11.0212],[98.6188,11.0212],[98.6188,11.0221],[98.6171,11.0212],[98.6171,11.0179]],[[98.6079,11.0254],[98.6079,11.0262],[98.6071,11.0262],[98.6071,11.0246],[98.6088,11.0246],[98.6088,11.0237],[98.6104,11.0246],[98.6104,11.0237],[98.6121,11.0237],[98.6121,11.0229],[98.6138,11.0237],[98.6138,11.0246],[98.6121,11.0246],[98.6121,11.0254],[98.6113,11.0254],[98.6113,11.0271],[98.6104,11.0271],[98.6096,11.0254],[98.6079,11.0254]]],[[[98.6421,11.0296],[98.6404,11.0296],[98.6404,11.0321],[98.6396,11.0321],[98.6396,11.0329],[98.6379,11.0337],[98.6379,11.0354],[98.6371,11.0354],[98.6381,11.0371],[98.6388,11.0371],[98.6388,11.0354],[98.6404,11.0346],[98.6404,11.0329],[98.6421,11.0321],[98.6421,11.0296]]],[[[98.6029,11.0454],[98.6013,11.0446],[98.6013,11.0421],[98.6005,11.0421],[98.6004,11.0462],[98.5996,11.0462],[98.5996,11.0477],[98.5971,11.0484],[98.5971,11.0497],[98.5979,11.0504],[98.5979,11.0496],[98.5996,11.0496],[98.5996,11.0512],[98.6004,11.0512],[98.6004,11.0521],[98.6021,11.0521],[98.6021,11.0546],[98.6004,11.0546],[98.6004,11.0554],[98.6024,11.0552],[98.6039,11.0539],[98.6054,11.0546],[98.6054,11.0554],[98.6063,11.0554],[98.6063,11.0571],[98.6054,11.0571],[98.6054,11.0596],[98.6046,11.0596],[98.6046,11.0604],[98.6071,11.0598],[98.6071,11.0612],[98.6096,11.0612],[98.6096,11.0621],[98.6104,11.0621],[98.6104,11.0629],[98.6113,11.0629],[98.6116,11.0637],[98.6129,11.0612],[98.6134,11.0612],[98.6138,11.0596],[98.6153,11.0596],[98.6164,11.0587],[98.6174,11.0553],[98.6188,11.0546],[98.6188,11.0521],[98.6171,11.0512],[98.6171,11.0504],[98.6146,11.0504],[98.6146,11.0496],[98.6138,11.0496],[98.6138,11.0479],[98.6154,11.0479],[98.6154,11.0471],[98.6191,11.0471],[98.6224,11.0459],[98.6247,11.0426],[98.6245,11.0354],[98.6238,11.0354],[98.6238,11.0379],[98.6221,11.0387],[98.6221,11.0404],[98.6213,11.0404],[98.6213,11.0421],[98.6204,11.0421],[98.6204,11.0429],[98.6163,11.0429],[98.6163,11.0421],[98.6179,11.0421],[98.6179,11.0396],[98.6154,11.0396],[98.6154,11.0362],[98.6163,11.0362],[98.6163,11.0354],[98.6154,11.0354],[98.6154,11.0337],[98.6146,11.0337],[98.6146,11.0321],[98.6121,11.0321],[98.6121,11.0337],[98.6129,11.0337],[98.6129,11.0354],[98.6113,11.0362],[98.6113,11.0379],[98.6146,11.0379],[98.6146,11.0387],[98.6138,11.0387],[98.6138,11.0396],[98.6121,11.0396],[98.6121,11.0404],[98.6096,11.0404],[98.6096,11.0396],[98.6079,11.0387],[98.6079,11.0396],[98.6054,11.0396],[98.6054,11.0412],[98.6063,11.0412],[98.6063,11.0404],[98.6079,11.0404],[98.6088,11.0421],[98.6113,11.0421],[98.6113,11.0454],[98.6129,11.0454],[98.6129,11.0471],[98.6113,11.0479],[98.6113,11.0471],[98.6104,11.0471],[98.6104,11.0462],[98.6096,11.0462],[98.6088,11.0446],[98.6063,11.0446],[98.6063,11.0496],[98.6054,11.0496],[98.6054,11.0504],[98.6038,11.0504],[98.6038,11.0487],[98.6029,11.0487],[98.6029,11.0454]],[[98.6104,11.0479],[98.6096,11.0479],[98.6096,11.0471],[98.6104,11.0471],[98.6104,11.0479]]],[[[98.6113,11.0646],[98.6086,11.0646],[98.6099,11.0652],[98.6113,11.0646]]],[[[98.6079,11.0646],[98.6079,11.0637],[98.6063,11.0637],[98.6063,11.0646],[98.6079,11.0646]]],[[[98.6154,12.7662],[98.6154,12.7659],[98.6135,12.7662],[98.6154,12.7662]]],[[[98.6171,12.7704],[98.6171,12.7696],[98.6179,12.7696],[98.6179,12.7721],[98.6196,12.7721],[98.6196,12.7679],[98.6204,12.7679],[98.6204,12.7646],[98.6213,12.7646],[98.6213,12.7638],[98.6193,12.7652],[98.6179,12.7648],[98.6179,12.7671],[98.6171,12.7671],[98.6171,12.7679],[98.6154,12.7679],[98.6154,12.7704],[98.6171,12.7704]]],[[[98.6221,12.7637],[98.6221,12.7632],[98.6214,12.7637],[98.6221,12.7637]]],[[[98.6229,12.7629],[98.6229,12.7627],[98.6225,12.7629],[98.6229,12.7629]]],[[[98.6238,12.7621],[98.6238,12.7621],[98.6237,12.7621],[98.6238,12.7621]]],[[[98.6246,12.7729],[98.6246,12.7737],[98.6238,12.7737],[98.6238,12.7754],[98.6221,12.7754],[98.6221,12.7771],[98.6229,12.7771],[98.6229,12.7779],[98.6254,12.7779],[98.6254,12.7771],[98.6271,12.7771],[98.6271,12.7762],[98.6329,12.7762],[98.6338,12.7746],[98.6396,12.7746],[98.6396,12.7754],[98.6407,12.7754],[98.6413,12.7696],[98.6429,12.7696],[98.6429,12.7687],[98.6438,12.7687],[98.6438,12.7679],[98.6446,12.7679],[98.6454,12.7662],[98.6463,12.7662],[98.6463,12.7654],[98.6479,12.7654],[98.6477,12.7638],[98.644,12.7586],[98.6426,12.759],[98.6403,12.7618],[98.6379,12.7629],[98.6263,12.7618],[98.6263,12.7654],[98.6271,12.7654],[98.6271,12.7671],[98.6263,12.7671],[98.6263,12.7687],[98.6229,12.7687],[98.6229,12.7704],[98.6246,12.7704],[98.6246,12.7712],[98.6254,12.7712],[98.6254,12.7729],[98.6246,12.7729]],[[98.6346,12.7646],[98.6346,12.7654],[98.6338,12.7654],[98.6338,12.7646],[98.6346,12.7646]]],[[[98.6379,12.7796],[98.6388,12.7779],[98.6371,12.7779],[98.6363,12.7796],[98.6379,12.7796]]],[[[98.6296,12.7821],[98.6288,12.7821],[98.6288,12.7829],[98.6313,12.7829],[98.6313,12.7821],[98.6338,12.7821],[98.6338,12.7812],[98.6354,12.7812],[98.6354,12.7796],[98.6338,12.7796],[98.6338,12.7804],[98.6313,12.7804],[98.6313,12.7812],[98.6296,12.7812],[98.6296,12.7821]]],[[[98.6163,12.7829],[98.6154,12.7846],[98.6171,12.7846],[98.6171,12.7837],[98.6213,12.7837],[98.6213,12.7829],[98.6163,12.7829]]],[[[98.6388,12.8637],[98.6421,12.8637],[98.6421,12.8629],[98.6388,12.8629],[98.6388,12.8637]]],[[[98.6313,12.8704],[98.6313,12.8699],[98.6304,12.8702],[98.6304,12.8704],[98.6313,12.8704]]],[[[98.6329,12.8696],[98.6329,12.8694],[98.6324,12.8696],[98.6329,12.8696]]],[[[98.6346,12.8687],[98.6346,12.8684],[98.6342,12.8687],[98.6346,12.8687]]],[[[98.6363,12.8679],[98.6363,12.8672],[98.6353,12.8679],[98.6363,12.8679]]],[[[98.6379,12.8671],[98.6379,12.8662],[98.6388,12.8662],[98.6388,12.8646],[98.6375,12.8646],[98.6377,12.8667],[98.6365,12.8671],[98.6379,12.8671]]],[[[98.6338,12.8846],[98.6346,12.8846],[98.6346,12.8854],[98.6379,12.8854],[98.6379,12.8804],[98.6388,12.8804],[98.6388,12.8796],[98.6404,12.8796],[98.6404,12.8771],[98.6413,12.8771],[98.6413,12.8746],[98.6429,12.8746],[98.6429,12.8737],[98.6446,12.8737],[98.6446,12.8729],[98.6429,12.8721],[98.6421,12.8704],[98.6404,12.8704],[98.6404,12.8696],[98.6396,12.8696],[98.6396,12.8704],[98.6371,12.8704],[98.6371,12.8696],[98.6346,12.8696],[98.6329,12.8729],[98.6305,12.8729],[98.6304,12.8737],[98.6329,12.8737],[98.6329,12.8754],[98.6321,12.8754],[98.6313,12.8771],[98.6304,12.8771],[98.6304,12.8812],[98.6313,12.8812],[98.6313,12.8804],[98.6338,12.8804],[98.6338,12.8846]],[[98.6354,12.8746],[98.6346,12.8746],[98.6346,12.8737],[98.6354,12.8737],[98.6354,12.8746]],[[98.6346,12.8787],[98.6321,12.8787],[98.6321,12.8771],[98.6346,12.8771],[98.6346,12.8787]]],[[[98.6254,12.8871],[98.6271,12.8871],[98.6271,12.8862],[98.6288,12.8862],[98.6288,12.8846],[98.6279,12.8846],[98.6279,12.8837],[98.6274,12.8852],[98.6253,12.8867],[98.6229,12.8865],[98.6229,12.8871],[98.6238,12.8871],[98.6238,12.8879],[98.6254,12.8879],[98.6254,12.8871]]],[[[98.6371,12.8904],[98.6379,12.8921],[98.6396,12.8921],[98.6396,12.8912],[98.6404,12.8912],[98.6404,12.8904],[98.6396,12.8904],[98.6404,12.8887],[98.6429,12.8887],[98.6429,12.8896],[98.6438,12.8896],[98.6446,12.8879],[98.6463,12.8879],[98.6463,12.8871],[98.6454,12.8871],[98.6454,12.8854],[98.6446,12.8854],[98.6446,12.8846],[98.6429,12.8846],[98.6429,12.8854],[98.6413,12.8854],[98.6413,12.8879],[98.6396,12.8871],[98.6388,12.8887],[98.6354,12.8887],[98.6354,12.8904],[98.6371,12.8904]]],[[[98.6213,12.8921],[98.6221,12.8904],[98.6204,12.8904],[98.6204,12.8921],[98.6213,12.8921]]],[[[98.6229,12.9029],[98.6229,12.9025],[98.6222,12.9029],[98.6229,12.9029]]],[[[98.6235,12.9021],[98.6238,12.9004],[98.6237,12.9004],[98.6235,12.9021]]],[[[98.6188,12.9071],[98.6188,12.9065],[98.618,12.9071],[98.6188,12.9071]]],[[[98.6204,12.9062],[98.6204,12.9054],[98.6213,12.9054],[98.6213,12.9046],[98.62,12.9046],[98.6191,12.9062],[98.6204,12.9062]]],[[[98.6338,12.9246],[98.6338,12.9262],[98.6354,12.9262],[98.6354,12.9246],[98.6338,12.9246]]],[[[98.5988,12.9462],[98.5988,12.9421],[98.6004,12.9421],[98.6004,12.9412],[98.6013,12.9412],[98.6004,12.9396],[98.6013,12.9396],[98.6013,12.9387],[98.6038,12.9387],[98.6038,12.9379],[98.6054,12.9379],[98.6054,12.9387],[98.6046,12.9387],[98.6046,12.9429],[98.6054,12.9429],[98.6063,12.9446],[98.6079,12.9446],[98.6079,12.9437],[98.6113,12.9437],[98.6113,12.9446],[98.6129,12.9446],[98.6129,12.9454],[98.6138,12.9454],[98.6138,12.9479],[98.6129,12.9479],[98.6129,12.9521],[98.6138,12.9521],[98.6138,12.9504],[98.6146,12.9504],[98.6146,12.9496],[98.6154,12.9496],[98.6154,12.9504],[98.6179,12.9504],[98.6179,12.9521],[98.6188,12.9521],[98.6188,12.9529],[98.6213,12.9529],[98.6213,12.9537],[98.6229,12.9529],[98.6229,12.9554],[98.6238,12.9554],[98.6238,12.9562],[98.6213,12.9562],[98.6213,12.9579],[98.6221,12.9579],[98.6221,12.9587],[98.6229,12.9587],[98.6238,12.9604],[98.6246,12.9604],[98.6246,12.9612],[98.6263,12.9621],[98.6263,12.9629],[98.6271,12.9629],[98.6279,12.9646],[98.6288,12.9646],[98.6296,12.9662],[98.6304,12.9662],[98.6304,12.9671],[98.6313,12.9671],[98.6321,12.9687],[98.6329,12.9687],[98.6329,12.9671],[98.6321,12.9671],[98.6321,12.9654],[98.6338,12.9646],[98.6338,12.9637],[98.6354,12.9637],[98.6354,12.9621],[98.6346,12.9621],[98.6346,12.9604],[98.6338,12.9604],[98.6329,12.9587],[98.6313,12.9587],[98.6313,12.9579],[98.6288,12.9579],[98.6288,12.9571],[98.6304,12.9571],[98.6304,12.9562],[98.6321,12.9554],[98.6321,12.9537],[98.6346,12.9537],[98.6346,12.9496],[98.6363,12.9496],[98.6363,12.9471],[98.6379,12.9462],[98.6379,12.9454],[98.6371,12.9454],[98.6371,12.9421],[98.6354,12.9421],[98.6354,12.9429],[98.6346,12.9429],[98.6346,12.9387],[98.6338,12.9387],[98.6338,12.9362],[98.6329,12.9362],[98.6329,12.9354],[98.6313,12.9362],[98.6296,12.9329],[98.6263,12.9329],[98.6263,12.9304],[98.6304,12.9304],[98.6304,12.9296],[98.6296,12.9296],[98.6296,12.9287],[98.6279,12.9287],[98.6271,12.9271],[98.6296,12.9271],[98.6296,12.9279],[98.6313,12.9279],[98.6313,12.9296],[98.6321,12.9296],[98.6321,12.9262],[98.6313,12.9262],[98.6313,12.9254],[98.6329,12.9254],[98.6329,12.9246],[98.6304,12.9246],[98.6304,12.9237],[98.6279,12.9237],[98.6279,12.9229],[98.6271,12.9229],[98.6279,12.9212],[98.6263,12.9204],[98.6263,12.9179],[98.6254,12.9179],[98.6254,12.9162],[98.6271,12.9162],[98.6271,12.9171],[98.6279,12.9171],[98.6279,12.9196],[98.6304,12.9196],[98.6304,12.9187],[98.6313,12.9187],[98.6313,12.9179],[98.6304,12.9179],[98.6304,12.9112],[98.6313,12.9112],[98.6313,12.9104],[98.6304,12.9104],[98.6304,12.9096],[98.6279,12.9096],[98.6279,12.9112],[98.6296,12.9112],[98.6296,12.9129],[98.6288,12.9129],[98.6288,12.9146],[98.6271,12.9137],[98.6271,12.9104],[98.6254,12.9104],[98.6254,12.9071],[98.6271,12.9071],[98.6271,12.9046],[98.6254,12.9046],[98.6254,12.9037],[98.6238,12.9046],[98.6238,12.9071],[98.6246,12.9071],[98.6246,12.9096],[98.6229,12.9104],[98.6229,12.9121],[98.6213,12.9121],[98.6213,12.9087],[98.6196,12.9087],[98.6188,12.9104],[98.6154,12.9104],[98.6154,12.9085],[98.6138,12.9106],[98.6138,12.9129],[98.6111,12.9129],[98.6096,12.9137],[98.6113,12.9137],[98.6113,12.9154],[98.6104,12.9154],[98.6104,12.9171],[98.6113,12.9171],[98.6113,12.9196],[98.6088,12.9196],[98.6088,12.9171],[98.6083,12.9171],[98.6084,12.9187],[98.607,12.9195],[98.6046,12.9182],[98.6046,12.9187],[98.6038,12.9187],[98.6038,12.9196],[98.6029,12.9196],[98.6029,12.9187],[98.6017,12.9192],[98.6004,12.921],[98.6004,12.9237],[98.5996,12.9237],[98.5996,12.9246],[98.5963,12.9246],[98.5963,12.9254],[98.5946,12.9254],[98.5938,12.9271],[98.5929,12.9271],[98.5929,12.9287],[98.5913,12.9287],[98.5913,12.9304],[98.5904,12.9304],[98.5904,12.9346],[98.5913,12.9346],[98.5913,12.9362],[98.5929,12.9371],[98.5929,12.9379],[98.5946,12.9379],[98.5946,12.9396],[98.5954,12.9396],[98.5954,12.9404],[98.5979,12.9404],[98.5979,12.9412],[98.5938,12.9412],[98.5938,12.9429],[98.5946,12.9429],[98.5946,12.9446],[98.5954,12.9446],[98.5954,12.9462],[98.5988,12.9462]],[[98.6229,12.9521],[98.6238,12.9521],[98.6238,12.9529],[98.6229,12.9529],[98.6229,12.9521]],[[98.6238,12.9496],[98.6254,12.9496],[98.6254,12.9512],[98.6279,12.9512],[98.6279,12.9529],[98.6246,12.9529],[98.6246,12.9521],[98.6238,12.9521],[98.6238,12.9496]],[[98.5946,12.9371],[98.5971,12.9371],[98.5971,12.9362],[98.5963,12.9362],[98.5963,12.9329],[98.5954,12.9329],[98.5954,12.9304],[98.5946,12.9304],[98.5946,12.9279],[98.5954,12.9279],[98.5954,12.9287],[98.5963,12.9287],[98.5963,12.9312],[98.5988,12.9312],[98.5988,12.9321],[98.5979,12.9321],[98.5979,12.9371],[98.5988,12.9371],[98.5996,12.9387],[98.5971,12.9387],[98.5971,12.9379],[98.5954,12.9387],[98.5946,12.9371]],[[98.6313,12.9621],[98.6313,12.9637],[98.6304,12.9637],[98.6304,12.9621],[98.6313,12.9621]],[[98.6304,12.9521],[98.6304,12.9529],[98.6296,12.9529],[98.6296,12.9521],[98.6304,12.9521]],[[98.6246,12.9162],[98.6246,12.9171],[98.6221,12.9171],[98.6221,12.9162],[98.6246,12.9162]],[[98.6246,12.9362],[98.6246,12.9379],[98.6229,12.9379],[98.6229,12.9362],[98.6246,12.9362]],[[98.6238,12.9337],[98.6238,12.9346],[98.6229,12.9346],[98.6229,12.9337],[98.6238,12.9337]],[[98.6188,12.9454],[98.6188,12.9462],[98.6179,12.9462],[98.6179,12.9454],[98.6188,12.9454]],[[98.6171,12.9129],[98.6171,12.9146],[98.6154,12.9146],[98.6154,12.9137],[98.6146,12.9137],[98.6146,12.9129],[98.6171,12.9129]],[[98.6154,12.9396],[98.6154,12.9404],[98.6146,12.9404],[98.6146,12.9396],[98.6154,12.9396]],[[98.6038,12.9237],[98.6038,12.9229],[98.6021,12.9229],[98.6021,12.9212],[98.6046,12.9212],[98.6046,12.9221],[98.6063,12.9221],[98.6063,12.9237],[98.6054,12.9237],[98.6046,12.9254],[98.6029,12.9246],[98.6029,12.9237],[98.6038,12.9237]],[[98.6063,12.9312],[98.6063,12.9321],[98.6054,12.9321],[98.6054,12.9312],[98.6063,12.9312]],[[98.6004,12.9321],[98.6004,12.9304],[98.5996,12.9304],[98.5996,12.9296],[98.6013,12.9296],[98.6013,12.9304],[98.6046,12.9304],[98.6046,12.9321],[98.6029,12.9329],[98.6029,12.9346],[98.6004,12.9346],[98.6004,12.9337],[98.5996,12.9337],[98.5996,12.9321],[98.6004,12.9321]],[[98.5921,12.9312],[98.5921,12.9321],[98.5913,12.9321],[98.5913,12.9312],[98.5921,12.9312]],[[98.5921,12.9304],[98.5929,12.9304],[98.5929,12.9312],[98.5921,12.9312],[98.5921,12.9304]],[[98.5938,12.9312],[98.5938,12.9321],[98.5929,12.9321],[98.5929,12.9312],[98.5938,12.9312]]],[[[98.6042,12.9179],[98.6041,12.9178],[98.604,12.9179],[98.6042,12.9179]]],[[[98.5963,12.9529],[98.5971,12.9529],[98.5971,12.9537],[98.5988,12.9546],[98.5988,12.9554],[98.5996,12.9554],[98.5996,12.9537],[98.6029,12.9537],[98.6029,12.9512],[98.6046,12.9512],[98.6046,12.9521],[98.6071,12.9521],[98.6071,12.9504],[98.6079,12.9504],[98.6079,12.9487],[98.6071,12.9487],[98.6071,12.9462],[98.6038,12.9462],[98.6038,12.9446],[98.6029,12.9446],[98.6029,12.9429],[98.6021,12.9429],[98.6021,12.9421],[98.6004,12.9421],[98.6004,12.9462],[98.5988,12.9462],[98.5988,12.9471],[98.5996,12.9471],[98.5996,12.9487],[98.5971,12.9487],[98.5971,12.9471],[98.5954,12.9471],[98.5954,12.9496],[98.5963,12.9496],[98.5963,12.9529]]],[[[98.6404,12.9512],[98.6404,12.9504],[98.6421,12.9504],[98.6429,12.9487],[98.6396,12.9471],[98.6396,12.9496],[98.6371,12.9496],[98.6371,12.9521],[98.6388,12.9529],[98.6388,12.9546],[98.6404,12.9546],[98.6404,12.9529],[98.6396,12.9529],[98.6396,12.9512],[98.6404,12.9512]]],[[[98.6038,12.9529],[98.6038,12.9546],[98.6054,12.9546],[98.6054,12.9529],[98.6038,12.9529]]],[[[98.6071,12.9529],[98.6071,12.9544],[98.6088,12.953],[98.6088,12.9529],[98.6071,12.9529]]],[[[98.6204,12.9546],[98.6196,12.9546],[98.6196,12.9537],[98.6171,12.9537],[98.6171,12.9546],[98.6188,12.9546],[98.6188,12.9554],[98.6204,12.9554],[98.6204,12.9546]]],[[[98.6446,12.9637],[98.6463,12.9637],[98.6463,12.9612],[98.6421,12.9612],[98.6421,12.9579],[98.6438,12.9571],[98.6438,12.9537],[98.6446,12.9537],[98.6446,12.9529],[98.6421,12.9529],[98.6421,12.9537],[98.6413,12.9537],[98.6413,12.9546],[98.6421,12.9546],[98.6421,12.9554],[98.6413,12.9554],[98.6413,12.9571],[98.6379,12.9571],[98.6379,12.9596],[98.6371,12.9596],[98.6371,12.9612],[98.6388,12.9621],[98.6388,12.9637],[98.6404,12.9646],[98.6404,12.9671],[98.6388,12.9662],[98.6388,12.9671],[98.6379,12.9671],[98.6379,12.9696],[98.6396,12.9696],[98.6396,12.9687],[98.6413,12.9687],[98.6413,12.9679],[98.6429,12.9671],[98.6429,12.9646],[98.6446,12.9646],[98.6446,12.9637]],[[98.6421,12.9629],[98.6413,12.9629],[98.6413,12.9621],[98.6421,12.9621],[98.6421,12.9629]]],[[[98.5954,12.9687],[98.5963,12.9687],[98.5963,12.9696],[98.5979,12.9696],[98.5979,12.9687],[98.5971,12.9687],[98.5971,12.9681],[98.5954,12.9681],[98.5954,12.9687]]],[[[98.6379,12.9729],[98.6404,12.9729],[98.6413,12.9712],[98.6429,12.9712],[98.6429,12.9696],[98.6404,12.9696],[98.6404,12.9704],[98.6371,12.9704],[98.6371,12.9712],[98.6354,12.9712],[98.6354,12.9721],[98.6338,12.9721],[98.6338,12.9712],[98.6329,12.9712],[98.6329,12.9737],[98.6346,12.9737],[98.6338,12.9754],[98.6354,12.9754],[98.6354,12.9746],[98.6363,12.9746],[98.6363,12.9754],[98.6379,12.9754],[98.6379,12.9729]]],[[[98.5946,12.9737],[98.5963,12.9746],[98.5963,12.9729],[98.5946,12.9729],[98.5946,12.9737]]],[[[98.6404,12.9779],[98.6413,12.9796],[98.6421,12.9796],[98.6421,12.9779],[98.6404,12.9779]]],[[[98.6188,12.9779],[98.6179,12.9796],[98.6196,12.9796],[98.6196,12.9779],[98.6188,12.9779]]],[[[98.6029,12.9729],[98.6029,12.9737],[98.6013,12.9737],[98.6013,12.9704],[98.6004,12.9704],[98.6004,12.9712],[98.5996,12.9712],[98.5996,12.9746],[98.6013,12.9754],[98.6013,12.9762],[98.6004,12.9762],[98.6004,12.9779],[98.5996,12.9779],[98.5996,12.9771],[98.5979,12.9771],[98.5971,12.9754],[98.5963,12.9754],[98.5963,12.9779],[98.5971,12.9779],[98.5971,12.9812],[98.5996,12.9812],[98.5996,12.9846],[98.6021,12.9846],[98.6021,12.9837],[98.6004,12.9829],[98.6004,12.9812],[98.6013,12.9812],[98.6013,12.9804],[98.6029,12.9812],[98.6029,12.9862],[98.6038,12.9862],[98.6038,12.9896],[98.6046,12.9896],[98.6046,12.9921],[98.6038,12.9921],[98.6038,12.9929],[98.6021,12.9929],[98.6021,12.9946],[98.6038,12.9946],[98.6038,12.9954],[98.6054,12.9954],[98.6054,12.9962],[98.6063,12.9962],[98.6063,12.9979],[98.6071,12.9979],[98.6071,12.9996],[98.6063,12.9996],[98.6063,13.0004],[98.6071,13.0004],[98.6071,13.0021],[98.6096,13.0021],[98.6096,12.9996],[98.6079,12.9987],[98.6079,12.9979],[98.6088,12.9979],[98.6079,12.9962],[98.6096,12.9954],[98.6096,12.9921],[98.6088,12.9921],[98.6088,12.9929],[98.6079,12.9929],[98.6079,12.9921],[98.6063,12.9921],[98.6063,12.9887],[98.6071,12.9887],[98.6071,12.9871],[98.6063,12.9871],[98.6063,12.9846],[98.6079,12.9837],[98.6079,12.9862],[98.6096,12.9862],[98.6096,12.9854],[98.6113,12.9854],[98.6113,12.9846],[98.6129,12.9837],[98.6129,12.9812],[98.6096,12.9812],[98.6096,12.9796],[98.6104,12.9796],[98.6104,12.9787],[98.6129,12.9787],[98.6129,12.9796],[98.6154,12.9796],[98.6154,12.9754],[98.6121,12.9754],[98.6121,12.9721],[98.6138,12.9721],[98.6138,12.9712],[98.6154,12.9712],[98.6163,12.9729],[98.6179,12.9729],[98.6179,12.9737],[98.6196,12.9737],[98.6196,12.9746],[98.6213,12.9746],[98.6213,12.9721],[98.6204,12.9721],[98.6204,12.9704],[98.6196,12.9704],[98.6196,12.9687],[98.6204,12.9687],[98.6204,12.9696],[98.6221,12.9696],[98.6221,12.9671],[98.6204,12.9671],[98.6204,12.9662],[98.6221,12.9662],[98.6221,12.9654],[98.6229,12.9654],[98.6229,12.9687],[98.6246,12.9696],[98.6246,12.9704],[98.6263,12.9704],[98.6263,12.9721],[98.6279,12.9721],[98.6279,12.9746],[98.6296,12.9746],[98.6296,12.9754],[98.6304,12.9754],[98.6304,12.9771],[98.6313,12.9771],[98.6313,12.9787],[98.6321,12.9787],[98.6321,12.9796],[98.6313,12.9796],[98.6313,12.9821],[98.6321,12.9821],[98.6321,12.9829],[98.6296,12.9829],[98.6296,12.9846],[98.6304,12.9846],[98.6304,12.9854],[98.6329,12.9854],[98.6329,12.9846],[98.6338,12.9846],[98.6338,12.9862],[98.6346,12.9862],[98.6346,12.9854],[98.6388,12.9854],[98.6388,12.9829],[98.6454,12.9829],[98.6454,12.9821],[98.6338,12.9821],[98.6338,12.9812],[98.6329,12.9812],[98.6329,12.9791],[98.6267,12.9692],[98.6241,12.9663],[98.6189,12.9618],[98.6146,12.9589],[98.6146,12.9612],[98.6129,12.9621],[98.6129,12.9629],[98.6104,12.9629],[98.6104,12.9637],[98.6088,12.9637],[98.6088,12.9629],[98.6071,12.9629],[98.6071,12.9637],[98.6034,12.9646],[98.6004,12.9671],[98.5996,12.9671],[98.5996,12.9679],[98.6013,12.9679],[98.6013,12.9687],[98.6021,12.9687],[98.6029,12.9704],[98.6046,12.9712],[98.6046,12.9721],[98.6029,12.9729]],[[98.5996,12.9787],[98.5988,12.9787],[98.5988,12.9779],[98.5996,12.9779],[98.5996,12.9787]],[[98.6004,12.9787],[98.6004,12.9796],[98.5996,12.9796],[98.5996,12.9787],[98.6004,12.9787]],[[98.6329,12.9829],[98.6329,12.9837],[98.6321,12.9837],[98.6321,12.9829],[98.6329,12.9829]],[[98.6121,12.9671],[98.6129,12.9671],[98.6129,12.9687],[98.6113,12.9687],[98.6113,12.9671],[98.6096,12.9671],[98.6096,12.9679],[98.6079,12.9679],[98.6088,12.9662],[98.6121,12.9662],[98.6121,12.9671]],[[98.6079,12.9737],[98.6079,12.9729],[98.6071,12.9729],[98.6071,12.9712],[98.6079,12.9712],[98.6079,12.9704],[98.6088,12.9704],[98.6088,12.9712],[98.6096,12.9712],[98.6096,12.9704],[98.6113,12.9712],[98.6113,12.9721],[98.6104,12.9721],[98.6104,12.9737],[98.6079,12.9737]],[[98.6063,12.9712],[98.6063,12.9704],[98.6071,12.9704],[98.6071,12.9712],[98.6063,12.9712]],[[98.6088,12.9821],[98.6079,12.9821],[98.6079,12.9812],[98.6088,12.9812],[98.6088,12.9821]]],[[[98.6329,12.9754],[98.6328,12.9754],[98.6329,12.9756],[98.6329,12.9754]]],[[[98.6004,12.9862],[98.6004,12.9879],[98.6021,12.9879],[98.6021,12.9862],[98.6004,12.9862]]],[[[98.5996,12.9954],[98.6013,12.9962],[98.6013,12.9937],[98.5996,12.9937],[98.5996,12.9954]]],[[[98.6021,12.9996],[98.6021,13.0029],[98.6029,13.0029],[98.6029,13.0037],[98.6054,13.0037],[98.6054,12.9996],[98.6046,12.9996],[98.6046,12.9979],[98.6029,12.9979],[98.6029,12.9996],[98.6021,12.9996]]],[[[98.5938,13.0196],[98.5938,13.0179],[98.5946,13.0179],[98.5946,13.0154],[98.5954,13.0154],[98.5963,13.0137],[98.5979,13.0146],[98.5979,13.0112],[98.5988,13.0112],[98.5988,13.0104],[98.6013,13.0104],[98.6021,13.0087],[98.6038,13.0087],[98.6038,13.0054],[98.6013,13.0054],[98.6013,13.0087],[98.5996,13.0087],[98.5996,13.0079],[98.5988,13.0079],[98.5988,13.0087],[98.5954,13.0087],[98.5954,13.0079],[98.5938,13.0079],[98.5938,13.0087],[98.5913,13.0092],[98.5913,13.0104],[98.5921,13.0104],[98.5921,13.0121],[98.5896,13.0121],[98.5896,13.0162],[98.5904,13.0162],[98.5904,13.0171],[98.5921,13.0171],[98.5921,13.0179],[98.5913,13.0179],[98.5913,13.0196],[98.5938,13.0196]],[[98.5963,13.0104],[98.5954,13.0104],[98.5954,13.0096],[98.5963,13.0096],[98.5963,13.0104]]],[[[98.6113,13.0404],[98.6113,13.0387],[98.6096,13.0387],[98.6096,13.0404],[98.6088,13.0404],[98.6088,13.0412],[98.6104,13.0421],[98.6104,13.0404],[98.6113,13.0404]]],[[[98.6146,13.0421],[98.6146,13.0446],[98.6154,13.0446],[98.6154,13.0429],[98.6163,13.0429],[98.6163,13.0421],[98.6146,13.0421]]],[[[98.5996,13.0529],[98.5996,13.0537],[98.5988,13.0537],[98.5988,13.0554],[98.5954,13.0554],[98.5954,13.0546],[98.5933,13.0562],[98.5946,13.0562],[98.5946,13.0571],[98.5938,13.0571],[98.5938,13.0629],[98.5954,13.0629],[98.5954,13.0671],[98.5944,13.0671],[98.5924,13.0686],[98.5891,13.0686],[98.5846,13.0666],[98.5838,13.0654],[98.5838,13.0671],[98.5846,13.0671],[98.5846,13.0687],[98.5829,13.0696],[98.5829,13.0712],[98.5821,13.0712],[98.5821,13.0721],[98.5854,13.0721],[98.5854,13.0729],[98.5888,13.0729],[98.5888,13.0771],[98.5896,13.0771],[98.5896,13.0787],[98.5904,13.0787],[98.5904,13.0821],[98.5929,13.0821],[98.5913,13.0787],[98.5938,13.0787],[98.5938,13.0771],[98.5946,13.0771],[98.5946,13.0762],[98.5963,13.0762],[98.5963,13.0746],[98.5979,13.0737],[98.5979,13.0754],[98.5996,13.0754],[98.5996,13.0762],[98.6004,13.0762],[98.6004,13.0771],[98.5996,13.0771],[98.5996,13.0787],[98.5988,13.0787],[98.5988,13.0829],[98.5971,13.0837],[98.5971,13.0854],[98.5979,13.0854],[98.5979,13.0871],[98.5996,13.0871],[98.5996,13.0862],[98.6004,13.0862],[98.6004,13.0854],[98.6013,13.0854],[98.6013,13.0837],[98.6046,13.0821],[98.6046,13.0804],[98.6071,13.0804],[98.6071,13.0812],[98.6088,13.0812],[98.6088,13.0796],[98.6113,13.0796],[98.6113,13.0804],[98.6129,13.0796],[98.6129,13.0829],[98.6146,13.0829],[98.6146,13.0837],[98.6171,13.0837],[98.6171,13.0804],[98.6229,13.0804],[98.6229,13.0829],[98.6246,13.0829],[98.6246,13.0779],[98.6254,13.0779],[98.6254,13.0771],[98.6279,13.0771],[98.6288,13.0754],[98.6279,13.0754],[98.6279,13.0746],[98.6238,13.0746],[98.6238,13.0754],[98.6229,13.0754],[98.6221,13.0737],[98.6196,13.0737],[98.6196,13.0721],[98.6213,13.0721],[98.6213,13.0729],[98.6221,13.0729],[98.6221,13.0721],[98.6246,13.0721],[98.6246,13.0712],[98.6288,13.0712],[98.6288,13.0687],[98.6296,13.0687],[98.6296,13.0671],[98.6304,13.0671],[98.6304,13.0654],[98.6279,13.0654],[98.6279,13.0671],[98.6271,13.0671],[98.6271,13.0687],[98.6263,13.0687],[98.6263,13.0696],[98.6246,13.0696],[98.6246,13.0687],[98.6238,13.0687],[98.6229,13.0704],[98.6221,13.0704],[98.6221,13.0712],[98.6204,13.0704],[98.6204,13.0696],[98.6221,13.0687],[98.6221,13.0679],[98.6238,13.0679],[98.6238,13.0662],[98.6246,13.0662],[98.6246,13.0637],[98.6263,13.0637],[98.6263,13.0621],[98.6279,13.0621],[98.6279,13.0596],[98.6254,13.0596],[98.6254,13.0621],[98.6246,13.0621],[98.6246,13.0629],[98.6229,13.0629],[98.6221,13.0646],[98.6196,13.0646],[98.6196,13.0662],[98.6171,13.0662],[98.6171,13.0679],[98.6196,13.0679],[98.6196,13.0704],[98.6163,13.0704],[98.6163,13.0721],[98.6154,13.0721],[98.6154,13.0737],[98.6146,13.0737],[98.6146,13.0746],[98.6121,13.0746],[98.6121,13.0737],[98.6129,13.0737],[98.6129,13.0704],[98.6121,13.0704],[98.6121,13.0696],[98.6104,13.0696],[98.6104,13.0704],[98.6079,13.0704],[98.6079,13.0696],[98.6054,13.0696],[98.6054,13.0704],[98.6038,13.0704],[98.6029,13.0721],[98.6013,13.0721],[98.6013,13.0696],[98.6029,13.0687],[98.6029,13.0671],[98.6063,13.0671],[98.6063,13.0654],[98.6054,13.0654],[98.6054,13.0629],[98.6079,13.0629],[98.6079,13.0579],[98.6088,13.0579],[98.6088,13.0562],[98.6096,13.0562],[98.6104,13.0546],[98.6113,13.0546],[98.6113,13.0512],[98.6129,13.0504],[98.6129,13.0496],[98.6138,13.0496],[98.6138,13.0471],[98.6146,13.0471],[98.6146,13.0462],[98.6138,13.0462],[98.6138,13.0454],[98.6121,13.0462],[98.6121,13.0429],[98.6104,13.0421],[98.6104,13.0446],[98.6113,13.0446],[98.6113,13.0487],[98.6088,13.0487],[98.6088,13.0471],[98.6063,13.0471],[98.6063,13.0454],[98.6054,13.0454],[98.6046,13.0437],[98.6038,13.0437],[98.6038,13.0404],[98.6029,13.0404],[98.6029,13.0387],[98.6021,13.0387],[98.6021,13.0379],[98.5979,13.0379],[98.5979,13.0387],[98.5988,13.0387],[98.5988,13.0421],[98.5979,13.0421],[98.5979,13.0412],[98.5963,13.0421],[98.5963,13.0429],[98.5971,13.0429],[98.5971,13.0446],[98.5963,13.0446],[98.5963,13.0471],[98.5948,13.0471],[98.5935,13.0479],[98.5946,13.0479],[98.5946,13.0496],[98.5954,13.0496],[98.5963,13.0512],[98.6004,13.0512],[98.6004,13.0529],[98.5996,13.0529]],[[98.6229,13.0762],[98.6238,13.0762],[98.6238,13.0771],[98.6221,13.0779],[98.6221,13.0787],[98.6204,13.0787],[98.6204,13.0779],[98.6188,13.0779],[98.6188,13.0754],[98.6196,13.0754],[98.6196,13.0746],[98.6204,13.0746],[98.6204,13.0754],[98.6229,13.0754],[98.6229,13.0762]],[[98.6154,13.0787],[98.6146,13.0787],[98.6146,13.0779],[98.6154,13.0779],[98.6154,13.0787]],[[98.6079,13.0771],[98.6071,13.0771],[98.6071,13.0729],[98.6079,13.0729],[98.6079,13.0771]],[[98.5979,13.0487],[98.5963,13.0487],[98.5963,13.0479],[98.5971,13.0479],[98.5971,13.0462],[98.5979,13.0462],[98.5979,13.0487]]],[[[98.5946,13.0454],[98.5944,13.0454],[98.5946,13.0458],[98.5946,13.0454]]],[[[98.6379,13.0662],[98.6354,13.0662],[98.6354,13.0671],[98.6379,13.0671],[98.6379,13.0662]]],[[[98.5896,13.0879],[98.5913,13.0879],[98.5913,13.0862],[98.5929,13.0854],[98.5929,13.0837],[98.5921,13.0837],[98.5921,13.0829],[98.5904,13.0829],[98.5904,13.0846],[98.5896,13.0846],[98.5896,13.0879]]],[[[98.6129,13.0846],[98.6129,13.0862],[98.6138,13.0862],[98.6138,13.0871],[98.6154,13.0871],[98.6154,13.0846],[98.6129,13.0846]]],[[[98.6204,13.0871],[98.6204,13.0887],[98.6221,13.0887],[98.6221,13.0871],[98.6204,13.0871]]],[[[98.5988,13.0962],[98.5988,13.0971],[98.6013,13.0971],[98.6013,13.0962],[98.5988,13.0962]]],[[[98.6054,13.0971],[98.6063,13.0971],[98.6063,13.0962],[98.6046,13.0962],[98.6046,13.0979],[98.6054,13.0979],[98.6054,13.0971]]],[[[98.5879,13.1021],[98.5879,13.1004],[98.5904,13.1004],[98.5904,13.0979],[98.5929,13.0979],[98.5929,13.0971],[98.5946,13.0971],[98.5946,13.0962],[98.5963,13.0962],[98.5963,13.0954],[98.5971,13.0954],[98.5971,13.0937],[98.5946,13.0937],[98.5946,13.0929],[98.5938,13.0929],[98.5929,13.0946],[98.5913,13.0946],[98.5904,13.0929],[98.5888,13.0929],[98.5888,13.0971],[98.5879,13.0971],[98.5879,13.0979],[98.5863,13.0979],[98.5854,13.0996],[98.5838,13.0996],[98.5838,13.1021],[98.5871,13.1004],[98.5871,13.1037],[98.5896,13.1037],[98.5896,13.1029],[98.5904,13.1029],[98.5904,13.1012],[98.5888,13.1012],[98.5888,13.1021],[98.5879,13.1021]]],[[[98.5763,13.1146],[98.5763,13.1162],[98.5771,13.1162],[98.5771,13.1187],[98.5763,13.1187],[98.5763,13.1237],[98.5779,13.1229],[98.5779,13.1237],[98.5788,13.1237],[98.5788,13.1254],[98.5804,13.1254],[98.5804,13.1237],[98.5796,13.1237],[98.5796,13.1212],[98.5804,13.1212],[98.5804,13.1162],[98.5821,13.1162],[98.5821,13.1171],[98.5838,13.1171],[98.5838,13.1187],[98.5863,13.1187],[98.5863,13.1171],[98.5879,13.1171],[98.5879,13.1221],[98.5904,13.1221],[98.5904,13.1196],[98.5913,13.1196],[98.5913,13.1179],[98.5921,13.1179],[98.5921,13.1171],[98.5938,13.1171],[98.5938,13.1179],[98.5946,13.1179],[98.5954,13.1196],[98.5963,13.1196],[98.5963,13.1204],[98.6013,13.1204],[98.6013,13.1162],[98.6038,13.1162],[98.6038,13.1187],[98.6046,13.1187],[98.6046,13.1221],[98.6029,13.1229],[98.6029,13.1254],[98.6046,13.1254],[98.6046,13.1262],[98.6063,13.1262],[98.6063,13.1271],[98.6079,13.1262],[98.6088,13.1279],[98.6096,13.1279],[98.6096,13.1296],[98.6113,13.1304],[98.6113,13.1337],[98.6121,13.1337],[98.6121,13.1329],[98.6146,13.1329],[98.6146,13.1312],[98.6154,13.1312],[98.6154,13.1304],[98.6171,13.1304],[98.6171,13.1296],[98.6163,13.1296],[98.6163,13.1287],[98.6171,13.1287],[98.6171,13.1271],[98.6179,13.1271],[98.6179,13.1279],[98.6196,13.1279],[98.6196,13.1262],[98.6188,13.1262],[98.6188,13.1254],[98.6196,13.1254],[98.6196,13.1229],[98.6179,13.1229],[98.6179,13.1237],[98.6154,13.1237],[98.6154,13.1229],[98.6129,13.1229],[98.6129,13.1237],[98.6121,13.1237],[98.6121,13.1229],[98.6104,13.1229],[98.6104,13.1204],[98.6096,13.1204],[98.6096,13.1171],[98.6121,13.1171],[98.6121,13.1146],[98.6129,13.1146],[98.6121,13.1129],[98.6088,13.1129],[98.6088,13.1137],[98.6071,13.1129],[98.6071,13.1162],[98.6063,13.1162],[98.6063,13.1146],[98.6013,13.1146],[98.6013,13.1137],[98.5988,13.1137],[98.5988,13.1129],[98.5963,13.1129],[98.5963,13.1137],[98.5946,13.1137],[98.5946,13.1146],[98.5929,13.1146],[98.5929,13.1154],[98.5879,13.1154],[98.5879,13.1146],[98.5871,13.1146],[98.5871,13.1112],[98.5863,13.1112],[98.5863,13.1104],[98.5871,13.1104],[98.5871,13.1087],[98.5879,13.1087],[98.5879,13.1071],[98.5871,13.1071],[98.5871,13.1054],[98.5854,13.1054],[98.5854,13.1062],[98.5838,13.1071],[98.5838,13.1079],[98.5854,13.1079],[98.5854,13.1087],[98.5838,13.1096],[98.5838,13.1112],[98.5821,13.1112],[98.5821,13.1104],[98.5804,13.1112],[98.5796,13.1096],[98.5788,13.1096],[98.5788,13.1112],[98.5754,13.1112],[98.5754,13.1107],[98.5746,13.1106],[98.5746,13.1121],[98.5754,13.1121],[98.5754,13.1146],[98.5763,13.1146]],[[98.6054,13.1221],[98.6054,13.1229],[98.6046,13.1229],[98.6046,13.1221],[98.6054,13.1221]],[[98.6121,13.1246],[98.6113,13.1246],[98.6113,13.1237],[98.6121,13.1237],[98.6121,13.1246]],[[98.6129,13.1246],[98.6129,13.1254],[98.6121,13.1254],[98.6121,13.1246],[98.6129,13.1246]],[[98.6138,13.1254],[98.6146,13.1271],[98.6129,13.1271],[98.6129,13.1254],[98.6138,13.1254]],[[98.5804,13.1121],[98.5796,13.1121],[98.5796,13.1112],[98.5804,13.1112],[98.5804,13.1121]],[[98.5854,13.1121],[98.5854,13.1129],[98.5846,13.1129],[98.5846,13.1121],[98.5854,13.1121]]],[[[98.6071,13.1396],[98.6071,13.1421],[98.6088,13.1421],[98.6088,13.1404],[98.6071,13.1396]]],[[[98.6138,13.1387],[98.6138,13.1396],[98.6121,13.1396],[98.6121,13.1412],[98.6138,13.1421],[98.6138,13.1429],[98.6163,13.1429],[98.6163,13.1412],[98.6146,13.1412],[98.6146,13.1387],[98.6138,13.1387]]],[[[98.5763,13.1396],[98.5753,13.1406],[98.5738,13.1404],[98.5738,13.1429],[98.5754,13.1437],[98.5758,13.1462],[98.5763,13.1462],[98.5759,13.15],[98.5749,13.1512],[98.5763,13.1512],[98.5763,13.1529],[98.5754,13.1529],[98.5754,13.1537],[98.5771,13.1546],[98.5771,13.1521],[98.5796,13.1521],[98.5796,13.1537],[98.5779,13.1537],[98.5779,13.1554],[98.5796,13.1554],[98.5796,13.1546],[98.5813,13.1546],[98.5813,13.1554],[98.5846,13.1554],[98.5846,13.1579],[98.5831,13.1579],[98.5821,13.1596],[98.5804,13.16],[98.5804,13.1612],[98.5813,13.1612],[98.5813,13.1712],[98.5804,13.1712],[98.5804,13.1746],[98.5796,13.1746],[98.5796,13.1787],[98.5813,13.1779],[98.5813,13.1771],[98.5829,13.1771],[98.5829,13.1754],[98.5838,13.1754],[98.5838,13.1704],[98.5854,13.1704],[98.5854,13.1696],[98.5863,13.1696],[98.5863,13.1662],[98.5871,13.1662],[98.5863,13.1646],[98.5871,13.1646],[98.5871,13.1629],[98.5888,13.1629],[98.5888,13.1646],[98.5921,13.1646],[98.5921,13.1662],[98.5946,13.1662],[98.5946,13.1679],[98.5938,13.1679],[98.5938,13.1696],[98.5946,13.1696],[98.5946,13.1721],[98.5938,13.1721],[98.5938,13.1737],[98.5929,13.1737],[98.5929,13.1846],[98.5963,13.1846],[98.5963,13.1862],[98.5979,13.1862],[98.5971,13.1846],[98.5996,13.1846],[98.5996,13.1854],[98.6013,13.1854],[98.6013,13.1821],[98.6004,13.1821],[98.6004,13.1812],[98.6013,13.1812],[98.6013,13.1796],[98.5996,13.1796],[98.5996,13.1804],[98.5979,13.1804],[98.5979,13.1821],[98.5954,13.1821],[98.5954,13.1796],[98.5963,13.1796],[98.5963,13.1804],[98.5979,13.1796],[98.5979,13.1762],[98.5954,13.1762],[98.5954,13.1737],[98.5979,13.1737],[98.5979,13.1746],[98.5996,13.1746],[98.5996,13.1729],[98.5971,13.1729],[98.5971,13.1721],[98.5979,13.1721],[98.5979,13.1712],[98.5996,13.1712],[98.5996,13.1687],[98.6013,13.1679],[98.6013,13.1662],[98.6029,13.1662],[98.6029,13.1654],[98.6038,13.1654],[98.6046,13.1671],[98.6054,13.1671],[98.6054,13.1646],[98.6088,13.1646],[98.6088,13.1637],[98.6063,13.1637],[98.6063,13.1629],[98.6054,13.1629],[98.6054,13.1579],[98.6029,13.1579],[98.6029,13.1587],[98.6013,13.1587],[98.6013,13.1596],[98.6004,13.1596],[98.6004,13.1612],[98.6021,13.1621],[98.6021,13.1637],[98.6013,13.1637],[98.6013,13.1646],[98.6004,13.1646],[98.5996,13.1662],[98.5979,13.1662],[98.5979,13.1646],[98.5963,13.1637],[98.5963,13.1612],[98.5954,13.1612],[98.5954,13.1579],[98.5963,13.1579],[98.5963,13.1562],[98.5946,13.1562],[98.5946,13.1554],[98.5938,13.1554],[98.5938,13.1537],[98.5921,13.1537],[98.5921,13.1521],[98.5904,13.1521],[98.5904,13.1512],[98.5896,13.1512],[98.5896,13.1496],[98.5904,13.1496],[98.5904,13.1487],[98.5896,13.1487],[98.5896,13.1454],[98.5904,13.1454],[98.5904,13.1462],[98.5921,13.1454],[98.5921,13.1429],[98.5913,13.1429],[98.5913,13.1412],[98.5929,13.1412],[98.5929,13.1404],[98.5946,13.1404],[98.5946,13.1412],[98.5963,13.1412],[98.5963,13.1387],[98.5946,13.1387],[98.5946,13.1379],[98.5929,13.1379],[98.5929,13.1396],[98.5913,13.1396],[98.5913,13.1404],[98.5896,13.1404],[98.5896,13.1412],[98.5854,13.1412],[98.5854,13.1404],[98.5838,13.1404],[98.5838,13.1379],[98.5846,13.1379],[98.5846,13.1362],[98.5821,13.1362],[98.5821,13.1396],[98.5804,13.1396],[98.5804,13.1387],[98.5796,13.1387],[98.5796,13.1346],[98.5804,13.1346],[98.5804,13.1329],[98.5788,13.1329],[98.5788,13.1337],[98.5771,13.1337],[98.5771,13.1354],[98.5754,13.1362],[98.5754,13.1354],[98.5738,13.1346],[98.5738,13.1321],[98.5713,13.1321],[98.5713,13.1337],[98.5721,13.1337],[98.5721,13.1354],[98.5738,13.1362],[98.5738,13.1371],[98.5754,13.1371],[98.5754,13.1379],[98.5763,13.1379],[98.5763,13.1396]],[[98.5796,13.1487],[98.5796,13.1496],[98.5788,13.1496],[98.5788,13.1487],[98.5796,13.1487]],[[98.5813,13.1496],[98.5813,13.1504],[98.5796,13.1504],[98.5796,13.1496],[98.5813,13.1496]],[[98.5821,13.1504],[98.5821,13.1496],[98.5838,13.1496],[98.5838,13.1512],[98.5829,13.1512],[98.5829,13.1529],[98.5813,13.1529],[98.5813,13.1521],[98.5804,13.1521],[98.5804,13.1512],[98.5821,13.1504]],[[98.5771,13.1487],[98.5771,13.1479],[98.5788,13.1479],[98.5788,13.1487],[98.5771,13.1487]]],[[[98.6029,13.1729],[98.6029,13.1737],[98.6021,13.1737],[98.6021,13.1754],[98.6038,13.1754],[98.6038,13.1746],[98.6096,13.1746],[98.6096,13.1721],[98.6046,13.1721],[98.6046,13.1729],[98.6029,13.1729]]],[[[98.6071,13.1846],[98.6071,13.1854],[98.6113,13.1854],[98.6113,13.1846],[98.6071,13.1846]]],[[[98.6146,13.1862],[98.6146,13.1879],[98.6163,13.1879],[98.6163,13.1887],[98.6171,13.1887],[98.6171,13.1862],[98.6163,13.1862],[98.6163,13.1854],[98.6146,13.1862]]],[[[98.6038,13.1862],[98.6021,13.1862],[98.6021,13.1879],[98.6038,13.1879],[98.6038,13.1862]]],[[[98.6271,13.1871],[98.6271,13.1879],[98.6288,13.1887],[98.6288,13.1871],[98.6271,13.1871]]],[[[98.5963,13.1896],[98.5963,13.1879],[98.5946,13.1879],[98.5954,13.1896],[98.5963,13.1896]]],[[[98.5829,13.1896],[98.5813,13.1904],[98.5813,13.1929],[98.5829,13.1929],[98.5829,13.1912],[98.5838,13.1912],[98.5829,13.1896]]],[[[98.5871,13.1979],[98.5871,13.1996],[98.5913,13.1996],[98.5913,13.2004],[98.5929,13.2004],[98.5929,13.1996],[98.5946,13.1996],[98.5946,13.2004],[98.5954,13.2004],[98.5954,13.1996],[98.5963,13.1996],[98.5963,13.1979],[98.5988,13.1979],[98.5988,13.1971],[98.5996,13.1971],[98.5996,13.1962],[98.5979,13.1962],[98.5979,13.1946],[98.5996,13.1946],[98.5996,13.1929],[98.5988,13.1929],[98.5988,13.1912],[98.5963,13.1912],[98.5963,13.1904],[98.5946,13.1896],[98.5946,13.1904],[98.5929,13.1912],[98.5929,13.1962],[98.5938,13.1962],[98.5938,13.1971],[98.5921,13.1979],[98.5913,13.1962],[98.5888,13.1962],[98.5888,13.1954],[98.5863,13.1954],[98.5854,13.1971],[98.5871,13.1979]],[[98.5938,13.1979],[98.5938,13.1987],[98.5929,13.1987],[98.5929,13.1979],[98.5938,13.1979]],[[98.5963,13.1929],[98.5954,13.1929],[98.5954,13.1921],[98.5963,13.1921],[98.5963,13.1929]]],[[[98.6004,13.1962],[98.6004,13.1987],[98.6029,13.1987],[98.6029,13.1971],[98.6013,13.1971],[98.6013,13.1962],[98.6004,13.1962]]],[[[98.5938,13.2012],[98.5913,13.2012],[98.5913,13.2037],[98.5929,13.2037],[98.5929,13.2029],[98.5938,13.2029],[98.5938,13.2012]]],[[[98.5854,13.2096],[98.5846,13.2079],[98.5829,13.2087],[98.5829,13.2096],[98.5854,13.2096]]],[[[98.5879,13.2121],[98.5929,13.2121],[98.5938,13.2104],[98.5921,13.2104],[98.5921,13.2096],[98.5913,13.2096],[98.5913,13.2104],[98.5879,13.2104],[98.5879,13.2121]]],[[[98.5804,13.2254],[98.5813,13.2254],[98.5813,13.2279],[98.5821,13.2279],[98.5821,13.2287],[98.5829,13.2287],[98.5829,13.2279],[98.5854,13.2279],[98.5854,13.2271],[98.5846,13.2271],[98.5846,13.2254],[98.5838,13.2254],[98.5838,13.2221],[98.5829,13.2221],[98.5829,13.2212],[98.5838,13.2212],[98.5838,13.2196],[98.5813,13.2196],[98.5813,13.2212],[98.5804,13.2212],[98.5804,13.2237],[98.5813,13.2237],[98.5813,13.2246],[98.5804,13.2246],[98.5804,13.2254]],[[98.5838,13.2271],[98.5821,13.2271],[98.5821,13.2262],[98.5838,13.2254],[98.5838,13.2271]]],[[[98.6171,13.2412],[98.6171,13.2429],[98.6188,13.2429],[98.6188,13.2412],[98.6171,13.2412]]],[[[98.6138,13.2412],[98.6138,13.2429],[98.6121,13.2429],[98.6121,13.2437],[98.6146,13.2437],[98.6146,13.2412],[98.6138,13.2412]]],[[[98.5946,13.2429],[98.5946,13.2446],[98.5971,13.2446],[98.5971,13.2437],[98.5979,13.2437],[98.5979,13.2429],[98.5946,13.2429]]],[[[98.5821,13.2446],[98.5813,13.2446],[98.5813,13.2471],[98.5838,13.2471],[98.5838,13.2429],[98.5821,13.2437],[98.5821,13.2446]]],[[[98.5913,13.2496],[98.5913,13.2521],[98.5929,13.2521],[98.5929,13.2496],[98.5913,13.2496]]],[[[98.6388,10.8346],[98.6396,10.8346],[98.6396,10.8287],[98.6413,10.8287],[98.6413,10.8279],[98.6429,10.8279],[98.6429,10.8296],[98.6438,10.8296],[98.6438,10.8312],[98.6446,10.8312],[98.6446,10.8287],[98.6438,10.8287],[98.6438,10.8271],[98.6479,10.8271],[98.6479,10.8254],[98.6513,10.8254],[98.6521,10.8271],[98.6546,10.8271],[98.6546,10.8262],[98.6554,10.8262],[98.6554,10.8221],[98.6588,10.8221],[98.6588,10.8229],[98.6596,10.8229],[98.6596,10.8221],[98.6613,10.8212],[98.6613,10.8204],[98.6621,10.8204],[98.6621,10.8187],[98.6604,10.8187],[98.6604,10.8196],[98.6588,10.8196],[98.6588,10.8187],[98.6554,10.8187],[98.6554,10.8196],[98.6538,10.8196],[98.6538,10.8204],[98.6521,10.8196],[98.6521,10.8187],[98.6504,10.8187],[98.6504,10.8221],[98.6479,10.8221],[98.6471,10.8237],[98.6454,10.8237],[98.6454,10.8246],[98.6413,10.8246],[98.6413,10.8254],[98.6379,10.8254],[98.6388,10.8237],[98.6363,10.8237],[98.6363,10.8262],[98.6384,10.826],[98.6395,10.8284],[98.6346,10.8301],[98.6346,10.8421],[98.6363,10.8421],[98.6371,10.8404],[98.6404,10.8404],[98.6404,10.8387],[98.6413,10.8387],[98.6413,10.8371],[98.6388,10.8371],[98.6388,10.8346]],[[98.6363,10.8321],[98.6354,10.8321],[98.6354,10.8312],[98.6363,10.8312],[98.6363,10.8321]]],[[[98.6354,10.8262],[98.6354,10.8263],[98.6358,10.8262],[98.6354,10.8262]]],[[[98.6779,10.8496],[98.6771,10.8496],[98.6771,10.8512],[98.6763,10.8512],[98.6771,10.8529],[98.6821,10.8529],[98.6821,10.8512],[98.6796,10.8512],[98.6796,10.8504],[98.6788,10.8504],[98.6788,10.8487],[98.6796,10.8487],[98.6796,10.8471],[98.6788,10.8471],[98.6788,10.8454],[98.6771,10.8454],[98.6771,10.8479],[98.6779,10.8479],[98.6779,10.8496]]],[[[98.6654,10.8587],[98.6663,10.8604],[98.6679,10.8596],[98.6679,10.8562],[98.6671,10.8562],[98.6671,10.8587],[98.6654,10.8587]]],[[[98.6479,10.8579],[98.6479,10.8596],[98.6496,10.8596],[98.6496,10.8579],[98.6479,10.8579]]],[[[98.6679,10.8637],[98.6696,10.8629],[98.6696,10.8621],[98.6679,10.8621],[98.6679,10.8612],[98.6671,10.8612],[98.6671,10.8621],[98.6663,10.8621],[98.6663,10.8654],[98.6654,10.8654],[98.6654,10.8671],[98.6646,10.8671],[98.6646,10.8696],[98.6621,10.8696],[98.6621,10.8712],[98.6596,10.8712],[98.6604,10.8729],[98.6621,10.8729],[98.6621,10.8737],[98.6638,10.8737],[98.6638,10.8729],[98.6654,10.8729],[98.6654,10.8721],[98.6671,10.8721],[98.6671,10.8704],[98.6679,10.8704],[98.6679,10.8671],[98.6688,10.8671],[98.6688,10.8654],[98.6679,10.8654],[98.6679,10.8637]]],[[[98.6354,10.8821],[98.6354,10.8829],[98.6379,10.8829],[98.6379,10.8837],[98.6388,10.8837],[98.6388,10.8854],[98.6429,10.8854],[98.643,10.8879],[98.6458,10.8834],[98.6488,10.8814],[98.6488,10.8804],[98.6562,10.8804],[98.6613,10.8746],[98.6596,10.8746],[98.6596,10.8729],[98.6571,10.8729],[98.6571,10.8721],[98.6563,10.8721],[98.6563,10.8696],[98.6546,10.8696],[98.6546,10.8721],[98.6521,10.8721],[98.6521,10.8737],[98.6538,10.8737],[98.6538,10.8754],[98.6521,10.8754],[98.6521,10.8771],[98.6504,10.8771],[98.6504,10.8779],[98.6488,10.8787],[98.6488,10.8796],[98.6471,10.8796],[98.6463,10.8812],[98.6429,10.8812],[98.6429,10.8779],[98.6438,10.8779],[98.6438,10.8729],[98.6429,10.8729],[98.6429,10.8721],[98.6413,10.8729],[98.6413,10.8712],[98.6404,10.8712],[98.6404,10.8696],[98.6413,10.8696],[98.6413,10.8679],[98.6421,10.8679],[98.6421,10.8671],[98.6438,10.8671],[98.6438,10.8637],[98.6446,10.8637],[98.6446,10.8629],[98.6463,10.8629],[98.6463,10.8596],[98.6446,10.8596],[98.6446,10.8621],[98.6438,10.8621],[98.6438,10.8629],[98.6413,10.8629],[98.6413,10.8621],[98.6404,10.8621],[98.6404,10.8662],[98.6396,10.8662],[98.6396,10.8679],[98.6388,10.8679],[98.6388,10.8687],[98.6379,10.8687],[98.6379,10.8679],[98.6363,10.8687],[98.6363,10.8712],[98.6388,10.8712],[98.6388,10.8729],[98.6396,10.8729],[98.6396,10.8737],[98.6388,10.8737],[98.6388,10.8746],[98.6396,10.8746],[98.6388,10.8762],[98.6404,10.8771],[98.6404,10.8804],[98.6371,10.8804],[98.6363,10.8821],[98.6354,10.8821]]],[[[98.6488,10.8754],[98.6496,10.8754],[98.6496,10.8746],[98.6504,10.8746],[98.6513,10.8729],[98.6496,10.8729],[98.6496,10.8721],[98.6488,10.8721],[98.6488,10.8754]]],[[[98.6813,10.8971],[98.6829,10.8971],[98.6829,10.8962],[98.6854,10.8962],[98.6863,10.8946],[98.6879,10.8946],[98.6879,10.8929],[98.6896,10.8929],[98.6896,10.8946],[98.6913,10.8946],[98.6913,10.8954],[98.6921,10.8951],[98.6921,10.8937],[98.6938,10.8929],[98.6938,10.8912],[98.6954,10.8912],[98.6954,10.8934],[98.697,10.8929],[98.6998,10.8886],[98.702,10.8804],[98.7013,10.8804],[98.7013,10.8796],[98.7021,10.8796],[98.7021,10.8803],[98.7034,10.877],[98.6981,10.8687],[98.6963,10.8648],[98.6929,10.8604],[98.692,10.8566],[98.6909,10.8553],[98.6921,10.8546],[98.6904,10.8546],[98.6904,10.8537],[98.6854,10.8537],[98.6854,10.8529],[98.6821,10.8529],[98.6821,10.8537],[98.6838,10.8537],[98.6838,10.8562],[98.6879,10.8562],[98.6879,10.8571],[98.6888,10.8571],[98.6888,10.8579],[98.6879,10.8579],[98.6879,10.8596],[98.6904,10.8596],[98.6904,10.8604],[98.6896,10.8604],[98.6896,10.8621],[98.6888,10.8621],[98.6888,10.8646],[98.6896,10.8646],[98.6896,10.8637],[98.6913,10.8637],[98.6921,10.8621],[98.6938,10.8621],[98.6938,10.8629],[98.6954,10.8637],[98.6954,10.8654],[98.6963,10.8654],[98.6963,10.8671],[98.6971,10.8671],[98.6971,10.8687],[98.6979,10.8687],[98.6979,10.8704],[98.6971,10.8704],[98.6971,10.8721],[98.6988,10.8721],[98.6988,10.8754],[98.6979,10.8754],[98.6971,10.8737],[98.6963,10.8737],[98.6963,10.8746],[98.6938,10.8746],[98.6938,10.8754],[98.6946,10.8754],[98.6946,10.8796],[98.6929,10.8796],[98.6929,10.8812],[98.6954,10.8812],[98.6954,10.8821],[98.6963,10.8821],[98.6963,10.8837],[98.6971,10.8837],[98.6971,10.8846],[98.6946,10.8846],[98.6946,10.8871],[98.6954,10.8871],[98.6954,10.8879],[98.6946,10.8879],[98.6946,10.8887],[98.6938,10.8887],[98.6938,10.8879],[98.6921,10.8879],[98.6921,10.8871],[98.6913,10.8871],[98.6913,10.8846],[98.6904,10.8846],[98.6904,10.8862],[98.6888,10.8862],[98.6888,10.8804],[98.6896,10.8804],[98.6896,10.8787],[98.6888,10.8787],[98.6888,10.8779],[98.6896,10.8779],[98.6896,10.8729],[98.6888,10.8729],[98.6879,10.8712],[98.6863,10.8712],[98.6863,10.8679],[98.6846,10.8671],[98.6846,10.8654],[98.6813,10.8654],[98.6813,10.8662],[98.6796,10.8662],[98.6796,10.8646],[98.6771,10.8646],[98.6771,10.8662],[98.6788,10.8662],[98.6788,10.8671],[98.6838,10.8671],[98.6838,10.8696],[98.6813,10.8696],[98.6813,10.8704],[98.6796,10.8704],[98.6796,10.8721],[98.6813,10.8721],[98.6813,10.8729],[98.6829,10.8737],[98.6829,10.8754],[98.6813,10.8754],[98.6813,10.8771],[98.6829,10.8771],[98.6829,10.8762],[98.6846,10.8762],[98.6846,10.8779],[98.6829,10.8779],[98.6829,10.8812],[98.6821,10.8812],[98.6821,10.8837],[98.6838,10.8837],[98.6838,10.8846],[98.6863,10.8846],[98.6863,10.8854],[98.6871,10.8854],[98.6871,10.8879],[98.6863,10.8879],[98.6863,10.8896],[98.6838,10.8896],[98.6838,10.8904],[98.6804,10.8904],[98.6804,10.8929],[98.6788,10.8921],[98.6788,10.8912],[98.6796,10.8912],[98.6788,10.8896],[98.6771,10.8904],[98.6771,10.8912],[98.6746,10.8912],[98.6738,10.8929],[98.6721,10.8929],[98.6721,10.8937],[98.6704,10.8929],[98.6704,10.8912],[98.6696,10.8912],[98.6696,10.8896],[98.6704,10.8896],[98.6704,10.8879],[98.6696,10.8879],[98.6696,10.8854],[98.6713,10.8846],[98.6713,10.8829],[98.6721,10.8829],[98.6721,10.8812],[98.6738,10.8812],[98.6738,10.8821],[98.6763,10.8821],[98.6763,10.8829],[98.6779,10.8829],[98.6779,10.8804],[98.6746,10.8804],[98.6746,10.8796],[98.6729,10.8796],[98.6729,10.8737],[98.6738,10.8737],[98.6738,10.8729],[98.6754,10.8729],[98.6754,10.8721],[98.6729,10.8721],[98.6729,10.8704],[98.6721,10.8704],[98.6721,10.8696],[98.6704,10.8696],[98.6704,10.8704],[98.6688,10.8704],[98.6688,10.8712],[98.6704,10.8712],[98.6704,10.8754],[98.6671,10.8754],[98.6671,10.8762],[98.6629,10.8762],[98.6629,10.8771],[98.6621,10.8771],[98.6621,10.8787],[98.6629,10.8787],[98.6629,10.8779],[98.6654,10.8779],[98.6654,10.8787],[98.6679,10.8787],[98.6679,10.8854],[98.6663,10.8862],[98.6663,10.8871],[98.6654,10.8871],[98.6654,10.8887],[98.6629,10.8887],[98.6629,10.8862],[98.6638,10.8862],[98.6638,10.8846],[98.6621,10.8837],[98.6621,10.8829],[98.6604,10.8829],[98.6604,10.8812],[98.6589,10.8812],[98.6579,10.8829],[98.657,10.8829],[98.6546,10.8846],[98.6529,10.8847],[98.6529,10.8854],[98.6513,10.8854],[98.6513,10.8862],[98.6504,10.8862],[98.6496,10.8879],[98.6488,10.8879],[98.6488,10.8887],[98.6479,10.8887],[98.6479,10.8896],[98.6463,10.8904],[98.6463,10.8912],[98.6454,10.8912],[98.6454,10.8921],[98.6479,10.8921],[98.6479,10.8904],[98.6488,10.8904],[98.6488,10.8896],[98.6504,10.8896],[98.6504,10.8921],[98.6488,10.8929],[98.6488,10.8937],[98.6479,10.8937],[98.6479,10.8946],[98.6471,10.8946],[98.6471,10.8971],[98.6479,10.8971],[98.6479,10.8979],[98.6496,10.8979],[98.6496,10.8996],[98.6488,10.8996],[98.6488,10.9012],[98.6479,10.9012],[98.6479,10.9046],[98.6471,10.9046],[98.6471,10.9079],[98.6446,10.9079],[98.6446,10.9071],[98.6438,10.9071],[98.6438,10.9087],[98.6429,10.9087],[98.6429,10.9096],[98.6421,10.9096],[98.6413,10.9112],[98.6404,10.9112],[98.6404,10.9137],[98.6371,10.9137],[98.6371,10.9079],[98.6379,10.9079],[98.6379,10.9071],[98.6396,10.9071],[98.6396,10.9054],[98.6413,10.9054],[98.6413,10.9037],[98.6396,10.9029],[98.6396,10.9012],[98.6421,10.9012],[98.6429,10.8996],[98.6446,10.8987],[98.6446,10.8971],[98.6438,10.8971],[98.6438,10.8979],[98.6421,10.8979],[98.6421,10.8946],[98.6414,10.8946],[98.6413,10.8954],[98.6404,10.8954],[98.6404,10.8962],[98.6396,10.8962],[98.6396,10.8971],[98.6388,10.8971],[98.6388,10.8979],[98.6379,10.8979],[98.6379,10.8996],[98.6363,10.8996],[98.6363,10.9012],[98.6347,10.9012],[98.6317,10.9031],[98.6288,10.9036],[98.6288,10.9071],[98.6296,10.9071],[98.6296,10.9087],[98.6279,10.9087],[98.6279,10.9096],[98.6296,10.9096],[98.6304,10.9112],[98.632,10.9116],[98.6308,10.9128],[98.628,10.9132],[98.6279,10.9154],[98.6288,10.9154],[98.6288,10.9146],[98.6313,10.9146],[98.6313,10.9154],[98.6321,10.9154],[98.6321,10.9179],[98.6346,10.9179],[98.6346,10.9187],[98.6354,10.9187],[98.6363,10.9171],[98.6388,10.9171],[98.6388,10.9204],[98.6379,10.9204],[98.6379,10.9212],[98.6404,10.9212],[98.6404,10.9204],[98.6429,10.9204],[98.6429,10.9187],[98.6446,10.9187],[98.6446,10.9204],[98.6438,10.9204],[98.6438,10.9212],[98.6444,10.9212],[98.6454,10.9204],[98.6471,10.9203],[98.6471,10.9196],[98.6488,10.9196],[98.6488,10.9187],[98.6479,10.9187],[98.6479,10.9146],[98.6488,10.9146],[98.6488,10.9154],[98.6504,10.9154],[98.6504,10.9146],[98.6513,10.9146],[98.6513,10.9129],[98.6504,10.9129],[98.6504,10.9104],[98.6521,10.9104],[98.6521,10.9146],[98.6546,10.9146],[98.6546,10.9129],[98.6538,10.9129],[98.6538,10.9121],[98.6554,10.9121],[98.6554,10.9129],[98.6563,10.9129],[98.6563,10.9144],[98.6588,10.9124],[98.6588,10.9112],[98.6579,10.9112],[98.6579,10.9087],[98.6588,10.9087],[98.6588,10.9079],[98.6604,10.9079],[98.6604,10.9104],[98.6596,10.9104],[98.6596,10.9112],[98.6607,10.9112],[98.6621,10.9102],[98.6621,10.9054],[98.6638,10.9054],[98.6638,10.9071],[98.6654,10.9074],[98.6663,10.9062],[98.6671,10.9062],[98.6671,10.9046],[98.6663,10.9046],[98.6663,10.9021],[98.6654,10.9021],[98.6654,10.9004],[98.6663,10.9004],[98.6663,10.8996],[98.6729,10.8996],[98.6729,10.9004],[98.6738,10.9004],[98.6738,10.9021],[98.6763,10.9007],[98.6763,10.8996],[98.6771,10.8996],[98.6771,10.9002],[98.6779,10.8997],[98.6779,10.8971],[98.6796,10.8962],[98.6796,10.8954],[98.6804,10.8954],[98.6804,10.8979],[98.6813,10.8971]],[[98.7013,10.8812],[98.6979,10.8812],[98.6979,10.8796],[98.6971,10.8796],[98.6963,10.8779],[98.6971,10.8779],[98.6971,10.8771],[98.6979,10.8771],[98.6979,10.8779],[98.6996,10.8779],[98.7013,10.8812]],[[98.6879,10.8779],[98.6879,10.8771],[98.6888,10.8771],[98.6888,10.8779],[98.6879,10.8779]],[[98.6879,10.8787],[98.6871,10.8787],[98.6871,10.8779],[98.6879,10.8779],[98.6879,10.8787]],[[98.6754,10.8996],[98.6754,10.8987],[98.6763,10.8987],[98.6763,10.8996],[98.6754,10.8996]],[[98.6913,10.8929],[98.6904,10.8929],[98.6904,10.8921],[98.6913,10.8921],[98.6913,10.8929]],[[98.6738,10.8946],[98.6746,10.8946],[98.6746,10.8929],[98.6763,10.8929],[98.6763,10.8954],[98.6754,10.8954],[98.6754,10.8971],[98.6738,10.8971],[98.6738,10.8946]],[[98.6688,10.8779],[98.6679,10.8779],[98.6679,10.8771],[98.6688,10.8771],[98.6688,10.8779]],[[98.6563,10.8937],[98.6554,10.8937],[98.6554,10.8929],[98.6563,10.8929],[98.6563,10.8937]],[[98.6479,10.9137],[98.6438,10.9137],[98.6438,10.9121],[98.6454,10.9121],[98.6454,10.9129],[98.6471,10.9121],[98.6479,10.9137]],[[98.6471,10.9112],[98.6463,10.9112],[98.6471,10.9096],[98.6488,10.9104],[98.6479,10.9121],[98.6471,10.9121],[98.6471,10.9112]],[[98.6479,10.9087],[98.6488,10.9087],[98.6488,10.9096],[98.6479,10.9096],[98.6479,10.9087]],[[98.6404,10.9004],[98.6396,10.9004],[98.6388,10.8987],[98.6404,10.8987],[98.6404,10.9004]]],[[[98.6779,10.8871],[98.6771,10.8871],[98.6771,10.8879],[98.6754,10.8879],[98.6754,10.8896],[98.6779,10.8896],[98.6779,10.8871]]],[[[98.6439,10.8921],[98.6438,10.8929],[98.6421,10.8939],[98.6421,10.8946],[98.6446,10.8946],[98.6446,10.8921],[98.6439,10.8921]]],[[[98.6688,10.9037],[98.6688,10.9054],[98.6709,10.9037],[98.6721,10.9035],[98.6721,10.9029],[98.6713,10.9029],[98.6713,10.9021],[98.6688,10.9021],[98.6688,10.9029],[98.6696,10.9029],[98.6696,10.9037],[98.6688,10.9037]]],[[[98.6771,10.9154],[98.6771,10.9146],[98.6754,10.9137],[98.6754,10.9112],[98.6763,10.9112],[98.6763,10.9104],[98.6731,10.9119],[98.6724,10.9129],[98.6729,10.9129],[98.6729,10.9154],[98.6746,10.9154],[98.6746,10.9162],[98.6763,10.9162],[98.6763,10.9154],[98.6771,10.9154]]],[[[98.6713,10.9137],[98.6713,10.9132],[98.6706,10.9134],[98.6664,10.9156],[98.6663,10.9162],[98.6713,10.9162],[98.6713,10.9146],[98.6704,10.9146],[98.6704,10.9137],[98.6713,10.9137]]],[[[98.6504,10.9179],[98.6504,10.9187],[98.652,10.9179],[98.6504,10.9179]]],[[[98.6763,10.9196],[98.6754,10.9179],[98.6746,10.9179],[98.6746,10.9196],[98.6763,10.9196]]],[[[98.6821,10.9196],[98.6813,10.9212],[98.6796,10.9212],[98.6796,10.9221],[98.6779,10.9221],[98.6779,10.9237],[98.6771,10.9237],[98.6771,10.9254],[98.6821,10.9254],[98.6821,10.9246],[98.6829,10.9246],[98.6829,10.9237],[98.6813,10.9229],[98.6813,10.9221],[98.6829,10.9212],[98.6829,10.9196],[98.6821,10.9196]]],[[[98.6671,10.9821],[98.6671,10.9804],[98.6679,10.9804],[98.6679,10.9787],[98.6663,10.9796],[98.6663,10.9821],[98.6671,10.9821]]],[[[98.6804,10.9879],[98.6816,10.9878],[98.6817,10.9872],[98.6807,10.9836],[98.6796,10.9821],[98.6746,10.9791],[98.6703,10.9779],[98.6679,10.9784],[98.6729,10.9787],[98.6729,10.9804],[98.6763,10.9804],[98.6771,10.9821],[98.6788,10.9821],[98.6796,10.9837],[98.6804,10.9837],[98.6804,10.9879]]],[[[98.6654,10.9821],[98.6654,10.9829],[98.6646,10.9829],[98.6646,10.9846],[98.6663,10.9846],[98.6663,10.9821],[98.6654,10.9821]]],[[[98.6721,10.9854],[98.6721,10.9862],[98.6713,10.9862],[98.6713,10.9879],[98.6746,10.9877],[98.6746,10.9871],[98.6729,10.9871],[98.6729,10.9854],[98.6721,10.9854]]],[[[98.6804,11.0137],[98.679,11.0112],[98.6779,11.0112],[98.6779,11.0129],[98.6788,11.0129],[98.6788,11.0137],[98.6804,11.0137]]],[[[98.6663,11.0154],[98.6638,11.0156],[98.6638,11.0162],[98.6663,11.0162],[98.6663,11.0154]]],[[[98.6829,11.0172],[98.6813,11.0171],[98.6813,11.0187],[98.6821,11.0187],[98.6821,11.0196],[98.6829,11.0196],[98.6829,11.0172]]],[[[98.6504,11.0204],[98.6513,11.0204],[98.6513,11.0196],[98.6538,11.0196],[98.6538,11.0204],[98.6554,11.0204],[98.6563,11.0221],[98.6579,11.0221],[98.6579,11.0229],[98.6588,11.0229],[98.6565,11.0171],[98.6563,11.0187],[98.6529,11.0187],[98.6529,11.0162],[98.6523,11.0162],[98.6508,11.0198],[98.6491,11.0212],[98.6504,11.0212],[98.6504,11.0204]]],[[[98.6476,11.0229],[98.645,11.0246],[98.6445,11.0254],[98.6463,11.0254],[98.6463,11.0246],[98.6479,11.0237],[98.6476,11.0229]]],[[[98.6429,11.0254],[98.6443,11.0254],[98.6429,11.0247],[98.6429,11.0254]]],[[[98.6804,11.0312],[98.6804,11.0304],[98.6813,11.0304],[98.6813,11.0287],[98.6796,11.0287],[98.6796,11.0296],[98.6788,11.0296],[98.6788,11.0312],[98.6804,11.0312]]],[[[98.6829,11.0271],[98.6829,11.0296],[98.6838,11.0296],[98.6838,11.0312],[98.6821,11.0312],[98.6821,11.0321],[98.6838,11.0321],[98.6838,11.0346],[98.6845,11.0346],[98.684,11.0271],[98.6829,11.0271]]],[[[98.6754,11.0321],[98.6754,11.0346],[98.6771,11.0346],[98.6771,11.0321],[98.6754,11.0321]]],[[[98.6713,11.0304],[98.6713,11.0296],[98.6721,11.0296],[98.6721,11.0304],[98.6738,11.0304],[98.6738,11.0296],[98.6763,11.0296],[98.6763,11.0279],[98.6746,11.0279],[98.6746,11.0271],[98.6738,11.0271],[98.6738,11.0254],[98.6754,11.0254],[98.6754,11.0246],[98.6771,11.0246],[98.6779,11.0262],[98.6796,11.0262],[98.6796,11.0271],[98.6813,11.0271],[98.6813,11.0262],[98.6838,11.0262],[98.6838,11.0236],[98.6834,11.0212],[98.6829,11.0212],[98.6829,11.0221],[98.6821,11.0221],[98.6821,11.0237],[98.6813,11.0237],[98.6804,11.0254],[98.6796,11.0254],[98.6796,11.0229],[98.6804,11.0229],[98.6804,11.0204],[98.6788,11.0204],[98.6788,11.0171],[98.6796,11.0171],[98.6796,11.0162],[98.6788,11.0162],[98.6779,11.0146],[98.6763,11.0137],[98.6763,11.0121],[98.6754,11.0121],[98.6754,11.0137],[98.6746,11.0137],[98.6746,11.0121],[98.6738,11.0121],[98.6738,11.0112],[98.6713,11.0112],[98.6713,11.0104],[98.6706,11.0104],[98.6704,11.0121],[98.6696,11.0121],[98.6696,11.0129],[98.6721,11.0129],[98.6721,11.0162],[98.6729,11.0162],[98.6729,11.0204],[98.6721,11.0204],[98.6721,11.0179],[98.6704,11.0179],[98.6696,11.0196],[98.6679,11.0196],[98.6671,11.0212],[98.6688,11.0221],[98.6688,11.0237],[98.6738,11.0237],[98.6738,11.0246],[98.6721,11.0246],[98.6721,11.0271],[98.6704,11.0271],[98.6696,11.0254],[98.6679,11.0254],[98.6679,11.0237],[98.6671,11.0237],[98.6671,11.0221],[98.6663,11.0221],[98.6663,11.0212],[98.6646,11.0212],[98.6646,11.0204],[98.6629,11.0204],[98.6629,11.0229],[98.6615,11.0229],[98.6624,11.0246],[98.6629,11.0246],[98.663,11.0262],[98.6638,11.0262],[98.6638,11.0296],[98.6646,11.0296],[98.6647,11.0331],[98.6637,11.0336],[98.6632,11.0329],[98.6613,11.0329],[98.6613,11.0312],[98.6596,11.0312],[98.6596,11.0296],[98.6613,11.0296],[98.6613,11.0271],[98.6604,11.0271],[98.6604,11.0254],[98.6588,11.0254],[98.6588,11.0262],[98.6579,11.0262],[98.6579,11.0279],[98.6563,11.0279],[98.6563,11.0271],[98.6538,11.0271],[98.6521,11.0304],[98.6496,11.0304],[98.6496,11.0329],[98.6488,11.0329],[98.6488,11.0321],[98.6471,11.0321],[98.6463,11.0337],[98.6446,11.0337],[98.6446,11.0346],[98.6429,11.0346],[98.6429,11.0354],[98.6421,11.0354],[98.6421,11.0379],[98.6413,11.0379],[98.6413,11.0387],[98.6449,11.0397],[98.6476,11.0392],[98.6529,11.0396],[98.6529,11.0412],[98.6513,11.0412],[98.6513,11.0404],[98.6496,11.0404],[98.6488,11.0421],[98.6463,11.0421],[98.6472,11.0445],[98.649,11.0471],[98.6496,11.0471],[98.6499,11.0487],[98.6504,11.0487],[98.6504,11.0504],[98.6513,11.0504],[98.6513,11.0538],[98.6516,11.0559],[98.6529,11.0578],[98.6529,11.0604],[98.6544,11.0604],[98.6604,11.0556],[98.6653,11.0539],[98.6646,11.0552],[98.6654,11.0554],[98.6654,11.0571],[98.6663,11.0571],[98.6671,11.0587],[98.6688,11.0587],[98.6688,11.0579],[98.6696,11.0579],[98.6696,11.0562],[98.6713,11.0562],[98.6713,11.0546],[98.6704,11.0546],[98.6704,11.0537],[98.6671,11.0537],[98.6671,11.0521],[98.6679,11.0521],[98.6679,11.0529],[98.6738,11.0529],[98.6738,11.0546],[98.6721,11.0546],[98.6721,11.0562],[98.6738,11.0562],[98.6746,11.0546],[98.6771,11.0546],[98.6769,11.0535],[98.6758,11.0528],[98.6763,11.0504],[98.6732,11.0495],[98.6737,11.0481],[98.6762,11.0474],[98.6763,11.0462],[98.6771,11.0462],[98.6765,11.0433],[98.6771,11.0404],[98.6763,11.0404],[98.6763,11.0412],[98.6746,11.0412],[98.6746,11.0429],[98.6738,11.0429],[98.6738,11.0421],[98.6713,11.0421],[98.6713,11.0437],[98.6679,11.0437],[98.6679,11.0446],[98.6688,11.0446],[98.6679,11.0462],[98.6671,11.0462],[98.6671,11.0446],[98.6663,11.0446],[98.6663,11.0437],[98.6654,11.0437],[98.6654,11.0429],[98.6671,11.0421],[98.6671,11.0404],[98.6646,11.0404],[98.6646,11.0387],[98.6654,11.0387],[98.6654,11.0371],[98.6671,11.0362],[98.6671,11.0337],[98.6696,11.0337],[98.6696,11.0362],[98.6713,11.0362],[98.6713,11.0354],[98.6729,11.0346],[98.6729,11.0329],[98.6713,11.0329],[98.6713,11.0321],[98.6704,11.0321],[98.6704,11.0304],[98.6713,11.0304]],[[98.6738,11.0204],[98.6738,11.0212],[98.6729,11.0212],[98.6729,11.0204],[98.6738,11.0204]],[[98.6713,11.0462],[98.6704,11.0479],[98.6688,11.0487],[98.6688,11.0471],[98.6679,11.0471],[98.6679,11.0462],[98.6713,11.0462]],[[98.6721,11.0471],[98.6721,11.0479],[98.6713,11.0479],[98.6713,11.0471],[98.6721,11.0471]],[[98.6663,11.0337],[98.6663,11.0312],[98.6679,11.0304],[98.6679,11.0321],[98.6671,11.0321],[98.6671,11.0337],[98.6663,11.0337]],[[98.6729,11.0504],[98.6746,11.0504],[98.6746,11.0512],[98.6713,11.0512],[98.6713,11.0496],[98.6729,11.0496],[98.6729,11.0504]],[[98.6679,11.0287],[98.6679,11.0296],[98.6671,11.0296],[98.6671,11.0287],[98.6679,11.0287]],[[98.6663,11.0287],[98.6663,11.0279],[98.6671,11.0279],[98.6671,11.0287],[98.6663,11.0287]],[[98.6679,11.0271],[98.6671,11.0271],[98.6671,11.0262],[98.6679,11.0262],[98.6679,11.0271]],[[98.6613,11.0504],[98.6629,11.0471],[98.6663,11.0471],[98.6663,11.0479],[98.6671,11.0479],[98.6671,11.0487],[98.6654,11.0487],[98.6654,11.0512],[98.6638,11.0512],[98.6638,11.0504],[98.6613,11.0504]],[[98.6604,11.0496],[98.6604,11.0504],[98.6596,11.0504],[98.6596,11.0529],[98.6571,11.0529],[98.6571,11.0512],[98.6563,11.0512],[98.6563,11.0504],[98.6571,11.0504],[98.6571,11.0487],[98.6588,11.0479],[98.6588,11.0487],[98.6613,11.0487],[98.6613,11.0496],[98.6604,11.0496]],[[98.6638,11.0454],[98.6613,11.0454],[98.6613,11.0437],[98.6629,11.0437],[98.6629,11.0421],[98.6638,11.0421],[98.6638,11.0454]],[[98.6629,11.0354],[98.6613,11.0346],[98.6613,11.0337],[98.6629,11.0337],[98.6629,11.0354]],[[98.6621,11.0379],[98.6604,11.0379],[98.6604,11.0362],[98.6621,11.0362],[98.6621,11.0379]],[[98.6579,11.0321],[98.6571,11.0321],[98.6571,11.0312],[98.6579,11.0312],[98.6579,11.0321]],[[98.6538,11.0496],[98.6529,11.0496],[98.6529,11.0487],[98.6538,11.0487],[98.6538,11.0496]],[[98.6529,11.0354],[98.6521,11.0354],[98.6521,11.0346],[98.6529,11.0346],[98.6529,11.0354]],[[98.6454,11.0379],[98.6446,11.0379],[98.6446,11.0371],[98.6454,11.0371],[98.6454,11.0379]]],[[[98.6821,11.0404],[98.6829,11.0387],[98.6838,11.0387],[98.6838,11.0396],[98.6849,11.0396],[98.6845,11.039],[98.6854,11.0377],[98.6845,11.0362],[98.6813,11.0362],[98.6813,11.0387],[98.6796,11.0387],[98.6796,11.0379],[98.6771,11.0379],[98.6771,11.0404],[98.6779,11.0404],[98.6779,11.0396],[98.6796,11.0396],[98.6813,11.0407],[98.6843,11.0414],[98.6851,11.0404],[98.6821,11.0404]]],[[[98.6846,11.0354],[98.6846,11.0358],[98.6846,11.0355],[98.6846,11.0354]]],[[[98.6729,11.0629],[98.6721,11.0629],[98.6721,11.0637],[98.6735,11.0637],[98.6761,11.0602],[98.6778,11.0557],[98.6775,11.0546],[98.6771,11.0571],[98.6763,11.0571],[98.6763,11.0579],[98.6746,11.0579],[98.6746,11.0587],[98.6721,11.0587],[98.6721,11.0596],[98.6696,11.0596],[98.6696,11.0612],[98.6704,11.0612],[98.6704,11.0621],[98.6729,11.0621],[98.6729,11.0629]]],[[[98.6696,11.0621],[98.6696,11.0621],[98.6696,11.0621],[98.6696,11.0621]]],[[[98.6654,11.0621],[98.6658,11.0625],[98.6684,11.0621],[98.6654,11.0621]]],[[[98.6729,11.1046],[98.6746,11.1046],[98.6746,11.1021],[98.6729,11.1021],[98.6729,11.1046]]],[[[98.6596,11.1221],[98.6583,11.1213],[98.6571,11.1221],[98.6596,11.1221]]],[[[98.6654,11.1254],[98.6647,11.1254],[98.6666,11.1261],[98.6676,11.1272],[98.6676,11.1287],[98.6688,11.1287],[98.6688,11.1321],[98.6696,11.1321],[98.6696,11.1312],[98.6713,11.1321],[98.6713,11.1329],[98.6696,11.1329],[98.6696,11.1379],[98.6688,11.1383],[98.669,11.1396],[98.6696,11.1396],[98.6696,11.1387],[98.6704,11.1387],[98.6704,11.1404],[98.6688,11.1412],[98.6688,11.1429],[98.6696,11.1429],[98.6696,11.1437],[98.6721,11.1437],[98.6721,11.1429],[98.6729,11.1429],[98.6729,11.1437],[98.6763,11.1437],[98.6763,11.1429],[98.6809,11.1429],[98.6829,11.1412],[98.6842,11.1387],[98.6829,11.1387],[98.6829,11.1371],[98.6804,11.1371],[98.6804,11.1354],[98.6821,11.1346],[98.6821,11.1321],[98.6838,11.1329],[98.6838,11.1346],[98.6854,11.1346],[98.6854,11.1304],[98.6829,11.1304],[98.6829,11.1296],[98.6838,11.1296],[98.6838,11.1279],[98.6846,11.1279],[98.6846,11.1254],[98.6838,11.1254],[98.6829,11.1237],[98.6813,11.1237],[98.6813,11.1229],[98.6804,11.1229],[98.6804,11.1212],[98.6813,11.1212],[98.6813,11.1187],[98.6796,11.1179],[98.6796,11.1162],[98.6813,11.1162],[98.6813,11.1179],[98.6846,11.1179],[98.6846,11.1171],[98.6829,11.1171],[98.6829,11.1162],[98.6821,11.1162],[98.6821,11.1154],[98.6838,11.1146],[98.6838,11.1137],[98.6854,11.1129],[98.6854,11.1112],[98.6846,11.1112],[98.6846,11.1087],[98.6829,11.1079],[98.6829,11.1062],[98.6813,11.1062],[98.6813,11.1104],[98.6804,11.1104],[98.6804,11.1112],[98.6754,11.1112],[98.6754,11.1104],[98.6738,11.1104],[98.6738,11.1112],[98.6729,11.1112],[98.6729,11.1139],[98.6736,11.1142],[98.6729,11.1162],[98.6713,11.1162],[98.6713,11.1154],[98.6696,11.1162],[98.6696,11.1204],[98.6671,11.1204],[98.6671,11.1229],[98.6654,11.1237],[98.6654,11.1254]],[[98.6813,11.1154],[98.6813,11.1146],[98.6821,11.1146],[98.6821,11.1154],[98.6813,11.1154]],[[98.6804,11.1387],[98.6796,11.1387],[98.6796,11.1379],[98.6804,11.1379],[98.6804,11.1387]],[[98.6754,11.1262],[98.6779,11.1262],[98.6779,11.1254],[98.6796,11.1254],[98.6796,11.1287],[98.6788,11.1287],[98.6788,11.1296],[98.6754,11.1296],[98.6754,11.1262]],[[98.6779,11.1229],[98.6763,11.1229],[98.6763,11.1221],[98.6754,11.1221],[98.6754,11.1187],[98.6779,11.1187],[98.6779,11.1229]],[[98.6779,11.1412],[98.6763,11.1412],[98.6763,11.1396],[98.6754,11.1396],[98.6754,11.1387],[98.6779,11.1387],[98.6779,11.1412]],[[98.6696,11.1271],[98.6696,11.1262],[98.6688,11.1262],[98.6688,11.1229],[98.6704,11.1229],[98.6704,11.1221],[98.6721,11.1221],[98.6721,11.1246],[98.6729,11.1246],[98.6729,11.1254],[98.6713,11.1254],[98.6704,11.1271],[98.6696,11.1271]],[[98.6713,11.1271],[98.6713,11.1279],[98.6704,11.1279],[98.6704,11.1271],[98.6713,11.1271]],[[98.6704,11.1287],[98.6696,11.1287],[98.6696,11.1279],[98.6704,11.1279],[98.6704,11.1287]]],[[[98.6894,11.1379],[98.6896,11.1371],[98.6886,11.1371],[98.6894,11.1379]]],[[[98.6854,11.1371],[98.6854,11.1378],[98.6874,11.1371],[98.6854,11.1371]]],[[[98.6846,11.1379],[98.6846,11.1382],[98.6848,11.1379],[98.6846,11.1379]]],[[[98.6554,11.1271],[98.6554,11.1278],[98.657,11.1271],[98.6554,11.1271]]],[[[98.6546,11.1279],[98.6546,11.1286],[98.6552,11.1279],[98.6546,11.1279]]],[[[98.6538,11.1287],[98.6538,11.1304],[98.6539,11.1304],[98.6545,11.1287],[98.6538,11.1287]]],[[[98.6846,11.5071],[98.6846,11.5077],[98.6852,11.5072],[98.6852,11.5071],[98.6846,11.5071]]],[[[98.6838,11.5079],[98.6838,11.5083],[98.6842,11.5079],[98.6838,11.5079]]],[[[98.6829,11.5087],[98.6829,11.5098],[98.6833,11.5087],[98.6829,11.5087]]],[[[98.6821,11.5104],[98.6821,11.5116],[98.6827,11.5104],[98.6821,11.5104]]],[[[98.6804,11.5129],[98.6804,11.5137],[98.6811,11.5129],[98.6804,11.5129]]],[[[98.6788,11.5137],[98.6788,11.5142],[98.6804,11.5137],[98.6788,11.5137]]],[[[98.6813,11.5121],[98.6813,11.5127],[98.6817,11.5121],[98.6813,11.5121]]],[[[98.6279,12.7262],[98.6288,12.7279],[98.6271,12.7279],[98.6271,12.7287],[98.6288,12.7287],[98.6288,12.7321],[98.6279,12.7321],[98.6279,12.7362],[98.6273,12.7362],[98.6278,12.7377],[98.6262,12.7387],[98.6271,12.7387],[98.6271,12.7396],[98.6229,12.7394],[98.6229,12.7412],[98.6246,12.7421],[98.6246,12.7429],[98.6271,12.7429],[98.6271,12.7446],[98.6296,12.7446],[98.6296,12.7429],[98.6304,12.7429],[98.6304,12.7446],[98.6311,12.7446],[98.6311,12.7435],[98.629,12.7414],[98.6302,12.7392],[98.6314,12.7382],[98.6319,12.7387],[98.6338,12.7387],[98.6338,12.7396],[98.6346,12.7396],[98.6354,12.7412],[98.6371,12.7412],[98.6371,12.7421],[98.6396,12.7421],[98.6396,12.7412],[98.6446,12.7412],[98.6446,12.7421],[98.6471,12.7421],[98.6471,12.7437],[98.6488,12.7437],[98.6488,12.7446],[98.6546,12.7446],[98.6546,12.7454],[98.6588,12.7454],[98.6588,12.7462],[98.6638,12.7462],[98.6638,12.7471],[98.6679,12.7471],[98.6688,12.7487],[98.6721,12.7487],[98.6737,12.7417],[98.681,12.7383],[98.6821,12.736],[98.6821,12.7337],[98.6829,12.7337],[98.6829,12.7329],[98.6837,12.7329],[98.6838,12.7321],[98.6854,12.7306],[98.6871,12.7255],[98.6863,12.7254],[98.6863,12.7246],[98.6873,12.7246],[98.6877,12.7231],[98.6877,12.7207],[98.687,12.7187],[98.6838,12.7187],[98.6829,12.7204],[98.6813,12.7204],[98.6813,12.719],[98.6757,12.7221],[98.6763,12.7221],[98.6763,12.7229],[98.6754,12.7229],[98.6754,12.7237],[98.6729,12.7237],[98.6727,12.7232],[98.6714,12.7242],[98.6688,12.7249],[98.6688,12.7271],[98.6679,12.7271],[98.6679,12.725],[98.6649,12.7255],[98.6629,12.7267],[98.6629,12.7296],[98.6624,12.7304],[98.6638,12.7304],[98.6638,12.7321],[98.6621,12.7321],[98.6621,12.7312],[98.661,12.7312],[98.661,12.7304],[98.6596,12.7304],[98.6596,12.7296],[98.6604,12.7296],[98.66,12.7293],[98.6587,12.7295],[98.6568,12.7279],[98.6522,12.7288],[98.6484,12.7304],[98.644,12.7295],[98.6414,12.7298],[98.6396,12.7307],[98.6396,12.7312],[98.6388,12.7312],[98.6388,12.7306],[98.6345,12.7289],[98.6315,12.7284],[98.6279,12.7262]],[[98.6821,12.7271],[98.6846,12.7271],[98.6846,12.7262],[98.6854,12.7262],[98.6854,12.7296],[98.6846,12.7296],[98.6846,12.7287],[98.6821,12.7287],[98.6821,12.7271]],[[98.6729,12.7379],[98.6721,12.7379],[98.6721,12.7371],[98.6729,12.7371],[98.6729,12.7379]],[[98.6721,12.7446],[98.6713,12.7446],[98.6713,12.7437],[98.6721,12.7437],[98.6721,12.7446]],[[98.6604,12.7329],[98.6596,12.7329],[98.6596,12.7321],[98.6604,12.7321],[98.6604,12.7329]],[[98.6463,12.7312],[98.6438,12.7312],[98.6438,12.7304],[98.6463,12.7304],[98.6463,12.7312]]],[[[98.6746,12.7479],[98.6754,12.7462],[98.6779,12.7462],[98.6779,12.7454],[98.6788,12.7454],[98.6788,12.7487],[98.6771,12.7487],[98.6771,12.7504],[98.6779,12.7504],[98.6779,12.7546],[98.6788,12.7546],[98.6788,12.7554],[98.6804,12.7554],[98.6804,12.7587],[98.6813,12.7587],[98.6813,12.7621],[98.6821,12.7621],[98.6829,12.7637],[98.6838,12.7637],[98.6838,12.7654],[98.6846,12.7654],[98.6846,12.7679],[98.6854,12.7679],[98.6854,12.7696],[98.6871,12.7704],[98.6871,12.7712],[98.6888,12.7712],[98.6888,12.7729],[98.6896,12.7729],[98.6904,12.7746],[98.6921,12.7746],[98.6921,12.7754],[98.6929,12.7754],[98.6938,12.7771],[98.6979,12.7771],[98.6979,12.7779],[98.6996,12.7787],[98.6996,12.7796],[98.7013,12.7796],[98.7013,12.7804],[98.7021,12.7804],[98.7021,12.7812],[98.7038,12.7812],[98.7038,12.7821],[98.7054,12.7821],[98.7054,12.7829],[98.7071,12.7829],[98.7071,12.7837],[98.7079,12.7837],[98.7079,12.7846],[98.7096,12.7854],[98.7096,12.7871],[98.7129,12.7871],[98.7138,12.7887],[98.7146,12.7887],[98.7154,12.7871],[98.7171,12.7871],[98.7171,12.7846],[98.7188,12.7846],[98.7188,12.7862],[98.7196,12.7862],[98.7196,12.7871],[98.7213,12.7871],[98.7213,12.7862],[98.7229,12.7862],[98.7229,12.7871],[98.7238,12.7871],[98.7238,12.7812],[98.7246,12.7812],[98.7246,12.7804],[98.7229,12.7804],[98.7229,12.7796],[98.7221,12.7796],[98.7221,12.7779],[98.7204,12.7779],[98.7196,12.7762],[98.7188,12.7762],[98.7188,12.7746],[98.7196,12.7746],[98.7196,12.7671],[98.7204,12.7671],[98.7204,12.7646],[98.7196,12.7646],[98.7196,12.7629],[98.7188,12.7629],[98.7188,12.7604],[98.7204,12.7604],[98.7204,12.7587],[98.7213,12.7587],[98.7213,12.7554],[98.7196,12.7554],[98.7196,12.7546],[98.7171,12.7546],[98.7171,12.7587],[98.7121,12.7587],[98.7121,12.7596],[98.7104,12.7596],[98.7104,12.7587],[98.7113,12.7587],[98.7113,12.7554],[98.7138,12.7554],[98.7138,12.7537],[98.7146,12.7537],[98.7146,12.7512],[98.7171,12.7512],[98.7171,12.7529],[98.7188,12.7529],[98.7188,12.7512],[98.7204,12.7512],[98.7204,12.7504],[98.7213,12.7504],[98.7221,12.7521],[98.7229,12.7521],[98.7229,12.7529],[98.7263,12.7529],[98.7263,12.7521],[98.7279,12.7521],[98.7288,12.7504],[98.7246,12.7504],[98.7246,12.7496],[98.7229,12.7487],[98.7229,12.7479],[98.7213,12.7479],[98.7213,12.7471],[98.7204,12.7471],[98.7204,12.7437],[98.7196,12.7437],[98.7196,12.7429],[98.7163,12.7429],[98.7163,12.7404],[98.7179,12.7396],[98.7179,12.7379],[98.7171,12.7379],[98.7171,12.7371],[98.7179,12.7371],[98.7179,12.7321],[98.7163,12.7321],[98.7163,12.7312],[98.7146,12.7321],[98.7146,12.7312],[98.7138,12.7312],[98.7138,12.7271],[98.7121,12.7271],[98.7121,12.7287],[98.7113,12.7287],[98.7113,12.7304],[98.7088,12.7304],[98.7088,12.7287],[98.7079,12.7287],[98.7079,12.7279],[98.7063,12.7279],[98.7054,12.7296],[98.7021,12.7296],[98.7021,12.7271],[98.6988,12.7271],[98.6988,12.7254],[98.6979,12.7254],[98.6979,12.7271],[98.6934,12.7271],[98.6929,12.7279],[98.6904,12.7287],[98.6904,12.7296],[98.6863,12.7337],[98.6863,12.7346],[98.6854,12.7346],[98.6854,12.7396],[98.6863,12.7396],[98.6863,12.7404],[98.6879,12.7404],[98.6879,12.7412],[98.6913,12.7412],[98.6913,12.7404],[98.6954,12.7404],[98.6954,12.7412],[98.6971,12.7412],[98.6971,12.7421],[98.6979,12.7421],[98.6979,12.7429],[98.6996,12.7429],[98.7004,12.7446],[98.7029,12.7446],[98.7029,12.7462],[98.7004,12.7462],[98.7004,12.7454],[98.6988,12.7454],[98.6988,12.7446],[98.6979,12.7446],[98.6971,12.7429],[98.6963,12.7429],[98.6963,12.7421],[98.6904,12.7421],[98.6904,12.7429],[98.6896,12.7429],[98.6896,12.7446],[98.6904,12.7446],[98.6904,12.7479],[98.6913,12.7479],[98.6913,12.7496],[98.6896,12.7496],[98.6896,12.7487],[98.6888,12.7487],[98.6888,12.7437],[98.6879,12.7437],[98.6879,12.7429],[98.6863,12.7429],[98.6863,12.7421],[98.6854,12.7421],[98.6854,12.7412],[98.6846,12.7412],[98.6846,12.7404],[98.6838,12.7404],[98.6838,12.7396],[98.6829,12.7396],[98.6829,12.739],[98.6749,12.7425],[98.674,12.7437],[98.6746,12.7479]],[[98.7079,12.7829],[98.7088,12.7829],[98.7088,12.7837],[98.7079,12.7837],[98.7079,12.7829]],[[98.7154,12.7404],[98.7138,12.7404],[98.7138,12.7387],[98.7154,12.7387],[98.7154,12.7404]],[[98.7113,12.7329],[98.7104,12.7329],[98.7104,12.7321],[98.7113,12.7321],[98.7113,12.7329]],[[98.7113,12.7846],[98.7104,12.7846],[98.7104,12.7837],[98.7113,12.7837],[98.7113,12.7846]],[[98.7046,12.7679],[98.7038,12.7679],[98.7046,12.7696],[98.7029,12.7704],[98.7029,12.7696],[98.7021,12.7696],[98.7021,12.7687],[98.7004,12.7679],[98.7004,12.7671],[98.6988,12.7662],[98.6988,12.7629],[98.6979,12.7629],[98.6979,12.7612],[98.6996,12.7612],[98.6996,12.7604],[98.7013,12.7596],[98.7013,12.7571],[98.7021,12.7571],[98.7021,12.7579],[98.7079,12.7579],[98.7079,12.7629],[98.7046,12.7629],[98.7046,12.7637],[98.7029,12.7646],[98.7029,12.7662],[98.7046,12.7671],[98.7046,12.7679]],[[98.7079,12.7321],[98.7071,12.7321],[98.7071,12.7312],[98.7079,12.7312],[98.7079,12.7321]],[[98.7079,12.7729],[98.7071,12.7729],[98.7071,12.7721],[98.7079,12.7721],[98.7079,12.7729]],[[98.7054,12.7771],[98.7038,12.7771],[98.7038,12.7762],[98.7054,12.7762],[98.7054,12.7771]],[[98.6971,12.7321],[98.6963,12.7321],[98.6963,12.7312],[98.6971,12.7312],[98.6971,12.7321]],[[98.6954,12.7546],[98.6946,12.7546],[98.6946,12.7529],[98.6954,12.7529],[98.6954,12.7546]],[[98.6804,12.7546],[98.6796,12.7546],[98.6796,12.7537],[98.6804,12.7537],[98.6804,12.7546]]],[[[98.6838,12.7171],[98.6855,12.7171],[98.6838,12.717],[98.6838,12.7171]]],[[[98.6863,12.7179],[98.6864,12.7179],[98.6863,12.7178],[98.6863,12.7179]]],[[[98.6754,12.7829],[98.6763,12.7829],[98.6763,12.7846],[98.6779,12.7846],[98.6788,12.7862],[98.6796,12.7862],[98.6796,12.7871],[98.6813,12.7871],[98.6821,12.7887],[98.6838,12.7887],[98.6838,12.7896],[98.6863,12.7896],[98.6863,12.7904],[98.6921,12.7904],[98.6921,12.7896],[98.6938,12.7896],[98.6938,12.7887],[98.6954,12.7887],[98.6963,12.7871],[98.6979,12.7871],[98.6988,12.7854],[98.6996,12.7854],[98.6944,12.7816],[98.6899,12.7811],[98.6871,12.7794],[98.6794,12.7708],[98.678,12.7699],[98.6771,12.7698],[98.672,12.7657],[98.6657,12.7621],[98.6589,12.7571],[98.6545,12.7556],[98.6504,12.7556],[98.6504,12.7562],[98.6496,12.7562],[98.6496,12.7556],[98.6479,12.756],[98.6479,12.7579],[98.6488,12.7579],[98.6488,12.7596],[98.6496,12.7596],[98.6496,12.7621],[98.6504,12.7621],[98.6504,12.7637],[98.6521,12.7646],[98.6521,12.7662],[98.6538,12.7671],[98.6538,12.7687],[98.6554,12.7696],[98.6554,12.7712],[98.6571,12.7721],[98.6571,12.7737],[98.6588,12.7746],[98.6596,12.7762],[98.6621,12.7762],[98.6621,12.7771],[98.6646,12.7771],[98.6646,12.7762],[98.6663,12.7762],[98.6663,12.7754],[98.6721,12.7754],[98.6729,12.7771],[98.6746,12.7771],[98.6746,12.7787],[98.6754,12.7787],[98.6754,12.7779],[98.6771,12.7779],[98.6771,12.7796],[98.6763,12.7796],[98.6763,12.7804],[98.6746,12.7804],[98.6746,12.7812],[98.6754,12.7812],[98.6754,12.7829]],[[98.6904,12.7829],[98.6896,12.7829],[98.6896,12.7821],[98.6904,12.7821],[98.6904,12.7829]],[[98.6788,12.7712],[98.6796,12.7712],[98.6788,12.7729],[98.6763,12.7729],[98.6763,12.7721],[98.6754,12.7721],[98.6763,12.7704],[98.6788,12.7704],[98.6788,12.7712]],[[98.6746,12.7687],[98.6738,12.7687],[98.6738,12.7679],[98.6746,12.7679],[98.6746,12.7687]],[[98.6738,12.7712],[98.6729,12.7712],[98.6729,12.7704],[98.6738,12.7704],[98.6738,12.7712]],[[98.6713,12.7662],[98.6696,12.7671],[98.6696,12.7654],[98.6713,12.7654],[98.6713,12.7662]],[[98.6671,12.7654],[98.6663,12.7654],[98.6663,12.7637],[98.6671,12.7637],[98.6671,12.7654]],[[98.6613,12.7629],[98.6604,12.7629],[98.6604,12.7612],[98.6613,12.7612],[98.6613,12.7629]]],[[[98.6521,12.7771],[98.6538,12.7771],[98.6538,12.7787],[98.6546,12.7787],[98.6538,12.7804],[98.6554,12.7804],[98.6554,12.7829],[98.6546,12.7829],[98.6538,12.7846],[98.6521,12.7854],[98.6521,12.7862],[98.6496,12.7862],[98.6496,12.7846],[98.6488,12.7846],[98.6488,12.7812],[98.6513,12.7812],[98.6513,12.7804],[98.6504,12.7804],[98.6504,12.7796],[98.6488,12.7796],[98.6488,12.7779],[98.6479,12.7779],[98.6479,12.7771],[98.6463,12.7762],[98.6463,12.7737],[98.6446,12.7729],[98.6446,12.7762],[98.6438,12.7762],[98.6438,12.7887],[98.6421,12.7903],[98.6421,12.7929],[98.6429,12.7929],[98.6429,12.7937],[98.6438,12.7937],[98.6446,12.7954],[98.6454,12.7954],[98.6454,12.7971],[98.6463,12.7971],[98.6463,12.7987],[98.6479,12.7996],[98.6479,12.8004],[98.6488,12.8004],[98.6488,12.8012],[98.6513,12.8012],[98.6513,12.8021],[98.6546,12.8021],[98.6546,12.8029],[98.6571,12.8029],[98.6571,12.8037],[98.6621,12.8037],[98.6621,12.8029],[98.6646,12.8029],[98.6646,12.8012],[98.6638,12.8012],[98.6638,12.8004],[98.6621,12.8004],[98.6621,12.7979],[98.6646,12.7979],[98.6654,12.7996],[98.6663,12.7996],[98.6663,12.8004],[98.6688,12.8004],[98.6696,12.7987],[98.6713,12.7987],[98.6713,12.7979],[98.6771,12.7979],[98.6771,12.7987],[98.6796,12.7987],[98.6796,12.7996],[98.6729,12.7996],[98.6729,12.8004],[98.6704,12.8004],[98.6704,12.8012],[98.6688,12.8012],[98.6679,12.8029],[98.6663,12.8029],[98.6663,12.8037],[98.6646,12.8037],[98.6638,12.8054],[98.6538,12.8054],[98.6538,12.8046],[98.6521,12.8046],[98.6513,12.8029],[98.6488,12.8029],[98.6488,12.8054],[98.6479,12.8054],[98.6479,12.8079],[98.6488,12.8079],[98.6488,12.8087],[98.6479,12.8087],[98.6479,12.8112],[98.6496,12.8121],[98.6504,12.8137],[98.6521,12.8137],[98.6521,12.8146],[98.6529,12.8146],[98.6529,12.8129],[98.6521,12.8129],[98.6521,12.8121],[98.6529,12.8121],[98.6538,12.8104],[98.6546,12.8104],[98.6546,12.8096],[98.6563,12.8104],[98.6563,12.8121],[98.6579,12.8112],[98.6579,12.8096],[98.6638,12.8096],[98.6638,12.8087],[98.6646,12.8087],[98.6646,12.8096],[98.6671,12.8096],[98.6671,12.8112],[98.6688,12.8121],[98.6696,12.8137],[98.6704,12.8137],[98.6704,12.8146],[98.6721,12.8154],[98.6721,12.8162],[98.6729,12.8162],[98.6729,12.8171],[98.6738,12.8171],[98.6738,12.8179],[98.6729,12.8179],[98.6729,12.8221],[98.6754,12.8221],[98.6754,12.8237],[98.6746,12.8237],[98.6746,12.8246],[98.6763,12.8254],[98.6763,12.8246],[98.6771,12.8246],[98.6771,12.8221],[98.6821,12.8221],[98.6821,12.8212],[98.6813,12.8212],[98.6813,12.8179],[98.6796,12.8171],[98.6796,12.8179],[98.6788,12.8179],[98.6788,12.8204],[98.6771,12.8212],[98.6771,12.8154],[98.6754,12.8154],[98.6754,12.8129],[98.6729,12.8129],[98.6729,12.8112],[98.6721,12.8112],[98.6721,12.8096],[98.6704,12.8087],[98.6704,12.8071],[98.6696,12.8071],[98.6696,12.8046],[98.6688,12.8046],[98.6688,12.8037],[98.6713,12.8037],[98.6713,12.8054],[98.6763,12.8054],[98.6763,12.8079],[98.6771,12.8079],[98.6771,12.8087],[98.6796,12.8087],[98.6796,12.8079],[98.6813,12.8079],[98.6813,12.8062],[98.6788,12.8062],[98.6788,12.8054],[98.6779,12.8054],[98.6779,12.8037],[98.6796,12.8037],[98.6796,12.8046],[98.6829,12.8046],[98.6829,12.8062],[98.6838,12.8062],[98.6838,12.8071],[98.6829,12.8071],[98.6829,12.8096],[98.6813,12.8104],[98.6813,12.8137],[98.6821,12.8137],[98.6821,12.8154],[98.6838,12.8154],[98.6838,12.8162],[98.6863,12.8162],[98.6863,12.8154],[98.6871,12.8154],[98.6879,12.8171],[98.6888,12.8171],[98.6888,12.8179],[98.6913,12.8179],[98.6913,12.8162],[98.6896,12.8162],[98.6896,12.8154],[98.6904,12.8154],[98.6904,12.8137],[98.6879,12.8137],[98.6879,12.8129],[98.6863,12.8129],[98.6863,12.8121],[98.6846,12.8121],[98.6846,12.8104],[98.6854,12.8104],[98.6854,12.8054],[98.6863,12.8054],[98.6863,12.8046],[98.6879,12.8046],[98.6879,12.8021],[98.6921,12.8021],[98.6921,12.8046],[98.6913,12.8046],[98.6913,12.8071],[98.6938,12.8071],[98.6938,12.8087],[98.6921,12.8087],[98.6921,12.8096],[98.6913,12.8096],[98.6913,12.8112],[98.6938,12.8112],[98.6938,12.8104],[98.6946,12.8104],[98.6946,12.8071],[98.6954,12.8071],[98.6954,12.8054],[98.6963,12.8054],[98.6963,12.8046],[98.6979,12.8046],[98.6979,12.8037],[98.6988,12.8037],[98.6996,12.8021],[98.6988,12.8021],[98.6988,12.8012],[98.6971,12.8012],[98.6971,12.8004],[98.6954,12.8004],[98.6954,12.8037],[98.6938,12.8037],[98.6938,12.8029],[98.6929,12.8029],[98.6929,12.8004],[98.6946,12.8004],[98.6946,12.7987],[98.6963,12.7987],[98.6963,12.7996],[98.6971,12.7996],[98.6971,12.7987],[98.6996,12.7987],[98.6996,12.7979],[98.7004,12.7979],[98.7004,12.7954],[98.7013,12.7954],[98.7013,12.7971],[98.7038,12.7971],[98.7038,12.7979],[98.7054,12.7979],[98.7054,12.7996],[98.7046,12.7996],[98.7046,12.8029],[98.7071,12.8029],[98.7071,12.8037],[98.7104,12.8037],[98.7104,12.8071],[98.7088,12.8071],[98.7088,12.8096],[98.7046,12.8096],[98.7046,12.8104],[98.7038,12.8104],[98.7038,12.8112],[98.7063,12.8112],[98.7063,12.8121],[98.7071,12.8121],[98.7071,12.8146],[98.7063,12.8146],[98.7063,12.8162],[98.7071,12.8162],[98.7071,12.8187],[98.7079,12.8187],[98.7079,12.8179],[98.7096,12.8171],[98.7096,12.8154],[98.7113,12.8154],[98.7113,12.8179],[98.7129,12.8179],[98.7129,12.8187],[98.7138,12.8187],[98.7129,12.8204],[98.7121,12.8204],[98.7113,12.8187],[98.7096,12.8187],[98.7096,12.8221],[98.7088,12.8221],[98.7088,12.8229],[98.7046,12.8229],[98.7046,12.8237],[98.7038,12.8237],[98.7029,12.8254],[98.7088,12.8254],[98.7088,12.8262],[98.7096,12.8262],[98.7096,12.8287],[98.7079,12.8296],[98.7079,12.8304],[98.7096,12.8304],[98.7096,12.8329],[98.7104,12.8329],[98.7104,12.8337],[98.7121,12.8329],[98.7121,12.8312],[98.7146,12.8312],[98.7146,12.8304],[98.7154,12.8304],[98.7154,12.8287],[98.7146,12.8287],[98.7146,12.8262],[98.7154,12.8262],[98.7154,12.8254],[98.7179,12.8254],[98.7179,12.8262],[98.7204,12.8262],[98.7204,12.8229],[98.7179,12.8229],[98.7179,12.8237],[98.7163,12.8229],[98.7163,12.8212],[98.7179,12.8212],[98.7179,12.8204],[98.7171,12.8204],[98.7171,12.8129],[98.7129,12.8129],[98.7129,12.8112],[98.7121,12.8112],[98.7121,12.8087],[98.7129,12.8087],[98.7129,12.8054],[98.7121,12.8054],[98.7121,12.8037],[98.7104,12.8029],[98.7104,12.8012],[98.7113,12.8012],[98.711,12.7962],[98.7099,12.7933],[98.7085,12.7917],[98.7059,12.7899],[98.7008,12.7884],[98.6979,12.7892],[98.6979,12.7904],[98.6971,12.7904],[98.6971,12.7921],[98.6963,12.7921],[98.6963,12.7929],[98.6933,12.7929],[98.6925,12.7937],[98.6893,12.7939],[98.6859,12.7936],[98.6777,12.7891],[98.6743,12.7863],[98.6714,12.7801],[98.6699,12.7784],[98.6679,12.7784],[98.6641,12.7806],[98.6581,12.7794],[98.6549,12.7766],[98.6505,12.7699],[98.6482,12.769],[98.6463,12.7695],[98.6463,12.7712],[98.6479,12.7721],[98.6479,12.7729],[98.6488,12.7729],[98.6488,12.7737],[98.6504,12.7746],[98.6504,12.7762],[98.6521,12.7762],[98.6521,12.7771]],[[98.6496,12.8087],[98.6496,12.8096],[98.6488,12.8096],[98.6488,12.8087],[98.6496,12.8087]],[[98.6496,12.8079],[98.6504,12.8079],[98.6504,12.8087],[98.6496,12.8087],[98.6496,12.8079]],[[98.6504,12.8096],[98.6504,12.8104],[98.6496,12.8104],[98.6496,12.8096],[98.6504,12.8096]],[[98.6704,12.8096],[98.6696,12.8096],[98.6696,12.8087],[98.6704,12.8087],[98.6704,12.8096]],[[98.7104,12.8004],[98.7088,12.8012],[98.7088,12.7987],[98.7104,12.7987],[98.7104,12.8004]],[[98.7079,12.7954],[98.7071,12.7954],[98.7071,12.7946],[98.7079,12.7946],[98.7079,12.7954]],[[98.6963,12.7946],[98.6938,12.7946],[98.6938,12.7937],[98.6963,12.7937],[98.6963,12.7946]],[[98.6796,12.8012],[98.6788,12.8012],[98.6788,12.8004],[98.6796,12.8004],[98.6796,12.8012]],[[98.6688,12.7821],[98.6679,12.7821],[98.6679,12.7812],[98.6688,12.7812],[98.6688,12.7821]],[[98.6671,12.7804],[98.6663,12.7804],[98.6663,12.7796],[98.6671,12.7796],[98.6671,12.7804]],[[98.6513,12.7737],[98.6504,12.7737],[98.6504,12.7721],[98.6513,12.7721],[98.6513,12.7737]]],[[[98.6913,12.7921],[98.6871,12.7921],[98.6871,12.7912],[98.6838,12.7912],[98.6829,12.7896],[98.6813,12.7896],[98.6813,12.7887],[98.6797,12.7887],[98.6834,12.7911],[98.6874,12.7927],[98.6896,12.7929],[98.6913,12.7921]]],[[[98.6796,12.7879],[98.6786,12.7879],[98.6796,12.7887],[98.6796,12.7879]]],[[[98.6779,12.7871],[98.6775,12.7871],[98.6779,12.7874],[98.6779,12.7871]]],[[[98.6596,12.7779],[98.6592,12.7779],[98.6596,12.7781],[98.6596,12.7779]]],[[[98.6563,12.8129],[98.6563,12.8121],[98.6546,12.8121],[98.6546,12.8112],[98.6538,12.8112],[98.6538,12.8137],[98.6546,12.8137],[98.6546,12.8129],[98.6563,12.8129]]],[[[98.6788,12.8129],[98.6788,12.8154],[98.6796,12.8154],[98.6796,12.8129],[98.6788,12.8129]]],[[[98.6688,12.8221],[98.6688,12.8212],[98.6671,12.8212],[98.6671,12.8221],[98.6679,12.8221],[98.6679,12.8237],[98.6663,12.8237],[98.6663,12.8254],[98.6654,12.8254],[98.6654,12.8262],[98.6704,12.8262],[98.6704,12.8246],[98.6696,12.8246],[98.6696,12.8221],[98.6688,12.8221]]],[[[98.6638,12.8371],[98.6638,12.8387],[98.6663,12.8387],[98.6663,12.8429],[98.6688,12.8429],[98.6688,12.8404],[98.6696,12.8404],[98.6696,12.8412],[98.6713,12.8421],[98.6713,12.8387],[98.6704,12.8387],[98.6704,12.8362],[98.6696,12.8362],[98.6696,12.8371],[98.6671,12.8371],[98.6671,12.8362],[98.6679,12.8362],[98.6679,12.8337],[98.6696,12.8337],[98.6696,12.8354],[98.6713,12.8354],[98.6713,12.8346],[98.6729,12.8337],[98.6729,12.8329],[98.6713,12.8321],[98.6713,12.8304],[98.6729,12.8304],[98.6729,12.8321],[98.6754,12.8321],[98.6754,12.8329],[98.6763,12.8329],[98.6763,12.8304],[98.6771,12.8304],[98.6771,12.8287],[98.6646,12.8287],[98.6646,12.8296],[98.6629,12.8287],[98.6621,12.8304],[98.6613,12.8304],[98.6613,12.8321],[98.6629,12.8321],[98.6629,12.8371],[98.6638,12.8371]],[[98.6654,12.8329],[98.6654,12.8346],[98.6646,12.8346],[98.6646,12.8329],[98.6654,12.8329]]],[[[98.6546,12.8396],[98.6546,12.8379],[98.6513,12.8379],[98.6521,12.8396],[98.6546,12.8396]]],[[[98.6629,12.8562],[98.6629,12.8571],[98.6621,12.8571],[98.6621,12.8587],[98.6638,12.8587],[98.6638,12.8571],[98.6654,12.8571],[98.6654,12.8554],[98.6638,12.8554],[98.6638,12.8562],[98.6629,12.8562]]],[[[98.6413,12.8254],[98.6421,12.8254],[98.6421,12.8287],[98.6404,12.8296],[98.6404,12.8312],[98.6421,12.8321],[98.6421,12.8337],[98.6413,12.8337],[98.6413,12.8346],[98.6396,12.8346],[98.6396,12.8329],[98.6379,12.8329],[98.6379,12.8346],[98.6388,12.8346],[98.6388,12.8354],[98.6379,12.8354],[98.6379,12.8362],[98.6363,12.8362],[98.6363,12.8371],[98.6371,12.8371],[98.6371,12.8412],[98.6379,12.8412],[98.6379,12.8396],[98.6404,12.8396],[98.6404,12.8412],[98.6396,12.8412],[98.6396,12.8429],[98.6388,12.8429],[98.6388,12.8462],[98.6371,12.8471],[98.6371,12.8479],[98.6379,12.8479],[98.6379,12.8496],[98.6363,12.8487],[98.6363,12.8529],[98.6354,12.8529],[98.6354,12.8537],[98.6371,12.8537],[98.6371,12.8529],[98.6379,12.8529],[98.6379,12.8546],[98.6354,12.8546],[98.6354,12.8561],[98.6379,12.8562],[98.6379,12.8579],[98.6388,12.8579],[98.6388,12.8571],[98.6404,12.8571],[98.6404,12.8587],[98.6413,12.8587],[98.6413,12.8604],[98.6429,12.8604],[98.6429,12.8612],[98.6446,12.8612],[98.6446,12.8637],[98.6438,12.8637],[98.6438,12.8662],[98.6454,12.8662],[98.6454,12.8679],[98.6446,12.8679],[98.6438,12.8696],[98.6463,12.8696],[98.6463,12.8721],[98.6488,12.8721],[98.6488,12.8737],[98.6471,12.8746],[98.6471,12.8771],[98.6488,12.8771],[98.6488,12.8787],[98.6471,12.8787],[98.6471,12.8804],[98.6479,12.8804],[98.6479,12.8821],[98.6488,12.8821],[98.6488,12.8829],[98.6496,12.8829],[98.6496,12.8854],[98.6479,12.8862],[98.6479,12.8937],[98.6488,12.8937],[98.6488,12.8946],[98.6479,12.8946],[98.6479,12.8962],[98.6488,12.8962],[98.6488,12.8979],[98.6496,12.8979],[98.6496,12.8996],[98.6529,12.9012],[98.6529,12.9046],[98.6538,12.9046],[98.6546,12.9029],[98.6563,12.9029],[98.6563,12.9004],[98.6546,12.9004],[98.6546,12.8996],[98.6538,12.8996],[98.6538,12.8954],[98.6546,12.8954],[98.6546,12.8962],[98.6554,12.8962],[98.6554,12.8954],[98.6571,12.8954],[98.6571,12.8962],[98.6621,12.8962],[98.6621,12.8996],[98.6629,12.8996],[98.6629,12.9021],[98.6638,12.9021],[98.6638,12.9037],[98.6621,12.9037],[98.6621,12.9054],[98.6604,12.9054],[98.6604,12.9062],[98.6621,12.9071],[98.6621,12.9087],[98.6654,12.9087],[98.6646,12.9071],[98.6663,12.9071],[98.6663,12.9054],[98.6671,12.9054],[98.6663,12.9037],[98.6654,12.9037],[98.6654,12.9029],[98.6663,12.9029],[98.6663,12.9004],[98.6671,12.9004],[98.6671,12.8987],[98.6679,12.8987],[98.6679,12.8996],[98.6696,12.8987],[98.6696,12.8979],[98.6638,12.8979],[98.6638,12.8962],[98.6654,12.8962],[98.6654,12.8954],[98.6663,12.8954],[98.6663,12.8929],[98.6688,12.8929],[98.6688,12.8954],[98.6713,12.8954],[98.6713,12.8971],[98.6721,12.8971],[98.6721,12.8987],[98.6754,12.8987],[98.6763,12.8971],[98.6729,12.8971],[98.6729,12.8937],[98.6713,12.8929],[98.6704,12.8912],[98.6688,12.8912],[98.6679,12.8896],[98.6654,12.8896],[98.6654,12.8904],[98.6604,12.8904],[98.6604,12.8871],[98.6588,12.8871],[98.6588,12.8862],[98.6571,12.8862],[98.6571,12.8854],[98.6563,12.8854],[98.6563,12.8846],[98.6613,12.8846],[98.6613,12.8854],[98.6629,12.8862],[98.6638,12.8879],[98.6663,12.8879],[98.6663,12.8871],[98.6696,12.8871],[98.6696,12.8846],[98.6688,12.8846],[98.6688,12.8829],[98.6696,12.8829],[98.6696,12.8796],[98.6679,12.8787],[98.6679,12.8771],[98.6638,12.8771],[98.6638,12.8796],[98.6604,12.8796],[98.6604,12.8787],[98.6579,12.8787],[98.6579,12.8804],[98.6563,12.8804],[98.6554,12.8787],[98.6546,12.8787],[98.6546,12.8754],[98.6538,12.8754],[98.6538,12.8721],[98.6546,12.8721],[98.6546,12.8704],[98.6563,12.8704],[98.6563,12.8662],[98.6554,12.8662],[98.6554,12.8654],[98.6563,12.8654],[98.6563,12.8646],[98.6554,12.8646],[98.6554,12.8637],[98.6563,12.8637],[98.6563,12.8629],[98.6554,12.8629],[98.6554,12.8621],[98.6563,12.8621],[98.6563,12.8546],[98.6546,12.8554],[98.6538,12.8537],[98.6546,12.8537],[98.6546,12.8529],[98.6563,12.8521],[98.6563,12.8496],[98.6554,12.8496],[98.6554,12.8487],[98.6529,12.8487],[98.6529,12.8479],[98.6521,12.8479],[98.6521,12.8462],[98.6513,12.8462],[98.6513,12.8446],[98.6538,12.8446],[98.6538,12.8437],[98.6546,12.8437],[98.6546,12.8421],[98.6571,12.8421],[98.6579,12.8404],[98.6588,12.8404],[98.6588,12.8371],[98.6579,12.8371],[98.6579,12.8387],[98.6571,12.8387],[98.6571,12.8404],[98.6521,12.8404],[98.6521,12.8396],[98.6488,12.8396],[98.6488,12.8379],[98.6496,12.8379],[98.6496,12.8371],[98.6521,12.8371],[98.6513,12.8354],[98.6504,12.8354],[98.6504,12.8329],[98.6521,12.8329],[98.6521,12.8287],[98.6513,12.8287],[98.6513,12.8262],[98.6529,12.8271],[98.6529,12.8279],[98.6546,12.8279],[98.6546,12.8296],[98.6588,12.8296],[98.6588,12.8237],[98.6629,12.8237],[98.6629,12.8229],[98.6638,12.8229],[98.6638,12.8212],[98.6588,12.8212],[98.6588,12.8204],[98.6579,12.8204],[98.6579,12.8196],[98.6613,12.8196],[98.6613,12.8171],[98.6604,12.8171],[98.6604,12.8154],[98.6579,12.8154],[98.6579,12.8137],[98.6554,12.8137],[98.6554,12.8146],[98.6546,12.8146],[98.6546,12.8162],[98.6529,12.8162],[98.6529,12.8154],[98.6504,12.8154],[98.6504,12.8146],[98.6488,12.8146],[98.6488,12.8137],[98.6479,12.8137],[98.6479,12.8129],[98.6463,12.8129],[98.6463,12.8121],[98.6443,12.8128],[98.6418,12.8113],[98.6388,12.8116],[98.6379,12.8129],[98.6371,12.8129],[98.6371,12.8137],[98.6363,12.8137],[98.6363,12.8146],[98.6371,12.8146],[98.6371,12.8196],[98.6379,12.8196],[98.6379,12.8187],[98.6396,12.8187],[98.6396,12.8212],[98.6413,12.8212],[98.6413,12.8221],[98.6404,12.8221],[98.6404,12.8237],[98.6413,12.8237],[98.6413,12.8254]],[[98.6388,12.8496],[98.6388,12.8504],[98.6379,12.8504],[98.6379,12.8496],[98.6388,12.8496]],[[98.6513,12.8954],[98.6513,12.8929],[98.6538,12.8929],[98.6538,12.8954],[98.6513,12.8954]],[[98.6671,12.8804],[98.6663,12.8804],[98.6663,12.8812],[98.6654,12.8812],[98.6654,12.8796],[98.6671,12.8796],[98.6671,12.8804]],[[98.6563,12.8179],[98.6554,12.8179],[98.6554,12.8171],[98.6563,12.8171],[98.6563,12.8179]],[[98.6513,12.8187],[98.6513,12.8196],[98.6504,12.8196],[98.6504,12.8187],[98.6513,12.8187]],[[98.6521,12.8196],[98.6529,12.8179],[98.6538,12.8179],[98.6538,12.8204],[98.6546,12.8204],[98.6546,12.8221],[98.6538,12.8221],[98.6538,12.8229],[98.6521,12.8229],[98.6521,12.8204],[98.6513,12.8204],[98.6513,12.8196],[98.6521,12.8196]],[[98.6479,12.8187],[98.6479,12.8162],[98.6496,12.8162],[98.6496,12.8171],[98.6513,12.8171],[98.6504,12.8187],[98.6479,12.8187]],[[98.6546,12.8662],[98.6538,12.8662],[98.6538,12.8654],[98.6546,12.8654],[98.6546,12.8662]],[[98.6538,12.8604],[98.6521,12.8604],[98.6521,12.8596],[98.6529,12.8596],[98.6529,12.8562],[98.6538,12.8562],[98.6538,12.8604]],[[98.6538,12.8696],[98.6529,12.8696],[98.6529,12.8687],[98.6538,12.8687],[98.6538,12.8696]],[[98.6504,12.8212],[98.6496,12.8212],[98.6496,12.8204],[98.6504,12.8204],[98.6504,12.8212]],[[98.6471,12.8221],[98.6471,12.8229],[98.6463,12.8229],[98.6463,12.8221],[98.6471,12.8221]],[[98.6454,12.8221],[98.6454,12.8212],[98.6463,12.8212],[98.6463,12.8221],[98.6454,12.8221]],[[98.6471,12.8171],[98.6463,12.8171],[98.6454,12.8154],[98.6471,12.8154],[98.6471,12.8171]],[[98.6463,12.8354],[98.6446,12.8346],[98.6446,12.8321],[98.6463,12.8321],[98.6463,12.8354]],[[98.6463,12.8371],[98.6454,12.8371],[98.6454,12.8362],[98.6463,12.8362],[98.6463,12.8371]],[[98.6463,12.8621],[98.6454,12.8621],[98.6454,12.8612],[98.6463,12.8612],[98.6463,12.8621]],[[98.6446,12.8162],[98.6429,12.8162],[98.6429,12.8146],[98.6421,12.8146],[98.6421,12.8137],[98.6404,12.8137],[98.6404,12.8129],[98.6438,12.8129],[98.6438,12.8154],[98.6446,12.8154],[98.6446,12.8162]],[[98.6429,12.8221],[98.6421,12.8221],[98.6421,12.8212],[98.6429,12.8212],[98.6429,12.8221]],[[98.6404,12.8379],[98.6396,12.8379],[98.6396,12.8371],[98.6404,12.8371],[98.6404,12.8379]],[[98.6404,12.8362],[98.6421,12.8362],[98.6421,12.8371],[98.6404,12.8371],[98.6404,12.8362]],[[98.6413,12.8187],[98.6404,12.8187],[98.6404,12.8171],[98.6413,12.8171],[98.6413,12.8187]]],[[[98.6671,12.8629],[98.6671,12.8621],[98.6654,12.8621],[98.6654,12.8612],[98.6629,12.8612],[98.6629,12.8629],[98.6638,12.8629],[98.6638,12.8646],[98.6654,12.8646],[98.6654,12.8654],[98.6671,12.8654],[98.6671,12.8662],[98.6679,12.8662],[98.6679,12.8646],[98.6688,12.8646],[98.6688,12.8629],[98.6671,12.8629]]],[[[98.6629,12.8671],[98.6629,12.8687],[98.6638,12.8687],[98.6646,12.8704],[98.6679,12.8704],[98.6679,12.8696],[98.6704,12.8696],[98.6704,12.8662],[98.6696,12.8662],[98.6688,12.8679],[98.6671,12.8671],[98.6671,12.8687],[98.6654,12.8687],[98.6654,12.8679],[98.6638,12.8679],[98.6638,12.8671],[98.6629,12.8671]]],[[[98.6604,12.8687],[98.6604,12.8704],[98.6629,12.8704],[98.6621,12.8687],[98.6604,12.8687]]],[[[98.6596,12.8729],[98.6563,12.8729],[98.6563,12.8746],[98.6588,12.8746],[98.6596,12.8729]]],[[[98.6671,12.8754],[98.6671,12.8762],[98.6696,12.8762],[98.6696,12.8754],[98.6671,12.8754]]],[[[98.6763,12.8912],[98.6763,12.8904],[98.6771,12.8904],[98.6771,12.8887],[98.6754,12.8887],[98.6754,12.8912],[98.6763,12.8912]]],[[[98.6438,12.8929],[98.6438,12.8937],[98.6463,12.8937],[98.6463,12.8929],[98.6454,12.8929],[98.6446,12.8912],[98.6429,12.8912],[98.6429,12.8929],[98.6438,12.8929]]],[[[98.6796,12.8929],[98.6796,12.8937],[98.6788,12.8937],[98.6788,12.8946],[98.6804,12.8946],[98.6804,12.8929],[98.6796,12.8929]]],[[[98.6838,12.8946],[98.6838,12.8954],[98.6854,12.8954],[98.6854,12.8929],[98.6821,12.8929],[98.6829,12.8946],[98.6838,12.8946]]],[[[98.6513,12.9087],[98.6513,12.9112],[98.6529,12.9112],[98.6529,12.9087],[98.6513,12.9087]]],[[[98.6704,12.9171],[98.6729,12.9171],[98.6729,12.9146],[98.6713,12.9137],[98.6713,12.9129],[98.6721,12.9129],[98.6721,12.9112],[98.6729,12.9112],[98.6729,12.9096],[98.6721,12.9096],[98.6721,12.9087],[98.6688,12.9087],[98.6688,12.9146],[98.6704,12.9154],[98.6704,12.9171]],[[98.6696,12.9129],[98.6696,12.9121],[98.6713,12.9121],[98.6713,12.9129],[98.6696,12.9129]]],[[[98.6771,12.9096],[98.6771,12.9104],[98.6746,12.9104],[98.6746,12.9096],[98.6738,12.9096],[98.6738,12.9112],[98.6779,12.9112],[98.6779,12.9129],[98.6746,12.9129],[98.6746,12.9146],[98.6771,12.9146],[98.6771,12.9137],[98.6813,12.9137],[98.6813,12.9146],[98.6821,12.9146],[98.6829,12.9162],[98.6838,12.9162],[98.6838,12.9179],[98.6871,12.9179],[98.6871,12.9187],[98.6888,12.9187],[98.6888,12.9171],[98.6879,12.9171],[98.6879,12.9146],[98.6863,12.9146],[98.6863,12.9137],[98.6854,12.9137],[98.6854,12.9146],[98.6838,12.9154],[98.6838,12.9129],[98.6796,12.9129],[98.6796,12.9112],[98.6788,12.9112],[98.6788,12.9096],[98.6771,12.9096]]],[[[98.6513,12.9512],[98.6513,12.9529],[98.6538,12.9529],[98.6538,12.9512],[98.6513,12.9512]]],[[[98.6546,12.9537],[98.6529,12.9537],[98.6538,12.9554],[98.6546,12.9554],[98.6546,12.9537]]],[[[98.6621,12.9612],[98.6629,12.9612],[98.6629,12.9587],[98.6638,12.9587],[98.6638,12.9579],[98.6621,12.9579],[98.6621,12.9587],[98.6613,12.9587],[98.6613,12.9604],[98.6596,12.9612],[98.6596,12.9621],[98.6604,12.9621],[98.6604,12.9629],[98.6596,12.9629],[98.6596,12.9654],[98.6579,12.9654],[98.6579,12.9662],[98.6604,12.9662],[98.6604,12.9654],[98.6613,12.9654],[98.6613,12.9629],[98.6621,12.9629],[98.6621,12.9612]]],[[[98.6838,12.9654],[98.6854,12.9654],[98.6854,12.9637],[98.6846,12.9637],[98.6838,12.9654]]],[[[98.6671,12.9646],[98.6654,12.9654],[98.6646,12.9671],[98.6629,12.9671],[98.6629,12.9679],[98.6679,12.9679],[98.6679,12.9654],[98.6671,12.9654],[98.6671,12.9646]]],[[[98.6821,12.9662],[98.6821,12.9687],[98.6838,12.9687],[98.6838,12.9662],[98.6821,12.9662]]],[[[98.6804,12.9671],[98.6804,12.9662],[98.6813,12.9662],[98.6813,12.9646],[98.6796,12.9654],[98.6796,12.9662],[98.6788,12.9662],[98.6788,12.9679],[98.6779,12.9679],[98.6779,12.9704],[98.6796,12.9696],[98.6796,12.9671],[98.6804,12.9671]]],[[[98.6463,12.9679],[98.6463,12.9654],[98.6454,12.9654],[98.6454,12.9662],[98.6446,12.9662],[98.6446,12.9679],[98.6454,12.9679],[98.6446,12.9696],[98.6454,12.9696],[98.6454,12.9704],[98.6471,12.9704],[98.6471,12.9679],[98.6463,12.9679]]],[[[98.6688,12.9721],[98.6688,12.9704],[98.6671,12.9704],[98.6671,12.9696],[98.6654,12.9696],[98.6654,12.9712],[98.6671,12.9712],[98.6671,12.9721],[98.6688,12.9721]]],[[[98.6771,12.9712],[98.6771,12.9746],[98.6788,12.9746],[98.6788,12.9737],[98.6779,12.9737],[98.6779,12.9712],[98.6771,12.9712]]],[[[98.6821,12.9746],[98.6821,12.9754],[98.6813,12.9754],[98.6813,12.9771],[98.6829,12.9779],[98.6829,12.9762],[98.6838,12.9762],[98.6838,12.9754],[98.6821,12.9746]]],[[[98.6504,12.9812],[98.6504,12.9821],[98.6529,12.9821],[98.6529,12.9812],[98.6513,12.9812],[98.6513,12.9796],[98.6496,12.9796],[98.6496,12.9812],[98.6504,12.9812]]],[[[98.6638,12.9812],[98.6654,12.9821],[98.6654,12.9812],[98.6663,12.9812],[98.6663,12.9796],[98.6629,12.9796],[98.6638,12.9812]]],[[[98.6554,12.9821],[98.6554,12.9837],[98.6571,12.9837],[98.6571,12.9821],[98.6554,12.9821]]],[[[98.6604,12.9837],[98.6621,12.9846],[98.6629,12.9829],[98.6621,12.9829],[98.6621,12.9821],[98.6604,12.9821],[98.6604,12.9837]]],[[[98.6704,12.9837],[98.6704,12.9862],[98.6738,12.9862],[98.6738,12.9837],[98.6704,12.9837]]],[[[98.6521,12.9862],[98.6521,12.9846],[98.6504,12.9837],[98.6504,12.9854],[98.6521,12.9862]]],[[[98.6804,12.9854],[98.6788,12.9854],[98.6788,12.9871],[98.6804,12.9871],[98.6804,12.9854]]],[[[98.6763,12.9871],[98.6763,12.9887],[98.6779,12.9887],[98.6779,12.9871],[98.6763,12.9871]]],[[[98.6538,12.9879],[98.6521,12.9879],[98.6521,12.9887],[98.6529,12.9887],[98.6529,12.9904],[98.6554,12.9904],[98.6554,12.9896],[98.6546,12.9896],[98.6546,12.9879],[98.6554,12.9879],[98.6554,12.9854],[98.6546,12.9854],[98.6546,12.9871],[98.6538,12.9871],[98.6538,12.9879]]],[[[98.6729,12.9871],[98.6729,12.9879],[98.6721,12.9879],[98.6721,12.9896],[98.6738,12.9896],[98.6738,12.9871],[98.6729,12.9871]]],[[[98.6688,12.9921],[98.6688,12.9929],[98.6679,12.9929],[98.6679,12.9954],[98.6688,12.9954],[98.6688,12.9946],[98.6704,12.9946],[98.6704,12.9879],[98.6696,12.9879],[98.6696,12.9871],[98.6679,12.9871],[98.6679,12.9862],[98.6654,12.9862],[98.6654,12.9879],[98.6671,12.9879],[98.6671,12.9887],[98.6688,12.9887],[98.6688,12.9896],[98.6671,12.9904],[98.6679,12.9921],[98.6688,12.9921]]],[[[98.6621,12.9946],[98.6629,12.9929],[98.6646,12.9929],[98.6646,12.9904],[98.6621,12.9904],[98.6621,12.9887],[98.6629,12.9887],[98.6629,12.9879],[98.6613,12.9879],[98.6613,12.9871],[98.6604,12.9871],[98.6596,12.9887],[98.6604,12.9887],[98.6604,12.9904],[98.6613,12.9904],[98.6613,12.9929],[98.6604,12.9929],[98.6604,12.9954],[98.6621,12.9946]]],[[[98.6738,12.9937],[98.6738,12.9921],[98.6729,12.9921],[98.6729,12.9912],[98.6713,12.9912],[98.6713,12.9929],[98.6721,12.9929],[98.6721,12.9937],[98.6738,12.9937]]],[[[98.6513,12.9921],[98.6496,12.9929],[98.6496,12.9946],[98.6513,12.9946],[98.6513,12.9921]]],[[[98.6779,12.9971],[98.6779,12.9946],[98.6746,12.9946],[98.6746,12.9954],[98.6738,12.9954],[98.6738,12.9979],[98.6746,12.9979],[98.6746,12.9996],[98.6754,12.9996],[98.6754,13.0004],[98.6771,12.9996],[98.6771,12.9971],[98.6779,12.9971]]],[[[98.6679,12.9987],[98.6679,13.0004],[98.6696,13.0004],[98.6696,12.9996],[98.6679,12.9987]]],[[[98.6754,13.0054],[98.6746,13.0054],[98.6746,13.0029],[98.6729,13.0029],[98.6729,13.0004],[98.6738,13.0004],[98.6738,12.9987],[98.6704,12.9987],[98.6704,12.9996],[98.6713,12.9996],[98.6713,13.0029],[98.6721,13.0029],[98.6721,13.0046],[98.6713,13.0046],[98.6713,13.0062],[98.6738,13.0062],[98.6738,13.0079],[98.6754,13.0079],[98.6754,13.0054]]],[[[98.6513,13.0112],[98.6513,13.0129],[98.6529,13.0129],[98.6529,13.0112],[98.6513,13.0112]]],[[[98.6846,13.0146],[98.6846,13.0129],[98.6838,13.0129],[98.6838,13.0104],[98.6821,13.0104],[98.6821,13.0137],[98.6829,13.0137],[98.6829,13.0146],[98.6846,13.0146]]],[[[98.6746,13.0154],[98.6738,13.0154],[98.6738,13.0104],[98.6704,13.0104],[98.6704,13.0112],[98.6696,13.0112],[98.6696,13.0129],[98.6713,13.0129],[98.6713,13.0137],[98.6721,13.0137],[98.6721,13.0162],[98.6729,13.0162],[98.6729,13.0171],[98.6746,13.0171],[98.6746,13.0154]]],[[[98.6788,13.0271],[98.6788,13.0254],[98.6779,13.0254],[98.6779,13.0237],[98.6763,13.0237],[98.6763,13.0254],[98.6771,13.0254],[98.6771,13.0271],[98.6788,13.0271]]],[[[98.6813,13.0287],[98.6813,13.0312],[98.6821,13.0312],[98.6821,13.0304],[98.6838,13.0304],[98.6838,13.0287],[98.6813,13.0287]]],[[[98.6938,10.8387],[98.6938,10.8404],[98.6954,10.8412],[98.6954,10.8387],[98.6938,10.8387]]],[[[98.6896,10.8429],[98.6888,10.8429],[98.6888,10.8437],[98.6896,10.8437],[98.6896,10.8446],[98.6904,10.8446],[98.6904,10.8462],[98.6921,10.8471],[98.6921,10.8504],[98.6913,10.8504],[98.6913,10.8521],[98.6938,10.8521],[98.6946,10.8504],[98.6954,10.8504],[98.6954,10.8487],[98.6963,10.8487],[98.6963,10.8471],[98.6971,10.8471],[98.6971,10.8462],[98.6988,10.8462],[98.6988,10.8454],[98.6996,10.8454],[98.6996,10.8437],[98.7004,10.8437],[98.7004,10.8429],[98.6979,10.8429],[98.6979,10.8446],[98.6954,10.8446],[98.6954,10.8437],[98.6921,10.8437],[98.6921,10.8371],[98.6913,10.8371],[98.6913,10.8379],[98.6896,10.8371],[98.6896,10.8387],[98.6879,10.8387],[98.6879,10.8396],[98.6888,10.8396],[98.6888,10.8412],[98.6904,10.8412],[98.6896,10.8429]],[[98.6954,10.8471],[98.6946,10.8471],[98.6946,10.8462],[98.6954,10.8462],[98.6954,10.8471]]],[[[98.6904,10.8512],[98.6904,10.8504],[98.6888,10.8496],[98.6888,10.8512],[98.6904,10.8512]]],[[[98.6996,10.8537],[98.6988,10.8521],[98.6971,10.8521],[98.6971,10.8579],[98.6979,10.8579],[98.6988,10.8596],[98.7013,10.8596],[98.7013,10.8579],[98.6996,10.8579],[98.6996,10.8554],[98.7004,10.8554],[98.7004,10.8537],[98.6996,10.8537]]],[[[98.7046,10.8596],[98.7046,10.8604],[98.7038,10.8604],[98.7038,10.8612],[98.7054,10.8612],[98.7054,10.8596],[98.7046,10.8596]]],[[[98.6946,10.8737],[98.6946,10.8721],[98.6929,10.8721],[98.6929,10.8712],[98.6913,10.8712],[98.6913,10.8729],[98.6929,10.8729],[98.6929,10.8737],[98.6946,10.8737]]],[[[98.7088,10.8779],[98.7088,10.8787],[98.7121,10.8787],[98.7121,10.8779],[98.7104,10.8779],[98.7104,10.8762],[98.7096,10.8762],[98.7096,10.8779],[98.7088,10.8779]]],[[[98.7129,10.8821],[98.7154,10.8821],[98.7154,10.8812],[98.7129,10.8812],[98.7129,10.8821]]],[[[98.7321,10.8921],[98.7321,10.8887],[98.7329,10.8887],[98.7329,10.8854],[98.7346,10.8854],[98.7354,10.8837],[98.7329,10.8837],[98.7321,10.8854],[98.7313,10.8854],[98.7313,10.8871],[98.7288,10.8871],[98.7288,10.8854],[98.7296,10.8854],[98.7296,10.8837],[98.7263,10.8837],[98.7263,10.8829],[98.7246,10.8829],[98.7246,10.8846],[98.7229,10.8846],[98.7229,10.8812],[98.7221,10.8812],[98.7221,10.8804],[98.7204,10.8804],[98.7204,10.8837],[98.7221,10.8837],[98.7221,10.8849],[98.7255,10.8851],[98.7278,10.8861],[98.7278,10.887],[98.7265,10.8879],[98.7252,10.8874],[98.7221,10.8878],[98.7221,10.8896],[98.7238,10.8896],[98.7238,10.8879],[98.7254,10.8879],[98.7254,10.8896],[98.7263,10.8896],[98.7263,10.8912],[98.7279,10.8912],[98.7279,10.8896],[98.7304,10.8896],[98.7304,10.8921],[98.7321,10.8921]]],[[[98.7163,10.8962],[98.7163,10.8971],[98.7154,10.8971],[98.7154,10.8996],[98.7171,10.8996],[98.7171,10.8962],[98.7163,10.8962]]],[[[98.7296,10.9021],[98.7313,10.9029],[98.7313,10.8996],[98.7304,10.8996],[98.7304,10.8987],[98.7296,10.8987],[98.7296,10.9004],[98.7288,10.9004],[98.7296,10.9021]]],[[[98.7188,10.9037],[98.7188,10.9062],[98.7204,10.9071],[98.7204,10.9029],[98.7188,10.9037]]],[[[98.7046,10.8937],[98.7046,10.8962],[98.7021,10.8996],[98.6963,10.9018],[98.6929,10.9038],[98.6813,10.9077],[98.6829,10.9079],[98.6829,10.9104],[98.6813,10.9104],[98.6813,10.9137],[98.6804,10.9137],[98.6804,10.9146],[98.6779,10.9146],[98.6779,10.9179],[98.6788,10.9179],[98.6788,10.9187],[98.6813,10.9187],[98.6813,10.9154],[98.6829,10.9146],[98.6829,10.9179],[98.6821,10.9179],[98.6821,10.9187],[98.6846,10.9187],[98.6846,10.9196],[98.6871,10.9196],[98.6871,10.9179],[98.6888,10.9187],[98.6896,10.9171],[98.6904,10.9171],[98.6904,10.9179],[98.6938,10.9179],[98.6946,10.9196],[98.6963,10.9196],[98.6963,10.9187],[98.7004,10.9187],[98.7004,10.9179],[98.7013,10.9179],[98.7013,10.9154],[98.7021,10.9154],[98.7021,10.9129],[98.7013,10.9129],[98.7013,10.9121],[98.6996,10.9121],[98.6996,10.9137],[98.6971,10.9137],[98.6971,10.9146],[98.6946,10.9146],[98.6946,10.9154],[98.6938,10.9154],[98.6938,10.9129],[98.6921,10.9129],[98.6921,10.9112],[98.6913,10.9112],[98.6913,10.9096],[98.6929,10.9096],[98.6929,10.9079],[98.6938,10.9079],[98.6938,10.9062],[98.6954,10.9062],[98.6954,10.9046],[98.6971,10.9046],[98.6971,10.9037],[98.6979,10.9037],[98.6979,10.9021],[98.6996,10.9021],[98.6996,10.9037],[98.7013,10.9046],[98.7013,10.9062],[98.7029,10.9062],[98.7029,10.9079],[98.7054,10.9079],[98.7054,10.9112],[98.7046,10.9112],[98.7046,10.9129],[98.7063,10.9129],[98.7063,10.9137],[98.7079,10.9129],[98.7079,10.9137],[98.7088,10.9137],[98.7088,10.9187],[98.7096,10.9187],[98.7096,10.9204],[98.7104,10.9204],[98.7104,10.9212],[98.7088,10.9221],[98.7088,10.9204],[98.7071,10.9212],[98.7063,10.9196],[98.7046,10.9196],[98.7046,10.9237],[98.7063,10.9246],[98.7063,10.9237],[98.7079,10.9229],[98.7079,10.9246],[98.7092,10.9236],[98.7119,10.9211],[98.7123,10.9199],[98.7138,10.9191],[98.7121,10.9187],[98.7121,10.9171],[98.7096,10.9171],[98.7096,10.9137],[98.7104,10.9137],[98.7104,10.9104],[98.7121,10.9104],[98.7121,10.9087],[98.7154,10.9087],[98.7154,10.9062],[98.7171,10.9062],[98.7171,10.9037],[98.7154,10.9037],[98.7154,10.9021],[98.7146,10.9021],[98.7146,10.9012],[98.7129,10.9012],[98.7129,10.8987],[98.7113,10.8979],[98.7113,10.8971],[98.7121,10.8971],[98.7121,10.8962],[98.7154,10.8962],[98.7154,10.8937],[98.7146,10.8937],[98.7146,10.8929],[98.7163,10.8921],[98.7163,10.8904],[98.7174,10.8904],[98.7144,10.8896],[98.7117,10.8873],[98.7088,10.8865],[98.7088,10.8887],[98.7113,10.8887],[98.7113,10.8896],[98.7088,10.8896],[98.7096,10.8912],[98.707,10.8912],[98.7071,10.8919],[98.7054,10.8929],[98.7063,10.8929],[98.7063,10.8937],[98.7046,10.8937]],[[98.7138,10.8937],[98.7129,10.8937],[98.7129,10.8929],[98.7138,10.8929],[98.7138,10.8937]],[[98.7129,10.8921],[98.7121,10.8921],[98.7121,10.8896],[98.7129,10.8896],[98.7129,10.8921]],[[98.7079,10.9062],[98.7096,10.9054],[98.7096,10.9062],[98.7104,10.9062],[98.7104,10.9079],[98.7113,10.9079],[98.7104,10.9096],[98.7096,10.9096],[98.7096,10.9112],[98.7088,10.9112],[98.7088,10.9087],[98.7079,10.9087],[98.7079,10.9062]],[[98.7088,10.9012],[98.7071,10.9012],[98.7071,10.8987],[98.7088,10.8987],[98.7088,10.9012]],[[98.7046,10.9012],[98.7038,10.9012],[98.7038,10.9004],[98.7046,10.9004],[98.7046,10.9012]]],[[[98.7179,10.8921],[98.7188,10.8921],[98.7188,10.8937],[98.7196,10.8937],[98.7196,10.8909],[98.7179,10.8911],[98.7179,10.8921]]],[[[98.6938,10.9196],[98.6913,10.9196],[98.6913,10.9212],[98.6938,10.9212],[98.6938,10.9196]]],[[[98.7004,10.9254],[98.7004,10.9212],[98.6996,10.9212],[98.6996,10.9237],[98.6988,10.9237],[98.6988,10.9221],[98.6971,10.9221],[98.6971,10.9246],[98.6988,10.9254],[98.6988,10.9262],[98.7004,10.9254]]],[[[98.6804,10.9337],[98.6821,10.9337],[98.6821,10.9346],[98.6829,10.9346],[98.6829,10.9354],[98.6821,10.9354],[98.6829,10.9371],[98.6854,10.9371],[98.6854,10.9379],[98.6871,10.9379],[98.6879,10.9396],[98.6888,10.9396],[98.6888,10.9404],[98.6896,10.9404],[98.6896,10.9412],[98.6929,10.9412],[98.6929,10.9429],[98.6938,10.9429],[98.6938,10.9421],[98.6957,10.9418],[98.6937,10.9404],[98.6949,10.94],[98.6953,10.9409],[98.6964,10.9398],[98.6967,10.9405],[98.6976,10.9404],[98.6996,10.9387],[98.6996,10.936],[98.7004,10.9369],[98.7004,10.9362],[98.7023,10.9362],[98.7019,10.9358],[98.7032,10.9348],[98.7037,10.933],[98.7036,10.9324],[98.7023,10.932],[98.6939,10.9343],[98.6881,10.934],[98.6784,10.9318],[98.6688,10.9321],[98.6688,10.9329],[98.6696,10.9329],[98.6696,10.9346],[98.6729,10.9346],[98.6729,10.9329],[98.6738,10.9329],[98.6738,10.9346],[98.6763,10.9346],[98.6763,10.9354],[98.6796,10.9354],[98.6796,10.9362],[98.6804,10.9362],[98.6804,10.9337]],[[98.6988,10.9346],[98.6979,10.9346],[98.6979,10.9337],[98.6988,10.9337],[98.6988,10.9346]]],[[[98.7196,10.9387],[98.7204,10.9387],[98.7204,10.9396],[98.7229,10.9396],[98.7229,10.9412],[98.7221,10.9412],[98.7221,10.9421],[98.7254,10.9421],[98.7254,10.9396],[98.7271,10.9396],[98.7271,10.9379],[98.7279,10.9379],[98.7279,10.9362],[98.7271,10.9362],[98.7271,10.9354],[98.7254,10.9354],[98.7254,10.9379],[98.7238,10.9379],[98.7238,10.9362],[98.7229,10.9362],[98.7229,10.9354],[98.7213,10.9346],[98.7213,10.9362],[98.7204,10.9362],[98.7204,10.9371],[98.7171,10.9371],[98.7171,10.9396],[98.7154,10.9396],[98.7154,10.9412],[98.7188,10.9412],[98.7188,10.9404],[98.7196,10.9404],[98.7196,10.9387]]],[[[98.7088,10.9471],[98.7104,10.9471],[98.7104,10.9462],[98.7129,10.9462],[98.7129,10.9454],[98.7138,10.9454],[98.7146,10.9437],[98.7154,10.9437],[98.7154,10.9412],[98.7143,10.9412],[98.7141,10.9425],[98.712,10.9429],[98.7104,10.9421],[98.7104,10.9429],[98.7121,10.9429],[98.7121,10.9437],[98.7113,10.9437],[98.7113,10.9446],[98.7079,10.9446],[98.7079,10.9454],[98.7088,10.9454],[98.7088,10.9471]]],[[[98.7196,10.9504],[98.7196,10.9496],[98.7213,10.9496],[98.7213,10.9487],[98.7188,10.9487],[98.7188,10.9496],[98.7179,10.9496],[98.7179,10.9521],[98.7188,10.9521],[98.7188,10.9504],[98.7196,10.9504]]],[[[98.7229,10.9529],[98.7229,10.9537],[98.7238,10.9537],[98.7238,10.9512],[98.7221,10.9512],[98.7221,10.9529],[98.7229,10.9529]]],[[[98.7304,10.9587],[98.7296,10.9604],[98.7313,10.9604],[98.7313,10.9587],[98.7304,10.9587]]],[[[98.7321,10.9704],[98.7346,10.9704],[98.7346,10.9712],[98.7354,10.9712],[98.7354,10.9704],[98.7363,10.9704],[98.7363,10.9687],[98.7346,10.9687],[98.7338,10.9671],[98.7321,10.9671],[98.7313,10.9654],[98.7296,10.9646],[98.7296,10.9629],[98.7288,10.9629],[98.7288,10.9621],[98.7271,10.9621],[98.7263,10.9604],[98.7246,10.9604],[98.7246,10.9612],[98.7263,10.9621],[98.7263,10.9637],[98.7271,10.9637],[98.7271,10.9679],[98.7288,10.9679],[98.7279,10.9696],[98.7321,10.9696],[98.7321,10.9704]]],[[[98.6913,10.9904],[98.6921,10.9904],[98.6921,10.9921],[98.6929,10.9921],[98.6938,10.9937],[98.6963,10.9937],[98.6963,10.9929],[98.6971,10.9929],[98.6971,10.9904],[98.6988,10.9904],[98.6988,10.9896],[98.7004,10.9896],[98.7004,10.9912],[98.6996,10.9912],[98.6996,10.9929],[98.7013,10.9927],[98.7013,10.9921],[98.7021,10.9921],[98.7021,10.9912],[98.7079,10.9912],[98.7079,10.9904],[98.7104,10.9904],[98.7112,10.9846],[98.7104,10.9801],[98.7082,10.9744],[98.7061,10.9709],[98.7046,10.9696],[98.7016,10.9688],[98.6983,10.9693],[98.6946,10.9707],[98.6946,10.9712],[98.6934,10.9712],[98.6921,10.9729],[98.6913,10.973],[98.6913,10.9754],[98.6904,10.9754],[98.6904,10.9737],[98.6896,10.974],[98.6896,10.9754],[98.6888,10.9754],[98.6888,10.9837],[98.6896,10.9837],[98.6896,10.9862],[98.6904,10.9862],[98.6904,10.9887],[98.6913,10.9887],[98.6913,10.9904]],[[98.6996,10.9712],[98.6988,10.9712],[98.6988,10.9704],[98.6996,10.9704],[98.6996,10.9712]],[[98.6971,10.9712],[98.6971,10.9721],[98.6988,10.9721],[98.6988,10.9754],[98.6979,10.9754],[98.6979,10.9762],[98.6963,10.9754],[98.6963,10.9762],[98.6954,10.9762],[98.6954,10.9754],[98.6946,10.9754],[98.6946,10.9746],[98.6929,10.9737],[98.6929,10.9729],[98.6946,10.9729],[98.6946,10.9721],[98.6963,10.9729],[98.6963,10.9712],[98.6971,10.9712]]],[[[98.7088,10.9981],[98.705,10.9986],[98.7048,10.9987],[98.7088,10.9987],[98.7088,10.9981]]],[[[98.7038,11.0004],[98.7038,10.9995],[98.7018,11.0004],[98.7038,11.0004]]],[[[98.6888,11.0046],[98.6888,11.0021],[98.6896,11.0021],[98.6896,11.0029],[98.6904,11.0029],[98.6904,11.0021],[98.6926,11.0021],[98.6854,10.9989],[98.6854,10.9996],[98.6863,10.9996],[98.6863,11.0021],[98.6846,11.0029],[98.6846,11.0037],[98.6838,11.0037],[98.6838,11.0046],[98.6888,11.0046]]],[[[98.6929,11.0029],[98.6963,11.0046],[98.6963,11.0054],[98.6954,11.0054],[98.6954,11.0071],[98.6963,11.0071],[98.6963,11.0079],[98.6979,11.0079],[98.6979,11.0071],[98.7004,11.0071],[98.7004,11.0062],[98.7038,11.0062],[98.7038,11.0054],[98.7004,11.0054],[98.7004,11.0046],[98.6988,11.0046],[98.6988,11.0037],[98.6979,11.0037],[98.6979,11.0022],[98.6958,11.0033],[98.6929,11.0023],[98.6929,11.0029]]],[[[98.6821,10.9971],[98.684,10.9971],[98.6821,10.9968],[98.6821,10.9971]]],[[[98.6846,10.9987],[98.6853,10.9987],[98.6846,10.9978],[98.6846,10.9987]]],[[[98.7213,11.0046],[98.7221,11.0046],[98.7221,11.0029],[98.7213,11.0029],[98.7213,11.0012],[98.7204,11.0012],[98.7204,11.0054],[98.7213,11.0054],[98.7213,11.0046]]],[[[98.7213,11.0162],[98.7213,11.0137],[98.7221,11.0137],[98.7221,11.0129],[98.7196,11.0129],[98.7196,11.0171],[98.7221,11.0171],[98.7221,11.0162],[98.7213,11.0162]]],[[[98.6971,11.0154],[98.695,11.0154],[98.6971,11.0168],[98.6971,11.0154]]],[[[98.7004,11.0179],[98.7013,11.0162],[98.6988,11.0162],[98.6988,11.0171],[98.6979,11.0171],[98.6981,11.0179],[98.7004,11.0179]]],[[[98.6921,11.0187],[98.6929,11.0187],[98.6938,11.0171],[98.6921,11.0171],[98.6921,11.0162],[98.6913,11.0162],[98.6913,11.0196],[98.6921,11.0196],[98.6921,11.0187]]],[[[98.7196,11.0187],[98.7196,11.0212],[98.7204,11.0212],[98.7204,11.0204],[98.7213,11.0204],[98.7213,11.0187],[98.7196,11.0187]]],[[[98.7054,11.0271],[98.7054,11.0279],[98.7071,11.0287],[98.7071,11.0323],[98.711,11.0304],[98.7138,11.0306],[98.7121,11.0304],[98.7121,11.0296],[98.7104,11.0296],[98.7104,11.0304],[98.7088,11.0304],[98.7088,11.0287],[98.7071,11.0279],[98.7071,11.0254],[98.7063,11.0254],[98.7063,11.0221],[98.7071,11.0221],[98.7071,11.0204],[98.7079,11.0204],[98.7079,11.0187],[98.7071,11.0187],[98.7063,11.0204],[98.7054,11.0204],[98.7054,11.0229],[98.7046,11.0229],[98.7046,11.0246],[98.7004,11.0246],[98.7004,11.0237],[98.6996,11.0237],[98.6996,11.0221],[98.6988,11.0221],[98.6988,11.0187],[98.6981,11.0187],[98.6975,11.02],[98.6971,11.0197],[98.6971,11.0221],[98.6979,11.0221],[98.6979,11.0237],[98.6996,11.0246],[98.6996,11.0262],[98.7046,11.0262],[98.7046,11.0271],[98.7054,11.0271]]],[[[98.6988,11.0346],[98.6988,11.0329],[98.6979,11.0329],[98.6979,11.0321],[98.6963,11.0321],[98.6963,11.0329],[98.6946,11.0329],[98.6946,11.0346],[98.6988,11.0346]]],[[[98.7021,11.0337],[98.7021,11.0346],[98.7013,11.0349],[98.7029,11.0344],[98.7029,11.0337],[98.7021,11.0337]]],[[[98.7171,11.0354],[98.7179,11.0354],[98.7179,11.0346],[98.7146,11.0346],[98.7146,11.0354],[98.7163,11.0354],[98.7163,11.0362],[98.7171,11.0362],[98.7171,11.0354]]],[[[98.7238,11.0387],[98.7238,11.0372],[98.7188,11.0371],[98.7188,11.0379],[98.7196,11.0379],[98.7196,11.0421],[98.7204,11.0421],[98.7204,11.0429],[98.7221,11.0429],[98.7221,11.0396],[98.7238,11.0387]]],[[[98.7004,11.0462],[98.7004,11.0485],[98.7011,11.0485],[98.7013,11.0496],[98.7021,11.0496],[98.7021,11.0479],[98.7038,11.0479],[98.7038,11.0496],[98.7046,11.0496],[98.7046,11.0487],[98.7054,11.0487],[98.7054,11.0462],[98.7063,11.0462],[98.7063,11.0429],[98.7079,11.0421],[98.7079,11.0412],[98.7063,11.0412],[98.7054,11.0429],[98.7038,11.0429],[98.7038,11.0437],[98.7029,11.0437],[98.7029,11.0454],[98.7021,11.0454],[98.7021,11.0462],[98.7004,11.0462]]],[[[98.7154,11.0471],[98.7154,11.0487],[98.7163,11.0487],[98.7171,11.0471],[98.7154,11.0471]]],[[[98.7063,11.0512],[98.7063,11.0504],[98.7079,11.0504],[98.7079,11.0496],[98.7088,11.0496],[98.7088,11.0487],[98.7054,11.0487],[98.7054,11.0512],[98.7063,11.0512]]],[[[98.7038,11.0746],[98.7038,11.0721],[98.7046,11.0721],[98.7046,11.0712],[98.7029,11.0712],[98.7029,11.0721],[98.7013,11.0721],[98.7013,11.0737],[98.7021,11.0737],[98.7021,11.0771],[98.7038,11.0771],[98.7038,11.0787],[98.7071,11.0787],[98.7071,11.0754],[98.7079,11.0754],[98.7079,11.0737],[98.7063,11.0737],[98.7063,11.0771],[98.7046,11.0771],[98.7046,11.0746],[98.7038,11.0746]]],[[[98.7004,11.0871],[98.7004,11.0912],[98.6996,11.0912],[98.6996,11.0929],[98.6981,11.0929],[98.6984,11.0934],[98.7008,11.0965],[98.7034,11.0978],[98.7061,11.1033],[98.7082,11.1058],[98.7113,11.1069],[98.7145,11.1093],[98.7153,11.1105],[98.715,11.1113],[98.7132,11.1097],[98.7096,11.1087],[98.7071,11.1065],[98.7071,11.1087],[98.7079,11.1087],[98.7088,11.1104],[98.7138,11.1104],[98.7138,11.1121],[98.7121,11.1121],[98.7121,11.1112],[98.7104,11.1112],[98.7104,11.1129],[98.7154,11.1129],[98.7154,11.1146],[98.7138,11.1154],[98.7138,11.1162],[98.7146,11.1162],[98.7146,11.1179],[98.7138,11.1179],[98.7138,11.1196],[98.7154,11.1196],[98.7154,11.1204],[98.7163,11.1204],[98.7163,11.1221],[98.7171,11.1221],[98.7171,11.1237],[98.7188,11.1237],[98.7188,11.1246],[98.7213,11.1246],[98.7213,11.1262],[98.7221,11.1262],[98.7221,11.1287],[98.7229,11.1287],[98.7229,11.1279],[98.7238,11.1279],[98.7238,11.1229],[98.7221,11.1229],[98.7221,11.1212],[98.7238,11.1212],[98.7238,11.1204],[98.7254,11.1204],[98.7254,11.1179],[98.7229,11.1179],[98.7221,11.1162],[98.7238,11.1162],[98.7238,11.1146],[98.7263,11.1146],[98.7263,11.1137],[98.7254,11.1137],[98.7254,11.1112],[98.7238,11.1112],[98.7238,11.1121],[98.7221,11.1121],[98.7221,11.1129],[98.7213,11.1129],[98.7213,11.1146],[98.7196,11.1146],[98.7196,11.1137],[98.7188,11.1137],[98.7179,11.1121],[98.7171,11.1121],[98.7171,11.1087],[98.7179,11.1087],[98.7179,11.1054],[98.7213,11.1054],[98.7213,11.1062],[98.7229,11.1062],[98.7229,11.1054],[98.7221,11.1054],[98.7221,11.1029],[98.7229,11.1029],[98.7229,11.1021],[98.7254,11.1021],[98.7254,11.1046],[98.7263,11.1046],[98.7263,11.1037],[98.7271,11.1037],[98.7271,11.1021],[98.7296,11.1021],[98.7296,11.1004],[98.7254,11.1004],[98.7254,11.0996],[98.7229,11.0996],[98.7221,11.1012],[98.7204,11.1012],[98.7204,11.1004],[98.7188,11.1004],[98.7188,11.1012],[98.7163,11.1012],[98.7154,11.1029],[98.7138,11.1029],[98.7129,11.1046],[98.7113,11.1046],[98.7113,11.1054],[98.7104,11.1054],[98.7104,11.1046],[98.7096,11.1046],[98.7096,11.1037],[98.7104,11.1037],[98.7104,11.0996],[98.7096,11.0996],[98.7096,11.0987],[98.7138,11.0987],[98.7138,11.0954],[98.7129,11.0954],[98.7129,11.0937],[98.7138,11.0937],[98.7138,11.0921],[98.7163,11.0921],[98.7163,11.0904],[98.7138,11.0904],[98.7138,11.0887],[98.7146,11.0887],[98.7146,11.0879],[98.7129,11.0879],[98.7129,11.0887],[98.7121,11.0887],[98.7121,11.0921],[98.7096,11.0921],[98.7096,11.0946],[98.7079,11.0946],[98.7079,11.0954],[98.7046,11.0954],[98.7038,11.0971],[98.7021,11.0971],[98.7021,11.0946],[98.7046,11.0946],[98.7046,11.0912],[98.7054,11.0912],[98.7054,11.0887],[98.7071,11.0887],[98.7071,11.0871],[98.7063,11.0871],[98.7063,11.0854],[98.7071,11.0854],[98.7071,11.0804],[98.7038,11.0804],[98.7038,11.0796],[98.7029,11.0796],[98.7029,11.0804],[98.7021,11.0804],[98.7021,11.0837],[98.7029,11.0837],[98.7029,11.0821],[98.7038,11.0821],[98.7038,11.0854],[98.7021,11.0854],[98.7013,11.0871],[98.7004,11.0871]],[[98.7096,11.1054],[98.7088,11.1054],[98.7088,11.1046],[98.7096,11.1046],[98.7096,11.1054]],[[98.7171,11.1171],[98.7154,11.1171],[98.7154,11.1154],[98.7179,11.1154],[98.7179,11.1162],[98.7196,11.1162],[98.7196,11.1179],[98.7171,11.1179],[98.7171,11.1171]],[[98.7196,11.1029],[98.7196,11.1037],[98.7188,11.1037],[98.7188,11.1029],[98.7196,11.1029]],[[98.7179,11.1029],[98.7179,11.1021],[98.7188,11.1021],[98.7188,11.1029],[98.7179,11.1029]],[[98.7163,11.1087],[98.7154,11.1087],[98.7154,11.1079],[98.7163,11.1079],[98.7163,11.1087]],[[98.7071,11.1012],[98.7063,11.1012],[98.7063,11.1004],[98.7071,11.1004],[98.7071,11.1012]]],[[[98.6928,11.0962],[98.6891,11.0912],[98.6871,11.0912],[98.6868,11.0883],[98.6859,11.0846],[98.6854,11.0846],[98.6854,11.0862],[98.6846,11.0862],[98.6846,11.0887],[98.6829,11.0896],[98.6829,11.0912],[98.6821,11.0912],[98.6821,11.0929],[98.6804,11.0929],[98.6804,11.0937],[98.6796,11.0937],[98.6796,11.0962],[98.6788,11.0962],[98.6779,11.0979],[98.6757,11.0979],[98.6754,11.0996],[98.6746,11.0996],[98.6746,11.1004],[98.6763,11.1004],[98.6763,11.0996],[98.6854,11.0996],[98.6854,11.1004],[98.6863,11.1004],[98.6863,11.0996],[98.6879,11.0996],[98.6879,11.1004],[98.6888,11.1004],[98.6888,11.1029],[98.6879,11.1029],[98.6879,11.1071],[98.6888,11.1071],[98.6888,11.1087],[98.6904,11.1087],[98.6904,11.1104],[98.6888,11.1112],[98.6888,11.1146],[98.6904,11.1154],[98.6904,11.1171],[98.6913,11.1171],[98.6913,11.1146],[98.6904,11.1146],[98.6904,11.1121],[98.6913,11.1121],[98.6913,11.1129],[98.6929,11.1129],[98.6929,11.1121],[98.6946,11.1121],[98.6946,11.1129],[98.6963,11.1129],[98.6963,11.1137],[98.6971,11.1137],[98.6971,11.1154],[98.6988,11.1162],[98.6988,11.1171],[98.7004,11.1171],[98.7004,11.1187],[98.6971,11.1187],[98.6971,11.1196],[98.6963,11.1196],[98.6963,11.1221],[98.6971,11.1221],[98.6971,11.1212],[98.6996,11.1212],[98.6996,11.1196],[98.7013,11.1196],[98.7013,11.1187],[98.7029,11.1179],[98.7029,11.1171],[98.7021,11.1171],[98.7013,11.1154],[98.6996,11.1154],[98.6988,11.1137],[98.6979,11.1137],[98.6979,11.1104],[98.6988,11.1104],[98.6988,11.1087],[98.6971,11.1087],[98.6971,11.1096],[98.6929,11.1096],[98.6929,11.1079],[98.6913,11.1071],[98.6913,11.1046],[98.6921,11.1046],[98.6921,11.1029],[98.6913,11.1029],[98.6913,11.1021],[98.6929,11.1012],[98.6929,11.0971],[98.6946,11.0979],[98.6946,11.0996],[98.6971,11.0996],[98.6971,11.1004],[98.6996,11.1004],[98.7004,11.1021],[98.7017,11.1021],[98.6999,11.1004],[98.6928,11.0962]],[[98.6871,11.0954],[98.6863,11.0954],[98.6863,11.0946],[98.6871,11.0946],[98.6871,11.0954]],[[98.6838,11.0962],[98.6821,11.0962],[98.6821,11.0971],[98.6804,11.0971],[98.6804,11.0954],[98.6838,11.0954],[98.6838,11.0962]]],[[[98.7021,11.1029],[98.7013,11.1029],[98.7013,11.1037],[98.6971,11.1037],[98.6971,11.1054],[98.6979,11.1054],[98.6979,11.1062],[98.6996,11.1062],[98.6996,11.1079],[98.7004,11.1079],[98.7004,11.1087],[98.7013,11.1087],[98.7013,11.1079],[98.7038,11.1079],[98.7046,11.1062],[98.7068,11.1062],[98.7021,11.1024],[98.7021,11.1029]]],[[[98.7038,11.1104],[98.7029,11.1104],[98.7029,11.1129],[98.7046,11.1129],[98.7046,11.1112],[98.7038,11.1112],[98.7038,11.1104]]],[[[98.7079,11.1129],[98.7088,11.1112],[98.7054,11.1112],[98.7054,11.1137],[98.7071,11.1137],[98.7071,11.1129],[98.7079,11.1129]]],[[[98.6896,11.1187],[98.6896,11.1212],[98.6929,11.1212],[98.6929,11.1196],[98.6904,11.1196],[98.6904,11.1187],[98.6896,11.1187]]],[[[98.6988,11.1337],[98.6972,11.1337],[98.6992,11.1379],[98.7013,11.1379],[98.7013,11.1362],[98.6996,11.1362],[98.6996,11.1354],[98.6988,11.1354],[98.6988,11.1337]]],[[[98.6971,11.1312],[98.6979,11.1312],[98.6979,11.1304],[98.7004,11.1304],[98.7004,11.1296],[98.7029,11.1296],[98.7029,11.1271],[98.7004,11.1271],[98.7004,11.1287],[98.6979,11.1287],[98.6971,11.1304],[98.6954,11.1304],[98.6954,11.1354],[98.696,11.1327],[98.6971,11.1335],[98.6971,11.1312]]],[[[98.7229,11.1479],[98.7238,11.1479],[98.7238,11.1471],[98.7254,11.1479],[98.7254,11.1471],[98.7271,11.1462],[98.7271,11.1454],[98.7263,11.1454],[98.7263,11.1437],[98.7288,11.1437],[98.7288,11.1421],[98.7296,11.1421],[98.7296,11.1396],[98.7254,11.1396],[98.7254,11.1404],[98.7204,11.1404],[98.7213,11.1387],[98.7204,11.1387],[98.7196,11.1371],[98.7204,11.1371],[98.7204,11.1329],[98.7221,11.1321],[98.7221,11.1296],[98.7204,11.1296],[98.7204,11.1304],[98.7196,11.1304],[98.7196,11.1321],[98.7171,11.1321],[98.7163,11.1304],[98.7154,11.1304],[98.7154,11.1287],[98.7146,11.1287],[98.7146,11.1279],[98.7113,11.1279],[98.7113,11.1271],[98.7079,11.1271],[98.7079,11.1254],[98.7063,11.1254],[98.7063,11.1279],[98.7046,11.1279],[98.7038,11.1296],[98.7079,11.1296],[98.7079,11.1329],[98.7096,11.1329],[98.7096,11.1321],[98.7138,11.1321],[98.7138,11.1337],[98.7146,11.1337],[98.7146,11.1354],[98.7129,11.1354],[98.7129,11.1362],[98.7071,11.1362],[98.7071,11.1387],[98.7054,11.1396],[98.7054,11.1421],[98.7046,11.1421],[98.7046,11.1454],[98.7054,11.1454],[98.7054,11.1462],[98.7071,11.1462],[98.7071,11.1479],[98.7079,11.1479],[98.7079,11.1487],[98.7096,11.1487],[98.7096,11.1496],[98.7138,11.1496],[98.7138,11.1487],[98.7188,11.1487],[98.7188,11.1479],[98.7204,11.1487],[98.7204,11.1462],[98.7196,11.1462],[98.7196,11.1446],[98.7213,11.1446],[98.7213,11.1462],[98.7229,11.1471],[98.7229,11.1479]]],[[[98.7013,11.1396],[98.6996,11.1396],[98.6996,11.1404],[98.7004,11.1404],[98.7004,11.1429],[98.7013,11.1429],[98.7013,11.1412],[98.7021,11.1412],[98.7021,11.1404],[98.7038,11.1404],[98.7038,11.1387],[98.7013,11.1387],[98.7013,11.1396]]],[[[98.7129,11.1587],[98.7146,11.1596],[98.7146,11.1612],[98.7163,11.1612],[98.7163,11.1587],[98.7146,11.1587],[98.7146,11.1571],[98.7129,11.1562],[98.7129,11.1546],[98.7121,11.1546],[98.7121,11.1579],[98.7129,11.1579],[98.7129,11.1587]]],[[[98.7263,11.3162],[98.7241,11.3162],[98.7238,11.3171],[98.7246,11.3171],[98.7246,11.3187],[98.7238,11.3187],[98.7238,11.3204],[98.7246,11.3204],[98.7246,11.3212],[98.7263,11.3204],[98.7263,11.3162]]],[[[98.7254,11.3962],[98.7254,11.3971],[98.7288,11.3971],[98.7288,11.3979],[98.7296,11.3979],[98.7304,11.3996],[98.7321,11.3987],[98.7321,11.3971],[98.7296,11.3971],[98.7288,11.3954],[98.7279,11.3954],[98.7279,11.3929],[98.7296,11.3929],[98.7296,11.3937],[98.7313,11.3937],[98.7313,11.3929],[98.7304,11.3929],[98.7304,11.3904],[98.7288,11.3904],[98.7288,11.3887],[98.7279,11.3887],[98.7279,11.3879],[98.7263,11.3879],[98.7263,11.3887],[98.7246,11.3887],[98.7246,11.3871],[98.7254,11.3871],[98.7254,11.3829],[98.7271,11.3829],[98.7271,11.3837],[98.7304,11.3837],[98.7304,11.3846],[98.7313,11.3846],[98.7313,11.3871],[98.7354,11.3871],[98.7354,11.3862],[98.7388,11.3862],[98.7388,11.3871],[98.7396,11.3871],[98.7396,11.3862],[98.7413,11.3862],[98.7413,11.3887],[98.7446,11.3887],[98.7446,11.3896],[98.7463,11.3896],[98.7463,11.3904],[98.7479,11.3904],[98.7471,11.3887],[98.7454,11.3887],[98.7454,11.3821],[98.7438,11.3821],[98.7438,11.3804],[98.7446,11.3804],[98.7446,11.3796],[98.7471,11.3796],[98.7471,11.3787],[98.7488,11.3787],[98.7488,11.3771],[98.7496,11.3771],[98.7496,11.3804],[98.7504,11.3804],[98.7504,11.3796],[98.7513,11.3796],[98.7513,11.3771],[98.7521,11.3771],[98.7521,11.3737],[98.7513,11.3737],[98.7513,11.3721],[98.7529,11.3712],[98.7529,11.3696],[98.7513,11.3696],[98.7496,11.3729],[98.7463,11.3729],[98.7463,11.3687],[98.7454,11.3687],[98.7454,11.3662],[98.7463,11.3662],[98.7463,11.3654],[98.7446,11.3654],[98.7446,11.3662],[98.7438,11.3662],[98.7438,11.3671],[98.7429,11.3671],[98.7421,11.3687],[98.7404,11.3687],[98.7404,11.3704],[98.7379,11.3704],[98.7379,11.3721],[98.7388,11.3721],[98.7388,11.3746],[98.7379,11.3746],[98.7379,11.3779],[98.7363,11.3779],[98.7363,11.3787],[98.7354,11.3787],[98.7346,11.3771],[98.7329,11.3771],[98.7329,11.3754],[98.7321,11.3754],[98.7321,11.3746],[98.7304,11.3746],[98.7304,11.3721],[98.7321,11.3721],[98.7321,11.3712],[98.7338,11.3712],[98.7338,11.3721],[98.7346,11.3721],[98.7346,11.3696],[98.7321,11.3696],[98.7321,11.3662],[98.7313,11.3662],[98.7313,11.3671],[98.7296,11.3671],[98.7296,11.3662],[98.7288,11.3662],[98.7288,11.3646],[98.7304,11.3637],[98.7304,11.3629],[98.7296,11.3629],[98.7296,11.3612],[98.7288,11.3612],[98.7288,11.3604],[98.7254,11.3604],[98.7254,11.3612],[98.7263,11.3612],[98.7263,11.3629],[98.7238,11.3629],[98.7238,11.3637],[98.7229,11.3637],[98.7229,11.3629],[98.7221,11.3629],[98.7229,11.3612],[98.7213,11.3604],[98.7221,11.3587],[98.7204,11.3579],[98.7213,11.3562],[98.7221,11.3562],[98.7221,11.3571],[98.7229,11.3571],[98.7229,11.3562],[98.7263,11.3562],[98.7263,11.3554],[98.7271,11.3554],[98.7279,11.3537],[98.7288,11.3537],[98.7288,11.3529],[98.7271,11.3521],[98.7271,11.3496],[98.7288,11.3487],[98.7288,11.3454],[98.7321,11.3454],[98.7321,11.3421],[98.7313,11.3421],[98.7313,11.3412],[98.7329,11.3404],[98.7329,11.3421],[98.7354,11.3421],[98.7354,11.3404],[98.7346,11.3404],[98.7346,11.3379],[98.7354,11.3379],[98.7354,11.3362],[98.7338,11.3362],[98.7338,11.3346],[98.7321,11.3337],[98.7321,11.3321],[98.7329,11.3321],[98.7329,11.3304],[98.7338,11.3304],[98.7338,11.3296],[98.7346,11.3296],[98.7354,11.3279],[98.7379,11.3279],[98.7379,11.3287],[98.7396,11.3287],[98.7396,11.3312],[98.7404,11.3312],[98.7404,11.3304],[98.7446,11.3304],[98.7454,11.3287],[98.7479,11.3287],[98.7479,11.3296],[98.7488,11.3296],[98.7488,11.3279],[98.7454,11.3279],[98.7454,11.3271],[98.7446,11.3271],[98.7446,11.3279],[98.7429,11.3279],[98.7429,11.3254],[98.7438,11.3254],[98.7438,11.3229],[98.7446,11.3229],[98.7446,11.3221],[98.7463,11.3212],[98.7463,11.3196],[98.7471,11.3196],[98.7471,11.3187],[98.7488,11.3179],[98.7488,11.3154],[98.7438,11.3154],[98.7429,11.3137],[98.7421,11.3137],[98.7421,11.3112],[98.7429,11.3112],[98.7429,11.3087],[98.7421,11.3087],[98.7421,11.3079],[98.7429,11.3079],[98.7429,11.3071],[98.7421,11.3071],[98.7421,11.3062],[98.7429,11.3062],[98.7429,11.3046],[98.7421,11.3046],[98.7421,11.3029],[98.7429,11.3029],[98.7429,11.2996],[98.7438,11.2996],[98.7438,11.3004],[98.7454,11.3004],[98.7454,11.2996],[98.7496,11.2996],[98.7496,11.2979],[98.7504,11.2979],[98.7504,11.2971],[98.7496,11.2971],[98.7496,11.2954],[98.7471,11.2954],[98.7471,11.2962],[98.7454,11.2954],[98.7454,11.2904],[98.7446,11.2904],[98.7446,11.2862],[98.7438,11.2862],[98.7438,11.2871],[98.7421,11.2871],[98.7421,11.2887],[98.7413,11.2887],[98.7404,11.2904],[98.7396,11.2904],[98.7396,11.2912],[98.7404,11.2912],[98.7404,11.2929],[98.7421,11.2937],[98.7421,11.2954],[98.7404,11.2954],[98.7404,11.2946],[98.7396,11.2946],[98.7396,11.2921],[98.7388,11.2921],[98.7379,11.2937],[98.7363,11.2946],[98.7363,11.2962],[98.7404,11.2962],[98.7404,11.3004],[98.7413,11.3004],[98.7413,11.3021],[98.7404,11.3021],[98.7404,11.3037],[98.7396,11.3037],[98.7396,11.3029],[98.7388,11.3029],[98.7388,11.3037],[98.7371,11.3037],[98.7371,11.3062],[98.7354,11.3071],[98.7354,11.3054],[98.7338,11.3046],[98.7338,11.3021],[98.7346,11.3021],[98.7346,11.3012],[98.7363,11.3004],[98.7363,11.2987],[98.7346,11.2987],[98.7346,11.3004],[98.7338,11.3004],[98.7338,11.3012],[98.7329,11.3014],[98.7329,11.3037],[98.7313,11.3046],[98.7313,11.3071],[98.7304,11.3071],[98.7304,11.3104],[98.7296,11.3104],[98.7296,11.3129],[98.7304,11.3129],[98.7304,11.3171],[98.7288,11.3171],[98.7288,11.3212],[98.7296,11.3212],[98.7296,11.3237],[98.7288,11.3237],[98.7288,11.3254],[98.7271,11.3254],[98.7274,11.3296],[98.7279,11.3296],[98.7279,11.3279],[98.7296,11.3271],[98.7296,11.3304],[98.7279,11.3304],[98.7279,11.3387],[98.7233,11.3388],[98.7229,11.3404],[98.7246,11.3404],[98.7246,11.3429],[98.7229,11.3429],[98.7229,11.3437],[98.7213,11.3446],[98.7213,11.3471],[98.7204,11.3471],[98.7204,11.3487],[98.7196,11.3487],[98.7196,11.3621],[98.7188,11.3621],[98.7188,11.3696],[98.7179,11.3696],[98.7179,11.3729],[98.7221,11.3746],[98.7229,11.3762],[98.7271,11.3762],[98.7271,11.3754],[98.7313,11.3754],[98.7313,11.3762],[98.7321,11.3762],[98.7321,11.3779],[98.7313,11.3779],[98.7313,11.3771],[98.7271,11.3771],[98.7263,11.3787],[98.7229,11.3787],[98.7229,11.3796],[98.7213,11.3804],[98.7213,11.3812],[98.7204,11.3812],[98.7204,11.3829],[98.7196,11.3829],[98.7196,11.3846],[98.7204,11.3846],[98.7204,11.3862],[98.7213,11.3862],[98.7213,11.3854],[98.7229,11.3854],[98.7229,11.3871],[98.7221,11.3871],[98.7221,11.3896],[98.7204,11.3896],[98.7204,11.3887],[98.7129,11.3887],[98.7129,11.3879],[98.7113,11.3879],[98.7113,11.3887],[98.7104,11.3887],[98.7104,11.3896],[98.7088,11.3904],[98.7088,11.3921],[98.7079,11.3921],[98.7079,11.3929],[98.7063,11.3937],[98.7063,11.3946],[98.7046,11.3946],[98.7046,11.3954],[98.7029,11.3954],[98.7021,11.3937],[98.7004,11.3937],[98.7004,11.3946],[98.6988,11.3954],[98.6988,11.3962],[98.6979,11.3962],[98.6979,11.4004],[98.6996,11.4004],[98.6996,11.4012],[98.7013,11.4012],[98.7013,11.4021],[98.7063,11.4021],[98.7063,11.4037],[98.7088,11.4037],[98.7088,11.4029],[98.7096,11.4029],[98.7096,11.4037],[98.7104,11.4037],[98.7113,11.4054],[98.7146,11.4054],[98.7146,11.4079],[98.7163,11.4079],[98.7163,11.4054],[98.7154,11.4054],[98.7154,11.4037],[98.7171,11.4029],[98.7171,11.4012],[98.7188,11.4012],[98.7188,11.3996],[98.7179,11.3996],[98.7179,11.3946],[98.7204,11.3946],[98.7204,11.3962],[98.7213,11.3962],[98.7213,11.3971],[98.7229,11.3971],[98.7229,11.3962],[98.7254,11.3962]],[[98.7329,11.3296],[98.7329,11.3287],[98.7338,11.3287],[98.7338,11.3296],[98.7329,11.3296]],[[98.7304,11.3304],[98.7304,11.3321],[98.7296,11.3321],[98.7296,11.3304],[98.7304,11.3304]],[[98.7154,11.4029],[98.7154,11.4021],[98.7163,11.4021],[98.7163,11.4029],[98.7154,11.4029]],[[98.7438,11.3721],[98.7429,11.3721],[98.7429,11.3704],[98.7438,11.3704],[98.7438,11.3721]],[[98.7413,11.3754],[98.7396,11.3754],[98.7396,11.3737],[98.7413,11.3737],[98.7413,11.3754]],[[98.7413,11.3854],[98.7404,11.3854],[98.7404,11.3846],[98.7413,11.3846],[98.7413,11.3854]],[[98.7288,11.3421],[98.7304,11.3421],[98.7304,11.3429],[98.7279,11.3429],[98.7279,11.3412],[98.7288,11.3412],[98.7288,11.3421]],[[98.7263,11.3679],[98.7246,11.3679],[98.7246,11.3662],[98.7263,11.3662],[98.7263,11.3679]],[[98.7213,11.3704],[98.7204,11.3704],[98.7204,11.3679],[98.7196,11.3679],[98.7196,11.3671],[98.7213,11.3671],[98.7213,11.3704]],[[98.7146,11.4021],[98.7146,11.4029],[98.7138,11.4029],[98.7138,11.4021],[98.7146,11.4021]],[[98.7129,11.4021],[98.7129,11.4012],[98.7138,11.4012],[98.7138,11.4021],[98.7129,11.4021]]],[[[98.7046,11.3862],[98.7046,11.3854],[98.7038,11.3854],[98.7038,11.3904],[98.7054,11.3904],[98.7054,11.3896],[98.7079,11.3896],[98.7079,11.3887],[98.7088,11.3887],[98.7088,11.3862],[98.7046,11.3862]]],[[[98.7246,11.4021],[98.7246,11.4037],[98.7263,11.4037],[98.7263,11.4021],[98.7246,11.4021]]],[[[98.6954,11.4021],[98.6938,11.4012],[98.6938,11.4071],[98.6946,11.4071],[98.6946,11.4054],[98.6954,11.4054],[98.6954,11.4021]]],[[[98.7046,11.4104],[98.7029,11.4104],[98.7038,11.4121],[98.7046,11.4121],[98.7046,11.4104]]],[[[98.7254,11.4154],[98.7254,11.4171],[98.7271,11.4171],[98.7271,11.4154],[98.7254,11.4154]]],[[[98.7013,11.4171],[98.7013,11.4179],[98.7021,11.4179],[98.7021,11.4196],[98.7046,11.4196],[98.7046,11.4204],[98.7038,11.4204],[98.7046,11.4221],[98.7063,11.4212],[98.7063,11.4204],[98.7088,11.4204],[98.7088,11.4221],[98.7096,11.4221],[98.7096,11.4246],[98.7088,11.4246],[98.7088,11.4262],[98.7096,11.4262],[98.7096,11.4279],[98.7104,11.4279],[98.7104,11.4296],[98.7121,11.4296],[98.7121,11.4312],[98.7138,11.4312],[98.7138,11.4254],[98.7171,11.4254],[98.7171,11.4229],[98.7188,11.4229],[98.7188,11.4204],[98.7196,11.4204],[98.7196,11.4187],[98.7213,11.4187],[98.7213,11.4179],[98.7238,11.4179],[98.7238,11.4162],[98.7204,11.4162],[98.7204,11.4171],[98.7171,11.4171],[98.7171,11.4146],[98.7179,11.4146],[98.7179,11.4129],[98.7171,11.4129],[98.7171,11.4096],[98.7146,11.4096],[98.7146,11.4112],[98.7163,11.4112],[98.7163,11.4129],[98.7146,11.4137],[98.7146,11.4154],[98.7121,11.4154],[98.7121,11.4162],[98.7096,11.4162],[98.7096,11.4154],[98.7079,11.4154],[98.7079,11.4146],[98.7071,11.4146],[98.7063,11.4129],[98.7054,11.4129],[98.7054,11.4137],[98.7029,11.4137],[98.7029,11.4129],[98.7013,11.4129],[98.7013,11.4121],[98.7004,11.4121],[98.7004,11.4096],[98.6971,11.4096],[98.6971,11.4079],[98.6954,11.4079],[98.6954,11.4096],[98.6946,11.4096],[98.6946,11.4104],[98.6963,11.4112],[98.6963,11.4137],[98.6979,11.4137],[98.6979,11.4146],[98.6988,11.4146],[98.6988,11.4162],[98.7004,11.4162],[98.7004,11.4171],[98.7013,11.4171]],[[98.7021,11.4171],[98.7029,11.4171],[98.7029,11.4179],[98.7021,11.4179],[98.7021,11.4171]]],[[[98.7329,11.4229],[98.7329,11.4204],[98.7313,11.4204],[98.7313,11.4212],[98.7288,11.4212],[98.7288,11.4204],[98.7271,11.4204],[98.7271,11.4221],[98.7279,11.4221],[98.7279,11.4229],[98.7304,11.4229],[98.7304,11.4221],[98.7313,11.4221],[98.7313,11.4229],[98.7329,11.4229]]],[[[98.7213,11.4254],[98.7204,11.4271],[98.7229,11.4271],[98.7229,11.4254],[98.7213,11.4254]]],[[[98.7054,11.4262],[98.7054,11.4287],[98.7071,11.4287],[98.7071,11.4246],[98.7063,11.4246],[98.7063,11.4262],[98.7054,11.4262]]],[[[98.7104,11.4404],[98.7121,11.4412],[98.7121,11.4429],[98.7129,11.4429],[98.7129,11.4437],[98.7138,11.4437],[98.7138,11.4429],[98.7154,11.4429],[98.7163,11.4446],[98.7179,11.4446],[98.7179,11.4479],[98.7188,11.4479],[98.7188,11.4487],[98.7204,11.4487],[98.7204,11.4496],[98.7213,11.4496],[98.7213,11.4512],[98.7221,11.4512],[98.7221,11.4521],[98.7238,11.4521],[98.7238,11.4529],[98.7279,11.4529],[98.7279,11.4521],[98.7313,11.4521],[98.7313,11.4512],[98.7346,11.4512],[98.7354,11.4529],[98.7371,11.4529],[98.7371,11.4487],[98.7388,11.4487],[98.7396,11.4471],[98.7413,11.4471],[98.7413,11.4479],[98.7438,11.4479],[98.7438,11.4487],[98.7454,11.4487],[98.7454,11.4471],[98.7446,11.4471],[98.7446,11.4454],[98.7438,11.4454],[98.7429,11.4437],[98.7413,11.4437],[98.7413,11.4446],[98.7396,11.4446],[98.7396,11.4429],[98.7379,11.4421],[98.7371,11.4404],[98.7346,11.4404],[98.7346,11.4396],[98.7321,11.4396],[98.7321,11.4379],[98.7313,11.4379],[98.7313,11.4371],[98.7296,11.4379],[98.7296,11.4371],[98.7288,11.4371],[98.7288,11.4337],[98.7279,11.4337],[98.7271,11.4321],[98.7254,11.4321],[98.7254,11.4329],[98.7246,11.4329],[98.7246,11.4354],[98.7229,11.4354],[98.7229,11.4329],[98.7238,11.4329],[98.7238,11.4321],[98.7213,11.4321],[98.7213,11.4329],[98.7196,11.4337],[98.7196,11.4371],[98.7188,11.4371],[98.7179,11.4354],[98.7154,11.4354],[98.7154,11.4346],[98.7138,11.4346],[98.7138,11.4354],[98.7121,11.4362],[98.7121,11.4354],[98.7113,11.4354],[98.7113,11.4321],[98.7096,11.4321],[98.7096,11.4312],[98.7088,11.4312],[98.7088,11.4321],[98.7071,11.4321],[98.7071,11.4337],[98.7079,11.4337],[98.7088,11.4354],[98.7104,11.4354],[98.7104,11.4362],[98.7088,11.4362],[98.7088,11.4379],[98.7104,11.4379],[98.7104,11.4404]],[[98.7146,11.4412],[98.7138,11.4412],[98.7138,11.4404],[98.7146,11.4404],[98.7146,11.4412]]],[[[98.7154,11.4529],[98.7179,11.4529],[98.7179,11.4487],[98.7171,11.4487],[98.7171,11.4479],[98.7154,11.4479],[98.7154,11.4496],[98.7163,11.4496],[98.7163,11.4521],[98.7154,11.4521],[98.7154,11.4529]]],[[[98.7302,11.4546],[98.7321,11.4547],[98.7329,11.4546],[98.7338,11.4529],[98.7321,11.4529],[98.7313,11.4546],[98.7302,11.4546]]],[[[98.7279,11.4546],[98.7279,11.4553],[98.7297,11.4546],[98.7279,11.4546]]],[[[98.7271,11.4554],[98.7271,11.4556],[98.7277,11.4554],[98.7271,11.4554]]],[[[98.7229,11.4562],[98.7229,11.4566],[98.7244,11.4562],[98.7229,11.4562]]],[[[98.6854,11.4991],[98.6854,11.4991],[98.6854,11.499],[98.6854,11.4991]]],[[[98.6846,11.4996],[98.6846,11.5007],[98.6852,11.4996],[98.6846,11.4996]]],[[[98.6846,11.5029],[98.685,11.5029],[98.6846,11.5021],[98.6846,11.5029]]],[[[98.7179,11.5337],[98.7188,11.5337],[98.7188,11.5346],[98.7154,11.5346],[98.7166,11.5362],[98.7179,11.5362],[98.7179,11.5371],[98.7204,11.5371],[98.7213,11.5354],[98.7221,11.5354],[98.7221,11.5362],[98.7238,11.5362],[98.7238,11.5354],[98.7246,11.5354],[98.7246,11.5362],[98.7263,11.5362],[98.7263,11.5387],[98.7254,11.5387],[98.7254,11.5404],[98.7229,11.5404],[98.7229,11.5412],[98.7221,11.5412],[98.7221,11.5429],[98.7263,11.5429],[98.7263,11.5421],[98.7279,11.5421],[98.7279,11.5429],[98.7288,11.5429],[98.7288,11.5446],[98.7321,11.5446],[98.7321,11.5421],[98.7313,11.5421],[98.7313,11.5404],[98.7338,11.5404],[98.7338,11.5396],[98.7354,11.5396],[98.7354,11.5371],[98.7371,11.5371],[98.7371,11.5312],[98.7379,11.5312],[98.7379,11.5287],[98.7371,11.5287],[98.7371,11.5262],[98.7363,11.5262],[98.7363,11.5246],[98.7346,11.5246],[98.7346,11.5254],[98.7354,11.5254],[98.7354,11.5287],[98.7346,11.5287],[98.7346,11.5312],[98.7338,11.5312],[98.7338,11.5304],[98.7321,11.5296],[98.7321,11.5279],[98.7304,11.5279],[98.7304,11.5254],[98.7288,11.5254],[98.7279,11.5237],[98.7246,11.5237],[98.7238,11.5221],[98.7213,11.5221],[98.7213,11.5229],[98.7204,11.5229],[98.7204,11.5246],[98.7213,11.5246],[98.7213,11.5271],[98.7188,11.5271],[98.7188,11.5279],[98.7171,11.5279],[98.7171,11.5271],[98.7154,11.5271],[98.7154,11.5246],[98.7188,11.5246],[98.7188,11.5212],[98.7196,11.5212],[98.7196,11.5187],[98.7221,11.5187],[98.7213,11.5171],[98.7179,11.5171],[98.7179,11.5196],[98.7146,11.5196],[98.7138,11.5212],[98.7121,11.5212],[98.7121,11.5254],[98.7113,11.5254],[98.7113,11.5287],[98.7138,11.5287],[98.7138,11.5304],[98.7154,11.5304],[98.7154,11.5329],[98.7179,11.5329],[98.7179,11.5337]],[[98.7279,11.5387],[98.7279,11.5396],[98.7271,11.5396],[98.7271,11.5387],[98.7279,11.5387]],[[98.7171,11.5204],[98.7171,11.5237],[98.7163,11.5237],[98.7163,11.5221],[98.7154,11.5221],[98.7154,11.5204],[98.7171,11.5204]],[[98.7171,11.5304],[98.7171,11.5312],[98.7163,11.5312],[98.7163,11.5304],[98.7171,11.5304]]],[[[98.7104,11.5296],[98.7104,11.5312],[98.7096,11.5313],[98.7096,11.5321],[98.7113,11.5321],[98.7113,11.5296],[98.7104,11.5296]]],[[[98.7138,11.5337],[98.7138,11.5321],[98.7113,11.5321],[98.7113,11.5328],[98.7138,11.5337]]],[[[98.7146,11.5723],[98.7149,11.5716],[98.7179,11.5712],[98.7179,11.5704],[98.7188,11.5704],[98.7188,11.5687],[98.7204,11.5679],[98.7204,11.5646],[98.7188,11.5646],[98.7188,11.5629],[98.7179,11.5629],[98.7179,11.5646],[98.7171,11.5646],[98.7171,11.5662],[98.7179,11.5662],[98.7179,11.5687],[98.7171,11.5687],[98.7171,11.5704],[98.7163,11.5704],[98.7163,11.5712],[98.7146,11.5712],[98.7146,11.5723]]],[[[98.7263,11.5687],[98.7246,11.5687],[98.7246,11.5696],[98.7221,11.5696],[98.7221,11.5721],[98.7204,11.5721],[98.7263,11.575],[98.7254,11.5746],[98.7254,11.5712],[98.7263,11.5712],[98.7263,11.5687]]],[[[98.7288,11.6087],[98.7288,11.6129],[98.7279,11.6129],[98.7271,11.6145],[98.7304,11.6162],[98.7304,11.6146],[98.7296,11.6146],[98.7296,11.6129],[98.7313,11.6129],[98.7313,11.6104],[98.7338,11.6104],[98.7338,11.6087],[98.7288,11.6087]]],[[[98.7313,11.6604],[98.7304,11.6604],[98.7304,11.6596],[98.7288,11.6596],[98.7288,11.6602],[98.7309,11.6612],[98.7313,11.6604]]],[[[98.8571,11.7512],[98.8571,11.7504],[98.8588,11.7504],[98.8588,11.7454],[98.8563,11.7454],[98.8568,11.7495],[98.8564,11.7512],[98.8571,11.7512]]],[[[98.8563,11.7437],[98.8563,11.7446],[98.8596,11.7446],[98.8596,11.7429],[98.8571,11.7429],[98.8563,11.7412],[98.8579,11.7404],[98.8588,11.7387],[98.8629,11.7387],[98.8629,11.7379],[98.8654,11.7379],[98.8663,11.7396],[98.8679,11.7404],[98.8679,11.7421],[98.8704,11.7421],[98.8696,11.7404],[98.8679,11.7396],[98.8679,11.7371],[98.8671,11.7371],[98.8671,11.7362],[98.8654,11.7354],[98.8654,11.7337],[98.8638,11.7337],[98.8638,11.7321],[98.8629,11.7321],[98.8629,11.7279],[98.8596,11.7279],[98.8596,11.7287],[98.8571,11.7287],[98.8571,11.7279],[98.8563,11.7279],[98.8563,11.7246],[98.8571,11.7246],[98.8571,11.7229],[98.8554,11.7229],[98.8554,11.7237],[98.8538,11.7229],[98.8538,11.7196],[98.8546,11.7196],[98.8546,11.7187],[98.8554,11.7187],[98.8554,11.7196],[98.8579,11.7196],[98.8579,11.7204],[98.8588,11.7204],[98.8588,11.7271],[98.8596,11.7271],[98.8596,11.7246],[98.8613,11.7246],[98.8613,11.7229],[98.8638,11.7229],[98.8638,11.7221],[98.8629,11.7221],[98.8629,11.7212],[98.8638,11.7212],[98.8638,11.7187],[98.8613,11.7187],[98.8613,11.7171],[98.8646,11.7171],[98.8646,11.7162],[98.8629,11.7162],[98.8629,11.7154],[98.8638,11.7154],[98.8638,11.7137],[98.8613,11.7151],[98.8613,11.7162],[98.8596,11.7162],[98.8596,11.7187],[98.8579,11.7179],[98.8579,11.7164],[98.8571,11.7166],[98.8571,11.7171],[98.8561,11.7171],[98.8529,11.719],[98.8529,11.7204],[98.8513,11.7212],[98.8513,11.7229],[98.8504,11.7229],[98.8496,11.7246],[98.8488,11.7246],[98.8488,11.7236],[98.8439,11.7258],[98.8469,11.7311],[98.8538,11.7342],[98.8557,11.7437],[98.8563,11.7437]],[[98.8521,11.7229],[98.8521,11.7237],[98.8513,11.7237],[98.8513,11.7229],[98.8521,11.7229]],[[98.8579,11.7371],[98.8579,11.7354],[98.8571,11.7354],[98.8571,11.7346],[98.8579,11.7346],[98.8588,11.7329],[98.8604,11.7321],[98.8604,11.7329],[98.8613,11.7329],[98.8613,11.7337],[98.8596,11.7346],[98.8604,11.7362],[98.8596,11.7362],[98.8596,11.7371],[98.8579,11.7371]],[[98.8613,11.7212],[98.8613,11.7221],[98.8604,11.7221],[98.8604,11.7212],[98.8613,11.7212]],[[98.8529,11.7321],[98.8529,11.7312],[98.8538,11.7312],[98.8538,11.7287],[98.8554,11.7287],[98.8554,11.7296],[98.8563,11.7296],[98.8563,11.7321],[98.8529,11.7321]],[[98.8504,11.7312],[98.8504,11.7321],[98.8496,11.7321],[98.8496,11.7312],[98.8504,11.7312]]],[[[98.6921,12.7112],[98.6938,12.7121],[98.6938,12.7204],[98.6946,12.7204],[98.6946,12.7237],[98.6954,12.7237],[98.6963,12.7254],[98.6979,12.7254],[98.6979,12.7229],[98.6988,12.7229],[98.6988,12.7196],[98.6996,12.7196],[98.6996,12.7187],[98.7029,12.7187],[98.7029,12.7204],[98.7038,12.7204],[98.7038,12.7212],[98.7063,12.7212],[98.7063,12.7221],[98.7071,12.7221],[98.7071,12.7237],[98.7079,12.7237],[98.7079,12.7229],[98.7096,12.7237],[98.7096,12.7229],[98.7104,12.7229],[98.7104,12.7204],[98.7121,12.7204],[98.7121,12.7171],[98.7113,12.7171],[98.7113,12.7187],[98.7104,12.7187],[98.7104,12.7196],[98.7088,12.7196],[98.7088,12.7154],[98.7104,12.7146],[98.7104,12.7079],[98.7113,12.7079],[98.7113,12.7071],[98.7146,12.7071],[98.7146,12.7087],[98.7154,12.7087],[98.7154,12.7071],[98.7163,12.7071],[98.7163,12.7062],[98.7154,12.7062],[98.7154,12.7054],[98.7113,12.7054],[98.7113,12.7038],[98.7039,12.704],[98.6987,12.7089],[98.6944,12.7087],[98.6938,12.7102],[98.6921,12.7095],[98.6921,12.7112]]],[[[98.7171,12.8054],[98.7171,12.8062],[98.7179,12.8062],[98.7179,12.8079],[98.7188,12.8079],[98.7188,12.8029],[98.7204,12.8029],[98.7204,12.8004],[98.7196,12.8004],[98.7196,12.7987],[98.7213,12.7987],[98.7221,12.7971],[98.7213,12.7971],[98.7213,12.7937],[98.7204,12.7937],[98.7204,12.7912],[98.7188,12.7912],[98.7188,12.7904],[98.7154,12.7904],[98.7154,12.7896],[98.7146,12.7896],[98.7146,12.7921],[98.7138,12.7921],[98.7138,12.7987],[98.7129,12.7987],[98.7129,12.8029],[98.7146,12.8029],[98.7146,12.8037],[98.7154,12.8037],[98.7163,12.8054],[98.7171,12.8054]]],[[[98.6921,12.8179],[98.6921,12.8221],[98.6913,12.8221],[98.6913,12.8229],[98.6938,12.8229],[98.6938,12.8212],[98.6954,12.8204],[98.6954,12.8196],[98.6971,12.8196],[98.6971,12.8179],[98.6921,12.8179]]],[[[98.6913,12.9629],[98.6879,12.9629],[98.6879,12.9637],[98.6896,12.9637],[98.6896,12.9662],[98.6913,12.9662],[98.6913,12.9629]]],[[[98.6913,13.0171],[98.6904,13.0171],[98.6904,13.0162],[98.6888,13.0162],[98.6888,13.0179],[98.6913,13.0179],[98.6913,13.0171]]],[[[98.7363,10.8787],[98.7363,10.8804],[98.7388,10.8804],[98.7388,10.8787],[98.7363,10.8787]]],[[[98.7338,10.9037],[98.7338,10.9054],[98.7388,10.9054],[98.7388,10.9046],[98.7404,10.9046],[98.7396,10.9029],[98.7363,10.9029],[98.7363,10.9037],[98.7338,10.9037]]],[[[98.7188,10.9146],[98.7179,10.9146],[98.7179,10.9154],[98.7163,10.9162],[98.7163,10.9179],[98.721,10.9171],[98.7222,10.9158],[98.7263,10.9162],[98.7263,10.9154],[98.7279,10.9154],[98.7279,10.9161],[98.7301,10.9149],[98.7304,10.9154],[98.7304,10.9146],[98.7321,10.9137],[98.7321,10.9129],[98.7338,10.9129],[98.7346,10.9112],[98.7379,10.9112],[98.7379,10.9146],[98.7346,10.9146],[98.7346,10.9154],[98.7329,10.9162],[98.7329,10.9171],[98.7308,10.9171],[98.728,10.9187],[98.7296,10.9187],[98.7296,10.9204],[98.7279,10.9204],[98.7279,10.9188],[98.7263,10.9194],[98.7263,10.9212],[98.7271,10.9212],[98.7271,10.9229],[98.7288,10.9237],[98.7288,10.9246],[98.7296,10.9246],[98.7296,10.9262],[98.7304,10.9262],[98.7304,10.9254],[98.7321,10.9254],[98.7321,10.9196],[98.7363,10.9196],[98.7363,10.9171],[98.7371,10.9171],[98.7371,10.9154],[98.7404,10.9154],[98.7413,10.9171],[98.7429,10.9171],[98.7429,10.9179],[98.7446,10.9179],[98.7446,10.9171],[98.7463,10.9171],[98.7463,10.9162],[98.7479,10.9162],[98.7479,10.9154],[98.7488,10.9154],[98.7488,10.9121],[98.7471,10.9112],[98.7471,10.9087],[98.7463,10.9087],[98.7463,10.9096],[98.7454,10.9096],[98.7454,10.9121],[98.7471,10.9121],[98.7471,10.9129],[98.7479,10.9129],[98.7479,10.9146],[98.7471,10.9146],[98.7471,10.9154],[98.7421,10.9154],[98.7421,10.9129],[98.7429,10.9129],[98.7429,10.9112],[98.7413,10.9112],[98.7413,10.9104],[98.7363,10.9104],[98.7363,10.9079],[98.7354,10.9079],[98.7354,10.9087],[98.7329,10.9087],[98.7329,10.9112],[98.7321,10.9112],[98.7321,10.9121],[98.7288,10.9121],[98.7288,10.9104],[98.7304,10.9096],[98.7304,10.9087],[98.7313,10.9087],[98.7313,10.9062],[98.7329,10.9062],[98.7329,10.9054],[98.7288,10.9054],[98.7288,10.9071],[98.7279,10.9071],[98.7279,10.9037],[98.7288,10.9037],[98.7296,10.9021],[98.7279,10.9021],[98.7279,10.9004],[98.7238,10.9004],[98.7246,10.9021],[98.7254,10.9021],[98.7254,10.9037],[98.7246,10.9037],[98.7246,10.9054],[98.7238,10.9054],[98.7238,10.9079],[98.7221,10.9079],[98.7221,10.9062],[98.7204,10.9071],[98.7204,10.9096],[98.7213,10.9096],[98.7213,10.9121],[98.7221,10.9121],[98.7221,10.9146],[98.7213,10.9146],[98.7213,10.9154],[98.7204,10.9154],[98.7204,10.9146],[98.7188,10.9154],[98.7188,10.9146]]],[[[98.7521,10.9279],[98.7521,10.9271],[98.7538,10.9271],[98.7538,10.9254],[98.7521,10.9254],[98.7521,10.9246],[98.7504,10.9246],[98.7504,10.9271],[98.7521,10.9279]]],[[[98.7154,10.9262],[98.7154,10.9287],[98.7171,10.9287],[98.7171,10.9329],[98.7154,10.9329],[98.7163,10.9346],[98.7171,10.9346],[98.7171,10.9337],[98.7204,10.9337],[98.7204,10.9321],[98.7221,10.9321],[98.7221,10.9329],[98.7229,10.9329],[98.7229,10.9312],[98.7238,10.9312],[98.7238,10.9304],[98.7229,10.9304],[98.7229,10.9296],[98.7204,10.9296],[98.7204,10.9271],[98.7229,10.9271],[98.7229,10.9262],[98.7238,10.9262],[98.7238,10.9271],[98.7246,10.9271],[98.7246,10.9279],[98.7263,10.9287],[98.7263,10.9296],[98.7254,10.9296],[98.7254,10.9321],[98.7271,10.9321],[98.7271,10.9329],[98.7371,10.9329],[98.7371,10.9337],[98.7388,10.9337],[98.7388,10.9329],[98.7404,10.9329],[98.7404,10.9321],[98.7421,10.9321],[98.7421,10.9304],[98.7438,10.9304],[98.7446,10.9321],[98.7454,10.9321],[98.7454,10.9337],[98.7471,10.9337],[98.7471,10.9329],[98.7488,10.9329],[98.7488,10.9337],[98.7513,10.9337],[98.7513,10.9321],[98.7496,10.9321],[98.7496,10.9296],[98.7504,10.9296],[98.7504,10.9287],[98.7446,10.9287],[98.7438,10.9271],[98.7421,10.9271],[98.7413,10.9287],[98.7396,10.9287],[98.7388,10.9304],[98.7371,10.9304],[98.7371,10.9279],[98.7354,10.9279],[98.7346,10.9296],[98.7329,10.9296],[98.7329,10.9304],[98.7313,10.9304],[98.7313,10.9296],[98.7296,10.9296],[98.7288,10.9279],[98.7271,10.9271],[98.7271,10.9261],[98.7256,10.9273],[98.7238,10.925],[98.7229,10.9254],[98.7234,10.9246],[98.7204,10.9213],[98.7189,10.9211],[98.7171,10.9218],[98.7188,10.9221],[98.7188,10.9246],[98.7204,10.9246],[98.7204,10.9254],[98.7188,10.9254],[98.7188,10.9271],[98.7171,10.9262],[98.7171,10.9246],[98.7163,10.9246],[98.7163,10.9262],[98.7154,10.9262]],[[98.7271,10.9296],[98.7271,10.9304],[98.7263,10.9304],[98.7263,10.9296],[98.7271,10.9296]]],[[[98.7263,10.9246],[98.7261,10.9246],[98.7263,10.9247],[98.7263,10.9246]]],[[[98.7554,10.9354],[98.7529,10.9354],[98.7529,10.9371],[98.7538,10.9371],[98.7538,10.9387],[98.7554,10.9387],[98.7554,10.9354]]],[[[98.7371,10.9546],[98.7379,10.9546],[98.7379,10.9529],[98.7404,10.9529],[98.7404,10.9521],[98.7413,10.9521],[98.7413,10.9496],[98.7396,10.9496],[98.7396,10.9512],[98.7379,10.9512],[98.7379,10.9521],[98.7346,10.9521],[98.7346,10.9504],[98.7329,10.9504],[98.7329,10.9487],[98.7338,10.9487],[98.7338,10.9496],[98.7379,10.9496],[98.7379,10.9479],[98.7338,10.9479],[98.7338,10.9454],[98.7321,10.9454],[98.7321,10.9429],[98.7338,10.9429],[98.7338,10.9421],[98.7354,10.9421],[98.7354,10.9412],[98.7371,10.9412],[98.7371,10.9396],[98.7338,10.9396],[98.7338,10.9404],[98.7321,10.9404],[98.7321,10.9412],[98.7288,10.9412],[98.7288,10.9429],[98.7313,10.9429],[98.7313,10.9446],[98.7296,10.9454],[98.7296,10.9462],[98.7304,10.9462],[98.7304,10.9512],[98.7296,10.9512],[98.7296,10.9521],[98.7271,10.9521],[98.7271,10.9546],[98.7279,10.9546],[98.7279,10.9554],[98.7302,10.9554],[98.7304,10.9546],[98.7315,10.9542],[98.7321,10.9546],[98.7321,10.9521],[98.7338,10.9521],[98.7338,10.9562],[98.7354,10.9562],[98.7354,10.9554],[98.7371,10.9554],[98.7371,10.9546]]],[[[98.7388,10.9712],[98.7388,10.9729],[98.7404,10.9729],[98.7404,10.9712],[98.7388,10.9712]]],[[[98.7396,10.9771],[98.7379,10.9771],[98.7379,10.9787],[98.7396,10.9787],[98.7396,10.9771]]],[[[98.7688,10.9737],[98.7688,10.9746],[98.7646,10.9746],[98.7646,10.9737],[98.7621,10.9737],[98.7621,10.9721],[98.7596,10.9721],[98.7604,10.9737],[98.7613,10.9737],[98.7613,10.9746],[98.7638,10.9746],[98.7638,10.9754],[98.7654,10.9754],[98.7654,10.9771],[98.7638,10.9771],[98.7638,10.9796],[98.7621,10.9796],[98.7621,10.9804],[98.7646,10.9804],[98.7646,10.9821],[98.7654,10.9821],[98.7654,10.9835],[98.7662,10.9795],[98.7674,10.9771],[98.7693,10.9747],[98.7694,10.9754],[98.7704,10.9754],[98.7704,10.9737],[98.7688,10.9737]]],[[[98.7646,10.9837],[98.7646,10.9862],[98.7648,10.9862],[98.7653,10.9837],[98.7646,10.9837]]],[[[98.7729,10.9812],[98.7721,10.9812],[98.7721,10.9787],[98.7704,10.9779],[98.7704,10.9829],[98.7713,10.9829],[98.7721,10.9846],[98.7738,10.9846],[98.7738,10.9837],[98.7729,10.9837],[98.7729,10.9829],[98.7738,10.9829],[98.7729,10.9812]]],[[[98.7371,10.9879],[98.7379,10.9879],[98.7379,10.9846],[98.7371,10.9846],[98.7371,10.9879]]],[[[98.7438,10.9871],[98.7438,10.9879],[98.7463,10.9877],[98.7463,10.9871],[98.7438,10.9871]]],[[[98.7404,10.9879],[98.7404,10.9886],[98.7438,10.988],[98.7438,10.9879],[98.7404,10.9879]]],[[[98.7529,10.9946],[98.7529,10.9937],[98.7554,10.9937],[98.7554,10.9931],[98.7446,10.994],[98.7446,10.9946],[98.7529,10.9946]]],[[[98.7621,10.9962],[98.7621,10.9971],[98.7646,10.9971],[98.7646,10.9979],[98.7654,10.9979],[98.7654,10.9954],[98.7671,10.9954],[98.7671,10.9979],[98.7696,10.9979],[98.7696,10.9921],[98.7713,10.9921],[98.7713,10.9907],[98.765,10.9931],[98.7588,10.9929],[98.7588,10.9946],[98.7604,10.9946],[98.7604,10.9954],[98.7621,10.9962]]],[[[98.7754,11.0029],[98.7754,11.0054],[98.7763,11.0054],[98.7763,11.0029],[98.7754,11.0029]]],[[[98.7288,11.0804],[98.7288,11.0754],[98.7304,11.0754],[98.7304,11.0746],[98.7296,11.0746],[98.7296,11.0721],[98.7288,11.0721],[98.7288,11.0687],[98.7279,11.0687],[98.7279,11.0671],[98.7288,11.0671],[98.7288,11.0654],[98.7263,11.0654],[98.7263,11.0637],[98.7254,11.0637],[98.7254,11.0621],[98.7263,11.0621],[98.7263,11.0612],[98.7279,11.0612],[98.7279,11.0596],[98.7304,11.0596],[98.7304,11.0604],[98.7321,11.0604],[98.7321,11.0596],[98.7379,11.0596],[98.7379,11.0587],[98.7388,11.0587],[98.7388,11.0562],[98.7354,11.0562],[98.7354,11.0512],[98.7371,11.0512],[98.7371,11.0504],[98.7379,11.0504],[98.7379,11.0487],[98.7388,11.0487],[98.7388,11.0479],[98.7421,11.0479],[98.7429,11.0496],[98.7438,11.0496],[98.7438,11.0529],[98.7446,11.0529],[98.7446,11.0537],[98.7463,11.0546],[98.7463,11.0521],[98.7454,11.0521],[98.7454,11.0504],[98.7446,11.0504],[98.7446,11.0471],[98.7438,11.0471],[98.7438,11.0462],[98.7413,11.0462],[98.7413,11.0454],[98.7404,11.0454],[98.7404,11.0437],[98.7413,11.0437],[98.7413,11.0421],[98.7429,11.0421],[98.7429,11.0404],[98.7471,11.0404],[98.7471,11.0421],[98.7496,11.0421],[98.7504,11.0437],[98.7513,11.0437],[98.7513,11.0462],[98.7504,11.0462],[98.7504,11.0479],[98.7513,11.0479],[98.7513,11.0471],[98.7521,11.0471],[98.7521,11.0437],[98.7546,11.0437],[98.7546,11.0446],[98.7563,11.0446],[98.7563,11.0429],[98.7529,11.0429],[98.7529,11.0412],[98.7538,11.0412],[98.7538,11.0404],[98.7529,11.0404],[98.7529,11.0387],[98.7488,11.0387],[98.7488,11.0371],[98.7496,11.0371],[98.7496,11.0346],[98.7504,11.0346],[98.7513,11.0329],[98.7521,11.0329],[98.7521,11.0337],[98.7554,11.0337],[98.7554,11.0346],[98.7563,11.0346],[98.7563,11.0329],[98.7571,11.0329],[98.7571,11.0321],[98.7588,11.0312],[98.7588,11.0304],[98.7571,11.0304],[98.7571,11.0296],[98.7554,11.0296],[98.7554,11.0304],[98.7538,11.0304],[98.7538,11.0312],[98.7513,11.0312],[98.7513,11.0321],[98.7496,11.0321],[98.7488,11.0304],[98.7463,11.0304],[98.7463,11.0287],[98.7488,11.0287],[98.7488,11.0279],[98.7471,11.0271],[98.7471,11.0254],[98.7496,11.0254],[98.7496,11.0262],[98.7513,11.0262],[98.7513,11.0237],[98.7504,11.0237],[98.7504,11.0229],[98.7488,11.0229],[98.7488,11.0221],[98.7479,11.0221],[98.7479,11.0229],[98.7463,11.0221],[98.7463,11.0237],[98.7446,11.0237],[98.7446,11.0229],[98.7438,11.0229],[98.7438,11.0204],[98.7429,11.0204],[98.7429,11.0154],[98.7438,11.0154],[98.7446,11.0137],[98.7463,11.0137],[98.7463,11.0146],[98.7479,11.0146],[98.7479,11.0129],[98.7496,11.0129],[98.7496,11.0121],[98.7513,11.0121],[98.7513,11.0104],[98.7488,11.0104],[98.7488,11.0112],[98.7463,11.0112],[98.7463,11.0079],[98.7471,11.0079],[98.7471,11.0062],[98.7479,11.0062],[98.7479,11.0046],[98.7463,11.0046],[98.7463,11.0037],[98.7471,11.0037],[98.7471,11.0029],[98.7484,11.0029],[98.7438,11.0017],[98.7446,11.0021],[98.7446,11.0037],[98.7429,11.0037],[98.7429,11.0054],[98.7421,11.0054],[98.7421,11.0062],[98.7404,11.0062],[98.7404,11.0046],[98.7413,11.0046],[98.7413,11.0021],[98.7404,11.0021],[98.7404,11.0012],[98.7371,11.0012],[98.7371,11.0004],[98.7363,11.0004],[98.7363,10.9987],[98.737,10.9987],[98.7354,10.9979],[98.7354,10.9987],[98.7346,10.9987],[98.7346,11.0021],[98.7354,11.0021],[98.7354,11.0037],[98.7363,11.0037],[98.7363,11.0054],[98.7346,11.0062],[98.7346,11.0079],[98.7354,11.0079],[98.7354,11.0087],[98.7371,11.0087],[98.7371,11.0062],[98.7396,11.0062],[98.7396,11.0071],[98.7404,11.0071],[98.7404,11.0096],[98.7388,11.0096],[98.7388,11.0121],[98.7421,11.0121],[98.7421,11.0146],[98.7413,11.0146],[98.7413,11.0162],[98.7404,11.0162],[98.7404,11.0171],[98.7388,11.0171],[98.7388,11.0187],[98.7396,11.0187],[98.7396,11.0229],[98.7371,11.0229],[98.7371,11.0221],[98.7363,11.0221],[98.7363,11.0229],[98.7346,11.0229],[98.7346,11.0187],[98.7354,11.0187],[98.7354,11.0171],[98.7346,11.0171],[98.7346,11.0154],[98.7329,11.0146],[98.7329,11.0179],[98.7313,11.0179],[98.7313,11.0204],[98.7304,11.0204],[98.7304,11.0179],[98.7296,11.0179],[98.7296,11.0162],[98.7279,11.0162],[98.7279,11.0171],[98.7254,11.0171],[98.7254,11.0179],[98.7279,11.0179],[98.7279,11.0196],[98.7246,11.0212],[98.7246,11.0262],[98.7213,11.0262],[98.7213,11.0279],[98.7204,11.0279],[98.7196,11.0262],[98.7188,11.0262],[98.7188,11.0271],[98.7171,11.0262],[98.7171,11.0271],[98.7163,11.0271],[98.7163,11.0287],[98.7146,11.0287],[98.7146,11.0304],[98.7173,11.0301],[98.7204,11.0315],[98.7251,11.0322],[98.7255,11.0329],[98.7263,11.0329],[98.7263,11.035],[98.7282,11.0352],[98.7363,11.0335],[98.7408,11.0303],[98.7428,11.0303],[98.7412,11.031],[98.7376,11.0345],[98.7339,11.036],[98.7327,11.0374],[98.7315,11.0378],[98.7271,11.0375],[98.7271,11.0379],[98.7246,11.0379],[98.7246,11.0387],[98.7238,11.0387],[98.7238,11.0396],[98.7246,11.0396],[98.7246,11.0412],[98.7238,11.0412],[98.7238,11.0446],[98.7246,11.0446],[98.7246,11.0454],[98.7263,11.0454],[98.7263,11.0462],[98.7279,11.0462],[98.7288,11.0479],[98.7296,11.0479],[98.7296,11.0471],[98.7313,11.0471],[98.7313,11.0479],[98.7321,11.0479],[98.7321,11.0529],[98.7288,11.0529],[98.7288,11.0554],[98.7271,11.0554],[98.7271,11.0537],[98.7254,11.0529],[98.7254,11.0504],[98.7263,11.0504],[98.7263,11.0487],[98.7271,11.0487],[98.7271,11.0471],[98.7246,11.0471],[98.7246,11.0487],[98.7221,11.0487],[98.7221,11.0496],[98.7196,11.0496],[98.7196,11.0479],[98.7179,11.0479],[98.7179,11.0496],[98.7163,11.0496],[98.7163,11.0504],[98.7129,11.0504],[98.7129,11.0512],[98.7096,11.0512],[98.7096,11.0521],[98.7088,11.0521],[98.7088,11.0537],[98.7046,11.0537],[98.7046,11.0552],[98.7066,11.0567],[98.7088,11.0571],[98.7089,11.0587],[98.7104,11.0587],[98.7104,11.0596],[98.7171,11.0596],[98.7171,11.0602],[98.7196,11.0605],[98.722,11.0598],[98.725,11.0577],[98.7282,11.0566],[98.7289,11.057],[98.7286,11.0577],[98.7265,11.0581],[98.7248,11.0604],[98.7213,11.0622],[98.7215,11.0647],[98.7195,11.067],[98.7171,11.0662],[98.7171,11.0655],[98.7163,11.0654],[98.7159,11.0646],[98.7104,11.0646],[98.7104,11.0654],[98.7088,11.0646],[98.7088,11.0654],[98.7071,11.0654],[98.7071,11.0671],[98.7063,11.0671],[98.7063,11.0687],[98.7054,11.0687],[98.7063,11.0704],[98.7079,11.0704],[98.7079,11.0671],[98.7088,11.0671],[98.7088,11.0679],[98.7104,11.0679],[98.7113,11.0662],[98.7138,11.0662],[98.7138,11.0671],[98.7146,11.0671],[98.7146,11.0696],[98.7129,11.0696],[98.7129,11.0721],[98.7104,11.0721],[98.7104,11.0746],[98.7113,11.0746],[98.7113,11.0737],[98.7129,11.0737],[98.7129,11.0762],[98.7138,11.0762],[98.7138,11.0779],[98.7146,11.0779],[98.7146,11.0821],[98.7154,11.0821],[98.7154,11.0829],[98.7171,11.0821],[98.7171,11.0812],[98.7188,11.0821],[98.7188,11.0812],[98.7204,11.0812],[98.7204,11.0804],[98.7238,11.0804],[98.7238,11.0796],[98.7271,11.0796],[98.7271,11.0821],[98.7296,11.0821],[98.7296,11.0804],[98.7288,11.0804]],[[98.7346,11.0246],[98.7329,11.0246],[98.7329,11.0229],[98.7346,11.0229],[98.7346,11.0246]],[[98.7163,11.0812],[98.7163,11.0804],[98.7171,11.0804],[98.7171,11.0812],[98.7163,11.0812]],[[98.7454,11.0371],[98.7446,11.0371],[98.7446,11.0346],[98.7479,11.0346],[98.7479,11.0371],[98.7471,11.0371],[98.7471,11.0379],[98.7454,11.0379],[98.7454,11.0371]],[[98.7379,11.0346],[98.7404,11.0346],[98.7404,11.0354],[98.7438,11.0354],[98.7438,11.0379],[98.7429,11.0379],[98.7429,11.0396],[98.7421,11.0396],[98.7421,11.0412],[98.7396,11.0412],[98.7396,11.0404],[98.7379,11.0412],[98.7379,11.0346]],[[98.7404,11.0337],[98.7413,11.0337],[98.7413,11.0346],[98.7404,11.0346],[98.7404,11.0337]],[[98.7379,11.0279],[98.7354,11.0279],[98.7354,11.0237],[98.7379,11.0237],[98.7379,11.0279]],[[98.7371,11.0362],[98.7354,11.0371],[98.7354,11.0354],[98.7371,11.0354],[98.7371,11.0362]],[[98.7229,11.0771],[98.7238,11.0771],[98.7238,11.0787],[98.7221,11.0787],[98.7221,11.0762],[98.7229,11.0762],[98.7229,11.0771]],[[98.7238,11.0654],[98.7221,11.0654],[98.7221,11.0637],[98.7238,11.0637],[98.7238,11.0654]],[[98.7221,11.0587],[98.7213,11.0587],[98.7213,11.0596],[98.7196,11.0596],[98.7196,11.0579],[98.7221,11.0579],[98.7221,11.0587]],[[98.7196,11.0512],[98.7188,11.0512],[98.7188,11.0504],[98.7196,11.0504],[98.7196,11.0512]],[[98.7188,11.0287],[98.7179,11.0287],[98.7179,11.0279],[98.7188,11.0279],[98.7188,11.0287]],[[98.7163,11.0562],[98.7146,11.0562],[98.7146,11.0554],[98.7163,11.0554],[98.7163,11.0562]]],[[[98.7496,11.0054],[98.7513,11.0062],[98.7521,11.0046],[98.7546,11.0046],[98.7546,11.0037],[98.7563,11.0037],[98.7563,11.0012],[98.7554,11.0012],[98.7554,10.9996],[98.7538,10.9996],[98.7538,11.0004],[98.7529,11.0004],[98.7529,11.0011],[98.7542,11.0008],[98.7536,11.0019],[98.7496,11.003],[98.7496,11.0054]]],[[[98.7513,10.9987],[98.7488,10.9987],[98.7479,11.0004],[98.7448,11.0004],[98.7513,11.0011],[98.7513,10.9987]]],[[[98.7438,10.9996],[98.7429,10.9996],[98.7429,10.9987],[98.7413,10.9987],[98.7413,10.9979],[98.7396,10.9979],[98.7396,10.9954],[98.7413,10.9954],[98.7413,10.9946],[98.7364,10.9952],[98.7358,10.996],[98.743,10.9998],[98.7438,11.0001],[98.7438,10.9996]]],[[[98.7221,10.9979],[98.7221,10.9973],[98.7095,10.9979],[98.7221,10.9979]]],[[[98.7263,10.9971],[98.7263,10.9979],[98.7271,10.9979],[98.7271,10.9971],[98.7296,10.9971],[98.7296,10.9979],[98.7304,10.9979],[98.7304,10.9971],[98.7338,10.9971],[98.7338,10.9979],[98.7354,10.9979],[98.7339,10.9969],[98.7248,10.9971],[98.7263,10.9971]]],[[[98.7379,10.9996],[98.7388,10.9996],[98.7379,10.9992],[98.7379,10.9996]]],[[[98.7404,11.0004],[98.7408,11.0004],[98.7404,11.0002],[98.7404,11.0004]]],[[[98.7421,11.0012],[98.7428,11.0012],[98.7421,11.001],[98.7421,11.0012]]],[[[98.7396,11.0612],[98.7371,11.0612],[98.7371,11.0629],[98.7388,11.0629],[98.7396,11.0612]]],[[[98.7304,11.0712],[98.7304,11.0737],[98.7329,11.0737],[98.7338,11.0721],[98.7346,11.0721],[98.7346,11.0704],[98.7321,11.0704],[98.7321,11.0712],[98.7304,11.0712]]],[[[98.7321,11.0971],[98.7321,11.0987],[98.7338,11.0987],[98.7338,11.0971],[98.7321,11.0971]]],[[[98.7404,11.1579],[98.7396,11.1579],[98.7388,11.1596],[98.7404,11.1596],[98.7404,11.1579]]],[[[98.7571,11.1779],[98.7571,11.1796],[98.7588,11.1796],[98.7588,11.1779],[98.7571,11.1779]]],[[[98.7279,11.1729],[98.73,11.1771],[98.7314,11.1774],[98.7329,11.1761],[98.7354,11.1754],[98.7371,11.1754],[98.7371,11.1762],[98.7379,11.1762],[98.7379,11.1779],[98.7371,11.1779],[98.7371,11.1787],[98.7355,11.1787],[98.7354,11.1796],[98.7346,11.1796],[98.7346,11.1804],[98.7338,11.1804],[98.7338,11.183],[98.735,11.1846],[98.7363,11.1846],[98.7363,11.1854],[98.7371,11.1854],[98.7371,11.1862],[98.7379,11.1862],[98.7392,11.1878],[98.7388,11.1962],[98.7413,11.1962],[98.7413,11.1987],[98.7421,11.1987],[98.7421,11.1996],[98.7438,11.1996],[98.7438,11.1987],[98.7454,11.1987],[98.7454,11.1979],[98.7471,11.1979],[98.7471,11.1996],[98.7496,11.1996],[98.7496,11.1987],[98.7513,11.1987],[98.7513,11.1996],[98.7529,11.1996],[98.7529,11.1971],[98.7521,11.1971],[98.7521,11.1946],[98.7513,11.1946],[98.7513,11.1929],[98.7538,11.1929],[98.7538,11.1912],[98.7554,11.1904],[98.7554,11.1896],[98.7571,11.1896],[98.7571,11.1904],[98.7579,11.1904],[98.7579,11.1921],[98.7596,11.1912],[98.7596,11.1887],[98.7579,11.1879],[98.7579,11.1871],[98.7546,11.1871],[98.7546,11.1862],[98.7529,11.1862],[98.7529,11.1837],[98.7513,11.1829],[98.7513,11.1812],[98.7521,11.1812],[98.7521,11.1804],[98.7554,11.1804],[98.7554,11.1779],[98.7546,11.1779],[98.7546,11.1762],[98.7554,11.1762],[98.7554,11.1754],[98.7538,11.1754],[98.7538,11.1762],[98.7513,11.1762],[98.7513,11.1746],[98.7504,11.1746],[98.7504,11.1737],[98.7463,11.1737],[98.7463,11.1712],[98.7446,11.1704],[98.7446,11.1696],[98.7454,11.1696],[98.7454,11.1687],[98.7446,11.1687],[98.7446,11.1662],[98.7438,11.1662],[98.7429,11.1646],[98.7404,11.1646],[98.7404,11.1629],[98.7413,11.1629],[98.7404,11.1612],[98.7363,11.1612],[98.7363,11.1621],[98.7354,11.1621],[98.7354,11.1646],[98.7304,11.1646],[98.7304,11.1637],[98.7288,11.1637],[98.7288,11.1621],[98.7304,11.1621],[98.7304,11.1612],[98.7313,11.1612],[98.7313,11.1596],[98.7296,11.1596],[98.7296,11.1604],[98.7263,11.1604],[98.7263,11.1621],[98.7238,11.1621],[98.7238,11.1637],[98.7188,11.1637],[98.7188,11.1654],[98.7204,11.1654],[98.7204,11.1662],[98.7229,11.1662],[98.7229,11.1654],[98.7246,11.1654],[98.7246,11.1671],[98.7262,11.1677],[98.728,11.1674],[98.7271,11.1694],[98.7271,11.1729],[98.7279,11.1729]],[[98.7288,11.1662],[98.7279,11.1662],[98.7279,11.1654],[98.7288,11.1654],[98.7288,11.1662]]],[[[98.7629,11.1829],[98.7638,11.1829],[98.7638,11.1821],[98.7621,11.1812],[98.7621,11.1837],[98.7629,11.1837],[98.7629,11.1829]]],[[[98.7371,11.2104],[98.7371,11.2129],[98.7388,11.2129],[98.7388,11.2112],[98.7396,11.2112],[98.7396,11.2104],[98.7371,11.2104]]],[[[98.7421,11.2279],[98.7413,11.2279],[98.7413,11.2312],[98.7429,11.2312],[98.7438,11.2296],[98.7471,11.2296],[98.7471,11.2262],[98.7479,11.2262],[98.7479,11.2254],[98.7513,11.2254],[98.7521,11.2237],[98.7554,11.2237],[98.7554,11.2229],[98.7521,11.2229],[98.7521,11.2196],[98.7529,11.2196],[98.7529,11.2179],[98.7513,11.2179],[98.7513,11.2196],[98.7496,11.2196],[98.7496,11.2229],[98.7479,11.2229],[98.7479,11.2212],[98.7454,11.2212],[98.7454,11.2204],[98.7446,11.2204],[98.7446,11.2187],[98.7463,11.2187],[98.7463,11.2179],[98.7446,11.2171],[98.7446,11.2154],[98.7438,11.2154],[98.7438,11.2187],[98.7421,11.2187],[98.7421,11.2237],[98.7438,11.2229],[98.7438,11.2254],[98.7446,11.2254],[98.7446,11.2271],[98.7429,11.2271],[98.7429,11.2287],[98.7421,11.2287],[98.7421,11.2279]]],[[[98.7504,11.2521],[98.7513,11.2521],[98.7513,11.2571],[98.7521,11.2571],[98.7521,11.2612],[98.7529,11.2612],[98.7529,11.2587],[98.7554,11.2587],[98.7554,11.2579],[98.7563,11.2579],[98.7563,11.2562],[98.7571,11.2562],[98.7571,11.2554],[98.7579,11.2554],[98.7579,11.2579],[98.7571,11.2579],[98.7571,11.2596],[98.7588,11.2596],[98.7588,11.2562],[98.7596,11.2562],[98.7596,11.2537],[98.7604,11.2537],[98.7604,11.2512],[98.7638,11.2512],[98.7646,11.2529],[98.7654,11.2529],[98.7654,11.2546],[98.7671,11.2537],[98.7671,11.2521],[98.7654,11.2521],[98.7654,11.2504],[98.7646,11.2504],[98.7646,11.2496],[98.7629,11.2487],[98.7629,11.2454],[98.7621,11.2454],[98.7621,11.2437],[98.7604,11.2429],[98.7604,11.2387],[98.7613,11.2387],[98.7621,11.2371],[98.7629,11.2371],[98.7629,11.2354],[98.7613,11.2346],[98.7613,11.2321],[98.7604,11.2321],[98.7604,11.2354],[98.7579,11.2354],[98.7579,11.2337],[98.7563,11.2337],[98.7563,11.2346],[98.7571,11.2346],[98.7571,11.2371],[98.7563,11.2371],[98.7563,11.2379],[98.7538,11.2379],[98.7538,11.2371],[98.7529,11.2371],[98.7529,11.2379],[98.7521,11.2379],[98.7521,11.2412],[98.7504,11.2412],[98.7504,11.2404],[98.7488,11.2404],[98.7488,11.2412],[98.7504,11.2421],[98.7504,11.2437],[98.7513,11.2437],[98.7513,11.2462],[98.7521,11.2462],[98.7521,11.2471],[98.7538,11.2471],[98.7538,11.2512],[98.7504,11.2512],[98.7504,11.2521]]],[[[98.7513,11.2487],[98.7504,11.2487],[98.7504,11.2496],[98.7521,11.2496],[98.7521,11.2479],[98.7513,11.2479],[98.7513,11.2487]]],[[[98.7529,11.3279],[98.7529,11.3287],[98.7554,11.3287],[98.7554,11.3279],[98.7529,11.3279]]],[[[98.7488,11.3646],[98.7479,11.3662],[98.7504,11.3662],[98.7504,11.3646],[98.7488,11.3646]]],[[[98.7688,11.3846],[98.7721,11.3846],[98.7721,11.3837],[98.7746,11.3837],[98.7746,11.3804],[98.7763,11.3804],[98.7763,11.3787],[98.7771,11.3787],[98.7763,11.3771],[98.7729,11.3771],[98.7729,11.3746],[98.7721,11.3746],[98.7721,11.3787],[98.7704,11.3787],[98.7704,11.3796],[98.7688,11.3796],[98.7688,11.3787],[98.7671,11.3787],[98.7671,11.3804],[98.7663,11.3804],[98.7663,11.3821],[98.7688,11.3821],[98.7688,11.3846]]],[[[98.7488,11.3829],[98.7488,11.3846],[98.7504,11.3846],[98.7504,11.3829],[98.7488,11.3829]]],[[[98.7579,11.3904],[98.7579,11.3896],[98.7604,11.3896],[98.7604,11.3887],[98.7646,11.3887],[98.7646,11.3879],[98.7654,11.3879],[98.7654,11.3846],[98.7679,11.3846],[98.7679,11.3837],[98.7654,11.3837],[98.7654,11.3829],[98.7638,11.3829],[98.7638,11.3854],[98.7613,11.3854],[98.7613,11.3837],[98.7588,11.3837],[98.7588,11.3862],[98.7571,11.3862],[98.7571,11.3846],[98.7554,11.3846],[98.7554,11.3812],[98.7529,11.3812],[98.7529,11.3829],[98.7521,11.3829],[98.7521,11.3854],[98.7529,11.3854],[98.7529,11.3871],[98.7538,11.3871],[98.7546,11.3887],[98.7563,11.3887],[98.7563,11.3904],[98.7579,11.3904]]],[[[98.7721,11.4012],[98.7721,11.4029],[98.7713,11.4029],[98.7713,11.4046],[98.7721,11.4046],[98.7721,11.4062],[98.7729,11.4062],[98.7738,11.4079],[98.7746,11.4079],[98.7746,11.4137],[98.7738,11.4137],[98.7738,11.4146],[98.7754,11.4146],[98.7754,11.4129],[98.7763,11.4129],[98.7763,11.4121],[98.7771,11.4121],[98.7771,11.4129],[98.7788,11.4121],[98.7788,11.4104],[98.7771,11.4104],[98.7771,11.4112],[98.7763,11.4112],[98.7763,11.4087],[98.7779,11.4087],[98.7779,11.4071],[98.7771,11.4071],[98.7771,11.4029],[98.7788,11.4029],[98.7788,11.4021],[98.7796,11.4021],[98.7796,11.4004],[98.7788,11.4004],[98.7779,11.3987],[98.7771,11.3987],[98.7771,11.3937],[98.7788,11.3937],[98.7788,11.3921],[98.7779,11.3921],[98.7779,11.3912],[98.7763,11.3912],[98.7763,11.3946],[98.7754,11.3946],[98.7746,11.3962],[98.7729,11.3962],[98.7729,11.3987],[98.7721,11.3987],[98.7721,11.4004],[98.7713,11.4004],[98.7713,11.4012],[98.7721,11.4012]],[[98.7754,11.4046],[98.7738,11.4046],[98.7738,11.4029],[98.7754,11.4029],[98.7754,11.4046]]],[[[98.7721,11.4104],[98.7721,11.4087],[98.7713,11.4087],[98.7713,11.4062],[98.7696,11.4062],[98.7688,11.4079],[98.7679,11.4079],[98.7679,11.4071],[98.7663,11.4071],[98.7663,11.4087],[98.7688,11.4087],[98.7688,11.4096],[98.7704,11.4096],[98.7704,11.4104],[98.7721,11.4104]]],[[[98.7346,11.4196],[98.7346,11.4212],[98.7363,11.4212],[98.7363,11.4196],[98.7346,11.4196]]],[[[98.7438,11.4404],[98.7438,11.4421],[98.7463,11.4421],[98.7463,11.4404],[98.7438,11.4404]]],[[[98.7704,11.4487],[98.7704,11.4471],[98.7688,11.4471],[98.7688,11.4496],[98.7704,11.4487]]],[[[98.7646,11.4496],[98.7646,11.4502],[98.7679,11.4499],[98.7679,11.4496],[98.7646,11.4496]]],[[[98.7463,11.4521],[98.7438,11.4521],[98.7438,11.4527],[98.7463,11.4528],[98.7463,11.4521]]],[[[98.7404,11.4529],[98.7404,11.4536],[98.743,11.4529],[98.7404,11.4529]]],[[[98.7388,11.4537],[98.7388,11.454],[98.7398,11.4537],[98.7388,11.4537]]],[[[98.7338,11.4546],[98.7338,11.4548],[98.7351,11.4546],[98.7338,11.4546]]],[[[98.7646,11.4671],[98.7646,11.4696],[98.7654,11.4696],[98.7654,11.4679],[98.7663,11.4679],[98.7663,11.4671],[98.7646,11.4671]]],[[[98.7596,11.4746],[98.7596,11.4762],[98.7613,11.4762],[98.7613,11.4771],[98.7629,11.4762],[98.7629,11.4754],[98.7621,11.4754],[98.7621,11.4729],[98.7629,11.4729],[98.7629,11.4704],[98.7596,11.4704],[98.7596,11.4696],[98.7588,11.4696],[98.7588,11.4671],[98.7579,11.4671],[98.7579,11.4679],[98.7571,11.4679],[98.7571,11.4696],[98.7563,11.4696],[98.7563,11.4721],[98.7546,11.4721],[98.7546,11.4737],[98.7554,11.4737],[98.7554,11.4746],[98.7596,11.4746]]],[[[98.7504,11.4754],[98.7496,11.4754],[98.7496,11.4771],[98.7488,11.4771],[98.7488,11.478],[98.7533,11.4779],[98.7504,11.4779],[98.7504,11.4754]]],[[[98.7579,11.4787],[98.7571,11.4787],[98.7571,11.4779],[98.7548,11.4779],[98.7579,11.4794],[98.7579,11.4787]]],[[[98.7729,11.4804],[98.7729,11.4821],[98.7746,11.4829],[98.7746,11.4846],[98.7738,11.4846],[98.7738,11.4871],[98.7763,11.4871],[98.7763,11.4854],[98.7779,11.4854],[98.7779,11.4812],[98.7788,11.4812],[98.7788,11.4787],[98.7771,11.4787],[98.7771,11.4796],[98.7763,11.4796],[98.7763,11.4812],[98.7746,11.4812],[98.7746,11.4804],[98.7738,11.4804],[98.7729,11.4787],[98.7721,11.4787],[98.7721,11.4804],[98.7729,11.4804]]],[[[98.7588,11.4929],[98.7571,11.4929],[98.7571,11.4946],[98.7588,11.4946],[98.7604,11.4912],[98.7621,11.4921],[98.7621,11.4962],[98.7629,11.4962],[98.7629,11.4979],[98.7621,11.4979],[98.7621,11.4987],[98.7604,11.4987],[98.7596,11.5004],[98.7621,11.5004],[98.7621,11.5029],[98.7629,11.5029],[98.7629,11.5037],[98.7654,11.5037],[98.7654,11.5054],[98.7663,11.5054],[98.7663,11.5079],[98.7679,11.5079],[98.7679,11.5087],[98.7746,11.5087],[98.7754,11.5071],[98.7771,11.5071],[98.7771,11.5079],[98.7779,11.5079],[98.7779,11.5071],[98.7796,11.5071],[98.7796,11.5062],[98.7804,11.5062],[98.7804,11.5037],[98.7813,11.5037],[98.7813,11.4987],[98.7796,11.4987],[98.7796,11.4962],[98.7804,11.4962],[98.7804,11.4954],[98.7796,11.4954],[98.7796,11.4912],[98.7804,11.4912],[98.7804,11.4904],[98.7788,11.4896],[98.7788,11.4887],[98.7763,11.4887],[98.7763,11.4896],[98.7729,11.4896],[98.7729,11.4912],[98.7713,11.4912],[98.7713,11.4904],[98.7704,11.4904],[98.7704,11.4912],[98.7663,11.4912],[98.7663,11.4904],[98.7646,11.4912],[98.7638,11.4896],[98.7621,11.4896],[98.7621,11.4846],[98.7638,11.4846],[98.7638,11.4829],[98.7704,11.4829],[98.7696,11.4812],[98.7646,11.4812],[98.7646,11.4787],[98.7663,11.4787],[98.7663,11.4771],[98.7679,11.4762],[98.7679,11.4754],[98.7663,11.4754],[98.7663,11.4762],[98.7654,11.4762],[98.7654,11.4771],[98.7646,11.4771],[98.7646,11.4779],[98.7629,11.4787],[98.7629,11.4812],[98.7616,11.4812],[98.7602,11.4847],[98.7592,11.4838],[98.7579,11.4833],[98.7588,11.4837],[98.7588,11.4846],[98.7596,11.4846],[98.7596,11.4854],[98.7604,11.4854],[98.7604,11.4904],[98.7588,11.4904],[98.7588,11.4929]],[[98.7763,11.4971],[98.7754,11.4971],[98.7754,11.4962],[98.7763,11.4962],[98.7763,11.4971]],[[98.7688,11.5021],[98.7663,11.5021],[98.7663,11.5012],[98.7646,11.5004],[98.7646,11.4996],[98.7671,11.4996],[98.7679,11.4979],[98.7696,11.4979],[98.7696,11.4962],[98.7704,11.4962],[98.7704,11.4971],[98.7713,11.4971],[98.7713,11.4987],[98.7729,11.4996],[98.7729,11.5004],[98.7713,11.5004],[98.7713,11.4996],[98.7704,11.4996],[98.7704,11.5004],[98.7688,11.5004],[98.7688,11.5021]],[[98.7729,11.4929],[98.7721,11.4929],[98.7721,11.4921],[98.7729,11.4921],[98.7729,11.4929]],[[98.7663,11.4946],[98.7679,11.4946],[98.7679,11.4971],[98.7654,11.4971],[98.7654,11.4962],[98.7646,11.4962],[98.7638,11.4946],[98.7629,11.4946],[98.7629,11.4937],[98.7663,11.4937],[98.7663,11.4946]]],[[[98.7604,11.4804],[98.7596,11.4804],[98.7596,11.4796],[98.7582,11.4796],[98.7604,11.481],[98.7604,11.4804]]],[[[98.7546,11.5037],[98.7554,11.5037],[98.7554,11.5029],[98.7538,11.5021],[98.7538,11.5046],[98.7546,11.5046],[98.7546,11.5037]]],[[[98.7554,11.5162],[98.7554,11.5146],[98.7538,11.5146],[98.7538,11.5162],[98.7554,11.5162]]],[[[98.7729,11.5254],[98.7729,11.5237],[98.7721,11.5237],[98.7721,11.5229],[98.7729,11.5229],[98.7729,11.5221],[98.7746,11.5221],[98.7746,11.5187],[98.7754,11.5187],[98.7754,11.5154],[98.7771,11.5154],[98.7771,11.5129],[98.7779,11.5129],[98.7779,11.5121],[98.7763,11.5121],[98.7763,11.5137],[98.7738,11.5137],[98.7738,11.5154],[98.7713,11.5154],[98.7713,11.5137],[98.7696,11.5137],[98.7696,11.5096],[98.7654,11.5096],[98.7646,11.5079],[98.7629,11.5079],[98.7629,11.5071],[98.7613,11.5079],[98.7613,11.5071],[98.7596,11.5071],[98.7596,11.5062],[98.7588,11.5062],[98.7588,11.5054],[98.7571,11.5054],[98.7571,11.5071],[98.7579,11.5071],[98.7579,11.5087],[98.7588,11.5087],[98.7588,11.5096],[98.7554,11.5112],[98.7554,11.5129],[98.7604,11.5129],[98.7604,11.5137],[98.7613,11.5137],[98.7613,11.5146],[98.7604,11.5146],[98.7604,11.5154],[98.7588,11.5162],[98.7588,11.5171],[98.7554,11.5171],[98.7563,11.5187],[98.7579,11.5187],[98.7579,11.5196],[98.7588,11.5196],[98.7588,11.5221],[98.7646,11.5221],[98.7646,11.5196],[98.7654,11.5196],[98.7654,11.5179],[98.7696,11.5179],[98.7696,11.5196],[98.7688,11.5196],[98.7688,11.5212],[98.7671,11.5212],[98.7671,11.5221],[98.7663,11.5221],[98.7663,11.5262],[98.7671,11.5262],[98.7671,11.5271],[98.7663,11.5271],[98.7663,11.5287],[98.7679,11.5287],[98.7679,11.5304],[98.7688,11.5304],[98.7688,11.5312],[98.7704,11.5312],[98.7704,11.5321],[98.7713,11.5321],[98.7713,11.5346],[98.7696,11.5346],[98.7696,11.5354],[98.7721,11.5354],[98.7721,11.5346],[98.7746,11.5346],[98.7746,11.5329],[98.7729,11.5329],[98.7729,11.5321],[98.7713,11.5312],[98.7713,11.5287],[98.7721,11.5287],[98.7721,11.5254],[98.7729,11.5254]]],[[[98.7546,11.5262],[98.7546,11.5279],[98.7563,11.5279],[98.7563,11.5262],[98.7546,11.5262]]],[[[98.7454,11.5287],[98.7454,11.5321],[98.7438,11.5321],[98.7438,11.5329],[98.7455,11.5329],[98.7467,11.5271],[98.7463,11.5271],[98.7463,11.5287],[98.7454,11.5287]]],[[[98.7404,11.5287],[98.7404,11.5304],[98.7413,11.5304],[98.7413,11.5312],[98.7429,11.5312],[98.7429,11.5287],[98.7404,11.5287]]],[[[98.7454,11.5346],[98.7438,11.5354],[98.7438,11.5362],[98.7454,11.5362],[98.7454,11.5379],[98.7479,11.5379],[98.7479,11.5371],[98.7471,11.5371],[98.7471,11.5354],[98.7459,11.5353],[98.7454,11.5346]]],[[[98.7396,11.5396],[98.7396,11.5387],[98.7404,11.5387],[98.7404,11.5371],[98.7388,11.5371],[98.7388,11.5387],[98.7371,11.5387],[98.7371,11.5412],[98.7354,11.5421],[98.7354,11.5437],[98.7371,11.5437],[98.7371,11.5421],[98.7388,11.5421],[98.7388,11.5396],[98.7396,11.5396]]],[[[98.7513,11.5396],[98.7496,11.5396],[98.7496,11.5429],[98.7504,11.5429],[98.7504,11.5437],[98.7513,11.5437],[98.7513,11.5396]]],[[[98.7446,11.5496],[98.7454,11.5479],[98.7429,11.5479],[98.7438,11.5496],[98.7446,11.5496]]],[[[98.7429,11.5546],[98.7446,11.5546],[98.7446,11.5512],[98.7438,11.5512],[98.7438,11.5504],[98.7421,11.5504],[98.7421,11.5521],[98.7429,11.5521],[98.7429,11.5546]]],[[[98.739,11.5929],[98.7421,11.5929],[98.7421,11.5946],[98.7404,11.5946],[98.7404,11.5996],[98.7429,11.5996],[98.7429,11.5979],[98.7446,11.5979],[98.7446,11.5946],[98.7496,11.5946],[98.7496,11.5929],[98.7513,11.5929],[98.7521,11.5912],[98.7538,11.5912],[98.7546,11.5896],[98.7588,11.5896],[98.7588,11.5879],[98.7521,11.5879],[98.7521,11.5887],[98.7496,11.5887],[98.7479,11.5854],[98.7446,11.5854],[98.7446,11.5862],[98.7438,11.5862],[98.7438,11.5837],[98.7488,11.5837],[98.7488,11.5846],[98.7513,11.5846],[98.7513,11.5829],[98.7529,11.5829],[98.7529,11.5821],[98.7554,11.5821],[98.7554,11.5829],[98.7563,11.5829],[98.7563,11.5821],[98.7579,11.5821],[98.7579,11.5804],[98.7538,11.5804],[98.7538,11.5787],[98.7546,11.5787],[98.7546,11.5771],[98.7554,11.5771],[98.7563,11.5754],[98.7579,11.5746],[98.7579,11.5721],[98.7554,11.5721],[98.7554,11.5737],[98.7529,11.5737],[98.7529,11.5729],[98.7504,11.5729],[98.7504,11.5721],[98.7488,11.5721],[98.7488,11.5712],[98.7521,11.5712],[98.7521,11.5721],[98.7538,11.5721],[98.7546,11.5704],[98.7554,11.5704],[98.7554,11.5696],[98.7604,11.5696],[98.7604,11.5679],[98.7588,11.5679],[98.7588,11.5671],[98.7571,11.5671],[98.7571,11.5654],[98.7621,11.5654],[98.7621,11.5637],[98.7596,11.5637],[98.7596,11.5629],[98.7554,11.5629],[98.7554,11.5621],[98.7546,11.5621],[98.7546,11.5604],[98.7554,11.5604],[98.7563,11.5587],[98.7538,11.5587],[98.7538,11.5579],[98.7529,11.5579],[98.7529,11.5562],[98.7546,11.5562],[98.7554,11.5546],[98.7563,11.5546],[98.7563,11.5529],[98.7571,11.5529],[98.7571,11.5504],[98.7604,11.5504],[98.7604,11.5496],[98.7621,11.5487],[98.7621,11.5479],[98.7596,11.5479],[98.7596,11.5471],[98.7588,11.5471],[98.7588,11.5437],[98.7563,11.5437],[98.7554,11.5454],[98.7538,11.5454],[98.7538,11.5504],[98.7521,11.5504],[98.7521,11.5496],[98.7513,11.5496],[98.7513,11.5487],[98.7496,11.5479],[98.7496,11.5546],[98.7463,11.5546],[98.7463,11.5554],[98.7446,11.5562],[98.7446,11.5571],[98.7404,11.5571],[98.7404,11.5612],[98.7396,11.5612],[98.7396,11.5604],[98.7371,11.5604],[98.7371,11.5596],[98.7363,11.5596],[98.7363,11.5579],[98.7371,11.5579],[98.7371,11.5562],[98.7363,11.5562],[98.7363,11.5554],[98.7338,11.5554],[98.7338,11.5546],[98.7321,11.5537],[98.7321,11.5529],[98.7304,11.5529],[98.7304,11.5537],[98.7296,11.5537],[98.7296,11.5571],[98.7304,11.5571],[98.7304,11.5604],[98.7288,11.5604],[98.7288,11.5612],[98.7279,11.5612],[98.7279,11.5637],[98.7313,11.5637],[98.7313,11.5646],[98.7321,11.5646],[98.7321,11.5671],[98.7296,11.5671],[98.7296,11.5687],[98.7313,11.5687],[98.7321,11.5704],[98.7329,11.5704],[98.7329,11.5721],[98.7313,11.5721],[98.7313,11.5737],[98.7296,11.5737],[98.7296,11.5746],[98.7271,11.5746],[98.7271,11.5752],[98.7315,11.5743],[98.7354,11.5746],[98.7354,11.5754],[98.7363,11.5754],[98.7363,11.5771],[98.7413,11.5771],[98.7404,11.5787],[98.7388,11.5787],[98.7388,11.5796],[98.7346,11.5796],[98.7346,11.5787],[98.7321,11.5787],[98.7329,11.5804],[98.7346,11.5804],[98.7346,11.5812],[98.7363,11.5812],[98.7363,11.5821],[98.7379,11.5821],[98.7379,11.5837],[98.7371,11.5837],[98.7371,11.5854],[98.7379,11.5854],[98.7379,11.5862],[98.7421,11.5862],[98.7421,11.5912],[98.7404,11.5912],[98.7404,11.5879],[98.7379,11.5879],[98.7379,11.5887],[98.7371,11.5887],[98.7371,11.5896],[98.7388,11.5904],[98.7388,11.5912],[98.7371,11.5912],[98.7371,11.5933],[98.7389,11.5923],[98.739,11.5929]],[[98.7429,11.5912],[98.7429,11.5921],[98.7421,11.5921],[98.7421,11.5912],[98.7429,11.5912]],[[98.7463,11.5637],[98.7471,11.5637],[98.7471,11.5646],[98.7446,11.5646],[98.7446,11.5654],[98.7429,11.5646],[98.7438,11.5629],[98.7463,11.5629],[98.7463,11.5637]],[[98.7471,11.5579],[98.7463,11.5579],[98.7463,11.5571],[98.7471,11.5571],[98.7471,11.5579]],[[98.7438,11.5704],[98.7421,11.5704],[98.7421,11.5679],[98.7438,11.5679],[98.7438,11.5704]],[[98.7413,11.5737],[98.7404,11.5737],[98.7404,11.5729],[98.7413,11.5729],[98.7413,11.5737]],[[98.7354,11.5629],[98.7371,11.5629],[98.7371,11.5637],[98.7388,11.5637],[98.7388,11.5646],[98.7396,11.5646],[98.7396,11.5671],[98.7404,11.5671],[98.7404,11.5696],[98.7354,11.5696],[98.7363,11.5679],[98.7379,11.5671],[98.7379,11.5654],[98.7354,11.5654],[98.7354,11.5629]],[[98.7396,11.5637],[98.7404,11.5637],[98.7404,11.5646],[98.7396,11.5646],[98.7396,11.5637]]],[[[98.7504,11.5946],[98.7504,11.5962],[98.7521,11.5962],[98.7521,11.5946],[98.7504,11.5946]]],[[[98.7388,11.5987],[98.7388,11.5979],[98.7379,11.5979],[98.7379,11.5962],[98.7363,11.5971],[98.7363,11.5979],[98.7346,11.5979],[98.7346,11.5987],[98.7371,11.5987],[98.7371,11.5996],[98.7396,11.5996],[98.7396,11.5987],[98.7388,11.5987]]],[[[98.7579,11.5987],[98.7571,11.6004],[98.7554,11.6004],[98.7554,11.6021],[98.7588,11.6004],[98.7588,11.5987],[98.7579,11.5987]]],[[[98.7429,11.6021],[98.7429,11.6046],[98.7463,11.6046],[98.7463,11.6037],[98.7471,11.6037],[98.7471,11.6021],[98.7463,11.6021],[98.7463,11.6012],[98.7438,11.6012],[98.7438,11.6021],[98.7429,11.6021]]],[[[98.7521,11.6037],[98.7496,11.6037],[98.7496,11.6062],[98.7529,11.6062],[98.7529,11.6046],[98.7521,11.6046],[98.7521,11.6037]]],[[[98.7346,11.6179],[98.7338,11.6179],[98.7338,11.6171],[98.7321,11.6171],[98.7326,11.6174],[98.7321,11.6187],[98.7338,11.6187],[98.7338,11.6196],[98.7346,11.6196],[98.7346,11.6179]]],[[[98.7396,11.6296],[98.7396,11.6262],[98.7388,11.6262],[98.7388,11.6254],[98.7346,11.6254],[98.7346,11.6262],[98.7354,11.6262],[98.7354,11.6275],[98.7363,11.6279],[98.7363,11.6296],[98.7379,11.6296],[98.7388,11.6312],[98.7404,11.6304],[98.7404,11.6296],[98.7396,11.6296]]],[[[98.7363,11.6337],[98.7371,11.6337],[98.7371,11.6312],[98.7363,11.6312],[98.7363,11.6337]]],[[[98.7371,11.6346],[98.7372,11.6371],[98.7379,11.6371],[98.7379,11.6346],[98.7371,11.6346]]],[[[98.7363,11.6562],[98.7354,11.6562],[98.7354,11.6579],[98.7344,11.6579],[98.7344,11.659],[98.7313,11.6573],[98.7313,11.6587],[98.7329,11.6587],[98.7329,11.6612],[98.7321,11.6612],[98.7329,11.6629],[98.7354,11.6629],[98.7354,11.6621],[98.7371,11.6629],[98.7371,11.6637],[98.7346,11.6637],[98.7354,11.6646],[98.7354,11.6671],[98.7371,11.6671],[98.7371,11.6662],[98.7388,11.6654],[98.7388,11.6646],[98.7404,11.6646],[98.7404,11.6654],[98.7413,11.6654],[98.7421,11.6637],[98.7446,11.6637],[98.7446,11.6621],[98.7413,11.6621],[98.7413,11.6604],[98.7429,11.6604],[98.7429,11.6596],[98.7446,11.6596],[98.7446,11.6579],[98.7404,11.6579],[98.7404,11.6546],[98.7396,11.6546],[98.7396,11.6496],[98.7388,11.6496],[98.7388,11.6479],[98.7396,11.6479],[98.7396,11.6404],[98.7388,11.6404],[98.7388,11.6371],[98.7379,11.6371],[98.738,11.6412],[98.7388,11.6412],[98.7388,11.6446],[98.7379,11.6446],[98.7376,11.6504],[98.7363,11.6536],[98.7371,11.6537],[98.7371,11.6554],[98.7363,11.6554],[98.7363,11.6562]]],[[[98.7521,11.6571],[98.7521,11.6587],[98.7538,11.6587],[98.7538,11.6571],[98.7521,11.6571]]],[[[98.7704,11.6771],[98.7704,11.6762],[98.7696,11.6762],[98.7696,11.6771],[98.7671,11.6771],[98.7671,11.6737],[98.7679,11.6737],[98.7679,11.6729],[98.7696,11.6721],[98.7696,11.6696],[98.7688,11.6696],[98.7688,11.6679],[98.7696,11.6679],[98.7696,11.6654],[98.7721,11.6654],[98.7721,11.6637],[98.7696,11.6637],[98.7696,11.6629],[98.7679,11.6629],[98.7679,11.6604],[98.7663,11.6604],[98.7663,11.6612],[98.7646,11.6612],[98.7646,11.6596],[98.7654,11.6596],[98.7654,11.6571],[98.7638,11.6571],[98.7638,11.6554],[98.7654,11.6554],[98.7654,11.6546],[98.7621,11.6546],[98.7621,11.6554],[98.7604,11.6554],[98.7604,11.6537],[98.7588,11.6537],[98.7588,11.6554],[98.7579,11.6554],[98.7579,11.6562],[98.7563,11.6562],[98.7563,11.6571],[98.7579,11.6571],[98.7579,11.6579],[98.7588,11.6579],[98.7588,11.6596],[98.7604,11.6604],[98.7604,11.6612],[98.7571,11.6612],[98.7571,11.6621],[98.7554,11.6629],[98.7554,11.6654],[98.7588,11.6654],[98.7588,11.6671],[98.7596,11.6671],[98.7596,11.6662],[98.7604,11.6662],[98.7604,11.6637],[98.7621,11.6637],[98.7621,11.6671],[98.7629,11.6671],[98.7629,11.6696],[98.7646,11.6696],[98.7646,11.6704],[98.7613,11.6704],[98.7613,11.6737],[98.7629,11.6737],[98.7629,11.6762],[98.7604,11.6762],[98.7596,11.6779],[98.7579,11.6779],[98.7579,11.6737],[98.7588,11.6737],[98.7588,11.6721],[98.7596,11.6721],[98.7596,11.6712],[98.7571,11.6712],[98.7571,11.6704],[98.7554,11.6704],[98.7554,11.6721],[98.7563,11.6721],[98.7563,11.6746],[98.7554,11.6746],[98.7554,11.6762],[98.7546,11.6762],[98.7546,11.6771],[98.7538,11.6775],[98.7561,11.6773],[98.7596,11.6787],[98.763,11.6796],[98.7644,11.6789],[98.7659,11.6791],[98.7671,11.6804],[98.7688,11.6804],[98.7688,11.6787],[98.7704,11.6787],[98.7704,11.6779],[98.7713,11.6779],[98.7713,11.6771],[98.7704,11.6771]]],[[[98.7704,11.6679],[98.7704,11.6696],[98.7721,11.6696],[98.7721,11.6679],[98.7704,11.6679]]],[[[98.7379,11.6729],[98.7396,11.6746],[98.7396,11.6721],[98.7404,11.6721],[98.7404,11.6704],[98.7371,11.6704],[98.7371,11.6712],[98.7379,11.6712],[98.7379,11.6729]]],[[[98.7513,11.6729],[98.7513,11.6704],[98.7496,11.6696],[98.7496,11.6687],[98.7471,11.6687],[98.7471,11.6679],[98.7454,11.6679],[98.7463,11.6696],[98.7479,11.6696],[98.7479,11.6729],[98.7463,11.6729],[98.7463,11.6746],[98.7454,11.6746],[98.7454,11.6754],[98.7438,11.6754],[98.7438,11.6766],[98.7496,11.6774],[98.7479,11.6771],[98.7479,11.6754],[98.7496,11.6754],[98.7496,11.6746],[98.7504,11.6746],[98.7504,11.6729],[98.7513,11.6729]]],[[[98.8679,12.2246],[98.8679,12.2237],[98.8696,12.2237],[98.8696,12.2229],[98.8704,12.2229],[98.8704,12.2212],[98.8721,12.2204],[98.8721,12.2162],[98.8713,12.2162],[98.8713,12.2137],[98.8696,12.2129],[98.8696,12.2121],[98.8679,12.2121],[98.8671,12.2104],[98.8654,12.2104],[98.8654,12.2096],[98.8646,12.2096],[98.8646,12.2029],[98.8654,12.2029],[98.8654,12.2012],[98.8663,12.2012],[98.8663,12.1987],[98.8671,12.1987],[98.8679,12.1971],[98.8688,12.1971],[98.8688,12.1946],[98.8704,12.1937],[98.8704,12.1904],[98.8713,12.1904],[98.8713,12.1837],[98.8721,12.1837],[98.8721,12.1804],[98.8729,12.1804],[98.8729,12.1779],[98.8746,12.1771],[98.8746,12.1762],[98.8754,12.1762],[98.8754,12.1746],[98.8763,12.1746],[98.8763,12.1729],[98.8771,12.1729],[98.8771,12.1712],[98.8779,12.1712],[98.8779,12.1704],[98.8796,12.1696],[98.8796,12.1646],[98.8804,12.1646],[98.8804,12.1579],[98.8813,12.1579],[98.8813,12.1562],[98.8821,12.1562],[98.8821,12.1546],[98.8829,12.1546],[98.8829,12.1529],[98.8838,12.1529],[98.8838,12.1487],[98.8846,12.1487],[98.8846,12.1471],[98.8854,12.1471],[98.8854,12.1454],[98.8863,12.1454],[98.8863,12.1437],[98.8871,12.1437],[98.8871,12.1404],[98.8879,12.1404],[98.8879,12.1387],[98.8888,12.1387],[98.8896,12.1371],[98.8904,12.1371],[98.8904,12.1362],[98.8913,12.1362],[98.8921,12.1346],[98.8929,12.1346],[98.8929,12.1329],[98.8946,12.1329],[98.8954,12.1312],[98.8971,12.1312],[98.8971,12.1304],[98.8988,12.1304],[98.8988,12.1296],[98.9004,12.1296],[98.9004,12.1287],[98.9013,12.1287],[98.9013,12.1271],[98.9029,12.1271],[98.9029,12.1262],[98.9046,12.1262],[98.9046,12.1246],[98.9071,12.1246],[98.9079,12.1229],[98.9104,12.1229],[98.9104,12.1221],[98.9129,12.1221],[98.9129,12.1212],[98.9204,12.1212],[98.9204,12.1221],[98.9221,12.1229],[98.9221,12.1237],[98.9229,12.1237],[98.9229,12.1254],[98.9238,12.1254],[98.9238,12.1262],[98.9254,12.1254],[98.9254,12.1246],[98.9296,12.1246],[98.9296,12.1237],[98.9321,12.1237],[98.9321,12.1262],[98.9313,12.1262],[98.9313,12.1271],[98.9296,12.1271],[98.9288,12.1287],[98.9321,12.1287],[98.9321,12.1271],[98.9329,12.1271],[98.9329,12.1237],[98.9346,12.1229],[98.9346,12.1204],[98.9354,12.1204],[98.9354,12.1162],[98.9363,12.1162],[98.9363,12.1137],[98.9371,12.1137],[98.9371,12.1121],[98.9379,12.1121],[98.9388,12.1104],[98.9396,12.1104],[98.9396,12.1096],[98.9463,12.1096],[98.9463,12.1087],[98.9554,12.1087],[98.9554,12.1096],[98.9579,12.1096],[98.9579,12.1104],[98.9696,12.1104],[98.9696,12.1096],[98.9721,12.1096],[98.9721,12.1087],[98.9729,12.1087],[98.9729,12.1071],[98.9754,12.1071],[98.9754,12.1062],[98.9771,12.1062],[98.9779,12.1046],[98.9804,12.1046],[98.9804,12.1037],[98.9846,12.1037],[98.9846,12.1029],[98.9863,12.1029],[98.9863,12.1021],[98.9879,12.1012],[98.9879,12.1004],[98.9896,12.0996],[98.9896,12.0979],[98.9904,12.0979],[98.9904,12.0954],[98.9896,12.0954],[98.9896,12.0946],[98.9871,12.0946],[98.9871,12.0954],[98.9863,12.0954],[98.9863,12.0971],[98.9854,12.0971],[98.9846,12.0987],[98.9838,12.0987],[98.9838,12.0996],[98.9804,12.0996],[98.9804,12.1012],[98.9788,12.1012],[98.9788,12.1021],[98.9771,12.1021],[98.9763,12.1037],[98.9738,12.1037],[98.9729,12.1054],[98.9704,12.1054],[98.9704,12.1062],[98.9679,12.1062],[98.9679,12.1071],[98.9646,12.1071],[98.9646,12.1079],[98.9579,12.1079],[98.9579,12.1071],[98.9563,12.1071],[98.9563,12.1062],[98.9454,12.1062],[98.9454,12.1071],[98.9421,12.1071],[98.9421,12.1062],[98.9404,12.1062],[98.9404,12.1071],[98.9371,12.1071],[98.9363,12.1087],[98.9346,12.1087],[98.9346,12.1096],[98.9338,12.1096],[98.9338,12.1121],[98.9329,12.1121],[98.9329,12.1137],[98.9338,12.1137],[98.9338,12.1154],[98.9329,12.1154],[98.9321,12.1171],[98.9313,12.1171],[98.9313,12.1179],[98.9296,12.1179],[98.9296,12.1187],[98.9279,12.1187],[98.9279,12.1196],[98.9213,12.1196],[98.9213,12.1187],[98.9129,12.1187],[98.9121,12.1204],[98.9071,12.1204],[98.9071,12.1212],[98.9038,12.1212],[98.9038,12.1221],[98.9013,12.1221],[98.9013,12.1229],[98.8988,12.1229],[98.8979,12.1246],[98.8971,12.1246],[98.8971,12.1254],[98.8954,12.1254],[98.8954,12.1262],[98.8921,12.1262],[98.8921,12.1279],[98.8904,12.1279],[98.8904,12.1296],[98.8896,12.1296],[98.8896,12.1304],[98.8871,12.1304],[98.8871,12.1337],[98.8854,12.1346],[98.8854,12.1362],[98.8846,12.1362],[98.8846,12.1371],[98.8829,12.1379],[98.8829,12.1404],[98.8813,12.1412],[98.8813,12.1421],[98.8796,12.1421],[98.8796,12.1437],[98.8779,12.1437],[98.8771,12.1454],[98.8763,12.1454],[98.8763,12.1487],[98.8771,12.1487],[98.8771,12.1521],[98.8763,12.1521],[98.8763,12.1537],[98.8771,12.1537],[98.8771,12.1587],[98.8779,12.1587],[98.8779,12.1629],[98.8771,12.1629],[98.8771,12.1654],[98.8763,12.1654],[98.8763,12.1679],[98.8754,12.1679],[98.8754,12.1696],[98.8746,12.1696],[98.8746,12.1712],[98.8738,12.1712],[98.8738,12.1729],[98.8721,12.1737],[98.8721,12.1762],[98.8704,12.1771],[98.8704,12.1787],[98.8696,12.1787],[98.8696,12.1812],[98.8688,12.1812],[98.8688,12.1829],[98.8679,12.1829],[98.8679,12.1912],[98.8671,12.1912],[98.8671,12.1946],[98.8663,12.1946],[98.8663,12.1954],[98.8654,12.1954],[98.8654,12.1971],[98.8638,12.1979],[98.8638,12.2004],[98.8604,12.2004],[98.8604,12.2021],[98.8621,12.2029],[98.8621,12.2054],[98.8613,12.2054],[98.8613,12.2062],[98.8621,12.2062],[98.8621,12.2087],[98.8629,12.2087],[98.8629,12.2112],[98.8663,12.2112],[98.8663,12.2129],[98.8671,12.2129],[98.8679,12.2146],[98.8696,12.2154],[98.8696,12.2162],[98.8704,12.2162],[98.8704,12.2204],[98.8688,12.2212],[98.8688,12.2221],[98.8671,12.2221],[98.8668,12.2229],[98.8679,12.2246]],[[98.9296,12.1212],[98.9288,12.1212],[98.9288,12.1204],[98.9296,12.1204],[98.9296,12.1212]],[[98.9271,12.1221],[98.9263,12.1221],[98.9263,12.1212],[98.9271,12.1212],[98.9271,12.1221]],[[98.8796,12.1496],[98.8788,12.1496],[98.8788,12.1471],[98.8796,12.1471],[98.8796,12.1454],[98.8804,12.1454],[98.8804,12.1462],[98.8813,12.1462],[98.8813,12.1487],[98.8804,12.1487],[98.8804,12.1521],[98.8796,12.1521],[98.8796,12.1529],[98.8779,12.1529],[98.8779,12.1512],[98.8788,12.1512],[98.8796,12.1496]]],[[[98.7781,12.1413],[98.7828,12.1527],[98.7844,12.1545],[98.7903,12.1541],[98.792,12.1546],[98.7936,12.1595],[98.7964,12.1621],[98.801,12.1598],[98.8028,12.1604],[98.806,12.1656],[98.8087,12.168],[98.8161,12.1678],[98.8172,12.1694],[98.8163,12.1704],[98.8171,12.1704],[98.8171,12.1721],[98.8179,12.1721],[98.8179,12.1737],[98.8196,12.1746],[98.8196,12.1762],[98.8204,12.1762],[98.8204,12.1779],[98.8213,12.1779],[98.8213,12.1796],[98.8229,12.1796],[98.8229,12.1812],[98.8238,12.1812],[98.8238,12.1821],[98.8254,12.1821],[98.8254,12.1829],[98.8263,12.1829],[98.8263,12.1846],[98.8288,12.1846],[98.8288,12.1854],[98.8304,12.1854],[98.8304,12.1862],[98.8321,12.1862],[98.8321,12.1871],[98.8329,12.1871],[98.8338,12.1887],[98.8363,12.1887],[98.8363,12.1896],[98.8379,12.1904],[98.8379,12.1887],[98.8363,12.1879],[98.8363,12.1871],[98.8338,12.1871],[98.8338,12.1862],[98.8321,12.1854],[98.8321,12.1846],[98.8313,12.1846],[98.8304,12.1829],[98.8288,12.1829],[98.8288,12.1821],[98.8271,12.1821],[98.8271,12.1812],[98.8254,12.1804],[98.8254,12.1796],[98.8246,12.1796],[98.8246,12.1787],[98.8229,12.1787],[98.8229,12.1771],[98.8213,12.1762],[98.8213,12.1737],[98.8204,12.1737],[98.8204,12.1721],[98.8196,12.1721],[98.8196,12.1704],[98.8188,12.1704],[98.8188,12.1687],[98.8179,12.1687],[98.8171,12.1671],[98.8088,12.1671],[98.8088,12.1662],[98.8071,12.1654],[98.8071,12.1637],[98.8063,12.1637],[98.8063,12.1621],[98.8046,12.1612],[98.8046,12.1604],[98.8038,12.1604],[98.8038,12.1596],[98.8029,12.1596],[98.8029,12.1587],[98.8004,12.1587],[98.8004,12.1596],[98.7971,12.1596],[98.7971,12.1604],[98.7946,12.1604],[98.7946,12.1596],[98.7938,12.1596],[98.7938,12.1537],[98.7929,12.1537],[98.7929,12.1512],[98.7938,12.1512],[98.7938,12.1496],[98.7913,12.1496],[98.7913,12.1504],[98.7904,12.1504],[98.7896,12.1521],[98.7879,12.1521],[98.7879,12.1496],[98.7871,12.1496],[98.7871,12.1471],[98.7879,12.1471],[98.7879,12.1462],[98.7871,12.1462],[98.7871,12.1454],[98.7846,12.1454],[98.7846,12.1471],[98.7838,12.1471],[98.7838,12.1429],[98.7846,12.1429],[98.7846,12.1421],[98.7863,12.1421],[98.7863,12.1437],[98.7888,12.1437],[98.7888,12.1454],[98.7904,12.1454],[98.7904,12.1446],[98.7921,12.1446],[98.7921,12.1429],[98.7913,12.1429],[98.7913,12.1396],[98.7938,12.1396],[98.7946,12.1379],[98.7921,12.1379],[98.7929,12.1362],[98.7913,12.1362],[98.7913,12.1354],[98.7896,12.1346],[98.7896,12.1362],[98.7879,12.1362],[98.7879,12.1371],[98.7863,12.1371],[98.7863,12.1387],[98.7879,12.1387],[98.7879,12.1396],[98.7854,12.1396],[98.7854,12.1404],[98.7829,12.1404],[98.7829,12.1396],[98.7804,12.1396],[98.7804,12.1404],[98.7788,12.1404],[98.7788,12.1396],[98.7771,12.1387],[98.7771,12.1362],[98.7796,12.1362],[98.7796,12.1346],[98.7788,12.1346],[98.7788,12.1337],[98.7804,12.1329],[98.7804,12.1321],[98.7788,12.1312],[98.7788,12.1304],[98.7796,12.1304],[98.7796,12.1296],[98.7788,12.1296],[98.7788,12.1279],[98.7813,12.1279],[98.7813,12.1254],[98.7838,12.1254],[98.7838,12.1237],[98.7796,12.1237],[98.7796,12.1229],[98.7779,12.1221],[98.7779,12.1229],[98.7763,12.1237],[98.7763,12.1279],[98.7754,12.1279],[98.7754,12.1312],[98.7738,12.1312],[98.7746,12.1329],[98.7763,12.1329],[98.7763,12.1337],[98.7746,12.1337],[98.7746,12.1354],[98.7738,12.1354],[98.7729,12.1337],[98.7713,12.1337],[98.7713,12.1346],[98.7695,12.1346],[98.7703,12.1361],[98.7752,12.1372],[98.7781,12.1413]],[[98.7913,12.1512],[98.7913,12.1521],[98.7921,12.1521],[98.7921,12.1537],[98.7904,12.1537],[98.7904,12.1512],[98.7913,12.1512]],[[98.7879,12.1529],[98.7871,12.1529],[98.7871,12.1521],[98.7879,12.1521],[98.7879,12.1529]],[[98.7863,12.1521],[98.7863,12.1529],[98.7854,12.1529],[98.7854,12.1512],[98.7871,12.1512],[98.7871,12.1521],[98.7863,12.1521]],[[98.7863,12.1471],[98.7863,12.1496],[98.7846,12.1496],[98.7846,12.1471],[98.7863,12.1471]],[[98.7888,12.1421],[98.7879,12.1421],[98.7879,12.1412],[98.7888,12.1412],[98.7888,12.1421]]],[[[98.7688,12.1329],[98.7687,12.1329],[98.7688,12.1331],[98.7688,12.1329]]],[[[98.7821,10.9629],[98.7813,10.9629],[98.7813,10.9637],[98.7796,10.9637],[98.7796,10.9629],[98.7788,10.9629],[98.7788,10.9637],[98.7779,10.9637],[98.7779,10.9654],[98.7796,10.9654],[98.7796,10.9646],[98.7821,10.9646],[98.7821,10.9629]]],[[[98.7829,10.9829],[98.7821,10.9829],[98.7821,10.9821],[98.7771,10.9821],[98.7771,10.9804],[98.7763,10.9804],[98.7763,10.9812],[98.7746,10.9821],[98.7746,10.9829],[98.7754,10.9829],[98.7754,10.9846],[98.7738,10.9846],[98.7738,10.9854],[98.7754,10.9854],[98.7754,10.9862],[98.7771,10.9862],[98.7771,10.9871],[98.7788,10.9871],[98.7788,10.9879],[98.7796,10.9879],[98.7796,10.9871],[98.7821,10.9871],[98.7821,10.9837],[98.7829,10.9837],[98.7829,10.9829]]],[[[98.7846,10.9871],[98.7854,10.9854],[98.7838,10.9854],[98.7838,10.9862],[98.7829,10.9862],[98.7829,10.9871],[98.7846,10.9871]]],[[[98.7913,10.9929],[98.7913,10.9921],[98.7896,10.9921],[98.7896,10.9887],[98.7913,10.9887],[98.7913,10.9879],[98.7929,10.9879],[98.7929,10.9862],[98.7921,10.9862],[98.7921,10.9854],[98.7904,10.9854],[98.7904,10.9871],[98.7888,10.9871],[98.7879,10.9887],[98.7871,10.9887],[98.7871,10.9904],[98.7879,10.9904],[98.7879,10.9921],[98.7871,10.9921],[98.7871,10.9929],[98.7913,10.9929]]],[[[98.7729,10.9971],[98.7729,11.0004],[98.7754,11.0004],[98.7754,11.0012],[98.7779,11.0012],[98.7779,11.0021],[98.7788,11.0021],[98.7788,11.0037],[98.7779,11.0037],[98.7779,11.0071],[98.7754,11.0071],[98.7754,11.0087],[98.7796,11.0087],[98.7796,11.0096],[98.7804,11.0096],[98.7804,11.0129],[98.7796,11.0129],[98.7796,11.0154],[98.7813,11.0154],[98.7813,11.0162],[98.7829,11.0162],[98.7829,11.0146],[98.7838,11.0146],[98.7838,11.0121],[98.7846,11.0121],[98.7846,11.0096],[98.7829,11.0096],[98.7829,11.0087],[98.7821,11.0087],[98.7821,11.0062],[98.7804,11.0054],[98.7804,11.0029],[98.7796,11.0029],[98.7796,11.0012],[98.7788,11.0012],[98.7788,10.9987],[98.7779,10.9987],[98.7779,10.9962],[98.7788,10.9962],[98.7788,10.9954],[98.7796,10.9954],[98.7796,10.9962],[98.7809,10.9962],[98.7797,10.994],[98.777,10.9941],[98.777,10.9974],[98.7765,10.9977],[98.7763,10.9971],[98.7763,10.9979],[98.7771,10.9979],[98.7771,10.9987],[98.7746,10.9987],[98.7746,10.9971],[98.7729,10.9971]]],[[[98.7813,10.9971],[98.7817,10.9971],[98.7813,10.9967],[98.7813,10.9971]]],[[[98.7809,10.9929],[98.7829,10.9987],[98.7846,10.9987],[98.7854,11.0004],[98.7871,11.0004],[98.7871,10.9987],[98.7854,10.9979],[98.7846,10.9962],[98.7829,10.9962],[98.7829,10.9946],[98.7821,10.9946],[98.7821,10.9937],[98.7813,10.9937],[98.7813,10.9929],[98.7809,10.9929]]],[[[98.7729,10.9904],[98.7738,10.9904],[98.7738,10.9937],[98.7746,10.9937],[98.7746,10.9954],[98.7754,10.9954],[98.7754,10.9916],[98.7738,10.99],[98.7729,10.9904]]],[[[98.7754,10.9971],[98.7762,10.9971],[98.7754,10.9956],[98.7754,10.9971]]],[[[98.7888,11.0079],[98.7888,11.0154],[98.7904,11.0154],[98.7904,11.0112],[98.7896,11.0112],[98.7896,11.0087],[98.7913,11.0087],[98.7913,11.0079],[98.7938,11.0079],[98.7938,11.0071],[98.7954,11.0071],[98.7954,11.0046],[98.7938,11.0046],[98.7938,11.0054],[98.7921,11.0054],[98.7921,11.0029],[98.7913,11.0029],[98.7913,10.9996],[98.7896,11.0004],[98.7896,11.0021],[98.7879,11.0021],[98.7879,11.0012],[98.7871,11.0012],[98.7871,11.0029],[98.7888,11.0029],[98.7888,11.0054],[98.7896,11.0054],[98.7896,11.0079],[98.7888,11.0079]]],[[[98.7954,11.2212],[98.7946,11.2196],[98.7929,11.2196],[98.7929,11.2221],[98.7946,11.2221],[98.7946,11.2212],[98.7954,11.2212]]],[[[98.7946,11.2237],[98.7938,11.2237],[98.7938,11.2229],[98.7921,11.2229],[98.7921,11.2287],[98.7913,11.2287],[98.7913,11.2304],[98.7938,11.2304],[98.7938,11.2312],[98.7954,11.2312],[98.7954,11.2304],[98.7963,11.2304],[98.7963,11.2287],[98.7946,11.2287],[98.7946,11.2237]]],[[[98.7996,11.2454],[98.7996,11.2446],[98.8004,11.2446],[98.8004,11.2429],[98.7988,11.2429],[98.7988,11.2454],[98.7996,11.2454]]],[[[98.7646,11.2671],[98.7646,11.2679],[98.7629,11.2679],[98.7629,11.2696],[98.7638,11.2696],[98.7638,11.2754],[98.7629,11.2754],[98.7629,11.2771],[98.7621,11.2771],[98.7621,11.2787],[98.7613,11.2787],[98.7613,11.2804],[98.7629,11.2812],[98.7629,11.2821],[98.7663,11.2821],[98.7663,11.2812],[98.7679,11.2812],[98.7679,11.2804],[98.7688,11.2804],[98.7696,11.2787],[98.7704,11.2787],[98.7704,11.2779],[98.7721,11.2771],[98.7721,11.2754],[98.7729,11.2754],[98.7729,11.2746],[98.7738,11.2746],[98.7738,11.2737],[98.7754,11.2729],[98.7754,11.2712],[98.7763,11.2712],[98.7763,11.2704],[98.7779,11.2704],[98.7779,11.2696],[98.7796,11.2696],[98.7804,11.2679],[98.7821,11.2679],[98.7821,11.2671],[98.7854,11.2671],[98.7854,11.2679],[98.7829,11.2679],[98.7821,11.2696],[98.7804,11.2696],[98.7796,11.2712],[98.7779,11.2721],[98.7779,11.2729],[98.7771,11.2729],[98.7763,11.2746],[98.7754,11.2746],[98.7746,11.2762],[98.7738,11.2762],[98.7738,11.2779],[98.7729,11.2779],[98.7729,11.2787],[98.7721,11.2787],[98.7713,11.2804],[98.7704,11.2804],[98.7704,11.2812],[98.7688,11.2812],[98.7688,11.2821],[98.7671,11.2821],[98.7671,11.2829],[98.7638,11.2829],[98.7638,11.2837],[98.7621,11.2837],[98.7613,11.2821],[98.7604,11.2821],[98.7604,11.2804],[98.7596,11.2804],[98.7596,11.2771],[98.7579,11.2779],[98.7579,11.2762],[98.7546,11.2762],[98.7546,11.2771],[98.7529,11.2779],[98.7529,11.2796],[98.7538,11.2796],[98.7538,11.2804],[98.7529,11.2804],[98.7529,11.2812],[98.7513,11.2821],[98.7513,11.2829],[98.7496,11.2829],[98.7496,11.2846],[98.7488,11.2846],[98.7488,11.2871],[98.7479,11.2871],[98.7479,11.2937],[98.7513,11.2937],[98.7513,11.2946],[98.7521,11.2946],[98.7521,11.2971],[98.7538,11.2979],[98.7538,11.2996],[98.7529,11.2996],[98.7529,11.3012],[98.7521,11.3012],[98.7513,11.3029],[98.7538,11.3029],[98.7538,11.3012],[98.7546,11.3012],[98.7546,11.2971],[98.7563,11.2962],[98.7563,11.2929],[98.7571,11.2929],[98.7571,11.2937],[98.7588,11.2937],[98.7588,11.2929],[98.7604,11.2929],[98.7604,11.2954],[98.7596,11.2954],[98.7596,11.2962],[98.7613,11.2962],[98.7613,11.2954],[98.7629,11.2946],[98.7629,11.2937],[98.7663,11.2937],[98.7663,11.2929],[98.7679,11.2929],[98.7679,11.2912],[98.7713,11.2912],[98.7713,11.2904],[98.7763,11.2904],[98.7763,11.2896],[98.7779,11.2887],[98.7779,11.2879],[98.7813,11.2879],[98.7813,11.2862],[98.7846,11.2862],[98.7846,11.2871],[98.7854,11.2871],[98.7854,11.2829],[98.7879,11.2829],[98.7879,11.2854],[98.7896,11.2854],[98.7896,11.2821],[98.7904,11.2821],[98.7904,11.2804],[98.7946,11.2804],[98.7954,11.2787],[98.7979,11.2787],[98.7979,11.2771],[98.7988,11.2771],[98.7988,11.2796],[98.8004,11.2787],[98.8004,11.2779],[98.8021,11.2779],[98.8021,11.2787],[98.8029,11.2787],[98.8029,11.2812],[98.8004,11.2812],[98.8004,11.2862],[98.8021,11.2862],[98.8021,11.2846],[98.8029,11.2846],[98.8029,11.2821],[98.8038,11.2821],[98.8038,11.2812],[98.8071,11.2812],[98.8079,11.2796],[98.8121,11.2796],[98.8129,11.2812],[98.8146,11.2812],[98.8146,11.2796],[98.8138,11.2796],[98.8129,11.2779],[98.8113,11.2771],[98.8113,11.2754],[98.8096,11.2754],[98.8096,11.2746],[98.8113,11.2746],[98.8113,11.2712],[98.8138,11.2712],[98.8138,11.2679],[98.8129,11.2679],[98.8129,11.2671],[98.8113,11.2671],[98.8113,11.2654],[98.8129,11.2654],[98.8129,11.2646],[98.8154,11.2646],[98.8154,11.2637],[98.8146,11.2637],[98.8146,11.2621],[98.8163,11.2621],[98.8163,11.2604],[98.8138,11.2604],[98.8138,11.2621],[98.8121,11.2621],[98.8121,11.2629],[98.8096,11.2629],[98.8088,11.2612],[98.8079,11.2612],[98.8079,11.2596],[98.8046,11.2596],[98.8046,11.2562],[98.8054,11.2562],[98.8054,11.2554],[98.7971,11.2554],[98.7971,11.2546],[98.7996,11.2546],[98.7996,11.2537],[98.8004,11.2537],[98.8004,11.2521],[98.7988,11.2521],[98.7988,11.2512],[98.8004,11.2504],[98.8004,11.2496],[98.8013,11.2496],[98.8013,11.2504],[98.8029,11.2504],[98.8029,11.2487],[98.8021,11.2487],[98.8021,11.2479],[98.8004,11.2479],[98.8004,11.2471],[98.7996,11.2471],[98.7988,11.2454],[98.7954,11.2454],[98.7954,11.2437],[98.7938,11.2429],[98.7938,11.2421],[98.7946,11.2421],[98.7946,11.2412],[98.7938,11.2412],[98.7938,11.2404],[98.7946,11.2404],[98.7946,11.2396],[98.7938,11.2396],[98.7938,11.2387],[98.7946,11.2387],[98.7946,11.2354],[98.7929,11.2354],[98.7929,11.2321],[98.7921,11.2321],[98.7921,11.2312],[98.7871,11.2312],[98.7871,11.2321],[98.7888,11.2329],[98.7888,11.2346],[98.7896,11.2346],[98.7896,11.2362],[98.7888,11.2362],[98.7888,11.2371],[98.7871,11.2379],[98.7871,11.2412],[98.7863,11.2412],[98.7863,11.2429],[98.7854,11.2429],[98.7854,11.2479],[98.7838,11.2479],[98.7838,11.2454],[98.7829,11.2454],[98.7829,11.2446],[98.7813,11.2446],[98.7813,11.2462],[98.7796,11.2462],[98.7796,11.2487],[98.7813,11.2487],[98.7813,11.2504],[98.7788,11.2504],[98.7788,11.2496],[98.7771,11.2496],[98.7771,11.2546],[98.7779,11.2546],[98.7779,11.2579],[98.7763,11.2579],[98.7763,11.2596],[98.7746,11.2596],[98.7746,11.2612],[98.7713,11.2612],[98.7713,11.2604],[98.7696,11.2604],[98.7696,11.2579],[98.7654,11.2579],[98.7654,11.2604],[98.7646,11.2604],[98.7646,11.2612],[98.7638,11.2612],[98.7629,11.2629],[98.7621,11.2629],[98.7621,11.2646],[98.7613,11.2646],[98.7613,11.2662],[98.7638,11.2662],[98.7638,11.2671],[98.7646,11.2671]],[[98.8113,11.2704],[98.8096,11.2704],[98.8096,11.2696],[98.8079,11.2696],[98.8071,11.2712],[98.8063,11.2712],[98.8063,11.2696],[98.8071,11.2696],[98.8071,11.2671],[98.8088,11.2671],[98.8088,11.2662],[98.8104,11.2662],[98.8104,11.2671],[98.8113,11.2671],[98.8113,11.2704]],[[98.8079,11.2662],[98.8079,11.2654],[98.8088,11.2654],[98.8088,11.2662],[98.8079,11.2662]],[[98.8088,11.2646],[98.8096,11.2646],[98.8096,11.2654],[98.8088,11.2654],[98.8088,11.2646]],[[98.8079,11.2621],[98.8071,11.2621],[98.8071,11.2612],[98.8079,11.2612],[98.8079,11.2621]],[[98.7671,11.2604],[98.7671,11.2621],[98.7654,11.2621],[98.7654,11.2604],[98.7671,11.2604]],[[98.8088,11.2754],[98.8079,11.2754],[98.8079,11.2746],[98.8088,11.2746],[98.8088,11.2754]],[[98.8038,11.2662],[98.8021,11.2671],[98.8021,11.2687],[98.7979,11.2687],[98.7979,11.2704],[98.8029,11.2704],[98.8029,11.2712],[98.8038,11.2712],[98.8038,11.2721],[98.8013,11.2721],[98.8013,11.2754],[98.7996,11.2754],[98.7996,11.2746],[98.7988,11.2746],[98.7988,11.2729],[98.7938,11.2729],[98.7938,11.2704],[98.7946,11.2704],[98.7946,11.2687],[98.7971,11.2687],[98.7971,11.2662],[98.7963,11.2662],[98.7963,11.2637],[98.7954,11.2637],[98.7954,11.2621],[98.7988,11.2621],[98.7988,11.2629],[98.7996,11.2629],[98.8004,11.2646],[98.8021,11.2646],[98.8021,11.2629],[98.8029,11.2629],[98.8029,11.2637],[98.8046,11.2637],[98.8046,11.2654],[98.8038,11.2654],[98.8038,11.2662]],[[98.7954,11.2779],[98.7946,11.2779],[98.7946,11.2771],[98.7954,11.2771],[98.7954,11.2779]],[[98.7879,11.2804],[98.7871,11.2804],[98.7871,11.2787],[98.7879,11.2787],[98.7879,11.2762],[98.7913,11.2762],[98.7913,11.2771],[98.7929,11.2779],[98.7921,11.2796],[98.7904,11.2796],[98.7904,11.2787],[98.7888,11.2787],[98.7879,11.2804]],[[98.7738,11.2896],[98.7729,11.2896],[98.7729,11.2871],[98.7754,11.2871],[98.7746,11.2887],[98.7738,11.2887],[98.7738,11.2896]],[[98.7679,11.2904],[98.7671,11.2904],[98.7671,11.2896],[98.7679,11.2896],[98.7679,11.2904]]],[[[98.7813,11.2912],[98.7813,11.2921],[98.7821,11.2921],[98.7829,11.2904],[98.7821,11.2904],[98.7821,11.2896],[98.7796,11.2896],[98.7796,11.2912],[98.7813,11.2912]]],[[[98.7938,11.2979],[98.7938,11.3012],[98.7954,11.3012],[98.7963,11.3029],[98.7954,11.3029],[98.7954,11.3037],[98.7938,11.3037],[98.7938,11.3071],[98.7929,11.3071],[98.7929,11.3112],[98.7913,11.3121],[98.7913,11.3137],[98.7921,11.3137],[98.7921,11.3162],[98.7929,11.3162],[98.7929,11.3171],[98.7938,11.3171],[98.7938,11.3179],[98.7954,11.3179],[98.7954,11.3162],[98.7946,11.3162],[98.7946,11.3121],[98.7954,11.3121],[98.7963,11.3104],[98.7979,11.3096],[98.7979,11.3079],[98.7996,11.3071],[98.7996,11.3004],[98.7988,11.3004],[98.7979,11.2987],[98.7971,11.2987],[98.7971,11.2971],[98.8013,11.2971],[98.8013,11.2979],[98.8004,11.2979],[98.8004,11.2996],[98.8046,11.2996],[98.8046,11.3012],[98.8063,11.3012],[98.8063,11.3004],[98.8079,11.3004],[98.8088,11.3021],[98.8104,11.3021],[98.8104,11.3004],[98.8096,11.3004],[98.8096,11.2987],[98.8104,11.2987],[98.8104,11.2979],[98.8071,11.2962],[98.8071,11.2929],[98.8054,11.2929],[98.8054,11.2937],[98.8038,11.2937],[98.8038,11.2896],[98.8004,11.2896],[98.8004,11.2887],[98.7996,11.2887],[98.7996,11.2921],[98.7988,11.2921],[98.7979,11.2937],[98.7971,11.2937],[98.7971,11.2921],[98.7954,11.2921],[98.7954,11.2912],[98.7946,11.2912],[98.7954,11.2896],[98.7938,11.2887],[98.7938,11.2854],[98.7929,11.2854],[98.7929,11.2837],[98.7913,11.2837],[98.7913,11.2879],[98.7904,11.2879],[98.7904,11.2904],[98.7921,11.2904],[98.7921,11.2912],[98.7929,11.2912],[98.7929,11.2954],[98.7921,11.2954],[98.7921,11.2971],[98.7938,11.2979]]],[[[98.7929,11.3229],[98.7929,11.3246],[98.7946,11.3246],[98.7946,11.3229],[98.7929,11.3229]]],[[[98.8246,11.3504],[98.8246,11.3521],[98.8263,11.3521],[98.8263,11.3504],[98.8246,11.3504]]],[[[98.7813,11.3637],[98.7821,11.3637],[98.7821,11.3621],[98.7804,11.3621],[98.7813,11.3637]]],[[[98.7788,11.3671],[98.7788,11.3662],[98.7813,11.3662],[98.7813,11.3637],[98.7788,11.3637],[98.7788,11.3621],[98.7779,11.3621],[98.7779,11.3671],[98.7788,11.3671]]],[[[98.8346,11.3671],[98.8346,11.3654],[98.8321,11.3654],[98.8321,11.3671],[98.8313,11.3671],[98.8304,11.3687],[98.8321,11.3696],[98.8321,11.3679],[98.8329,11.3679],[98.8329,11.3671],[98.8346,11.3671]]],[[[98.8054,11.3879],[98.8054,11.3871],[98.8063,11.3871],[98.8063,11.3854],[98.8038,11.3854],[98.8038,11.3887],[98.8054,11.3879]]],[[[98.8379,11.3921],[98.8371,11.3904],[98.8363,11.3904],[98.8363,11.3929],[98.8379,11.3921]]],[[[98.7904,11.4137],[98.7904,11.4146],[98.7888,11.4146],[98.7888,11.4154],[98.7904,11.4154],[98.7904,11.4171],[98.7888,11.4179],[98.7888,11.4187],[98.7904,11.4187],[98.7904,11.4179],[98.7929,11.4181],[98.7941,11.4171],[98.7929,11.4171],[98.7929,11.4137],[98.7946,11.4137],[98.7946,11.4121],[98.7963,11.4121],[98.7963,11.4104],[98.7946,11.4104],[98.7946,11.4079],[98.7971,11.4079],[98.7971,11.4062],[98.7954,11.4054],[98.7954,11.4021],[98.7938,11.4029],[98.7938,11.4054],[98.7929,11.4054],[98.7929,11.4062],[98.7913,11.4062],[98.7913,11.4071],[98.7904,11.4071],[98.7904,11.4037],[98.7888,11.4037],[98.7888,11.4046],[98.7879,11.4046],[98.7879,11.4071],[98.7863,11.4071],[98.7863,11.4087],[98.7854,11.4087],[98.7854,11.4079],[98.7829,11.4079],[98.7829,11.4112],[98.7821,11.4112],[98.7821,11.4137],[98.7829,11.4137],[98.7829,11.4146],[98.7854,11.4146],[98.7854,11.4129],[98.7863,11.4129],[98.7863,11.4121],[98.7879,11.4129],[98.7879,11.4096],[98.7896,11.4096],[98.7896,11.4087],[98.7913,11.4087],[98.7913,11.4121],[98.7888,11.4121],[98.7888,11.4129],[98.7904,11.4137]],[[98.7854,11.4121],[98.7854,11.4112],[98.7863,11.4112],[98.7863,11.4121],[98.7854,11.4121]],[[98.7863,11.4104],[98.7871,11.4104],[98.7871,11.4112],[98.7863,11.4112],[98.7863,11.4104]]],[[[98.7921,11.4187],[98.7921,11.4188],[98.7921,11.4187],[98.7921,11.4187]]],[[[98.7904,11.4196],[98.7904,11.42],[98.7911,11.4196],[98.7904,11.4196]]],[[[98.7871,11.4204],[98.7872,11.4204],[98.7882,11.4204],[98.7871,11.4204]]],[[[98.7863,11.4187],[98.7879,11.4187],[98.7879,11.4162],[98.7871,11.4162],[98.7863,11.4179],[98.7854,11.4179],[98.7854,11.4187],[98.7838,11.4187],[98.7838,11.4196],[98.7831,11.4196],[98.7863,11.4202],[98.7863,11.4187]]],[[[98.7763,11.4196],[98.7763,11.4204],[98.7729,11.4204],[98.7729,11.4162],[98.7713,11.4162],[98.7713,11.4146],[98.7696,11.4154],[98.7696,11.4162],[98.7704,11.4162],[98.7704,11.4196],[98.7713,11.4196],[98.7713,11.4254],[98.7704,11.4254],[98.7704,11.4304],[98.7688,11.4304],[98.7688,11.4271],[98.7679,11.4271],[98.7679,11.4254],[98.7663,11.4254],[98.7654,11.4237],[98.7638,11.4237],[98.7638,11.4246],[98.7629,11.4246],[98.7629,11.4254],[98.7613,11.4262],[98.7613,11.4271],[98.7604,11.4271],[98.7604,11.4296],[98.7638,11.4296],[98.7638,11.4312],[98.7621,11.4312],[98.7621,11.4304],[98.7604,11.4304],[98.7604,11.4312],[98.7588,11.4312],[98.7588,11.4354],[98.7604,11.4354],[98.7604,11.4362],[98.7613,11.4362],[98.7613,11.4371],[98.7596,11.4371],[98.7596,11.4379],[98.7588,11.4379],[98.7588,11.4421],[98.7571,11.4429],[98.7563,11.4412],[98.7538,11.4412],[98.7538,11.4404],[98.7529,11.4404],[98.7529,11.4387],[98.7521,11.4387],[98.7521,11.4396],[98.7504,11.4404],[98.7504,11.4421],[98.7488,11.4421],[98.7488,11.4437],[98.7504,11.4437],[98.7496,11.4454],[98.7488,11.4454],[98.7488,11.4471],[98.7504,11.4471],[98.7504,11.4479],[98.7513,11.4479],[98.7513,11.4462],[98.7521,11.4462],[98.7521,11.4454],[98.7529,11.4454],[98.7529,11.4462],[98.7546,11.4462],[98.7546,11.4471],[98.7571,11.4471],[98.7571,11.4462],[98.7579,11.4462],[98.7579,11.4437],[98.7621,11.4437],[98.7621,11.4462],[98.7604,11.4471],[98.7604,11.4487],[98.7588,11.4487],[98.7588,11.4496],[98.7579,11.4496],[98.7579,11.4509],[98.7613,11.4502],[98.7613,11.4479],[98.7629,11.4479],[98.7629,11.4462],[98.7654,11.4462],[98.7654,11.4437],[98.7646,11.4437],[98.7638,11.4421],[98.7613,11.4421],[98.7613,11.4412],[98.7629,11.4412],[98.7629,11.4362],[98.7646,11.4362],[98.7646,11.4354],[98.7663,11.4354],[98.7663,11.4346],[98.7688,11.4346],[98.7688,11.4362],[98.7696,11.4362],[98.7696,11.4379],[98.7671,11.4379],[98.7663,11.4396],[98.7688,11.4396],[98.7688,11.4404],[98.7704,11.4404],[98.7704,11.4421],[98.7696,11.4421],[98.7696,11.4429],[98.7713,11.4437],[98.7713,11.4454],[98.7721,11.4454],[98.7722,11.4478],[98.7729,11.4451],[98.7712,11.4363],[98.7706,11.4291],[98.7717,11.4252],[98.7727,11.4228],[98.7742,11.4216],[98.7768,11.4202],[98.781,11.4196],[98.7763,11.4196]],[[98.7679,11.4312],[98.7679,11.4321],[98.7671,11.4321],[98.7671,11.4312],[98.7679,11.4312]],[[98.7688,11.4321],[98.7688,11.4329],[98.7679,11.4329],[98.7679,11.4321],[98.7688,11.4321]],[[98.7654,11.4312],[98.7654,11.4279],[98.7663,11.4279],[98.7663,11.4287],[98.7679,11.4287],[98.7679,11.4304],[98.7671,11.4304],[98.7671,11.4312],[98.7654,11.4312]],[[98.7629,11.4354],[98.7621,11.4354],[98.7621,11.4321],[98.7646,11.4321],[98.7629,11.4354]]],[[[98.7563,11.4512],[98.7563,11.452],[98.7574,11.4512],[98.7563,11.4512]]],[[[98.7738,11.4587],[98.7721,11.4587],[98.7721,11.4596],[98.7696,11.4596],[98.7696,11.4604],[98.7679,11.4604],[98.7679,11.4612],[98.7654,11.4612],[98.7654,11.4621],[98.7646,11.4621],[98.7646,11.4629],[98.7671,11.4629],[98.7671,11.4621],[98.7696,11.4621],[98.7696,11.4612],[98.7713,11.4612],[98.7713,11.4629],[98.7696,11.4637],[98.7696,11.4654],[98.7663,11.4654],[98.7663,11.4671],[98.7671,11.4671],[98.7671,11.4704],[98.7679,11.4704],[98.7679,11.4712],[98.7696,11.4721],[98.7696,11.4729],[98.7688,11.4729],[98.7688,11.4754],[98.7704,11.4754],[98.7704,11.4762],[98.7721,11.4762],[98.7721,11.4754],[98.7771,11.4754],[98.7771,11.4737],[98.7779,11.4737],[98.7779,11.4721],[98.7804,11.4721],[98.7804,11.4704],[98.7829,11.4704],[98.7829,11.4721],[98.7854,11.4721],[98.7854,11.4712],[98.7863,11.4712],[98.7863,11.4704],[98.7846,11.4696],[98.7854,11.4679],[98.7896,11.4679],[98.7904,11.4696],[98.7913,11.4696],[98.7913,11.4679],[98.7904,11.4679],[98.7904,11.4646],[98.7913,11.4646],[98.7913,11.4621],[98.7896,11.4621],[98.7896,11.4596],[98.7871,11.4596],[98.7871,11.4579],[98.7879,11.4579],[98.7879,11.4571],[98.7904,11.4571],[98.7904,11.4537],[98.7913,11.4537],[98.7913,11.4521],[98.7921,11.4521],[98.7921,11.4537],[98.7946,11.4537],[98.7946,11.4521],[98.7929,11.4512],[98.7929,11.4504],[98.7913,11.4504],[98.7913,11.4496],[98.7921,11.4496],[98.7921,11.4479],[98.7946,11.4479],[98.7946,11.4462],[98.7938,11.4462],[98.7938,11.4454],[98.7921,11.4454],[98.7921,11.4446],[98.7904,11.4446],[98.7904,11.4454],[98.7896,11.4454],[98.7896,11.4471],[98.7904,11.4471],[98.7904,11.4487],[98.7888,11.4487],[98.7888,11.4479],[98.7863,11.4479],[98.7863,11.4512],[98.7838,11.4512],[98.7838,11.4462],[98.7846,11.4462],[98.7838,11.4446],[98.7854,11.4446],[98.7854,11.4462],[98.7863,11.4462],[98.7863,11.4454],[98.7879,11.4454],[98.7879,11.4429],[98.7896,11.4429],[98.7896,11.4421],[98.7904,11.4421],[98.7904,11.4404],[98.7929,11.4404],[98.7938,11.4421],[98.7954,11.4421],[98.7963,11.4404],[98.7979,11.4404],[98.7979,11.4387],[98.7963,11.4379],[98.7963,11.4354],[98.7971,11.4354],[98.7971,11.4337],[98.7988,11.4329],[98.7988,11.4321],[98.8004,11.4321],[98.8004,11.4287],[98.7996,11.4287],[98.7996,11.4279],[98.7979,11.4279],[98.7971,11.4262],[98.7988,11.4262],[98.7988,11.4254],[98.8013,11.4254],[98.8013,11.4237],[98.8004,11.4237],[98.8004,11.4221],[98.8021,11.4221],[98.8021,11.4212],[98.8029,11.4212],[98.8029,11.4171],[98.8046,11.4162],[98.8046,11.4137],[98.8063,11.4137],[98.8063,11.4129],[98.8071,11.4129],[98.8071,11.4121],[98.8054,11.4121],[98.8054,11.4104],[98.8079,11.4104],[98.8079,11.4087],[98.8096,11.4087],[98.8096,11.4062],[98.8121,11.4062],[98.8121,11.4054],[98.8138,11.4046],[98.8138,11.4021],[98.8129,11.4021],[98.8129,11.4012],[98.8138,11.4012],[98.8138,11.4004],[98.8154,11.4012],[98.8154,11.3996],[98.8171,11.3996],[98.8171,11.3971],[98.8154,11.3971],[98.8154,11.3954],[98.8188,11.3954],[98.8188,11.3937],[98.8204,11.3937],[98.8204,11.3921],[98.8229,11.3921],[98.8229,11.3946],[98.8246,11.3946],[98.8246,11.3954],[98.8263,11.3954],[98.8263,11.3929],[98.8246,11.3929],[98.8246,11.3921],[98.8229,11.3912],[98.8229,11.3887],[98.8238,11.3887],[98.8238,11.3837],[98.8246,11.3837],[98.8246,11.3829],[98.8254,11.3829],[98.8254,11.3837],[98.8279,11.3837],[98.8279,11.3846],[98.8304,11.3846],[98.8304,11.3821],[98.8263,11.3821],[98.8263,11.3812],[98.8254,11.3812],[98.8254,11.3796],[98.8263,11.3796],[98.8263,11.3771],[98.8288,11.3771],[98.8288,11.3779],[98.8296,11.3779],[98.8296,11.3762],[98.8279,11.3754],[98.8279,11.3746],[98.8313,11.3746],[98.8313,11.3737],[98.8304,11.3737],[98.8296,11.3721],[98.8263,11.3721],[98.8263,11.3712],[98.8279,11.3712],[98.8279,11.3696],[98.8296,11.3687],[98.8296,11.3679],[98.8288,11.3679],[98.8288,11.3662],[98.8313,11.3662],[98.8313,11.3646],[98.8304,11.3646],[98.8304,11.3587],[98.8288,11.3587],[98.8288,11.3579],[98.8329,11.3579],[98.8329,11.3537],[98.8338,11.3537],[98.8338,11.3521],[98.8321,11.3521],[98.8321,11.3487],[98.8313,11.3487],[98.8313,11.3537],[98.8304,11.3537],[98.8304,11.3546],[98.8313,11.3546],[98.8321,11.3562],[98.8296,11.3562],[98.8296,11.3571],[98.8271,11.3571],[98.8271,11.3587],[98.8263,11.3587],[98.8263,11.3612],[98.8279,11.3612],[98.8279,11.3637],[98.8271,11.3637],[98.8271,11.3662],[98.8263,11.3662],[98.8263,11.3687],[98.8254,11.3687],[98.8246,11.3704],[98.8229,11.3704],[98.8229,11.3721],[98.8196,11.3721],[98.8196,11.3737],[98.8204,11.3737],[98.8204,11.3762],[98.8196,11.3762],[98.8196,11.3771],[98.8163,11.3771],[98.8163,11.3779],[98.8154,11.3779],[98.8154,11.3812],[98.8163,11.3812],[98.8163,11.3821],[98.8179,11.3821],[98.8179,11.3846],[98.8196,11.3846],[98.8196,11.3829],[98.8213,11.3829],[98.8213,11.3854],[98.8204,11.3854],[98.8204,11.3862],[98.8188,11.3862],[98.8188,11.3854],[98.8138,11.3854],[98.8138,11.3862],[98.8146,11.3862],[98.8146,11.3879],[98.8163,11.3879],[98.8163,11.3896],[98.8146,11.3896],[98.8146,11.3921],[98.8129,11.3921],[98.8129,11.3929],[98.8104,11.3929],[98.8104,11.3962],[98.8088,11.3962],[98.8088,11.3954],[98.8071,11.3954],[98.8071,11.3937],[98.8054,11.3929],[98.8054,11.3912],[98.8038,11.3912],[98.8038,11.3904],[98.8021,11.3904],[98.8021,11.3912],[98.8013,11.3912],[98.8013,11.3854],[98.8004,11.3854],[98.8004,11.3871],[98.7979,11.3871],[98.7979,11.3896],[98.7988,11.3896],[98.7988,11.3921],[98.7979,11.3921],[98.7979,11.3929],[98.7954,11.3929],[98.7954,11.3921],[98.7946,11.3921],[98.7946,11.3946],[98.7971,11.3946],[98.7971,11.3937],[98.7996,11.3937],[98.8004,11.3921],[98.8029,11.3921],[98.8029,11.3946],[98.8046,11.3946],[98.8046,11.3971],[98.8038,11.3971],[98.8038,11.3996],[98.8054,11.3996],[98.8054,11.4012],[98.8063,11.4012],[98.8063,11.4037],[98.8054,11.4037],[98.8054,11.4046],[98.8046,11.4046],[98.8046,11.4029],[98.8038,11.4029],[98.8038,11.4021],[98.8013,11.4021],[98.8013,11.4054],[98.8038,11.4054],[98.8038,11.4062],[98.8046,11.4062],[98.8046,11.4079],[98.8029,11.4079],[98.8029,11.4087],[98.8021,11.4087],[98.8013,11.4104],[98.7996,11.4104],[98.7996,11.4121],[98.7979,11.4121],[98.7979,11.4129],[98.7971,11.4129],[98.7971,11.4145],[98.8034,11.4094],[98.8049,11.4111],[98.8006,11.4163],[98.7992,11.4189],[98.791,11.4244],[98.7882,11.4257],[98.7789,11.4275],[98.7788,11.4279],[98.7821,11.4279],[98.7821,11.4271],[98.7863,11.4271],[98.7863,11.4262],[98.7921,11.4262],[98.7921,11.4254],[98.7938,11.4254],[98.7929,11.4237],[98.7963,11.4221],[98.7963,11.4246],[98.7946,11.4246],[98.7946,11.4262],[98.7954,11.4262],[98.7954,11.4287],[98.7946,11.4287],[98.7938,11.4304],[98.7921,11.4304],[98.7921,11.4312],[98.7913,11.4312],[98.7913,11.4321],[98.7921,11.4321],[98.7913,11.4337],[98.7896,11.4337],[98.7896,11.4321],[98.7904,11.4321],[98.7904,11.4279],[98.7888,11.4279],[98.7888,11.4296],[98.7879,11.4296],[98.7879,11.4279],[98.7863,11.4279],[98.7863,11.4304],[98.7871,11.4304],[98.7871,11.4337],[98.7854,11.4337],[98.7854,11.4329],[98.7846,11.4329],[98.7846,11.4337],[98.7821,11.4337],[98.7821,11.4346],[98.7808,11.4346],[98.7818,11.4399],[98.7817,11.4452],[98.7804,11.4506],[98.7787,11.4529],[98.7804,11.4529],[98.7804,11.4537],[98.7829,11.4537],[98.7829,11.4546],[98.7813,11.4554],[98.7813,11.4571],[98.7771,11.4571],[98.7771,11.4562],[98.7779,11.4562],[98.7779,11.4539],[98.7738,11.4571],[98.7738,11.4587]],[[98.8079,11.4004],[98.8071,11.4004],[98.8071,11.3979],[98.8079,11.3979],[98.8079,11.4004]],[[98.8013,11.4179],[98.8004,11.4179],[98.8004,11.4171],[98.8013,11.4171],[98.8013,11.4179]],[[98.8013,11.4162],[98.8021,11.4162],[98.8021,11.4171],[98.8013,11.4171],[98.8013,11.4162]],[[98.7979,11.4204],[98.7996,11.4196],[98.8004,11.4212],[98.7979,11.4212],[98.7979,11.4204]],[[98.7921,11.4371],[98.7904,11.4371],[98.7904,11.4346],[98.7921,11.4346],[98.7921,11.4371]],[[98.7854,11.4387],[98.7863,11.4387],[98.7863,11.4421],[98.7838,11.4421],[98.7838,11.4412],[98.7821,11.4404],[98.7821,11.4396],[98.7829,11.4396],[98.7829,11.4379],[98.7854,11.4379],[98.7854,11.4387]],[[98.7763,11.4729],[98.7746,11.4729],[98.7746,11.4721],[98.7763,11.4721],[98.7763,11.4729]],[[98.7754,11.4679],[98.7738,11.4679],[98.7738,11.4662],[98.7754,11.4662],[98.7754,11.4679]],[[98.7696,11.4696],[98.7688,11.4696],[98.7688,11.4679],[98.7713,11.4679],[98.7713,11.4712],[98.7696,11.4704],[98.7696,11.4696]]],[[[98.7954,11.4146],[98.7954,11.4159],[98.797,11.4146],[98.7954,11.4146]]],[[[98.7946,11.4162],[98.7946,11.4166],[98.795,11.4162],[98.7946,11.4162]]],[[[98.7804,11.4321],[98.7796,11.4321],[98.7796,11.4312],[98.7813,11.4304],[98.7813,11.4287],[98.7788,11.4287],[98.7788,11.428],[98.7785,11.4287],[98.7788,11.4309],[98.7804,11.4336],[98.7804,11.4321]]],[[[98.7988,11.4496],[98.7988,11.4504],[98.8013,11.4504],[98.8013,11.4479],[98.8004,11.4479],[98.7996,11.4496],[98.7988,11.4496]]],[[[98.7971,11.4637],[98.7963,11.4637],[98.7963,11.4629],[98.7946,11.4629],[98.7946,11.4646],[98.7971,11.4646],[98.7971,11.4637]]],[[[98.7821,11.4904],[98.7821,11.4921],[98.7804,11.4921],[98.7804,11.4929],[98.7813,11.4929],[98.7813,11.4937],[98.7829,11.4946],[98.7829,11.4921],[98.7838,11.4921],[98.7838,11.4904],[98.7821,11.4904]]],[[[98.7829,11.5004],[98.7829,11.5021],[98.7846,11.5029],[98.7846,11.5004],[98.7829,11.5004]]],[[[98.7796,11.5071],[98.7804,11.5087],[98.7829,11.5087],[98.7829,11.5071],[98.7796,11.5071]]],[[[98.8321,11.5229],[98.8321,11.5254],[98.8329,11.5254],[98.8329,11.5229],[98.8321,11.5229]]],[[[98.8188,11.5271],[98.8188,11.5287],[98.8196,11.5287],[98.8196,11.5296],[98.8213,11.5296],[98.8213,11.5304],[98.8246,11.5304],[98.8246,11.5296],[98.8221,11.5296],[98.8221,11.5287],[98.8213,11.5287],[98.8213,11.5271],[98.8188,11.5271]]],[[[98.8229,11.5312],[98.8221,11.5312],[98.8221,11.5337],[98.8204,11.5337],[98.8204,11.5354],[98.8213,11.5354],[98.8213,11.5346],[98.8229,11.5346],[98.8229,11.5312]]],[[[98.8163,11.5379],[98.8163,11.5387],[98.8179,11.5387],[98.8179,11.5379],[98.8196,11.5371],[98.8196,11.5362],[98.8171,11.5362],[98.8171,11.5379],[98.8163,11.5379]]],[[[98.7554,11.5312],[98.7554,11.5304],[98.7546,11.5304],[98.7546,11.5287],[98.7538,11.5287],[98.7538,11.5296],[98.7521,11.5304],[98.7521,11.5312],[98.7504,11.5321],[98.7504,11.5354],[98.7579,11.5354],[98.7579,11.5362],[98.7588,11.5362],[98.7588,11.5387],[98.7571,11.5387],[98.7571,11.5396],[98.7613,11.5396],[98.7621,11.5412],[98.7638,11.5412],[98.7638,11.5437],[98.7654,11.5437],[98.7654,11.5446],[98.7646,11.5446],[98.7646,11.5487],[98.7654,11.5487],[98.7654,11.5496],[98.7663,11.5496],[98.7663,11.5462],[98.7671,11.5462],[98.7671,11.5429],[98.7696,11.5429],[98.7704,11.5446],[98.7721,11.5446],[98.7721,11.5437],[98.7729,11.5437],[98.7738,11.5421],[98.7754,11.5421],[98.7754,11.5412],[98.7788,11.5412],[98.7788,11.5421],[98.7813,11.5421],[98.7813,11.5429],[98.7838,11.5429],[98.7838,11.5437],[98.7846,11.5437],[98.7846,11.5446],[98.7863,11.5446],[98.7871,11.5462],[98.7879,11.5462],[98.7879,11.5471],[98.7896,11.5471],[98.7896,11.5479],[98.7921,11.5479],[98.7921,11.5487],[98.7938,11.5487],[98.7938,11.5479],[98.7946,11.5479],[98.7946,11.5462],[98.7954,11.5462],[98.7954,11.5429],[98.7979,11.5429],[98.7979,11.5437],[98.7988,11.5437],[98.7988,11.5454],[98.7996,11.5454],[98.8004,11.5471],[98.8013,11.5471],[98.8013,11.5504],[98.8029,11.5512],[98.8029,11.5529],[98.8046,11.5529],[98.8046,11.5504],[98.8071,11.5504],[98.8071,11.5496],[98.8079,11.5496],[98.8079,11.5479],[98.8121,11.5479],[98.8121,11.5462],[98.8138,11.5462],[98.8138,11.5454],[98.8146,11.5454],[98.8146,11.5437],[98.8163,11.5429],[98.8154,11.5412],[98.8129,11.5412],[98.8129,11.5396],[98.8138,11.5396],[98.8138,11.5387],[98.8154,11.5387],[98.8154,11.5379],[98.8138,11.5371],[98.8129,11.5387],[98.8121,11.5387],[98.8121,11.5446],[98.8096,11.5446],[98.8088,11.5462],[98.8071,11.5462],[98.8071,11.5471],[98.8054,11.5471],[98.8054,11.5479],[98.8038,11.5487],[98.8029,11.5471],[98.8021,11.5471],[98.8021,11.5429],[98.8004,11.5421],[98.8004,11.5387],[98.8013,11.5387],[98.8013,11.5371],[98.8004,11.5371],[98.8004,11.5379],[98.7996,11.5379],[98.7996,11.5396],[98.7963,11.5396],[98.7954,11.5412],[98.7946,11.5412],[98.7946,11.5421],[98.7929,11.5429],[98.7929,11.5454],[98.7921,11.5454],[98.7921,11.5462],[98.7904,11.5462],[98.7904,11.5454],[98.7888,11.5446],[98.7888,11.5429],[98.7863,11.5429],[98.7854,11.5412],[98.7838,11.5412],[98.7838,11.5404],[98.7821,11.5404],[98.7813,11.5387],[98.7804,11.5387],[98.7804,11.5396],[98.7788,11.5396],[98.7788,11.5387],[98.7771,11.5387],[98.7771,11.5396],[98.7754,11.5396],[98.7746,11.5379],[98.7713,11.5379],[98.7713,11.5371],[98.7688,11.5371],[98.7679,11.5354],[98.7663,11.5354],[98.7663,11.5362],[98.7654,11.5362],[98.7654,11.5329],[98.7646,11.5329],[98.7646,11.5321],[98.7629,11.5321],[98.7629,11.5279],[98.7638,11.5279],[98.7638,11.5254],[98.7629,11.5254],[98.7629,11.5246],[98.7588,11.5246],[98.7588,11.5271],[98.7596,11.5271],[98.7596,11.5279],[98.7579,11.5287],[98.7579,11.5312],[98.7588,11.5312],[98.7588,11.5329],[98.7579,11.5329],[98.7579,11.5337],[98.7563,11.5337],[98.7563,11.5312],[98.7554,11.5312]],[[98.7596,11.5262],[98.7604,11.5262],[98.7604,11.5271],[98.7596,11.5271],[98.7596,11.5262]],[[98.7704,11.5412],[98.7679,11.5412],[98.7679,11.5404],[98.7671,11.5404],[98.7671,11.5387],[98.7704,11.5387],[98.7704,11.5412]],[[98.7621,11.5329],[98.7629,11.5329],[98.7629,11.5337],[98.7604,11.5337],[98.7604,11.5321],[98.7621,11.5321],[98.7621,11.5329]]],[[[98.8179,11.5429],[98.8163,11.5429],[98.8163,11.5454],[98.8179,11.5462],[98.8179,11.5471],[98.8196,11.5471],[98.8204,11.5454],[98.8196,11.5454],[98.8196,11.5446],[98.8179,11.5446],[98.8179,11.5429]]],[[[98.7954,11.6262],[98.7954,11.6279],[98.7971,11.6279],[98.7971,11.6262],[98.7954,11.6262]]],[[[98.8106,11.6537],[98.8104,11.6546],[98.8129,11.6546],[98.8129,11.6554],[98.8121,11.6554],[98.8113,11.6571],[98.8104,11.6571],[98.8104,11.6562],[98.8082,11.6562],[98.8079,11.6587],[98.8072,11.6587],[98.8071,11.6626],[98.8099,11.6671],[98.8104,11.6671],[98.8104,11.6687],[98.8113,11.6687],[98.8113,11.6712],[98.8121,11.6712],[98.8121,11.6729],[98.8129,11.6738],[98.8129,11.6721],[98.8138,11.6721],[98.8138,11.6729],[98.8188,11.6729],[98.8188,11.6737],[98.8196,11.6737],[98.8196,11.6754],[98.8188,11.6754],[98.8188,11.6771],[98.8163,11.6771],[98.8163,11.6787],[98.8154,11.6787],[98.8154,11.6796],[98.8131,11.6796],[98.8171,11.6811],[98.8171,11.6804],[98.8179,11.6804],[98.8179,11.6796],[98.8188,11.6796],[98.8188,11.6779],[98.8196,11.6779],[98.8196,11.6762],[98.8204,11.6762],[98.8204,11.6754],[98.8238,11.6754],[98.8238,11.6729],[98.8254,11.6729],[98.8254,11.6712],[98.8263,11.6712],[98.8263,11.6704],[98.8279,11.6696],[98.8279,11.6687],[98.8288,11.6687],[98.8288,11.6696],[98.8321,11.6696],[98.8321,11.6704],[98.8338,11.6704],[98.8338,11.6679],[98.8321,11.6679],[98.8321,11.6654],[98.8313,11.6654],[98.8313,11.6637],[98.8304,11.6637],[98.8304,11.6621],[98.8321,11.6621],[98.8313,11.6604],[98.8304,11.6604],[98.8304,11.6587],[98.8313,11.6587],[98.8313,11.6554],[98.8346,11.6554],[98.8346,11.6537],[98.8354,11.6537],[98.8354,11.6529],[98.8363,11.6529],[98.8363,11.6512],[98.8371,11.6512],[98.8379,11.6496],[98.8388,11.6496],[98.8388,11.6479],[98.8363,11.6479],[98.8363,11.6487],[98.8346,11.6487],[98.8346,11.6479],[98.8329,11.6479],[98.8329,11.6487],[98.8313,11.6487],[98.8313,11.6462],[98.8321,11.6462],[98.8321,11.6446],[98.8329,11.6446],[98.8329,11.6437],[98.8363,11.6437],[98.8371,11.6421],[98.8404,11.6421],[98.8404,11.6404],[98.8371,11.6404],[98.8371,11.6396],[98.8363,11.6396],[98.8363,11.6371],[98.8346,11.6371],[98.8346,11.6396],[98.8338,11.6396],[98.8338,11.6429],[98.8321,11.6429],[98.8321,11.6412],[98.8313,11.6412],[98.8313,11.6404],[98.8304,11.6404],[98.8304,11.6396],[98.8288,11.6396],[98.8288,11.6387],[98.8321,11.6387],[98.8321,11.6379],[98.8338,11.6379],[98.8338,11.6362],[98.8329,11.6362],[98.8329,11.6337],[98.8371,11.6337],[98.8371,11.6329],[98.8379,11.6329],[98.8379,11.6321],[98.8371,11.6321],[98.8371,11.6296],[98.8354,11.6296],[98.8354,11.6304],[98.8338,11.6304],[98.8338,11.6279],[98.8313,11.6279],[98.8313,11.6254],[98.8329,11.6254],[98.8329,11.6246],[98.8346,11.6237],[98.8346,11.6229],[98.8321,11.6229],[98.8321,11.6212],[98.8338,11.6212],[98.8338,11.6162],[98.8363,11.6162],[98.8363,11.6146],[98.8371,11.6146],[98.8363,11.6129],[98.8346,11.6129],[98.8346,11.6137],[98.8329,11.6137],[98.8329,11.6121],[98.8346,11.6121],[98.8346,11.6104],[98.8329,11.6104],[98.8329,11.6112],[98.8313,11.6112],[98.8313,11.6129],[98.8321,11.6129],[98.8321,11.6146],[98.8304,11.6146],[98.8304,11.6129],[98.8296,11.6129],[98.8296,11.6112],[98.8304,11.6112],[98.8304,11.6104],[98.8288,11.6096],[98.8288,11.6079],[98.8304,11.6079],[98.8304,11.6087],[98.8313,11.6087],[98.8313,11.6071],[98.8296,11.6062],[98.8296,11.6046],[98.8304,11.6046],[98.8304,11.6037],[98.8321,11.6029],[98.8321,11.6021],[98.8313,11.6021],[98.8313,11.5971],[98.8304,11.5971],[98.8304,11.5979],[98.8288,11.5979],[98.8288,11.5971],[98.8263,11.5971],[98.8263,11.5979],[98.8271,11.5979],[98.8271,11.6004],[98.8254,11.6004],[98.8254,11.6021],[98.8238,11.6021],[98.8238,11.5996],[98.8229,11.5996],[98.8229,11.6012],[98.8196,11.6012],[98.8196,11.5979],[98.8179,11.5979],[98.8179,11.5971],[98.8163,11.5962],[98.8163,11.5954],[98.8146,11.5962],[98.8146,11.5937],[98.8138,11.5937],[98.8138,11.5929],[98.8129,11.5929],[98.8129,11.5971],[98.8138,11.5971],[98.8138,11.5996],[98.8146,11.5996],[98.8146,11.6012],[98.8138,11.6012],[98.8138,11.6021],[98.8146,11.6021],[98.8146,11.6029],[98.8163,11.6029],[98.8163,11.6046],[98.8154,11.6046],[98.8154,11.6062],[98.8163,11.6062],[98.8163,11.6079],[98.8146,11.6079],[98.8146,11.6071],[98.8138,11.6071],[98.8138,11.6087],[98.8146,11.6087],[98.8146,11.6121],[98.8163,11.6121],[98.8163,11.6112],[98.8179,11.6104],[98.8179,11.6054],[98.8213,11.6054],[98.8213,11.6071],[98.8221,11.6071],[98.8221,11.6087],[98.8204,11.6096],[98.8204,11.6129],[98.8196,11.6129],[98.8196,11.6137],[98.8179,11.6137],[98.8179,11.6154],[98.8188,11.6154],[98.8188,11.6171],[98.8163,11.6171],[98.8163,11.6196],[98.8146,11.6196],[98.8146,11.6204],[98.8154,11.6204],[98.8154,11.6229],[98.8146,11.6229],[98.8146,11.6246],[98.8138,11.6246],[98.8129,11.6262],[98.8113,11.6262],[98.8113,11.6229],[98.8121,11.6229],[98.8121,11.6212],[98.8113,11.6212],[98.8113,11.6204],[98.8088,11.6204],[98.8088,11.6212],[98.8079,11.6212],[98.8079,11.6221],[98.8096,11.6221],[98.8096,11.6246],[98.8088,11.6246],[98.8088,11.6287],[98.8054,11.6287],[98.8054,11.6296],[98.8046,11.6296],[98.8046,11.6312],[98.8054,11.6312],[98.8054,11.6321],[98.8088,11.6321],[98.8088,11.6296],[98.8104,11.6296],[98.8104,11.6287],[98.8121,11.6287],[98.8121,11.6296],[98.8129,11.6296],[98.8129,11.6312],[98.8113,11.6312],[98.8113,11.6337],[98.8104,11.6337],[98.8104,11.6346],[98.8071,11.6346],[98.8071,11.6362],[98.8079,11.6362],[98.8079,11.6354],[98.8104,11.6354],[98.8104,11.6362],[98.8154,11.6362],[98.8154,11.6379],[98.8104,11.6379],[98.8104,11.6396],[98.8096,11.6396],[98.8096,11.6412],[98.8154,11.6412],[98.8154,11.6421],[98.8146,11.6421],[98.8146,11.6446],[98.8138,11.6446],[98.8138,11.6454],[98.8113,11.6454],[98.8113,11.6429],[98.8104,11.6429],[98.8104,11.6437],[98.8088,11.6446],[98.8088,11.6462],[98.8104,11.6462],[98.8104,11.6471],[98.8121,11.6471],[98.8121,11.6478],[98.8175,11.6413],[98.8197,11.6357],[98.8226,11.631],[98.8242,11.6317],[98.8188,11.6439],[98.8138,11.6512],[98.8106,11.6537]],[[98.8129,11.6562],[98.8129,11.6571],[98.8121,11.6571],[98.8121,11.6562],[98.8129,11.6562]],[[98.8138,11.6712],[98.8129,11.6712],[98.8129,11.6637],[98.8138,11.6637],[98.8146,11.6621],[98.8163,11.6621],[98.8163,11.6637],[98.8196,11.6637],[98.8196,11.6671],[98.8204,11.6671],[98.8204,11.6696],[98.8188,11.6696],[98.8188,11.6679],[98.8171,11.6679],[98.8171,11.6687],[98.8179,11.6687],[98.8179,11.6712],[98.8146,11.6712],[98.8146,11.6721],[98.8138,11.6721],[98.8138,11.6712]],[[98.8246,11.6696],[98.8246,11.6721],[98.8229,11.6721],[98.8229,11.6712],[98.8221,11.6712],[98.8221,11.6696],[98.8238,11.6687],[98.8238,11.6646],[98.8246,11.6646],[98.8246,11.6637],[98.8271,11.6637],[98.8271,11.6662],[98.8254,11.6662],[98.8254,11.6671],[98.8271,11.6679],[98.8271,11.6696],[98.8246,11.6696]],[[98.8321,11.6537],[98.8321,11.6521],[98.8338,11.6512],[98.8338,11.6521],[98.8346,11.6521],[98.8346,11.6537],[98.8321,11.6537]],[[98.8296,11.6037],[98.8296,11.6029],[98.8304,11.6029],[98.8304,11.6037],[98.8296,11.6037]],[[98.8288,11.6196],[98.8271,11.6196],[98.8271,11.6179],[98.8296,11.6179],[98.8296,11.6187],[98.8304,11.6187],[98.8304,11.6229],[98.8313,11.6229],[98.8313,11.6237],[98.8288,11.6237],[98.8288,11.6246],[98.8271,11.6246],[98.8271,11.6237],[98.8263,11.6237],[98.8263,11.6212],[98.8288,11.6212],[98.8288,11.6196]],[[98.8271,11.6296],[98.8263,11.6296],[98.8263,11.6287],[98.8271,11.6287],[98.8271,11.6296]],[[98.8271,11.6462],[98.8263,11.6462],[98.8263,11.6454],[98.8271,11.6454],[98.8271,11.6462]],[[98.8263,11.6346],[98.8238,11.6346],[98.8238,11.6329],[98.8263,11.6329],[98.8263,11.6346]],[[98.8238,11.6396],[98.8229,11.6396],[98.8229,11.6387],[98.8238,11.6387],[98.8238,11.6396]],[[98.8229,11.6537],[98.8229,11.6546],[98.8221,11.6546],[98.8221,11.6537],[98.8229,11.6537]],[[98.8213,11.6537],[98.8213,11.6529],[98.8221,11.6529],[98.8221,11.6537],[98.8213,11.6537]],[[98.8179,11.6354],[98.8179,11.6337],[98.8163,11.6337],[98.8163,11.6321],[98.8171,11.6321],[98.8171,11.6304],[98.8154,11.6296],[98.8163,11.6279],[98.8196,11.6279],[98.8196,11.6296],[98.8188,11.6296],[98.8188,11.6312],[98.8204,11.6312],[98.8204,11.6321],[98.8213,11.6321],[98.8213,11.6329],[98.8196,11.6329],[98.8196,11.6354],[98.8179,11.6354]],[[98.8146,11.6287],[98.8146,11.6279],[98.8154,11.6279],[98.8154,11.6287],[98.8146,11.6287]],[[98.8213,11.6246],[98.8188,11.6246],[98.8188,11.6237],[98.8213,11.6237],[98.8213,11.6246]],[[98.8204,11.6629],[98.8196,11.6629],[98.8196,11.6621],[98.8204,11.6621],[98.8204,11.6629]],[[98.8188,11.6579],[98.8179,11.6579],[98.8179,11.6571],[98.8188,11.6571],[98.8188,11.6579]],[[98.8179,11.6512],[98.8171,11.6512],[98.8171,11.6504],[98.8179,11.6504],[98.8179,11.6512]],[[98.8171,11.6004],[98.8163,11.6004],[98.8163,11.5987],[98.8171,11.5987],[98.8171,11.6004]],[[98.8121,11.6621],[98.8113,11.6621],[98.8113,11.6604],[98.8121,11.6604],[98.8121,11.6621]]],[[[98.8346,11.6454],[98.8346,11.6471],[98.8363,11.6471],[98.8371,11.6454],[98.8388,11.6454],[98.8388,11.6446],[98.8363,11.6446],[98.8363,11.6454],[98.8346,11.6454]]],[[[98.8079,11.6471],[98.8071,11.6487],[98.8054,11.6487],[98.8054,11.6504],[98.8071,11.6504],[98.8071,11.6521],[98.8096,11.6503],[98.8096,11.6487],[98.8104,11.6487],[98.8096,11.6471],[98.8079,11.6471]]],[[[98.7938,11.6537],[98.7938,11.6554],[98.7954,11.6554],[98.7954,11.6537],[98.7938,11.6537]]],[[[98.7788,11.6562],[98.7788,11.6579],[98.7813,11.6579],[98.7804,11.6562],[98.7788,11.6562]]],[[[98.8371,11.6579],[98.8363,11.6579],[98.8363,11.6571],[98.8338,11.6571],[98.8338,11.6612],[98.8354,11.6612],[98.8354,11.6587],[98.8371,11.6587],[98.8371,11.6579]]],[[[98.7871,11.6604],[98.7871,11.6612],[98.7854,11.6612],[98.7854,11.6621],[98.7846,11.6621],[98.7846,11.6637],[98.7871,11.6637],[98.7879,11.6621],[98.7896,11.6621],[98.7896,11.6604],[98.7871,11.6604]]],[[[98.7833,11.6854],[98.7871,11.6846],[98.7871,11.6837],[98.7896,11.6837],[98.7888,11.6821],[98.7879,11.6821],[98.7879,11.6829],[98.7854,11.6829],[98.7854,11.6812],[98.7871,11.6812],[98.7871,11.6804],[98.7888,11.6804],[98.7896,11.6787],[98.7904,11.6787],[98.7904,11.6837],[98.7913,11.6836],[98.7913,11.6829],[98.7924,11.6829],[98.7945,11.6814],[98.7946,11.6804],[98.7952,11.6804],[98.7963,11.679],[98.7963,11.6779],[98.7971,11.6779],[98.8007,11.6729],[98.8019,11.6696],[98.8013,11.6696],[98.8013,11.6679],[98.8021,11.6679],[98.8021,11.6671],[98.8013,11.6671],[98.8013,11.6629],[98.8021,11.6629],[98.8021,11.6621],[98.8013,11.6621],[98.8013,11.6562],[98.8004,11.6562],[98.8004,11.6554],[98.8013,11.6554],[98.8013,11.6521],[98.8021,11.6521],[98.8021,11.6471],[98.8029,11.6471],[98.8029,11.6454],[98.8021,11.6454],[98.8021,11.6437],[98.8013,11.6437],[98.8013,11.6454],[98.7996,11.6462],[98.7996,11.6504],[98.7988,11.6504],[98.7988,11.6546],[98.7979,11.6546],[98.7979,11.6562],[98.7954,11.6562],[98.7954,11.6579],[98.7971,11.6587],[98.7971,11.6596],[98.7929,11.6596],[98.7929,11.6612],[98.7921,11.6612],[98.7921,11.6621],[98.7904,11.6621],[98.7904,11.6629],[98.7921,11.6629],[98.7921,11.6679],[98.7913,11.6679],[98.7913,11.6704],[98.7896,11.6704],[98.7896,11.6721],[98.7879,11.6721],[98.7879,11.6737],[98.7846,11.6737],[98.7846,11.6746],[98.7829,11.6746],[98.7821,11.6762],[98.7813,11.6762],[98.7813,11.6779],[98.7796,11.6787],[98.7796,11.6795],[98.7814,11.6808],[98.7805,11.6829],[98.7821,11.6821],[98.7821,11.6812],[98.7838,11.6821],[98.7838,11.6837],[98.7829,11.6837],[98.7829,11.6846],[98.7804,11.6846],[98.7804,11.683],[98.7802,11.6849],[98.7833,11.6854]],[[98.8004,11.6571],[98.7996,11.6571],[98.7996,11.6562],[98.8004,11.6562],[98.8004,11.6571]],[[98.7996,11.6737],[98.7988,11.6737],[98.7988,11.6721],[98.7996,11.6721],[98.7996,11.6737]],[[98.7954,11.6771],[98.7921,11.6771],[98.7921,11.6779],[98.7888,11.6779],[98.7888,11.6771],[98.7904,11.6771],[98.7904,11.6762],[98.7913,11.6762],[98.7913,11.6746],[98.7929,11.6746],[98.7929,11.6737],[98.7954,11.6737],[98.7954,11.6771]]],[[[98.7779,11.6796],[98.7779,11.6779],[98.7771,11.6779],[98.7771,11.6771],[98.7754,11.6771],[98.7754,11.6754],[98.7763,11.6754],[98.7763,11.6746],[98.7738,11.6746],[98.7738,11.6754],[98.7729,11.6754],[98.7729,11.6787],[98.7704,11.6787],[98.7704,11.6812],[98.7759,11.6817],[98.7793,11.6796],[98.7779,11.6796]]],[[[98.8329,11.6654],[98.8346,11.6654],[98.8346,11.6662],[98.8363,11.6662],[98.8363,11.6654],[98.8346,11.6646],[98.8346,11.6637],[98.8329,11.6637],[98.8329,11.6654]]],[[[98.7779,11.6712],[98.7779,11.6746],[98.7788,11.6746],[98.7788,11.6762],[98.7796,11.6762],[98.7796,11.6746],[98.7804,11.6746],[98.7813,11.6729],[98.7796,11.6729],[98.7796,11.6712],[98.7779,11.6712]]],[[[98.8413,11.6746],[98.8413,11.6729],[98.8371,11.6729],[98.8371,11.6721],[98.8388,11.6721],[98.8388,11.6696],[98.8379,11.6696],[98.8379,11.6712],[98.8354,11.6712],[98.8354,11.6737],[98.8321,11.6737],[98.8321,11.6796],[98.8313,11.6796],[98.8313,11.6807],[98.8363,11.6817],[98.8363,11.6804],[98.8379,11.6796],[98.8379,11.6771],[98.8396,11.6771],[98.8396,11.6754],[98.8413,11.6746]],[[98.8363,11.6796],[98.8346,11.6796],[98.8346,11.6762],[98.8363,11.6762],[98.8363,11.6796]]],[[[98.8271,11.6754],[98.8263,11.6771],[98.8246,11.6771],[98.8246,11.6787],[98.8271,11.6787],[98.8271,11.6804],[98.8304,11.6807],[98.8296,11.6804],[98.8296,11.6787],[98.8304,11.6787],[98.8304,11.6771],[98.8313,11.6771],[98.8313,11.6746],[98.8279,11.6746],[98.8279,11.6754],[98.8271,11.6754]]],[[[98.8229,11.6787],[98.8221,11.6804],[98.8204,11.6804],[98.8204,11.6812],[98.8238,11.6804],[98.8238,11.6787],[98.8229,11.6787]]],[[[98.8388,11.6834],[98.8398,11.6862],[98.8404,11.6862],[98.8404,11.6846],[98.8413,11.6846],[98.8413,11.6829],[98.8404,11.6829],[98.8404,11.6821],[98.8388,11.6821],[98.8388,11.6834]]],[[[98.8454,11.6896],[98.8446,11.6896],[98.8446,11.6921],[98.8454,11.6921],[98.8463,11.6904],[98.8471,11.6904],[98.8471,11.6887],[98.8479,11.6887],[98.8479,11.6837],[98.8463,11.6846],[98.8463,11.6879],[98.8454,11.6879],[98.8454,11.6896]]],[[[98.8396,11.6929],[98.8371,11.6914],[98.8371,11.6921],[98.8363,11.6921],[98.8363,11.6954],[98.8396,11.6937],[98.8396,11.6929]]],[[[98.8479,11.6929],[98.8463,11.6929],[98.8463,11.6921],[98.8454,11.6921],[98.8454,11.6929],[98.8446,11.6933],[98.8463,11.6954],[98.8496,11.6954],[98.8504,11.6937],[98.8479,11.6937],[98.8479,11.6929]]],[[[98.8104,11.6912],[98.8104,11.6904],[98.8088,11.6904],[98.8088,11.6921],[98.8096,11.6921],[98.8096,11.6937],[98.8079,11.6937],[98.8079,11.6946],[98.8104,11.6946],[98.8104,11.6971],[98.8113,11.6971],[98.8113,11.6979],[98.8146,11.6979],[98.8146,11.7004],[98.8154,11.7004],[98.8154,11.7021],[98.8129,11.7021],[98.8129,11.7012],[98.8113,11.7012],[98.8113,11.7004],[98.8096,11.6996],[98.8088,11.6979],[98.8054,11.6979],[98.8054,11.6962],[98.8063,11.6962],[98.8063,11.6946],[98.8057,11.6946],[98.8058,11.6957],[98.8045,11.6977],[98.8106,11.7009],[98.8104,11.7016],[98.8117,11.7027],[98.8138,11.7039],[98.8148,11.7038],[98.8162,11.7062],[98.8171,11.7062],[98.8171,11.707],[98.8179,11.7071],[98.8191,11.7087],[98.8213,11.7087],[98.8213,11.7104],[98.8221,11.7104],[98.8229,11.7121],[98.8238,11.7121],[98.8238,11.7137],[98.8246,11.7137],[98.8246,11.7146],[98.8263,11.7146],[98.8263,11.7137],[98.8254,11.7137],[98.8254,11.7104],[98.8246,11.7104],[98.8246,11.7071],[98.8254,11.7071],[98.8254,11.7046],[98.8229,11.7046],[98.8229,11.7029],[98.8238,11.7029],[98.8238,11.7021],[98.8254,11.7012],[98.8254,11.6987],[98.8263,11.6987],[98.8263,11.6979],[98.8296,11.6979],[98.8304,11.6962],[98.8329,11.6962],[98.8329,11.6946],[98.8338,11.6946],[98.8338,11.6921],[98.8354,11.6921],[98.8354,11.6912],[98.8329,11.6904],[98.8306,11.6879],[98.8296,11.6879],[98.8296,11.6871],[98.8288,11.6871],[98.8279,11.6854],[98.8271,11.6854],[98.8263,11.6837],[98.8229,11.6837],[98.8229,11.6846],[98.8186,11.685],[98.8169,11.6846],[98.8154,11.6848],[98.8154,11.6854],[98.8137,11.6854],[98.8113,11.6871],[98.8121,11.6871],[98.8121,11.6879],[98.8104,11.6881],[98.8104,11.6887],[98.8129,11.6887],[98.8129,11.6912],[98.8104,11.6912]],[[98.8213,11.7062],[98.8204,11.7062],[98.8204,11.7054],[98.8213,11.7054],[98.8213,11.7062]],[[98.8196,11.7062],[98.8179,11.7062],[98.8179,11.7046],[98.8196,11.7046],[98.8196,11.7062]],[[98.8179,11.7021],[98.8179,11.7029],[98.8171,11.7029],[98.8171,11.7021],[98.8179,11.7021]],[[98.8163,11.7021],[98.8163,11.7012],[98.8171,11.7012],[98.8171,11.7021],[98.8163,11.7021]],[[98.8163,11.6879],[98.8154,11.6879],[98.8154,11.6871],[98.8163,11.6871],[98.8163,11.6879]]],[[[98.8054,11.6929],[98.8048,11.6932],[98.8054,11.6942],[98.8054,11.6929]]],[[[98.8363,11.6996],[98.8363,11.7037],[98.8346,11.7037],[98.8346,11.7046],[98.8379,11.7046],[98.8379,11.7054],[98.8396,11.7062],[98.8396,11.7054],[98.8404,11.7054],[98.8404,11.7037],[98.8429,11.7037],[98.8429,11.7046],[98.8438,11.7046],[98.8438,11.7062],[98.8446,11.7062],[98.8446,11.7079],[98.8457,11.7079],[98.8463,11.7069],[98.8458,11.7037],[98.8454,11.7029],[98.8438,11.7029],[98.8438,11.7021],[98.8429,11.7021],[98.8429,11.7004],[98.8421,11.7004],[98.8421,11.6996],[98.8438,11.6987],[98.8438,11.6962],[98.8421,11.6962],[98.8421,11.6979],[98.8404,11.6987],[98.8404,11.7004],[98.8396,11.7004],[98.8396,11.7021],[98.8379,11.7021],[98.8379,11.7004],[98.8363,11.6996]]],[[[98.8379,11.712],[98.8421,11.7104],[98.8404,11.7104],[98.8404,11.7096],[98.8388,11.7096],[98.8388,11.7087],[98.8379,11.7087],[98.8379,11.712]]],[[[98.8296,11.7079],[98.8296,11.7112],[98.8313,11.7112],[98.8313,11.7153],[98.8325,11.7149],[98.8338,11.7137],[98.8321,11.7129],[98.8321,11.7104],[98.8313,11.7104],[98.8313,11.7087],[98.8296,11.7079]]],[[[98.7896,12.1096],[98.7896,12.1121],[98.7913,12.1121],[98.7913,12.1096],[98.7896,12.1096]]],[[[98.7813,12.1204],[98.7838,12.1204],[98.7838,12.1229],[98.7854,12.1229],[98.7854,12.1221],[98.7879,12.1221],[98.7879,12.1204],[98.7854,12.1204],[98.7854,12.1196],[98.7813,12.1196],[98.7813,12.1204]]],[[[98.8021,12.1346],[98.8021,12.1337],[98.8029,12.1337],[98.8029,12.1329],[98.8013,12.1329],[98.8013,12.1346],[98.8021,12.1346]]],[[[98.7863,12.1329],[98.7854,12.1346],[98.7879,12.1346],[98.7879,12.1329],[98.7863,12.1329]]],[[[98.8146,12.1337],[98.8121,12.1337],[98.8121,12.1346],[98.8138,12.1354],[98.8146,12.1337]]],[[[98.7971,12.1354],[98.7971,12.1387],[98.7979,12.1387],[98.7979,12.1371],[98.7988,12.1371],[98.7988,12.1354],[98.7971,12.1354]]],[[[98.8429,12.1996],[98.8429,12.1987],[98.8421,12.1987],[98.8421,12.1962],[98.8429,12.1962],[98.8429,12.1929],[98.8421,12.1929],[98.8421,12.1912],[98.8413,12.1912],[98.8413,12.1904],[98.8396,12.1904],[98.8396,12.1912],[98.8404,12.1912],[98.8404,12.1929],[98.8413,12.1929],[98.8413,12.2004],[98.8429,12.2004],[98.8429,12.2012],[98.8488,12.2012],[98.8488,12.2004],[98.8454,12.2004],[98.8454,12.1996],[98.8429,12.1996]]],[[[98.9663,11.2121],[98.9663,11.2129],[98.9688,11.2129],[98.9688,11.2121],[98.9663,11.2121]]],[[[98.9704,11.2321],[98.9721,11.2312],[98.9721,11.2287],[98.9713,11.2287],[98.9704,11.2304],[98.9688,11.2296],[98.9688,11.2362],[98.9696,11.2362],[98.9696,11.2337],[98.9704,11.2337],[98.9704,11.2321]]],[[[98.9696,11.2371],[98.9696,11.2387],[98.9713,11.2387],[98.9713,11.2371],[98.9696,11.2371]]],[[[98.9754,11.2412],[98.9754,11.2396],[98.9746,11.2396],[98.9746,11.2387],[98.9729,11.2387],[98.9729,11.2404],[98.9738,11.2404],[98.9738,11.2412],[98.9754,11.2412]]],[[[98.9779,11.2404],[98.9763,11.2404],[98.9763,11.2412],[98.9779,11.2421],[98.9779,11.2404]]],[[[98.9788,11.2521],[98.9788,11.2512],[98.9779,11.2512],[98.9779,11.2496],[98.9763,11.2496],[98.9763,11.2512],[98.9771,11.2512],[98.9771,11.2521],[98.9788,11.2521]]],[[[98.9746,11.2621],[98.9746,11.2604],[98.9738,11.2604],[98.9738,11.2612],[98.9729,11.2612],[98.9729,11.2621],[98.9713,11.2629],[98.9713,11.2646],[98.9729,11.2646],[98.9729,11.2637],[98.9738,11.2637],[98.9738,11.2621],[98.9746,11.2621]]],[[[98.9688,11.2679],[98.9688,11.2671],[98.9713,11.2671],[98.9713,11.2662],[98.9679,11.2662],[98.9679,11.2679],[98.9688,11.2679]]],[[[98.9663,11.2704],[98.9646,11.2696],[98.9654,11.2679],[98.9621,11.2679],[98.9621,11.2687],[98.9588,11.2687],[98.9588,11.2696],[98.9579,11.2696],[98.9579,11.2712],[98.9546,11.2712],[98.9546,11.2721],[98.9554,11.2721],[98.9554,11.2729],[98.9563,11.2729],[98.9563,11.2721],[98.9579,11.2729],[98.9579,11.2721],[98.9596,11.2721],[98.9596,11.2704],[98.9629,11.2704],[98.9629,11.2696],[98.9638,11.2696],[98.9638,11.2721],[98.9663,11.2721],[98.9663,11.2704]]],[[[98.9621,11.2712],[98.9621,11.2729],[98.9613,11.2729],[98.9613,11.2746],[98.9629,11.2746],[98.9629,11.2712],[98.9621,11.2712]]],[[[98.9554,11.2762],[98.9554,11.2771],[98.9579,11.2771],[98.9579,11.2762],[98.9588,11.2762],[98.9588,11.2746],[98.9563,11.2746],[98.9563,11.2737],[98.9538,11.2737],[98.9538,11.2762],[98.9554,11.2762]]],[[[98.9538,11.2771],[98.9521,11.2771],[98.9521,11.2787],[98.9554,11.2787],[98.9554,11.2779],[98.9538,11.2779],[98.9538,11.2771]]],[[[98.9446,11.2812],[98.9446,11.2804],[98.9454,11.2804],[98.9454,11.2787],[98.9438,11.2787],[98.9438,11.2796],[98.9429,11.2796],[98.9429,11.2821],[98.9421,11.2821],[98.9421,11.2837],[98.9429,11.2837],[98.9429,11.2846],[98.9446,11.2846],[98.9446,11.2837],[98.9438,11.2837],[98.9438,11.2812],[98.9446,11.2812]]],[[[98.9429,11.2879],[98.9429,11.2862],[98.9421,11.2862],[98.9421,11.2854],[98.9404,11.2854],[98.9404,11.2871],[98.9413,11.2871],[98.9421,11.2887],[98.9429,11.2887],[98.9429,11.2896],[98.9446,11.2896],[98.9438,11.2879],[98.9429,11.2879]]],[[[98.9471,11.2854],[98.9454,11.2862],[98.9454,11.2879],[98.9463,11.2879],[98.9463,11.2896],[98.9471,11.2896],[98.9471,11.2879],[98.9479,11.2879],[98.9479,11.2862],[98.9471,11.2862],[98.9471,11.2854]]],[[[98.9479,11.2904],[98.9479,11.2929],[98.9496,11.2929],[98.9496,11.2912],[98.9479,11.2904]]],[[[98.9529,11.3054],[98.9529,11.3071],[98.9546,11.3071],[98.9546,11.3062],[98.9563,11.3062],[98.9563,11.3087],[98.9579,11.3087],[98.9579,11.3037],[98.9554,11.3037],[98.9554,11.3029],[98.9529,11.3029],[98.9529,11.3021],[98.9521,11.3021],[98.9521,11.3004],[98.9504,11.3004],[98.9504,11.2987],[98.9488,11.2979],[98.9488,11.2962],[98.9471,11.2962],[98.9471,11.2979],[98.9479,11.2979],[98.9479,11.3004],[98.9496,11.3004],[98.9496,11.3029],[98.9504,11.3029],[98.9504,11.3037],[98.9521,11.3046],[98.9521,11.3054],[98.9529,11.3054]]],[[[98.9579,11.3104],[98.9554,11.3104],[98.9554,11.3112],[98.9563,11.3112],[98.9554,11.3129],[98.9563,11.3129],[98.9563,11.3162],[98.9571,11.3162],[98.9571,11.3179],[98.9563,11.3179],[98.9563,11.3187],[98.9571,11.3187],[98.9571,11.3196],[98.9588,11.3187],[98.9588,11.3171],[98.9579,11.3171],[98.9579,11.3154],[98.9571,11.3154],[98.9571,11.3129],[98.9579,11.3129],[98.9579,11.3104]]],[[[98.9629,11.3171],[98.9629,11.3196],[98.9646,11.3196],[98.9646,11.3179],[98.9629,11.3171]]],[[[98.9554,11.3204],[98.9563,11.3221],[98.9579,11.3221],[98.9579,11.3204],[98.9571,11.3204],[98.9571,11.3196],[98.9554,11.3204]]],[[[98.9679,11.3204],[98.9679,11.3196],[98.9654,11.3196],[98.9654,11.3221],[98.9679,11.3221],[98.9679,11.3229],[98.9704,11.3229],[98.9704,11.3237],[98.9721,11.3237],[98.9721,11.3221],[98.9704,11.3221],[98.9704,11.3212],[98.9688,11.3212],[98.9688,11.3204],[98.9679,11.3204]]],[[[98.9713,11.3271],[98.9713,11.3287],[98.9729,11.3287],[98.9729,11.3279],[98.9746,11.3279],[98.9746,11.3271],[98.9713,11.3271]]],[[[98.9654,11.3271],[98.9654,11.3296],[98.9671,11.3296],[98.9671,11.3279],[98.9654,11.3271]]],[[[98.9829,11.3321],[98.9829,11.3304],[98.9821,11.3304],[98.9821,11.3287],[98.9788,11.3287],[98.9788,11.3304],[98.9813,11.3304],[98.9813,11.3321],[98.9829,11.3321]]],[[[98.9763,11.3354],[98.9771,11.3354],[98.9779,11.3337],[98.9796,11.3337],[98.9796,11.3312],[98.9779,11.3312],[98.9771,11.3329],[98.9763,11.3329],[98.9763,11.3337],[98.9746,11.3337],[98.9746,11.3362],[98.9754,11.3362],[98.9754,11.3371],[98.9763,11.3371],[98.9763,11.3354]]],[[[98.9721,11.3529],[98.9729,11.3529],[98.9729,11.3504],[98.9713,11.3504],[98.9713,11.3479],[98.9721,11.3479],[98.9721,11.3462],[98.9729,11.3462],[98.9729,11.3454],[98.9754,11.3454],[98.9754,11.3446],[98.9771,11.3446],[98.9771,11.3437],[98.9754,11.3429],[98.9754,11.3412],[98.9763,11.3412],[98.9763,11.3404],[98.9771,11.3404],[98.9771,11.3412],[98.9788,11.3412],[98.9788,11.3379],[98.9754,11.3379],[98.9738,11.3412],[98.9721,11.3412],[98.9721,11.3421],[98.9713,11.3421],[98.9713,11.3462],[98.9696,11.3462],[98.9696,11.3487],[98.9679,11.3496],[98.9679,11.3529],[98.9621,11.3529],[98.9621,11.3537],[98.9646,11.3537],[98.9646,11.3562],[98.9654,11.3562],[98.9654,11.3579],[98.9663,11.3579],[98.9671,11.3562],[98.9679,11.3562],[98.9679,11.3554],[98.9696,11.3554],[98.9696,11.3537],[98.9688,11.3537],[98.9688,11.3512],[98.9713,11.3512],[98.9713,11.3537],[98.9721,11.3537],[98.9721,11.3529]]],[[[98.9663,11.3471],[98.9663,11.3496],[98.9671,11.3496],[98.9671,11.3471],[98.9663,11.3471]]],[[[98.9754,11.3479],[98.9738,11.3479],[98.9738,11.3496],[98.9754,11.3487],[98.9754,11.3479]]],[[[98.9546,11.3479],[98.9546,11.3487],[98.9538,11.3487],[98.9538,11.3512],[98.9546,11.3512],[98.9546,11.3529],[98.9563,11.3529],[98.9563,11.3496],[98.9571,11.3496],[98.9571,11.3487],[98.9563,11.3487],[98.9563,11.3479],[98.9546,11.3479]]],[[[98.9721,11.3554],[98.9721,11.3571],[98.9738,11.3571],[98.9738,11.3554],[98.9721,11.3554]]],[[[98.9663,11.3587],[98.9654,11.3587],[98.9654,11.3604],[98.9671,11.3604],[98.9663,11.3587]]],[[[98.9529,11.3621],[98.9529,11.3629],[98.9538,11.3629],[98.9538,11.3646],[98.9546,11.3646],[98.9546,11.3621],[98.9529,11.3621]]],[[[98.9496,11.3671],[98.9496,11.3679],[98.9479,11.3679],[98.9479,11.3704],[98.9488,11.3704],[98.9488,11.3712],[98.9496,11.3712],[98.9496,11.3729],[98.9504,11.3729],[98.9504,11.3771],[98.9513,11.3771],[98.9513,11.3729],[98.9529,11.3721],[98.9529,11.3696],[98.9496,11.3696],[98.9496,11.3687],[98.9513,11.3687],[98.9504,11.3671],[98.9496,11.3671]]],[[[98.9663,11.3712],[98.9663,11.3737],[98.9679,11.3737],[98.9679,11.3712],[98.9663,11.3712]]],[[[98.9929,11.3762],[98.9929,11.3771],[98.9938,11.3771],[98.9938,11.3737],[98.9921,11.3737],[98.9921,11.3746],[98.9913,11.3746],[98.9913,11.3762],[98.9929,11.3762]]],[[[98.9654,11.3754],[98.9654,11.3746],[98.9621,11.3746],[98.9621,11.3737],[98.9613,11.3737],[98.9613,11.3754],[98.9629,11.3754],[98.9629,11.3771],[98.9638,11.3771],[98.9646,11.3787],[98.9654,11.3787],[98.9654,11.3771],[98.9646,11.3771],[98.9646,11.3754],[98.9654,11.3754]]],[[[98.9679,11.3779],[98.9679,11.3796],[98.9696,11.3796],[98.9696,11.3779],[98.9679,11.3779]]],[[[98.9638,11.3787],[98.9621,11.3787],[98.9621,11.3796],[98.9604,11.3796],[98.9604,11.3804],[98.9638,11.3804],[98.9638,11.3787]]],[[[98.9938,11.3812],[98.9954,11.3821],[98.9954,11.3796],[98.9938,11.3804],[98.9938,11.3812]]],[[[98.9629,11.3812],[98.9629,11.3829],[98.9646,11.3829],[98.9646,11.3812],[98.9629,11.3812]]],[[[99.0796,11.3812],[99.0788,11.3812],[99.0788,11.3829],[99.0779,11.3829],[99.0779,11.3837],[99.0796,11.3837],[99.0796,11.3812]]],[[[98.9388,11.3837],[98.9388,11.3862],[98.9404,11.3862],[98.9404,11.3837],[98.9388,11.3837]]],[[[98.9954,11.3846],[98.9954,11.3862],[98.9979,11.3862],[98.9979,11.3846],[98.9954,11.3846]]],[[[99.0921,11.3896],[99.0904,11.3896],[99.0904,11.3921],[99.0921,11.3921],[99.0921,11.3896]]],[[[99.0104,11.3937],[99.0104,11.3954],[99.0129,11.3954],[99.0129,11.3946],[99.0138,11.3946],[99.0138,11.3929],[99.0154,11.3929],[99.0154,11.3921],[99.0246,11.3921],[99.0246,11.3912],[99.0271,11.3912],[99.0271,11.3904],[99.0229,11.3904],[99.0229,11.3912],[99.0179,11.3912],[99.0179,11.3904],[99.0154,11.3904],[99.0146,11.3921],[99.0121,11.3921],[99.0113,11.3937],[99.0104,11.3937]]],[[[98.9579,11.3946],[98.9579,11.3962],[98.9596,11.3962],[98.9596,11.3971],[98.9613,11.3971],[98.9613,11.3946],[98.9579,11.3946]]],[[[98.9404,11.3996],[98.9404,11.4004],[98.9421,11.4004],[98.9421,11.4012],[98.9404,11.4012],[98.9404,11.4021],[98.9396,11.4021],[98.9396,11.4046],[98.9413,11.4046],[98.9413,11.4029],[98.9446,11.4029],[98.9438,11.4012],[98.9429,11.4012],[98.9429,11.3971],[98.9413,11.3971],[98.9413,11.3946],[98.9388,11.3946],[98.9388,11.3929],[98.9379,11.3929],[98.9379,11.3921],[98.9371,11.3921],[98.9371,11.3912],[98.9354,11.3912],[98.9354,11.3929],[98.9346,11.3929],[98.9346,11.3937],[98.9354,11.3937],[98.9354,11.4012],[98.9363,11.4012],[98.9363,11.4021],[98.9379,11.4021],[98.9379,11.4004],[98.9388,11.4004],[98.9388,11.3996],[98.9404,11.3996]]],[[[98.9463,11.4029],[98.9463,11.4046],[98.9479,11.4046],[98.9479,11.4029],[98.9463,11.4029]]],[[[98.9379,11.4062],[98.9379,11.4079],[98.9404,11.4079],[98.9404,11.4062],[98.9379,11.4062]]],[[[98.9471,11.4079],[98.9471,11.4096],[98.9479,11.4096],[98.9479,11.4087],[98.9496,11.4087],[98.9496,11.4079],[98.9479,11.4079],[98.9479,11.4062],[98.9463,11.4062],[98.9463,11.4079],[98.9471,11.4079]]],[[[98.9996,11.4104],[98.9988,11.4104],[98.9988,11.4129],[98.9996,11.4129],[98.9996,11.4104]]],[[[98.9329,11.4162],[98.9329,11.4179],[98.9338,11.4179],[98.9338,11.4187],[98.9354,11.4187],[98.9354,11.4162],[98.9329,11.4162]]],[[[98.9588,11.4237],[98.9588,11.4254],[98.9613,11.4254],[98.9613,11.4262],[98.9621,11.4262],[98.9621,11.4237],[98.9588,11.4237]]],[[[98.9871,11.4404],[98.9871,11.4396],[98.9863,11.4396],[98.9863,11.4379],[98.9871,11.4379],[98.9871,11.4362],[98.9854,11.4354],[98.9854,11.4404],[98.9871,11.4404]]],[[[99.0229,11.4446],[99.0229,11.4462],[99.0246,11.4462],[99.0246,11.4446],[99.0229,11.4446]]],[[[98.9754,11.4471],[98.9746,11.4487],[98.9771,11.4487],[98.9771,11.4471],[98.9754,11.4471]]],[[[99.0196,11.4496],[99.0196,11.4487],[99.0213,11.4487],[99.0221,11.4471],[99.0204,11.4471],[99.0204,11.4479],[99.0179,11.4479],[99.0179,11.4487],[99.0163,11.4487],[99.0163,11.4496],[99.0154,11.4496],[99.0154,11.4512],[99.0179,11.4512],[99.0179,11.4504],[99.0196,11.4496]]],[[[99.0146,11.4529],[99.0138,11.4529],[99.0138,11.4537],[99.0121,11.4537],[99.0121,11.4546],[99.0146,11.4546],[99.0146,11.4537],[99.0154,11.4537],[99.0154,11.4521],[99.0146,11.4521],[99.0146,11.4529]]],[[[98.9796,11.4554],[98.9796,11.4546],[98.9829,11.4546],[98.9829,11.4537],[98.9788,11.4537],[98.9788,11.4546],[98.9771,11.4546],[98.9771,11.4554],[98.9796,11.4554]]],[[[99.0154,11.4554],[99.0154,11.4571],[99.0171,11.4571],[99.0171,11.4554],[99.0154,11.4554]]],[[[98.9746,11.4579],[98.9746,11.4571],[98.9754,11.4571],[98.9754,11.4554],[98.9746,11.4554],[98.9746,11.4562],[98.9721,11.4562],[98.9721,11.4579],[98.9746,11.4579]]],[[[98.9871,11.4654],[98.9863,11.4637],[98.9854,11.4637],[98.9854,11.4662],[98.9871,11.4654]]],[[[99.0096,11.4704],[99.0079,11.4704],[99.0079,11.4712],[99.0071,11.4712],[99.0071,11.4729],[99.0096,11.4729],[99.0096,11.4704]]],[[[99.0096,11.4737],[99.0104,11.4737],[99.0104,11.4746],[99.0129,11.4746],[99.0129,11.4729],[99.0096,11.4729],[99.0096,11.4737]]],[[[98.9688,11.4746],[98.9671,11.4746],[98.9671,11.4762],[98.9688,11.4762],[98.9688,11.4746]]],[[[98.9763,11.4812],[98.9763,11.4787],[98.9746,11.4779],[98.9746,11.4804],[98.9763,11.4812]]],[[[98.9671,11.4029],[98.9671,11.4037],[98.9654,11.4037],[98.9654,11.4012],[98.9621,11.4012],[98.9621,11.4037],[98.9613,11.4037],[98.9613,11.4054],[98.9604,11.4054],[98.9604,11.4062],[98.9613,11.4062],[98.9613,11.4079],[98.9596,11.4079],[98.9596,11.4071],[98.9563,11.4071],[98.9563,11.4062],[98.9554,11.4062],[98.9554,11.4046],[98.9563,11.4046],[98.9563,11.4037],[98.9546,11.4037],[98.9546,11.4046],[98.9538,11.4046],[98.9538,11.4071],[98.9554,11.4071],[98.9554,11.4087],[98.9563,11.4087],[98.9563,11.4096],[98.9579,11.4096],[98.9579,11.4104],[98.9613,11.4104],[98.9613,11.4096],[98.9621,11.4096],[98.9621,11.4079],[98.9638,11.4079],[98.9638,11.4096],[98.9629,11.4096],[98.9629,11.4121],[98.9621,11.4121],[98.9621,11.4137],[98.9604,11.4137],[98.9604,11.4179],[98.9638,11.4179],[98.9638,11.4171],[98.9621,11.4171],[98.9621,11.4154],[98.9629,11.4154],[98.9629,11.4129],[98.9638,11.4129],[98.9638,11.4121],[98.9654,11.4121],[98.9654,11.4112],[98.9663,11.4112],[98.9663,11.4121],[98.9704,11.4121],[98.9704,11.4129],[98.9721,11.4129],[98.9721,11.4146],[98.9738,11.4146],[98.9738,11.4154],[98.9746,11.4154],[98.9746,11.4204],[98.9704,11.4204],[98.9704,11.4212],[98.9721,11.4212],[98.9721,11.4221],[98.9729,11.4221],[98.9729,11.4229],[98.9713,11.4237],[98.9713,11.4271],[98.9704,11.4271],[98.9704,11.4279],[98.9713,11.4279],[98.9713,11.4304],[98.9704,11.4304],[98.9704,11.4321],[98.9721,11.4321],[98.9721,11.4346],[98.9713,11.4346],[98.9713,11.4379],[98.9704,11.4379],[98.9704,11.4396],[98.9679,11.4396],[98.9679,11.4412],[98.9704,11.4412],[98.9704,11.4404],[98.9721,11.4396],[98.9721,11.4379],[98.9738,11.4379],[98.9738,11.4387],[98.9746,11.4387],[98.9746,11.4404],[98.9729,11.4412],[98.9721,11.4429],[98.9688,11.4429],[98.9688,11.4421],[98.9663,11.4421],[98.9663,11.4429],[98.9671,11.4429],[98.9671,11.4437],[98.9713,11.4437],[98.9713,11.4454],[98.9704,11.4454],[98.9704,11.4462],[98.9721,11.4462],[98.9721,11.4437],[98.9746,11.4437],[98.9746,11.4429],[98.9754,11.4429],[98.9754,11.4404],[98.9771,11.4404],[98.9771,11.4387],[98.9779,11.4387],[98.9779,11.4379],[98.9804,11.4379],[98.9804,11.4354],[98.9829,11.4354],[98.9838,11.4337],[98.9888,11.4337],[98.9888,11.4346],[98.9896,11.4346],[98.9896,11.4429],[98.9913,11.4429],[98.9913,11.4454],[98.9904,11.4454],[98.9904,11.4471],[98.9921,11.4479],[98.9921,11.4571],[98.9929,11.4571],[98.9929,11.4579],[98.9913,11.4579],[98.9913,11.4562],[98.9904,11.4562],[98.9904,11.4554],[98.9888,11.4554],[98.9888,11.4579],[98.9896,11.4579],[98.9896,11.4596],[98.9904,11.4596],[98.9904,11.4621],[98.9896,11.4621],[98.9896,11.4629],[98.9904,11.4629],[98.9904,11.4654],[98.9888,11.4654],[98.9879,11.4671],[98.9896,11.4671],[98.9896,11.4687],[98.9879,11.4696],[98.9879,11.4704],[98.9829,11.4704],[98.9829,11.4696],[98.9763,11.4696],[98.9763,11.4687],[98.9746,11.4696],[98.9746,11.4721],[98.9754,11.4721],[98.9754,11.4712],[98.9779,11.4712],[98.9779,11.4721],[98.9804,11.4721],[98.9804,11.4712],[98.9838,11.4712],[98.9838,11.4721],[98.9854,11.4721],[98.9854,11.4729],[98.9879,11.4729],[98.9879,11.4737],[98.9888,11.4737],[98.9888,11.4754],[98.9871,11.4754],[98.9871,11.4779],[98.9904,11.4779],[98.9904,11.4804],[98.9863,11.4804],[98.9863,11.4821],[98.9854,11.4821],[98.9854,11.4829],[98.9838,11.4829],[98.9838,11.4854],[98.9863,11.4854],[98.9871,11.4871],[98.9863,11.4871],[98.9863,11.4879],[98.9846,11.4887],[98.9846,11.4896],[98.9821,11.4896],[98.9821,11.4912],[98.9796,11.4912],[98.9796,11.4921],[98.9829,11.4921],[98.9829,11.4912],[98.9871,11.4912],[98.9871,11.4937],[98.9863,11.4937],[98.9863,11.4954],[98.9846,11.4962],[98.9846,11.4987],[98.9854,11.4987],[98.9854,11.4996],[98.9846,11.4996],[98.9846,11.5004],[98.9829,11.5012],[98.9829,11.5037],[98.9846,11.5037],[98.9846,11.5012],[98.9863,11.5012],[98.9863,11.5029],[98.9871,11.5029],[98.9871,11.5112],[98.9879,11.5112],[98.9879,11.5121],[98.9896,11.5121],[98.9896,11.5129],[98.9913,11.5129],[98.9913,11.5121],[98.9938,11.5121],[98.9938,11.5146],[98.9929,11.5146],[98.9929,11.5204],[98.9938,11.5204],[98.9938,11.5221],[98.9913,11.5221],[98.9913,11.5246],[98.9879,11.5246],[98.9879,11.5262],[98.9888,11.5262],[98.9888,11.5279],[98.9938,11.5279],[98.9938,11.5287],[98.9954,11.5287],[98.9954,11.5296],[98.9979,11.5296],[98.9979,11.5346],[98.9996,11.5354],[98.9996,11.5371],[99.0013,11.5379],[99.0013,11.5387],[99.0029,11.5379],[99.0029,11.5362],[99.0046,11.5362],[99.0038,11.5379],[99.0046,11.5379],[99.0046,11.5396],[99.0054,11.5396],[99.0054,11.5412],[99.0013,11.5412],[99.0013,11.5429],[99.0029,11.5429],[99.0029,11.5437],[99.0021,11.5437],[99.0021,11.5454],[99.0004,11.5454],[99.0004,11.5479],[99.0013,11.5479],[99.0013,11.5487],[99.0029,11.5479],[99.0029,11.5462],[99.0046,11.5462],[99.0046,11.5454],[99.0063,11.5454],[99.0063,11.5446],[99.0088,11.5446],[99.0088,11.5462],[99.0079,11.5462],[99.0079,11.5479],[99.0096,11.5479],[99.0096,11.5462],[99.0104,11.5462],[99.0104,11.5437],[99.0121,11.5429],[99.0121,11.5404],[99.0104,11.5396],[99.0104,11.5371],[99.0113,11.5371],[99.0113,11.5362],[99.0154,11.5362],[99.0154,11.5371],[99.0163,11.5371],[99.0163,11.5396],[99.0146,11.5387],[99.0146,11.5379],[99.0129,11.5379],[99.0129,11.5421],[99.0146,11.5429],[99.0146,11.5437],[99.0171,11.5437],[99.0179,11.5454],[99.0188,11.5454],[99.0188,11.5479],[99.0213,11.5479],[99.0213,11.5496],[99.0204,11.5496],[99.0204,11.5504],[99.0221,11.5504],[99.0221,11.5496],[99.0254,11.5496],[99.0254,11.5479],[99.0271,11.5479],[99.0271,11.5496],[99.0263,11.5496],[99.0263,11.5504],[99.0246,11.5512],[99.0246,11.5521],[99.0204,11.5521],[99.0204,11.5529],[99.0196,11.5529],[99.0196,11.5546],[99.0179,11.5546],[99.0179,11.5612],[99.0188,11.5612],[99.0188,11.5629],[99.0204,11.5637],[99.0204,11.5646],[99.0213,11.5646],[99.0221,11.5662],[99.0229,11.5662],[99.0229,11.5679],[99.0238,11.5679],[99.0238,11.5704],[99.0221,11.5704],[99.0221,11.5712],[99.0188,11.5712],[99.0188,11.5721],[99.0163,11.5721],[99.0163,11.5729],[99.0129,11.5729],[99.0129,11.5737],[99.0104,11.5737],[99.0104,11.5746],[99.0071,11.5746],[99.0071,11.5754],[99.0029,11.5754],[99.0029,11.5762],[99.0013,11.5754],[99.0013,11.5779],[98.9988,11.5779],[98.9988,11.5812],[98.9971,11.5812],[98.9971,11.5829],[98.9979,11.5829],[98.9979,11.5879],[98.9971,11.5879],[98.9971,11.5912],[98.9963,11.5912],[98.9963,11.5937],[98.9954,11.5937],[98.9954,11.5946],[98.9929,11.5946],[98.9929,11.5937],[98.9888,11.5937],[98.9888,11.5946],[98.9913,11.5946],[98.9913,11.5962],[98.9921,11.5962],[98.9929,11.5979],[98.9946,11.5979],[98.9946,11.5971],[98.9979,11.5971],[98.9988,11.5954],[99.0013,11.5954],[99.0021,11.5937],[99.0038,11.5937],[99.0038,11.5929],[99.0054,11.5929],[99.0054,11.5912],[99.0071,11.5912],[99.0071,11.5954],[99.0079,11.5954],[99.0079,11.5946],[99.0088,11.5946],[99.0088,11.5937],[99.0079,11.5937],[99.0079,11.5921],[99.0088,11.5921],[99.0088,11.5912],[99.0104,11.5912],[99.0104,11.5904],[99.0121,11.5904],[99.0121,11.5887],[99.0129,11.5887],[99.0129,11.5862],[99.0104,11.5862],[99.0096,11.5879],[99.0054,11.5879],[99.0054,11.5862],[99.0038,11.5854],[99.0038,11.5837],[99.0029,11.5837],[99.0029,11.5821],[99.0021,11.5821],[99.0021,11.5796],[99.0029,11.5796],[99.0029,11.5787],[99.0063,11.5787],[99.0063,11.5779],[99.0104,11.5779],[99.0104,11.5771],[99.0129,11.5771],[99.0129,11.5779],[99.0138,11.5779],[99.0138,11.5771],[99.0146,11.5771],[99.0146,11.5779],[99.0154,11.5779],[99.0163,11.5796],[99.0188,11.5796],[99.0188,11.5787],[99.0204,11.5787],[99.0204,11.5779],[99.0213,11.5779],[99.0213,11.5762],[99.0229,11.5762],[99.0229,11.5754],[99.0213,11.5746],[99.0213,11.5729],[99.0263,11.5729],[99.0263,11.5721],[99.0271,11.5721],[99.0271,11.5712],[99.0263,11.5712],[99.0263,11.5671],[99.0254,11.5671],[99.0254,11.5654],[99.0238,11.5646],[99.0229,11.5629],[99.0221,11.5629],[99.0221,11.5621],[99.0204,11.5612],[99.0204,11.5604],[99.0196,11.5604],[99.0196,11.5571],[99.0204,11.5571],[99.0204,11.5562],[99.0263,11.5562],[99.0263,11.5554],[99.0254,11.5554],[99.0254,11.5537],[99.0271,11.5537],[99.0271,11.5546],[99.0279,11.5546],[99.0279,11.5537],[99.0288,11.5537],[99.0288,11.5512],[99.0296,11.5512],[99.0296,11.5496],[99.0313,11.5487],[99.0313,11.5554],[99.0288,11.5554],[99.0288,11.5571],[99.0304,11.5571],[99.0304,11.5579],[99.0321,11.5579],[99.0321,11.5612],[99.0346,11.5612],[99.0346,11.5604],[99.0354,11.5604],[99.0354,11.5587],[99.0346,11.5587],[99.0346,11.5554],[99.0354,11.5554],[99.0354,11.5562],[99.0363,11.5562],[99.0363,11.5554],[99.0371,11.5554],[99.0371,11.5562],[99.0379,11.5562],[99.0379,11.5554],[99.0396,11.5562],[99.0396,11.5529],[99.0421,11.5529],[99.0421,11.5554],[99.0429,11.5554],[99.0429,11.5521],[99.0446,11.5521],[99.0446,11.5529],[99.0454,11.5529],[99.0454,11.5496],[99.0471,11.5487],[99.0471,11.5437],[99.0463,11.5437],[99.0463,11.5429],[99.0446,11.5429],[99.0446,11.5437],[99.0438,11.5437],[99.0438,11.5412],[99.0429,11.5412],[99.0421,11.5429],[99.0404,11.5421],[99.0404,11.5371],[99.0413,11.5371],[99.0413,11.5337],[99.0438,11.5337],[99.0438,11.5346],[99.0463,11.5346],[99.0463,11.5312],[99.0446,11.5312],[99.0446,11.5287],[99.0454,11.5287],[99.0454,11.5304],[99.0488,11.5304],[99.0488,11.5271],[99.0479,11.5271],[99.0479,11.5262],[99.0463,11.5262],[99.0463,11.5237],[99.0496,11.5237],[99.0496,11.5246],[99.0513,11.5246],[99.0513,11.5229],[99.0521,11.5229],[99.0521,11.5212],[99.0504,11.5212],[99.0504,11.5196],[99.0496,11.5196],[99.0496,11.5171],[99.0513,11.5171],[99.0513,11.5196],[99.0563,11.5196],[99.0563,11.5187],[99.0546,11.5179],[99.0546,11.5162],[99.0538,11.5162],[99.0538,11.5104],[99.0521,11.5112],[99.0521,11.5121],[99.0504,11.5129],[99.0496,11.5146],[99.0471,11.5146],[99.0471,11.5137],[99.0479,11.5137],[99.0479,11.5112],[99.0454,11.5112],[99.0454,11.5104],[99.0471,11.5104],[99.0471,11.5079],[99.0479,11.5079],[99.0479,11.5062],[99.0463,11.5071],[99.0463,11.5079],[99.0438,11.5079],[99.0438,11.5071],[99.0429,11.5071],[99.0429,11.5096],[99.0396,11.5096],[99.0396,11.5079],[99.0388,11.5079],[99.0388,11.5054],[99.0371,11.5046],[99.0371,11.5054],[99.0354,11.5054],[99.0354,11.5062],[99.0371,11.5071],[99.0371,11.5104],[99.0379,11.5104],[99.0379,11.5112],[99.0354,11.5112],[99.0354,11.5121],[99.0338,11.5121],[99.0338,11.5112],[99.0321,11.5112],[99.0321,11.5121],[99.0279,11.5121],[99.0279,11.5112],[99.0229,11.5112],[99.0229,11.5104],[99.0221,11.5104],[99.0221,11.5087],[99.0213,11.5087],[99.0213,11.5062],[99.0196,11.5062],[99.0196,11.5054],[99.0179,11.5054],[99.0179,11.5046],[99.0171,11.5046],[99.0171,11.4996],[99.0188,11.4987],[99.0188,11.4979],[99.0213,11.4979],[99.0213,11.4987],[99.0221,11.4987],[99.0221,11.4971],[99.0204,11.4971],[99.0204,11.4946],[99.0188,11.4946],[99.0188,11.4904],[99.0179,11.4904],[99.0179,11.4879],[99.0154,11.4879],[99.0154,11.4921],[99.0138,11.4921],[99.0138,11.4912],[99.0121,11.4912],[99.0121,11.4904],[99.0104,11.4896],[99.0104,11.4887],[99.0096,11.4887],[99.0096,11.4912],[99.0071,11.4912],[99.0071,11.4921],[99.0029,11.4921],[99.0029,11.4929],[99.0004,11.4929],[99.0004,11.4954],[98.9979,11.4954],[98.9979,11.4962],[98.9963,11.4954],[98.9963,11.4962],[98.9946,11.4962],[98.9946,11.4971],[98.9929,11.4971],[98.9929,11.4954],[98.9938,11.4954],[98.9938,11.4921],[98.9946,11.4921],[98.9946,11.4896],[98.9963,11.4896],[98.9963,11.4887],[98.9946,11.4887],[98.9946,11.4854],[98.9963,11.4854],[98.9963,11.4846],[98.9979,11.4837],[98.9979,11.4829],[98.9971,11.4829],[98.9963,11.4812],[99.0004,11.4812],[99.0004,11.4796],[98.9979,11.4796],[98.9979,11.4787],[98.9963,11.4787],[98.9963,11.4771],[98.9954,11.4771],[98.9954,11.4762],[98.9963,11.4762],[98.9971,11.4746],[98.9988,11.4746],[98.9988,11.4737],[99.0004,11.4737],[99.0004,11.4746],[99.0029,11.4746],[99.0021,11.4729],[99.0004,11.4729],[99.0004,11.4721],[98.9988,11.4721],[98.9988,11.4729],[98.9963,11.4729],[98.9963,11.4696],[98.9971,11.4696],[98.9971,11.4679],[98.9979,11.4679],[98.9979,11.4671],[99.0021,11.4671],[99.0021,11.4687],[99.0029,11.4687],[99.0029,11.4712],[99.0038,11.4712],[99.0038,11.4704],[99.0063,11.4704],[99.0063,11.4679],[99.0071,11.4679],[99.0071,11.4671],[99.0088,11.4671],[99.0088,11.4679],[99.0104,11.4679],[99.0104,11.4646],[99.0088,11.4646],[99.0088,11.4604],[99.0071,11.4604],[99.0071,11.4596],[99.0063,11.4596],[99.0063,11.4562],[99.0071,11.4562],[99.0071,11.4554],[99.0054,11.4546],[99.0054,11.4529],[99.0046,11.4529],[99.0046,11.4521],[99.0029,11.4521],[99.0029,11.4529],[99.0013,11.4529],[99.0013,11.4487],[98.9988,11.4487],[98.9988,11.4479],[98.9963,11.4479],[98.9963,11.4471],[98.9979,11.4462],[98.9979,11.4446],[98.9971,11.4446],[98.9971,11.4421],[98.9963,11.4421],[98.9963,11.4337],[98.9954,11.4337],[98.9954,11.4321],[98.9946,11.4321],[98.9938,11.4304],[98.9921,11.4304],[98.9921,11.4296],[98.9913,11.4296],[98.9913,11.4287],[98.9946,11.4287],[98.9946,11.4279],[98.9979,11.4279],[98.9979,11.4271],[99.0013,11.4271],[99.0013,11.4262],[99.0021,11.4262],[99.0021,11.4246],[99.0046,11.4246],[99.0046,11.4229],[99.0021,11.4229],[99.0021,11.4221],[99.0013,11.4221],[99.0013,11.4204],[99.0021,11.4204],[99.0021,11.4187],[99.0029,11.4187],[99.0029,11.4171],[99.0046,11.4171],[99.0046,11.4162],[99.0071,11.4162],[99.0071,11.4171],[99.0079,11.4171],[99.0079,11.4146],[99.0088,11.4146],[99.0088,11.4121],[99.0071,11.4129],[99.0071,11.4146],[99.0054,11.4146],[99.0054,11.4129],[99.0029,11.4129],[99.0029,11.4137],[99.0021,11.4137],[99.0021,11.4162],[98.9996,11.4162],[98.9996,11.4154],[98.9979,11.4154],[98.9979,11.4129],[98.9954,11.4129],[98.9954,11.4087],[98.9946,11.4087],[98.9946,11.4071],[98.9954,11.4071],[98.9954,11.4062],[98.9971,11.4062],[98.9971,11.4071],[98.9979,11.4071],[98.9988,11.4087],[98.9996,11.4087],[99.0004,11.4071],[99.0046,11.4071],[99.0046,11.4046],[99.0029,11.4046],[99.0029,11.4021],[99.0038,11.4021],[99.0038,11.3987],[99.0046,11.3987],[99.0046,11.3962],[99.0038,11.3962],[99.0038,11.3937],[99.0029,11.3937],[99.0029,11.3929],[99.0013,11.3929],[99.0013,11.3871],[98.9988,11.3871],[98.9988,11.3921],[99.0004,11.3921],[99.0004,11.3929],[98.9988,11.3937],[98.9988,11.3946],[98.9996,11.3946],[98.9996,11.3979],[98.9979,11.3987],[98.9979,11.4021],[98.9971,11.4021],[98.9971,11.4046],[98.9946,11.4046],[98.9946,11.4054],[98.9929,11.4054],[98.9929,11.4029],[98.9913,11.4029],[98.9904,11.4012],[98.9896,11.4012],[98.9896,11.3996],[98.9879,11.3996],[98.9879,11.3987],[98.9871,11.3987],[98.9871,11.3954],[98.9846,11.3954],[98.9846,11.3962],[98.9854,11.3962],[98.9854,11.3971],[98.9846,11.3971],[98.9854,11.3987],[98.9846,11.3987],[98.9846,11.3996],[98.9854,11.3996],[98.9854,11.4004],[98.9879,11.4004],[98.9879,11.4012],[98.9838,11.4012],[98.9838,11.4021],[98.9813,11.4021],[98.9821,11.4037],[98.9829,11.4037],[98.9829,11.4062],[98.9821,11.4062],[98.9821,11.4079],[98.9796,11.4079],[98.9796,11.4029],[98.9788,11.4029],[98.9788,11.3996],[98.9779,11.3996],[98.9779,11.3979],[98.9763,11.3971],[98.9763,11.3929],[98.9746,11.3921],[98.9746,11.3862],[98.9738,11.3862],[98.9738,11.3837],[98.9729,11.3837],[98.9729,11.3846],[98.9696,11.3846],[98.9696,11.3854],[98.9679,11.3862],[98.9679,11.3846],[98.9688,11.3846],[98.9688,11.3829],[98.9696,11.3829],[98.9696,11.3812],[98.9679,11.3804],[98.9679,11.3812],[98.9671,11.3812],[98.9671,11.3854],[98.9663,11.3854],[98.9663,11.3879],[98.9671,11.3879],[98.9671,11.3887],[98.9688,11.3887],[98.9688,11.3879],[98.9696,11.3879],[98.9704,11.3862],[98.9721,11.3862],[98.9721,11.3879],[98.9729,11.3879],[98.9729,11.3904],[98.9738,11.3904],[98.9738,11.3929],[98.9746,11.3929],[98.9746,11.3954],[98.9738,11.3954],[98.9738,11.3979],[98.9721,11.3979],[98.9721,11.3996],[98.9738,11.3996],[98.9738,11.4021],[98.9721,11.4012],[98.9721,11.4021],[98.9704,11.4029],[98.9704,11.4046],[98.9688,11.4046],[98.9679,11.4029],[98.9671,11.4029]],[[99.0138,11.5412],[99.0146,11.5412],[99.0146,11.5421],[99.0138,11.5421],[99.0138,11.5412]],[[99.0154,11.5771],[99.0163,11.5771],[99.0163,11.5779],[99.0154,11.5779],[99.0154,11.5771]],[[98.9754,11.4021],[98.9754,11.4029],[98.9738,11.4029],[98.9738,11.4021],[98.9754,11.4021]],[[99.0446,11.5137],[99.0438,11.5137],[99.0438,11.5129],[99.0446,11.5129],[99.0446,11.5137]],[[99.0446,11.5121],[99.0454,11.5121],[99.0454,11.5129],[99.0446,11.5129],[99.0446,11.5121]],[[99.0429,11.5454],[99.0446,11.5446],[99.0446,11.5454],[99.0454,11.5454],[99.0454,11.5471],[99.0429,11.5471],[99.0429,11.5454]],[[99.0438,11.5504],[99.0421,11.5504],[99.0421,11.5487],[99.0438,11.5487],[99.0438,11.5504]],[[99.0396,11.5354],[99.0388,11.5354],[99.0388,11.5362],[99.0371,11.5362],[99.0371,11.5346],[99.0396,11.5346],[99.0396,11.5354]],[[99.0388,11.5412],[99.0379,11.5412],[99.0379,11.5404],[99.0388,11.5404],[99.0388,11.5412]],[[99.0371,11.5396],[99.0363,11.5396],[99.0363,11.5387],[99.0371,11.5387],[99.0371,11.5396]],[[99.0363,11.5146],[99.0354,11.5146],[99.0354,11.5137],[99.0363,11.5137],[99.0363,11.5146]],[[99.0338,11.5171],[99.0329,11.5171],[99.0329,11.5162],[99.0338,11.5162],[99.0338,11.5171]],[[99.0338,11.5571],[99.0329,11.5571],[99.0321,11.5554],[99.0338,11.5554],[99.0338,11.5571]],[[99.0338,11.5212],[99.0321,11.5212],[99.0321,11.5196],[99.0338,11.5196],[99.0338,11.5212]],[[99.0321,11.5154],[99.0304,11.5162],[99.0304,11.5137],[99.0321,11.5137],[99.0321,11.5154]],[[99.0313,11.5229],[99.0296,11.5229],[99.0296,11.5221],[99.0313,11.5221],[99.0313,11.5229]],[[99.0296,11.5287],[99.0288,11.5287],[99.0288,11.5279],[99.0296,11.5279],[99.0296,11.5287]],[[99.0254,11.5221],[99.0246,11.5221],[99.0246,11.5212],[99.0254,11.5212],[99.0254,11.5221]],[[99.0263,11.5221],[99.0263,11.5229],[99.0254,11.5229],[99.0254,11.5221],[99.0263,11.5221]],[[99.0271,11.5229],[99.0271,11.5237],[99.0263,11.5237],[99.0263,11.5229],[99.0271,11.5229]],[[99.0254,11.5204],[99.0246,11.5204],[99.0246,11.5179],[99.0263,11.5187],[99.0263,11.5196],[99.0271,11.5196],[99.0263,11.5212],[99.0254,11.5212],[99.0254,11.5204]],[[99.0263,11.5279],[99.0254,11.5279],[99.0254,11.5262],[99.0263,11.5262],[99.0263,11.5279]],[[99.0229,11.5154],[99.0213,11.5154],[99.0213,11.5146],[99.0229,11.5137],[99.0229,11.5154]],[[99.0229,11.5129],[99.0238,11.5129],[99.0238,11.5137],[99.0229,11.5137],[99.0229,11.5129]],[[99.0221,11.5437],[99.0229,11.5437],[99.0229,11.5462],[99.0238,11.5462],[99.0229,11.5479],[99.0213,11.5471],[99.0213,11.5429],[99.0221,11.5429],[99.0221,11.5437]],[[99.0213,11.5212],[99.0204,11.5212],[99.0204,11.5204],[99.0213,11.5204],[99.0213,11.5212]],[[99.0213,11.5296],[99.0204,11.5296],[99.0204,11.5287],[99.0213,11.5287],[99.0213,11.5296]],[[99.0196,11.5146],[99.0179,11.5146],[99.0179,11.5137],[99.0196,11.5137],[99.0196,11.5146]],[[99.0179,11.5362],[99.0171,11.5362],[99.0171,11.5354],[99.0179,11.5354],[99.0179,11.5362]],[[99.0179,11.4946],[99.0163,11.4946],[99.0163,11.4929],[99.0171,11.4929],[99.0171,11.4921],[99.0179,11.4921],[99.0179,11.4946]],[[99.0154,11.5304],[99.0138,11.5304],[99.0138,11.5287],[99.0154,11.5287],[99.0154,11.5304]],[[99.0146,11.5329],[99.0129,11.5329],[99.0129,11.5312],[99.0146,11.5312],[99.0146,11.5329]],[[99.0129,11.5129],[99.0129,11.5137],[99.0121,11.5137],[99.0121,11.5129],[99.0129,11.5129]],[[99.0129,11.5121],[99.0138,11.5121],[99.0138,11.5129],[99.0129,11.5129],[99.0129,11.5121]],[[99.0146,11.5129],[99.0146,11.5137],[99.0138,11.5137],[99.0138,11.5129],[99.0146,11.5129]],[[99.0113,11.5129],[99.0113,11.5121],[99.0121,11.5121],[99.0121,11.5129],[99.0113,11.5129]],[[99.0063,11.5171],[99.0071,11.5154],[99.0138,11.5154],[99.0138,11.5162],[99.0113,11.5162],[99.0113,11.5179],[99.0079,11.5179],[99.0079,11.5187],[99.0063,11.5187],[99.0063,11.5179],[99.0071,11.5179],[99.0071,11.5171],[99.0063,11.5171]],[[99.0046,11.5162],[99.0046,11.5154],[99.0038,11.5154],[99.0038,11.5121],[99.0054,11.5121],[99.0054,11.5154],[99.0063,11.5154],[99.0063,11.5162],[99.0046,11.5162]],[[99.0096,11.5396],[99.0079,11.5396],[99.0079,11.5387],[99.0096,11.5387],[99.0096,11.5396]],[[99.0063,11.5112],[99.0063,11.5096],[99.0046,11.5087],[99.0046,11.5071],[99.0079,11.5087],[99.0079,11.5112],[99.0096,11.5112],[99.0096,11.5129],[99.0063,11.5112]],[[99.0038,11.5071],[99.0038,11.5062],[99.0046,11.5062],[99.0046,11.5071],[99.0038,11.5071]],[[99.0063,11.5329],[99.0054,11.5329],[99.0054,11.5312],[99.0088,11.5312],[99.0088,11.5329],[99.0079,11.5329],[99.0079,11.5337],[99.0063,11.5337],[99.0063,11.5329]],[[99.0079,11.5362],[99.0088,11.5362],[99.0088,11.5379],[99.0071,11.5379],[99.0071,11.5354],[99.0079,11.5354],[99.0079,11.5362]],[[99.0071,11.5054],[99.0063,11.5054],[99.0063,11.5046],[99.0071,11.5046],[99.0071,11.5054]],[[99.0063,11.5437],[99.0054,11.5437],[99.0054,11.5429],[99.0063,11.5429],[99.0063,11.5437]],[[99.0046,11.5354],[99.0029,11.5346],[99.0029,11.5312],[99.0046,11.5312],[99.0046,11.5354]],[[99.0046,11.4954],[99.0038,11.4954],[99.0038,11.4946],[99.0046,11.4946],[99.0046,11.4954]],[[99.0021,11.5146],[99.0013,11.5146],[99.0013,11.5112],[99.0021,11.5112],[99.0021,11.5146]],[[99.0013,11.5087],[99.0021,11.5087],[99.0021,11.5096],[98.9996,11.5096],[98.9996,11.5079],[98.9988,11.5079],[98.9988,11.5062],[99.0004,11.5062],[99.0004,11.5071],[99.0013,11.5071],[99.0013,11.5087]],[[99.0021,11.5329],[99.0021,11.5337],[99.0013,11.5337],[99.0013,11.5329],[99.0021,11.5329]],[[98.9996,11.5329],[98.9996,11.5304],[99.0004,11.5304],[99.0004,11.5312],[99.0013,11.5312],[99.0013,11.5329],[98.9996,11.5329]],[[99.0021,11.3954],[99.0013,11.3954],[99.0013,11.3946],[99.0021,11.3946],[99.0021,11.3954]],[[98.9996,11.4621],[99.0013,11.4612],[99.0013,11.4629],[99.0004,11.4629],[99.0004,11.4637],[98.9996,11.4637],[98.9996,11.4621]],[[98.9996,11.5196],[98.9996,11.5212],[98.9988,11.5212],[98.9988,11.5196],[98.9996,11.5196]],[[99.0004,11.5212],[99.0004,11.5221],[98.9996,11.5221],[98.9996,11.5212],[99.0004,11.5212]],[[98.9979,11.5196],[98.9979,11.5187],[98.9988,11.5187],[98.9988,11.5196],[98.9979,11.5196]],[[98.9979,11.5037],[98.9963,11.5037],[98.9963,11.5021],[98.9979,11.5029],[98.9979,11.5037]],[[98.9979,11.5021],[98.9988,11.5021],[98.9988,11.5029],[98.9979,11.5029],[98.9979,11.5021]],[[98.9996,11.5029],[98.9996,11.5037],[98.9988,11.5037],[98.9988,11.5029],[98.9996,11.5029]],[[99.0004,11.5037],[99.0004,11.5046],[98.9996,11.5046],[98.9996,11.5037],[99.0004,11.5037]],[[98.9996,11.5262],[98.9979,11.5262],[98.9979,11.5254],[98.9996,11.5254],[98.9996,11.5262]],[[98.9979,11.4596],[98.9963,11.4587],[98.9963,11.4571],[98.9979,11.4571],[98.9979,11.4562],[98.9988,11.4562],[98.9988,11.4587],[98.9979,11.4587],[98.9979,11.4596]],[[98.9979,11.5087],[98.9979,11.5096],[98.9971,11.5096],[98.9971,11.5087],[98.9979,11.5087]],[[98.9963,11.5087],[98.9963,11.5079],[98.9954,11.5079],[98.9946,11.5062],[98.9971,11.5062],[98.9971,11.5087],[98.9963,11.5087]],[[98.9963,11.4646],[98.9971,11.4646],[98.9971,11.4654],[98.9954,11.4654],[98.9954,11.4637],[98.9963,11.4637],[98.9963,11.4646]],[[98.9963,11.4504],[98.9938,11.4504],[98.9938,11.4496],[98.9946,11.4496],[98.9946,11.4487],[98.9963,11.4487],[98.9963,11.4504]],[[98.9954,11.4746],[98.9946,11.4746],[98.9946,11.4737],[98.9954,11.4737],[98.9954,11.4746]],[[98.9938,11.5246],[98.9929,11.5246],[98.9929,11.5229],[98.9946,11.5229],[98.9946,11.5237],[98.9954,11.5237],[98.9954,11.5254],[98.9938,11.5254],[98.9938,11.5246]],[[98.9946,11.4621],[98.9938,11.4621],[98.9938,11.4612],[98.9946,11.4612],[98.9946,11.4621]],[[98.9946,11.4537],[98.9938,11.4537],[98.9938,11.4529],[98.9946,11.4529],[98.9946,11.4537]],[[98.9946,11.4379],[98.9938,11.4379],[98.9938,11.4371],[98.9946,11.4371],[98.9946,11.4379]],[[98.9938,11.4471],[98.9929,11.4471],[98.9929,11.4462],[98.9938,11.4462],[98.9938,11.4471]],[[98.9938,11.4454],[98.9946,11.4454],[98.9946,11.4462],[98.9938,11.4462],[98.9938,11.4454]],[[98.9938,11.4737],[98.9929,11.4737],[98.9929,11.4729],[98.9938,11.4729],[98.9938,11.4737]],[[98.9929,11.4712],[98.9913,11.4712],[98.9913,11.4696],[98.9929,11.4696],[98.9929,11.4712]],[[98.9929,11.4937],[98.9913,11.4937],[98.9913,11.4912],[98.9929,11.4912],[98.9929,11.4937]],[[98.9888,11.4271],[98.9871,11.4271],[98.9871,11.4254],[98.9879,11.4254],[98.9879,11.4246],[98.9888,11.4246],[98.9888,11.4271]],[[98.9888,11.4237],[98.9871,11.4237],[98.9871,11.4221],[98.9863,11.4221],[98.9863,11.4196],[98.9896,11.4196],[98.9896,11.4246],[98.9888,11.4246],[98.9888,11.4237]],[[98.9921,11.4246],[98.9921,11.4237],[98.9929,11.4237],[98.9929,11.4254],[98.9896,11.4254],[98.9896,11.4246],[98.9921,11.4246]],[[98.9921,11.5029],[98.9904,11.5021],[98.9904,11.4987],[98.9921,11.4987],[98.9921,11.5029]],[[98.9921,11.4762],[98.9904,11.4762],[98.9904,11.4754],[98.9921,11.4754],[98.9921,11.4762]],[[98.9921,11.4354],[98.9913,11.4354],[98.9913,11.4346],[98.9921,11.4346],[98.9921,11.4354]],[[98.9921,11.5104],[98.9896,11.5104],[98.9896,11.5087],[98.9904,11.5087],[98.9904,11.5062],[98.9921,11.5062],[98.9921,11.5104]],[[98.9913,11.4054],[98.9888,11.4054],[98.9888,11.4037],[98.9913,11.4037],[98.9913,11.4054]],[[98.9904,11.4921],[98.9888,11.4921],[98.9888,11.4904],[98.9896,11.4904],[98.9896,11.4896],[98.9904,11.4896],[98.9904,11.4921]],[[98.9904,11.4846],[98.9896,11.4846],[98.9896,11.4837],[98.9904,11.4837],[98.9904,11.4846]],[[98.9871,11.4979],[98.9888,11.4971],[98.9888,11.5012],[98.9879,11.5012],[98.9879,11.4996],[98.9871,11.4996],[98.9871,11.4979]],[[98.9871,11.4162],[98.9863,11.4162],[98.9863,11.4154],[98.9871,11.4154],[98.9871,11.4162]],[[98.9863,11.4046],[98.9846,11.4046],[98.9846,11.4029],[98.9863,11.4029],[98.9863,11.4046]],[[98.9854,11.4296],[98.9846,11.4296],[98.9846,11.4287],[98.9854,11.4287],[98.9854,11.4296]],[[98.9829,11.4104],[98.9838,11.4104],[98.9838,11.4121],[98.9821,11.4121],[98.9821,11.4096],[98.9829,11.4096],[98.9829,11.4104]],[[98.9804,11.4171],[98.9788,11.4171],[98.9779,11.4154],[98.9804,11.4154],[98.9804,11.4171]],[[98.9796,11.4337],[98.9779,11.4329],[98.9779,11.4304],[98.9796,11.4304],[98.9796,11.4337]],[[98.9754,11.3996],[98.9746,11.3996],[98.9746,11.3987],[98.9754,11.3987],[98.9754,11.3996]],[[98.9746,11.4296],[98.9738,11.4296],[98.9738,11.4304],[98.9721,11.4304],[98.9721,11.4296],[98.9729,11.4296],[98.9729,11.4279],[98.9738,11.4279],[98.9746,11.4296]],[[98.9646,11.4054],[98.9638,11.4054],[98.9638,11.4046],[98.9646,11.4046],[98.9646,11.4054]]],[[[99.0404,11.4954],[99.0413,11.4954],[99.0413,11.4929],[99.0396,11.4929],[99.0396,11.4946],[99.0388,11.4946],[99.0388,11.4962],[99.0354,11.4962],[99.0354,11.4979],[99.0363,11.4979],[99.0363,11.4971],[99.0396,11.4971],[99.0404,11.4954]]],[[[99.0571,11.5079],[99.0571,11.5071],[99.0588,11.5071],[99.0588,11.5046],[99.0604,11.5046],[99.0604,11.5037],[99.0613,11.5037],[99.0613,11.5029],[99.0604,11.5029],[99.0604,11.4996],[99.0588,11.4996],[99.0588,11.5021],[99.0579,11.5021],[99.0579,11.5037],[99.0571,11.5037],[99.0571,11.5054],[99.0554,11.5062],[99.0554,11.5087],[99.0571,11.5079]]],[[[98.9788,11.5062],[98.9788,11.5071],[98.9779,11.5071],[98.9779,11.5079],[98.9796,11.5079],[98.9796,11.5071],[98.9804,11.5071],[98.9804,11.5054],[98.9788,11.5062]]],[[[98.9754,11.5071],[98.9746,11.5071],[98.9746,11.5079],[98.9713,11.5079],[98.9713,11.5087],[98.9754,11.5087],[98.9754,11.5071]]],[[[99.0463,11.5371],[99.0463,11.5362],[99.0429,11.5362],[99.0429,11.5396],[99.0438,11.5396],[99.0446,11.5412],[99.0463,11.5404],[99.0463,11.5387],[99.0454,11.5387],[99.0454,11.5371],[99.0463,11.5371]]],[[[99.0138,11.5454],[99.0138,11.5471],[99.0146,11.5471],[99.0146,11.5496],[99.0154,11.5496],[99.0154,11.5454],[99.0138,11.5454]]],[[[99.0404,11.5604],[99.0404,11.5612],[99.0429,11.5612],[99.0429,11.5571],[99.0404,11.5571],[99.0404,11.5579],[99.0396,11.5579],[99.0396,11.5604],[99.0404,11.5604]]],[[[98.9179,11.5654],[98.9179,11.5646],[98.9163,11.5646],[98.9163,11.5654],[98.9129,11.5654],[98.9129,11.5671],[98.9138,11.5671],[98.9138,11.5679],[98.9154,11.5679],[98.9154,11.5671],[98.9179,11.5671],[98.9179,11.5696],[98.9204,11.5696],[98.9213,11.5679],[98.9238,11.5679],[98.9238,11.5662],[98.9229,11.5662],[98.9229,11.5654],[98.9204,11.5654],[98.9204,11.5646],[98.9196,11.5646],[98.9196,11.5654],[98.9179,11.5654]]],[[[99.0504,11.5704],[99.0504,11.5746],[99.0521,11.5746],[99.0521,11.5704],[99.0504,11.5704]]],[[[98.9979,11.5754],[98.9979,11.5746],[98.9963,11.5746],[98.9963,11.5771],[98.9971,11.5771],[98.9971,11.5796],[98.9979,11.5796],[98.9979,11.5771],[98.9996,11.5771],[98.9996,11.5762],[99.0004,11.5762],[99.0004,11.5754],[98.9979,11.5754]]],[[[98.9154,11.5779],[98.9138,11.5779],[98.9138,11.5787],[98.9154,11.5796],[98.9154,11.5779]]],[[[99.0654,11.5804],[99.0654,11.5812],[99.0671,11.5812],[99.0671,11.5804],[99.0663,11.5804],[99.0654,11.5787],[99.0646,11.5787],[99.0646,11.5779],[99.0621,11.5779],[99.0621,11.5812],[99.0613,11.5812],[99.0604,11.5829],[99.0621,11.5829],[99.0621,11.5821],[99.0629,11.5821],[99.0629,11.5796],[99.0646,11.5796],[99.0646,11.5804],[99.0654,11.5804]]],[[[99.0588,11.5837],[99.0588,11.5862],[99.0604,11.5862],[99.0604,11.5846],[99.0588,11.5837]]],[[[99.0254,11.5854],[99.0238,11.5854],[99.0238,11.5871],[99.0254,11.5871],[99.0254,11.5854]]],[[[98.9154,11.5871],[98.9154,11.5896],[98.9163,11.5896],[98.9163,11.5871],[98.9154,11.5871]]],[[[98.9088,11.5887],[98.9079,11.5871],[98.9054,11.5871],[98.9054,11.5879],[98.9046,11.5879],[98.9046,11.5896],[98.9029,11.5896],[98.9029,11.5912],[98.9038,11.5912],[98.9038,11.5904],[98.9063,11.5904],[98.9063,11.5896],[98.9079,11.5896],[98.9079,11.5887],[98.9088,11.5887]]],[[[99.0529,11.5887],[99.0529,11.5904],[99.0513,11.5912],[99.0513,11.5946],[99.0488,11.5946],[99.0488,11.5954],[99.0471,11.5954],[99.0471,11.5962],[99.0463,11.5962],[99.0463,11.5971],[99.0479,11.5979],[99.0479,11.5996],[99.0513,11.5996],[99.0513,11.5987],[99.0496,11.5987],[99.0496,11.5979],[99.0504,11.5979],[99.0504,11.5962],[99.0521,11.5962],[99.0521,11.5946],[99.0546,11.5946],[99.0546,11.5921],[99.0554,11.5921],[99.0554,11.5887],[99.0538,11.5887],[99.0538,11.5862],[99.0546,11.5862],[99.0546,11.5846],[99.0538,11.5846],[99.0538,11.5821],[99.0529,11.5821],[99.0529,11.5837],[99.0521,11.5837],[99.0521,11.5887],[99.0529,11.5887]]],[[[98.9254,11.5904],[98.9246,11.5904],[98.9246,11.5937],[98.9254,11.5937],[98.9254,11.5904]]],[[[99.0554,11.5946],[99.0571,11.5946],[99.0571,11.5921],[99.0554,11.5921],[99.0554,11.5946]]],[[[98.9038,11.5929],[98.9038,11.5937],[98.9054,11.5946],[98.9054,11.5954],[98.9046,11.5954],[98.9046,11.5987],[98.9038,11.5987],[98.9038,11.6004],[98.9029,11.6004],[98.9029,11.6029],[98.9004,11.6029],[98.9004,11.6037],[98.8963,11.6037],[98.8963,11.6054],[98.8979,11.6054],[98.8979,11.6079],[98.8996,11.6079],[98.8996,11.6054],[98.9013,11.6054],[98.9013,11.6046],[98.9029,11.6046],[98.9029,11.6037],[98.9046,11.6037],[98.9046,11.6012],[98.9063,11.6004],[98.9063,11.5962],[98.9079,11.5954],[98.9079,11.5929],[98.9104,11.5929],[98.9104,11.5921],[98.9154,11.5921],[98.9154,11.5896],[98.9146,11.5896],[98.9146,11.5904],[98.9113,11.5904],[98.9113,11.5896],[98.9104,11.5896],[98.9104,11.5904],[98.9088,11.5904],[98.9088,11.5912],[98.9079,11.5912],[98.9071,11.5929],[98.9038,11.5929]]],[[[99.0529,11.5979],[99.0529,11.5987],[99.0521,11.5987],[99.0521,11.5996],[99.0538,11.5996],[99.0538,11.5979],[99.0529,11.5979]]],[[[99.0554,11.6079],[99.0604,11.6079],[99.0604,11.6087],[99.0613,11.6087],[99.0613,11.6104],[99.0604,11.6104],[99.0604,11.6121],[99.0621,11.6121],[99.0621,11.6104],[99.0629,11.6104],[99.0629,11.6087],[99.0621,11.6087],[99.0621,11.6062],[99.0604,11.6062],[99.0604,11.6037],[99.0579,11.6037],[99.0579,11.6029],[99.0554,11.6029],[99.0554,11.6046],[99.0546,11.6046],[99.0546,11.6037],[99.0529,11.6029],[99.0529,11.6037],[99.0521,11.6037],[99.0513,11.6054],[99.0488,11.6054],[99.0488,11.6021],[99.0479,11.6021],[99.0479,11.6012],[99.0463,11.6012],[99.0463,11.6004],[99.0446,11.6004],[99.0446,11.6012],[99.0421,11.6012],[99.0421,11.6004],[99.0404,11.6004],[99.0404,11.5996],[99.0396,11.5996],[99.0396,11.5971],[99.0388,11.5971],[99.0388,11.5962],[99.0404,11.5954],[99.0404,11.5937],[99.0388,11.5937],[99.0388,11.5896],[99.0363,11.5896],[99.0363,11.5871],[99.0346,11.5871],[99.0346,11.5846],[99.0363,11.5846],[99.0363,11.5837],[99.0329,11.5837],[99.0329,11.5821],[99.0321,11.5821],[99.0321,11.5846],[99.0329,11.5846],[99.0329,11.5862],[99.0338,11.5862],[99.0338,11.5879],[99.0329,11.5879],[99.0329,11.5904],[99.0321,11.5904],[99.0321,11.5912],[99.0304,11.5912],[99.0304,11.5904],[99.0288,11.5896],[99.0288,11.5887],[99.0254,11.5887],[99.0254,11.5896],[99.0238,11.5896],[99.0238,11.5904],[99.0196,11.5904],[99.0196,11.5912],[99.0188,11.5912],[99.0188,11.5954],[99.0204,11.5954],[99.0204,11.5971],[99.0213,11.5971],[99.0213,11.6012],[99.0246,11.6012],[99.0254,11.6029],[99.0279,11.6029],[99.0288,11.6046],[99.0304,11.6054],[99.0304,11.6062],[99.0321,11.6062],[99.0321,11.6079],[99.0313,11.6079],[99.0313,11.6112],[99.0329,11.6112],[99.0329,11.6087],[99.0338,11.6087],[99.0338,11.6079],[99.0354,11.6079],[99.0354,11.6087],[99.0371,11.6087],[99.0371,11.6079],[99.0388,11.6079],[99.0388,11.6087],[99.0404,11.6087],[99.0404,11.6096],[99.0413,11.6096],[99.0413,11.6112],[99.0429,11.6112],[99.0429,11.6137],[99.0438,11.6137],[99.0438,11.6146],[99.0446,11.6146],[99.0446,11.6162],[99.0463,11.6171],[99.0463,11.6187],[99.0479,11.6179],[99.0479,11.6162],[99.0513,11.6162],[99.0513,11.6171],[99.0521,11.6171],[99.0521,11.6146],[99.0513,11.6146],[99.0513,11.6121],[99.0504,11.6121],[99.0504,11.6087],[99.0538,11.6087],[99.0538,11.6071],[99.0546,11.6071],[99.0546,11.6062],[99.0563,11.6062],[99.0554,11.6079]]],[[[98.9146,11.5987],[98.9146,11.6046],[98.9154,11.6046],[98.9154,11.5987],[98.9146,11.5987]]],[[[98.9279,11.6029],[98.9279,11.6021],[98.9254,11.6021],[98.9263,11.6037],[98.9288,11.6037],[98.9288,11.6029],[98.9279,11.6029]]],[[[99.0679,11.6062],[99.0679,11.6079],[99.0696,11.6079],[99.0696,11.6071],[99.0679,11.6062]]],[[[99.0679,11.6262],[99.0679,11.6271],[99.0663,11.6271],[99.0663,11.6304],[99.0688,11.6304],[99.0688,11.6312],[99.0696,11.6312],[99.0696,11.6287],[99.0704,11.6287],[99.0704,11.6271],[99.0696,11.6271],[99.0696,11.6262],[99.0679,11.6262]]],[[[99.0521,11.6312],[99.0521,11.6329],[99.0538,11.6337],[99.0538,11.6379],[99.0529,11.6379],[99.0529,11.6421],[99.0521,11.6421],[99.0521,11.6429],[99.0554,11.6446],[99.0554,11.6454],[99.0546,11.6454],[99.0546,11.6462],[99.0554,11.6462],[99.0554,11.6471],[99.0546,11.6471],[99.0546,11.6487],[99.0563,11.6487],[99.0563,11.6454],[99.0571,11.6454],[99.0571,11.6437],[99.0588,11.6429],[99.0588,11.6387],[99.0579,11.6387],[99.0579,11.6379],[99.0588,11.6379],[99.0588,11.6371],[99.0613,11.6371],[99.0613,11.6362],[99.0604,11.6362],[99.0604,11.6337],[99.0613,11.6337],[99.0613,11.6321],[99.0596,11.6321],[99.0596,11.6304],[99.0588,11.6304],[99.0588,11.6296],[99.0604,11.6296],[99.0604,11.6304],[99.0646,11.6304],[99.0646,11.6279],[99.0604,11.6279],[99.0604,11.6271],[99.0596,11.6271],[99.0596,11.6237],[99.0579,11.6237],[99.0571,11.6221],[99.0563,11.6221],[99.0563,11.6204],[99.0579,11.6204],[99.0579,11.6179],[99.0571,11.6179],[99.0571,11.6171],[99.0521,11.6171],[99.0521,11.6179],[99.0513,11.6179],[99.0513,11.6196],[99.0496,11.6204],[99.0496,11.6246],[99.0513,11.6254],[99.0513,11.6312],[99.0521,11.6312]],[[99.0546,11.6429],[99.0554,11.6429],[99.0554,11.6437],[99.0546,11.6437],[99.0546,11.6429]]],[[[99.0663,11.6371],[99.0663,11.6396],[99.0688,11.6396],[99.0688,11.6379],[99.0671,11.6379],[99.0671,11.6371],[99.0663,11.6371]]],[[[99.0513,11.6496],[99.0513,11.6487],[99.0521,11.6487],[99.0521,11.6471],[99.0529,11.6471],[99.0538,11.6454],[99.0546,11.6454],[99.0546,11.6446],[99.0529,11.6446],[99.0529,11.6437],[99.0521,11.6437],[99.0521,11.6446],[99.0504,11.6446],[99.0513,11.6462],[99.0504,11.6462],[99.0504,11.6479],[99.0496,11.6479],[99.0496,11.6487],[99.0513,11.6496]]],[[[98.9213,11.6437],[98.9213,11.6429],[98.9204,11.6429],[98.9204,11.6504],[98.9213,11.6504],[98.9213,11.6546],[98.9221,11.6546],[98.9221,11.6471],[98.9213,11.6471],[98.9213,11.6454],[98.9221,11.6454],[98.9229,11.6437],[98.9213,11.6437]]],[[[98.9263,11.6496],[98.9263,11.6504],[98.9279,11.6504],[98.9279,11.6496],[98.9271,11.6496],[98.9263,11.6479],[98.9254,11.6479],[98.9254,11.6496],[98.9263,11.6496]]],[[[99.0463,11.6504],[99.0463,11.6521],[99.0479,11.6521],[99.0479,11.6504],[99.0463,11.6504]]],[[[99.0596,11.6571],[99.0596,11.6562],[99.0579,11.6562],[99.0571,11.6546],[99.0546,11.6546],[99.0546,11.6512],[99.0538,11.6512],[99.0538,11.6496],[99.0529,11.6496],[99.0529,11.6504],[99.0513,11.6504],[99.0513,11.6537],[99.0488,11.6537],[99.0488,11.6546],[99.0521,11.6546],[99.0521,11.6537],[99.0538,11.6537],[99.0538,11.6554],[99.0554,11.6554],[99.0554,11.6571],[99.0596,11.6571]]],[[[98.8996,11.6562],[98.8996,11.6579],[98.9013,11.6579],[98.9013,11.6562],[98.8996,11.6562]]],[[[98.9213,11.6562],[98.9213,11.6554],[98.9204,11.6554],[98.9204,11.6562],[98.9196,11.6562],[98.9188,11.6579],[98.9204,11.6579],[98.9204,11.6571],[98.9229,11.6571],[98.9229,11.6596],[98.9238,11.6596],[98.9238,11.6562],[98.9213,11.6562]]],[[[99.0596,11.6579],[99.0596,11.6596],[99.0613,11.6596],[99.0613,11.6579],[99.0596,11.6579]]],[[[98.9171,11.6596],[98.9163,11.6596],[98.9163,11.6621],[98.9171,11.6621],[98.9171,11.6596]]],[[[98.9088,11.6637],[98.9088,11.6646],[98.9104,11.6646],[98.9104,11.6621],[98.9113,11.6621],[98.9113,11.6604],[98.9088,11.6604],[98.9088,11.6596],[98.9071,11.6587],[98.9071,11.6629],[98.9088,11.6637]]],[[[98.9013,11.6612],[98.9013,11.6629],[98.9038,11.6629],[98.9029,11.6612],[98.9013,11.6612]]],[[[99.0579,11.6637],[99.0579,11.6612],[99.0571,11.6612],[99.0571,11.6579],[99.0563,11.6579],[99.0563,11.6604],[99.0554,11.6604],[99.0554,11.6629],[99.0563,11.6629],[99.0563,11.6654],[99.0554,11.6654],[99.0554,11.6671],[99.0563,11.6671],[99.0563,11.6679],[99.0571,11.6679],[99.0571,11.6671],[99.0579,11.6671],[99.0579,11.6654],[99.0588,11.6654],[99.0588,11.6637],[99.0579,11.6637]]],[[[99.0538,11.6629],[99.0538,11.6646],[99.0554,11.6654],[99.0554,11.6629],[99.0538,11.6629]]],[[[98.9171,11.6654],[98.9179,11.6654],[98.9179,11.6629],[98.9171,11.6629],[98.9171,11.6654]]],[[[98.9063,11.6662],[98.9063,11.6654],[98.9071,11.6654],[98.9071,11.6646],[98.9054,11.6646],[98.9054,11.6662],[98.9063,11.6662]]],[[[98.8979,11.6687],[98.8988,11.6687],[98.8988,11.6679],[98.9021,11.6679],[98.9021,11.6662],[98.9013,11.6662],[98.9013,11.6637],[98.9004,11.6637],[98.9004,11.6671],[98.8979,11.6671],[98.8979,11.6687]]],[[[98.8971,11.6662],[98.8971,11.6654],[98.8963,11.6654],[98.8963,11.6679],[98.8979,11.6671],[98.8979,11.6662],[98.8971,11.6662]]],[[[98.8938,11.6687],[98.8963,11.6687],[98.8963,11.6679],[98.8946,11.6679],[98.8946,11.6671],[98.8938,11.6671],[98.8938,11.6687]]],[[[98.9171,11.6746],[98.9171,11.6729],[98.9188,11.6729],[98.9188,11.6721],[98.9204,11.6721],[98.9204,11.6712],[98.9229,11.6712],[98.9229,11.6696],[98.9213,11.6687],[98.9213,11.6671],[98.9196,11.6662],[98.9196,11.6654],[98.9179,11.6654],[98.9179,11.6671],[98.9163,11.6671],[98.9163,11.6687],[98.9154,11.6687],[98.9154,11.6704],[98.9146,11.6704],[98.9146,11.6721],[98.9163,11.6729],[98.9163,11.6746],[98.9171,11.6746]]],[[[99.0571,11.6687],[99.0554,11.6696],[99.0554,11.6704],[99.0563,11.6704],[99.0563,11.6729],[99.0571,11.6729],[99.0571,11.6712],[99.0579,11.6712],[99.0579,11.6679],[99.0571,11.6679],[99.0571,11.6687]]],[[[98.9221,11.6746],[98.9221,11.6729],[98.9204,11.6729],[98.9196,11.6746],[98.9188,11.6746],[98.9188,11.6754],[98.9179,11.6754],[98.9179,11.6771],[98.9196,11.6771],[98.9196,11.6754],[98.9204,11.6754],[98.9204,11.6746],[98.9221,11.6746]]],[[[98.8871,11.6762],[98.8871,11.6779],[98.8879,11.6779],[98.8888,11.6762],[98.8871,11.6762]]],[[[98.9088,11.6779],[98.9104,11.6787],[98.9104,11.6762],[98.9096,11.6762],[98.9088,11.6779]]],[[[99.0546,11.6779],[99.0546,11.6796],[99.0563,11.6804],[99.0563,11.6787],[99.0571,11.6787],[99.0571,11.6771],[99.0554,11.6771],[99.0554,11.6779],[99.0546,11.6779]]],[[[98.9163,11.6837],[98.9163,11.6821],[98.9171,11.6821],[98.9171,11.6804],[98.9129,11.6804],[98.9129,11.6796],[98.9113,11.6796],[98.9113,11.6812],[98.9121,11.6812],[98.9121,11.6821],[98.9129,11.6821],[98.9129,11.6812],[98.9146,11.6821],[98.9146,11.6846],[98.9163,11.6837]]],[[[98.8504,11.6937],[98.8513,11.6937],[98.8513,11.6921],[98.8521,11.6921],[98.8521,11.6904],[98.8504,11.6904],[98.8504,11.6937]]],[[[98.9021,11.6987],[98.9004,11.6987],[98.9004,11.7012],[98.9038,11.7012],[98.9038,11.7029],[98.9046,11.7029],[98.9046,11.7012],[98.9063,11.7012],[98.9063,11.7004],[98.9079,11.7004],[98.9079,11.6987],[98.9063,11.6987],[98.9063,11.6971],[98.9096,11.6954],[98.9096,11.6937],[98.9088,11.6937],[98.9088,11.6929],[98.9071,11.6929],[98.9071,11.6904],[98.9079,11.6904],[98.9079,11.6896],[98.9088,11.6896],[98.9088,11.6904],[98.9104,11.6912],[98.9104,11.6921],[98.9129,11.6921],[98.9129,11.6946],[98.9121,11.6946],[98.9121,11.6962],[98.9129,11.6962],[98.9129,11.6954],[98.9146,11.6962],[98.9146,11.6954],[98.9154,11.6954],[98.9154,11.6946],[98.9146,11.6946],[98.9146,11.6921],[98.9163,11.6921],[98.9163,11.6929],[98.9196,11.6929],[98.9196,11.6954],[98.9213,11.6946],[98.9204,11.6929],[98.9229,11.6929],[98.9229,11.6954],[98.9238,11.6954],[98.9238,11.6962],[98.9254,11.6962],[98.9254,11.6929],[98.9246,11.6929],[98.9246,11.6921],[98.9254,11.6921],[98.9254,11.6912],[98.9271,11.6912],[98.9279,11.6896],[98.9296,11.6896],[98.9296,11.6887],[98.9279,11.6887],[98.9279,11.6879],[98.9271,11.6879],[98.9271,11.6871],[98.9263,11.6871],[98.9263,11.6854],[98.9229,11.6854],[98.9229,11.6846],[98.9204,11.6846],[98.9204,11.6837],[98.9171,11.6837],[98.9171,11.6879],[98.9163,11.6879],[98.9163,11.6862],[98.9154,11.6862],[98.9154,11.6854],[98.9146,11.6854],[98.9146,11.6862],[98.9138,11.6862],[98.9138,11.6854],[98.9113,11.6854],[98.9113,11.6871],[98.9046,11.6871],[98.9046,11.6862],[98.9054,11.6862],[98.9054,11.6821],[98.9046,11.6821],[98.9046,11.6837],[98.9038,11.6837],[98.9038,11.6862],[98.9029,11.6862],[98.9029,11.6887],[98.9021,11.6887],[98.9021,11.6912],[98.9013,11.6912],[98.9013,11.6962],[98.9021,11.6962],[98.9021,11.6987]],[[98.9213,11.6896],[98.9196,11.6896],[98.9196,11.6879],[98.9213,11.6879],[98.9213,11.6896]]],[[[98.9271,11.6929],[98.9271,11.6937],[98.9263,11.6937],[98.9263,11.6954],[98.9279,11.6954],[98.9279,11.6929],[98.9271,11.6929]]],[[[98.8479,11.6971],[98.8479,11.6979],[98.8496,11.6987],[98.8496,11.6971],[98.8479,11.6971]]],[[[98.9271,11.6987],[98.9263,11.6971],[98.9254,11.6971],[98.9254,11.7012],[98.9288,11.7012],[98.9288,11.6987],[98.9271,11.6987]]],[[[98.9146,11.7004],[98.9146,11.7021],[98.9163,11.7021],[98.9163,11.7004],[98.9146,11.7004]]],[[[98.8713,11.7021],[98.8738,11.702],[98.8738,11.7012],[98.8713,11.7012],[98.8713,11.7021]]],[[[98.9171,11.7012],[98.9171,11.7029],[98.9188,11.7029],[98.9188,11.7012],[98.9171,11.7012]]],[[[98.8604,11.7037],[98.8604,11.7029],[98.8596,11.7029],[98.8596,11.7037],[98.8586,11.7037],[98.8608,11.7039],[98.8616,11.7037],[98.8604,11.7037]]],[[[98.8563,11.7037],[98.8563,11.7021],[98.8546,11.7021],[98.8546,11.7037],[98.8554,11.7042],[98.858,11.7037],[98.8563,11.7037]]],[[[98.8671,11.703],[98.8629,11.7029],[98.8629,11.7035],[98.8671,11.703]]],[[[98.8504,11.7046],[98.8504,11.7029],[98.8496,11.7029],[98.8496,11.7046],[98.8488,11.7046],[98.8532,11.7046],[98.8504,11.7046]]],[[[98.8888,11.7062],[98.8888,11.7071],[98.8913,11.7071],[98.8913,11.7062],[98.8888,11.7062]]],[[[98.9263,11.7054],[98.9263,11.7071],[98.9254,11.7071],[98.9254,11.7096],[98.9263,11.7096],[98.9263,11.7112],[98.9271,11.7112],[98.9271,11.7104],[98.9279,11.7104],[98.9279,11.7096],[98.9271,11.7096],[98.9271,11.7062],[98.9279,11.7062],[98.9279,11.7037],[98.9288,11.7037],[98.9288,11.7029],[98.9271,11.7029],[98.9271,11.7054],[98.9263,11.7054]]],[[[98.8954,11.7104],[98.8954,11.7112],[98.8971,11.7112],[98.8971,11.7096],[98.8979,11.7096],[98.8979,11.7079],[98.8996,11.7071],[98.8996,11.7037],[98.8971,11.7037],[98.8971,11.7046],[98.8954,11.7046],[98.8954,11.7071],[98.8946,11.7071],[98.8938,11.7087],[98.8929,11.7087],[98.8929,11.7104],[98.8954,11.7104]]],[[[98.8796,11.7079],[98.8771,11.7071],[98.8771,11.7079],[98.8754,11.7079],[98.8754,11.7087],[98.8763,11.7087],[98.8763,11.7096],[98.8788,11.7096],[98.8796,11.7079]]],[[[98.8704,11.7146],[98.8704,11.7129],[98.8713,11.7129],[98.8713,11.7112],[98.8688,11.7114],[98.8688,11.7121],[98.8679,11.7121],[98.8679,11.7146],[98.8688,11.7146],[98.8688,11.7179],[98.8696,11.7179],[98.8696,11.7162],[98.8713,11.7154],[98.8713,11.7146],[98.8704,11.7146]]],[[[98.8863,11.7204],[98.8879,11.7204],[98.8879,11.7162],[98.8896,11.7162],[98.8896,11.7179],[98.8913,11.7187],[98.8913,11.7271],[98.8921,11.7271],[98.8921,11.7262],[98.8938,11.7262],[98.8938,11.7237],[98.8929,11.7237],[98.8929,11.7171],[98.8938,11.7171],[98.8946,11.7154],[98.8954,11.7154],[98.8954,11.7162],[98.8963,11.7162],[98.8963,11.7154],[98.8979,11.7154],[98.8979,11.7162],[98.9013,11.7162],[98.9013,11.7171],[98.9021,11.7171],[98.9021,11.7187],[98.9038,11.7187],[98.9038,11.7179],[98.9079,11.7179],[98.9079,11.7162],[98.9029,11.7162],[98.9021,11.7146],[98.8971,11.7146],[98.8971,11.7129],[98.8963,11.7129],[98.8963,11.7121],[98.8938,11.7121],[98.8929,11.7104],[98.8921,11.7104],[98.8921,11.7112],[98.8904,11.7112],[98.8904,11.7137],[98.8888,11.7137],[98.8888,11.7121],[98.8879,11.7121],[98.8879,11.7112],[98.8863,11.7104],[98.8863,11.7087],[98.8871,11.7087],[98.8871,11.7079],[98.8854,11.7079],[98.8854,11.7046],[98.8846,11.7046],[98.8846,11.7104],[98.8854,11.7104],[98.8854,11.7137],[98.8846,11.7137],[98.8846,11.7154],[98.8829,11.7162],[98.8829,11.7179],[98.8863,11.7179],[98.8863,11.7204]]],[[[98.8696,11.7204],[98.8704,11.7204],[98.8704,11.7196],[98.8696,11.7196],[98.8696,11.7187],[98.8688,11.7187],[98.8679,11.7204],[98.8663,11.7204],[98.8654,11.7221],[98.8638,11.7229],[98.8638,11.7254],[98.8663,11.7254],[98.8663,11.7246],[98.8671,11.7246],[98.8671,11.7237],[98.8663,11.7237],[98.8671,11.7221],[98.8704,11.7221],[98.8696,11.7204]]],[[[98.9038,11.7229],[98.9046,11.7229],[98.9046,11.7237],[98.9063,11.7237],[98.9063,11.7204],[98.9046,11.7204],[98.9046,11.7212],[98.9038,11.7212],[98.9038,11.7229]]],[[[98.8979,11.7271],[98.8988,11.7254],[98.8946,11.7254],[98.8954,11.7271],[98.8979,11.7271]]],[[[98.8996,11.7304],[98.8996,11.7296],[98.8979,11.7296],[98.8979,11.7279],[98.8963,11.7279],[98.8963,11.7296],[98.8971,11.7296],[98.8971,11.7304],[98.8996,11.7304]]],[[[98.9054,11.7337],[98.9054,11.7321],[98.9038,11.7312],[98.9038,11.7304],[98.9013,11.7304],[98.9013,11.7346],[98.9021,11.7346],[98.9021,11.7329],[98.9029,11.7329],[98.9038,11.7346],[98.9054,11.7346],[98.9054,11.7354],[98.9063,11.7354],[98.9063,11.7337],[98.9054,11.7337]]],[[[98.9029,11.7354],[98.9029,11.7362],[98.9021,11.7362],[98.9021,11.7354],[98.9004,11.7362],[98.9004,11.7396],[98.9013,11.7396],[98.9013,11.7404],[98.9038,11.7404],[98.9038,11.7354],[98.9029,11.7354]]],[[[98.9029,11.7471],[98.9029,11.7454],[98.9013,11.7446],[98.9013,11.7479],[98.9029,11.7471]]],[[[98.9063,11.7571],[98.9063,11.7596],[98.9071,11.7596],[98.9071,11.7587],[98.9079,11.7587],[98.9079,11.7571],[98.9071,11.7571],[98.9071,11.7562],[98.9054,11.7562],[98.9054,11.7571],[98.9063,11.7571]]],[[[98.8971,11.7587],[98.8971,11.7604],[98.8988,11.7604],[98.8988,11.7587],[98.8971,11.7587]]],[[[98.8571,11.7621],[98.8579,11.7621],[98.8579,11.7604],[98.8588,11.7604],[98.8596,11.7587],[98.8629,11.7587],[98.8629,11.7579],[98.8646,11.7579],[98.8646,11.7571],[98.8596,11.7571],[98.8596,11.7562],[98.8588,11.7562],[98.8588,11.7546],[98.8579,11.7546],[98.8579,11.7529],[98.8563,11.7521],[98.8556,11.7554],[98.8571,11.7554],[98.8571,11.7579],[98.8563,11.7579],[98.8571,11.763],[98.8571,11.7621]],[[98.8596,11.7579],[98.8579,11.7579],[98.8579,11.7571],[98.8596,11.7571],[98.8596,11.7579]]],[[[98.9054,11.7612],[98.9054,11.7629],[98.9071,11.7629],[98.9071,11.7612],[98.9054,11.7612]]],[[[98.9088,11.7637],[98.9088,11.7646],[98.9113,11.7646],[98.9113,11.7637],[98.9088,11.7637]]],[[[99.0904,11.9596],[99.0913,11.9596],[99.0913,11.9562],[99.0904,11.9562],[99.0904,11.9546],[99.0921,11.9546],[99.0921,11.9512],[99.0913,11.9512],[99.0913,11.9487],[99.0896,11.9487],[99.0888,11.9471],[99.0871,11.9471],[99.0871,11.9521],[99.0879,11.9521],[99.0879,11.9546],[99.0888,11.9546],[99.0888,11.9562],[99.0863,11.9562],[99.0863,11.9587],[99.0888,11.9587],[99.0888,11.9579],[99.0904,11.9579],[99.0904,11.9596]]],[[[98.9563,12.1329],[98.9563,12.1346],[98.9579,12.1346],[98.9579,12.1329],[98.9563,12.1329]]],[[[98.9546,12.1396],[98.9546,12.1362],[98.9538,12.1362],[98.9538,12.1379],[98.9529,12.1379],[98.9529,12.1396],[98.9521,12.1396],[98.9521,12.1404],[98.9529,12.1404],[98.9529,12.1412],[98.9521,12.1412],[98.9521,12.1429],[98.9538,12.1429],[98.9538,12.1396],[98.9546,12.1396]]],[[[98.9563,12.1462],[98.9563,12.1471],[98.9571,12.1471],[98.9571,12.1437],[98.9554,12.1446],[98.9554,12.1462],[98.9563,12.1462]]],[[[98.8554,12.1987],[98.8554,12.1996],[98.8579,12.1996],[98.8579,12.2004],[98.8588,12.2004],[98.8588,12.1987],[98.8563,12.1987],[98.8563,12.1979],[98.8538,12.1979],[98.8538,12.1987],[98.8554,12.1987]]],[[[98.8504,12.1987],[98.8504,12.2004],[98.8521,12.1996],[98.8521,12.1987],[98.8504,12.1987]]],[[[99.1371,12.2846],[99.1371,12.2854],[99.1379,12.2854],[99.1379,12.2871],[99.1388,12.2871],[99.1388,12.2846],[99.1371,12.2846]]],[[[99.1354,12.3096],[99.1371,12.3096],[99.1371,12.3071],[99.1379,12.3071],[99.1379,12.3062],[99.1363,12.3062],[99.1363,12.3079],[99.1354,12.3079],[99.1354,12.3096]]],[[[99.1238,12.3246],[99.1238,12.3262],[99.1229,12.3262],[99.1229,12.3287],[99.1221,12.3287],[99.1221,12.3329],[99.1229,12.3329],[99.1229,12.3304],[99.1238,12.3304],[99.1238,12.3271],[99.1246,12.3271],[99.1246,12.3246],[99.1238,12.3246]]],[[[99.1221,12.3521],[99.1221,12.3512],[99.1229,12.3512],[99.1229,12.3479],[99.1213,12.3487],[99.1213,12.3521],[99.1221,12.3521]]],[[[99.1213,12.3571],[99.1213,12.3562],[99.1221,12.3562],[99.1221,12.3546],[99.1204,12.3554],[99.1204,12.3571],[99.1213,12.3571]]],[[[99.1104,12.3796],[99.1104,12.3812],[99.1113,12.3812],[99.1121,12.3796],[99.1104,12.3796]]],[[[99.1013,12.3954],[99.1021,12.3971],[99.1038,12.3971],[99.1038,12.3954],[99.1013,12.3954]]]]}}]}