{"type":"FeatureCollection","features":[{"type":"Feature","properties":{"Road_Type":"Main"},"geometry":{"type":"LineString","coordinates":[[98.3868,15.3021],[98.386,15.3031],[98.3834,15.3042],[98.3798,15.3043],[98.376,15.3064],[98.3743,15.308],[98.3739,15.3096],[98.3639,15.3233],[98.3445,15.3443],[98.3434,15.3463],[98.3405,15.3492],[98.3297,15.3554],[98.3261,15.3615],[98.3169,15.3677],[98.3146,15.3688],[98.3065,15.3796],[98.3056,15.3821],[98.3006,15.3863],[98.2998,15.3862],[98.2971,15.3888],[98.2959,15.3916],[98.2926,15.3948],[98.292,15.3961],[98.2902,15.3966],[98.2877,15.3987],[98.2855,15.3981],[98.2849,15.3968],[98.2801,15.3955],[98.2786,15.3966],[98.2772,15.3962],[98.2762,15.3968],[98.2751,15.3959],[98.2738,15.3972],[98.2724,15.397],[98.2728,15.396],[98.2716,15.3956],[98.2717,15.3962],[98.271,15.3966],[98.2699,15.3965],[98.2686,15.3971],[98.268,15.3982],[98.2666,15.3968],[98.2645,15.3979],[98.2632,15.4015],[98.2617,15.4037],[98.2597,15.4047],[98.2579,15.4064],[98.2552,15.4119],[98.2519,15.414],[98.2508,15.4157],[98.2511,15.418],[98.2491,15.4198],[98.2488,15.4211],[98.246,15.4229],[98.2437,15.4237],[98.242,15.4265],[98.2367,15.4314],[98.2377,15.4345],[98.2373,15.436],[98.2317,15.44],[98.2318,15.4414],[98.2309,15.4426],[98.2289,15.4434],[98.2284,15.4445],[98.2236,15.448],[98.2238,15.45]]}},{"type":"Feature","properties":{"Road_Type":"Secondary"},"geometry":{"type":"LineString","coordinates":[[98.6955,12.8297],[98.6983,12.8275],[98.6995,12.824],[98.6989,12.8204],[98.7015,12.8152],[98.7009,12.811],[98.7015,12.8091],[98.7039,12.8062],[98.709,12.8039]]}},{"type":"Feature","properties":{"Road_Type":"Main"},"geometry":{"type":"LineString","coordinates":[[97.8971,15.45],[97.8938,15.445],[97.8936,15.4427],[97.891,15.4363],[97.8909,15.4343],[97.8893,15.4317],[97.8899,15.4268],[97.8885,15.4218],[97.8886,15.4205],[97.89,15.4175],[97.8901,15.4062],[97.8907,15.4039],[97.8926,15.4005],[97.8927,15.3981],[97.8953,15.3945],[97.8971,15.3895],[97.8966,15.385],[97.8949,15.3827],[97.8886,15.3793],[97.8806,15.3662],[97.8791,15.3647],[97.8779,15.3619],[97.8763,15.3593],[97.8769,15.3536],[97.8743,15.3429],[97.8701,15.3397],[97.8683,15.3341],[97.8646,15.3002],[97.8628,15.2793],[97.861,15.273],[97.8567,15.2689],[97.856,15.267],[97.8555,15.2609],[97.8559,15.2577],[97.8582,15.2539],[97.8632,15.2522],[97.8662,15.2528],[97.8691,15.255],[97.8756,15.258],[97.8841,15.2595],[97.886,15.2593],[97.889,15.2578],[97.8942,15.258],[97.8952,15.2572],[97.8969,15.2541],[97.8975,15.2506],[97.8963,15.2493],[97.8945,15.2484],[97.8913,15.2408],[97.8916,15.2281],[97.8898,15.2067],[97.892,15.2052],[97.8939,15.1853],[97.897,15.1694],[97.9006,15.1422],[97.9031,15.1349],[97.9043,15.1264],[97.9092,15.1121],[97.9111,15.1042],[97.9138,15.0974],[97.919,15.0898],[97.92,15.089],[97.9203,15.088],[97.9213,15.0878],[97.9211,15.0872],[97.9217,15.0867],[97.9227,15.0868],[97.9229,15.0857],[97.9234,15.0854],[97.925,15.0826],[97.9258,15.0824],[97.9255,15.082],[97.928,15.0788],[97.9285,15.0788],[97.9309,15.0761],[97.9317,15.0764],[97.9319,15.0754],[97.9325,15.0753],[97.9341,15.0762],[97.9337,15.0748],[97.9347,15.073],[97.9353,15.0732],[97.9356,15.072],[97.9378,15.07],[97.9389,15.0705],[97.9389,15.069],[97.9396,15.0683],[97.9409,15.0683],[97.9406,15.0673],[97.9414,15.0672],[97.944,15.0646],[97.9448,15.0648],[97.946,15.0634],[97.9467,15.064],[97.9468,15.063],[97.9485,15.0616],[97.9488,15.0603],[97.951,15.0602],[97.9513,15.0606],[97.9509,15.0612],[97.9517,15.061],[97.9519,15.0589],[97.9511,15.0573],[97.9521,15.0577],[97.952,15.0565],[97.9539,15.0567],[97.9571,15.0545],[97.9609,15.0531],[97.9621,15.0517],[97.9631,15.0518],[97.9649,15.0502],[97.9654,15.0491],[97.9684,15.0475],[97.9703,15.0455],[97.9712,15.0454],[97.9712,15.0447],[97.9721,15.0447],[97.9733,15.0429],[97.9754,15.0423],[97.9766,15.041],[97.9769,15.0419],[97.9786,15.0406],[97.9789,15.0397],[97.9791,15.0402],[97.9801,15.0394],[97.9808,15.0397],[97.9825,15.0378],[97.9864,15.0376],[97.9885,15.0359],[97.9886,15.0347],[97.9902,15.0333],[97.9917,15.0327],[97.992,15.0302],[97.9935,15.0299],[97.9984,15.0253],[97.9973,15.0236],[97.9951,15.0238],[97.994,15.0231],[97.9935,15.0213],[97.9947,15.0203],[97.9968,15.0148],[97.9965,15.0069],[97.9973,15.0047],[97.9969,15.0026],[97.9955,15.0016],[97.9948,15.0002],[97.9953,14.9996],[97.9948,14.9991],[97.9951,14.9979],[97.9945,14.9961],[97.9948,14.9953],[97.9945,14.99],[97.9959,14.9866],[97.9953,14.9853],[97.9967,14.9842],[97.997,14.9832],[97.9992,14.9821],[97.9999,14.9811],[98.0018,14.9741],[98.0018,14.9715],[98.0046,14.9665],[98.0087,14.9432],[98.0059,14.9324],[98.0105,14.9151],[98.0097,14.9127],[98.0127,14.9034],[98.0176,14.8959],[98.0214,14.8889],[98.0298,14.877],[98.048,14.8338],[98.0531,14.8204],[98.0615,14.8012],[98.0662,14.7942],[98.0668,14.7924],[98.0747,14.7844],[98.0767,14.7809],[98.0787,14.7742],[98.0809,14.7733],[98.0878,14.7693],[98.0909,14.765],[98.094,14.755],[98.0966,14.7489],[98.0968,14.747],[98.0985,14.7422],[98.1031,14.7337],[98.1034,14.7317],[98.1054,14.7292],[98.1058,14.728],[98.107,14.7276],[98.1083,14.7261],[98.1099,14.721],[98.11,14.716],[98.1091,14.715],[98.1086,14.7121],[98.1093,14.7104],[98.1118,14.7076],[98.1121,14.7017],[98.1132,14.6979],[98.1131,14.6967],[98.1145,14.6944],[98.1152,14.691],[98.1195,14.684],[98.1191,14.6816],[98.1194,14.68],[98.1211,14.6773],[98.1222,14.6727],[98.1253,14.6682],[98.1269,14.668],[98.1291,14.6657],[98.1297,14.6632],[98.1328,14.6584],[98.1344,14.6525],[98.1345,14.6435],[98.136,14.6409],[98.1375,14.6364],[98.1359,14.6315],[98.1322,14.6286],[98.1331,14.6242],[98.1437,14.6226],[98.1484,14.6253],[98.1524,14.6256],[98.157,14.624],[98.1574,14.6232],[98.1588,14.6221],[98.1586,14.6203],[98.162,14.6194],[98.1628,14.6187],[98.1625,14.6167],[98.1636,14.6134],[98.1628,14.612],[98.1645,14.6107],[98.1668,14.6098],[98.1674,14.6081],[98.1702,14.6049],[98.1713,14.6013],[98.1737,14.5995],[98.1836,14.5885],[98.1847,14.581],[98.184,14.5733],[98.1821,14.5713],[98.1811,14.5691],[98.1813,14.5644],[98.1796,14.5598],[98.1825,14.556],[98.1832,14.5511],[98.1826,14.5487],[98.1838,14.5425],[98.1822,14.541],[98.1823,14.5374],[98.181,14.5349],[98.1806,14.5332],[98.1831,14.5289],[98.1828,14.5268],[98.1837,14.5245],[98.1824,14.5225],[98.1821,14.5209],[98.1824,14.52],[98.1818,14.519],[98.1824,14.5158],[98.1818,14.5126],[98.185,14.5087],[98.1837,14.5067],[98.1834,14.505],[98.1818,14.5033],[98.1815,14.5012],[98.1828,14.499],[98.1814,14.4967],[98.1828,14.4911],[98.1827,14.4875],[98.1833,14.4864],[98.1827,14.4838],[98.1831,14.4823],[98.1829,14.4815],[98.1835,14.4803],[98.1835,14.4764],[98.1813,14.4675],[98.1806,14.4593],[98.1813,14.4536],[98.1809,14.448],[98.1786,14.4455],[98.1782,14.4443],[98.1779,14.4376],[98.1788,14.4303],[98.1793,14.4293],[98.1807,14.4283],[98.1814,14.426],[98.1825,14.4252],[98.1825,14.4218],[98.1832,14.4209],[98.184,14.4175],[98.1838,14.4171],[98.1832,14.4178],[98.1828,14.417],[98.1831,14.4163],[98.1823,14.4157],[98.1825,14.415],[98.1817,14.413],[98.1804,14.4118],[98.1796,14.4097],[98.1797,14.4082],[98.1805,14.4067],[98.1806,14.4022],[98.1817,14.3972],[98.1818,14.3923],[98.1822,14.3909],[98.1818,14.3895],[98.1825,14.3878],[98.1822,14.3853],[98.1828,14.3803],[98.1848,14.3748],[98.1855,14.3741],[98.1857,14.3728],[98.1866,14.3723],[98.1874,14.3673],[98.1871,14.3644],[98.1877,14.3609],[98.1877,14.3582],[98.1886,14.356],[98.1892,14.3485],[98.19,14.3449],[98.1898,14.343],[98.191,14.3398],[98.1912,14.3328],[98.1919,14.3304],[98.1915,14.3276],[98.1924,14.3255],[98.1926,14.3219],[98.194,14.3153],[98.1938,14.3112],[98.1942,14.3097],[98.1955,14.3077],[98.1966,14.3081],[98.1984,14.3073],[98.1984,14.3021],[98.1995,14.301],[98.1999,14.2996],[98.2022,14.2988],[98.2087,14.2904],[98.2109,14.2895],[98.212,14.2883],[98.2155,14.2883],[98.2163,14.2876],[98.2162,14.2867],[98.2174,14.2854],[98.2188,14.2857],[98.2199,14.2846],[98.221,14.2844],[98.2229,14.285],[98.2234,14.2843],[98.2235,14.2806],[98.2223,14.2797],[98.2228,14.2783],[98.2206,14.276],[98.2204,14.2737],[98.2189,14.2711],[98.2169,14.269],[98.2129,14.2623],[98.2127,14.2605],[98.2096,14.2594],[98.2091,14.2565],[98.2055,14.252],[98.2043,14.2489],[98.2016,14.2463],[98.2025,14.2418],[98.2063,14.2378],[98.206,14.2344],[98.2073,14.2323],[98.2089,14.2315],[98.2095,14.2304],[98.209,14.2109],[98.2083,14.2069],[98.2063,14.204],[98.2033,14.2011],[98.2007,14.1957],[98.201,14.1943],[98.2083,14.1836],[98.2089,14.1819],[98.2091,14.1771],[98.2083,14.1625],[98.2042,14.1597],[98.2032,14.156],[98.2113,14.1417],[98.2161,14.1315],[98.2162,14.1287],[98.2172,14.1267],[98.2174,14.1222],[98.2166,14.1179],[98.2085,14.1083],[98.2063,14.1073],[98.2114,14.0896],[98.2142,14.0854],[98.2149,14.0823],[98.2112,14.0775],[98.2034,14.0737]]}},{"type":"Feature","properties":{"Road_Type":"Main"},"geometry":{"type":"LineString","coordinates":[[98.2034,14.0737],[98.2065,14.0726],[98.211,14.072],[98.2205,14.0696],[98.221,14.0692],[98.2217,14.0621],[98.2237,14.0549],[98.2218,14.0506],[98.2215,14.0455],[98.2207,14.0419],[98.221,14.0367],[98.2226,14.031],[98.2236,14.0296],[98.2264,14.018],[98.2262,14.0149],[98.2279,14.0018],[98.2293,14.0002],[98.232,13.9935],[98.2342,13.984],[98.2357,13.9796],[98.2391,13.9731],[98.2423,13.9695],[98.2429,13.9681],[98.2433,13.9609],[98.2421,13.9586],[98.2421,13.9568],[98.2434,13.9564],[98.2447,13.9567],[98.2454,13.9562],[98.2464,13.9515],[98.2485,13.9486],[98.2508,13.9432],[98.2507,13.9291],[98.2528,13.9203],[98.2517,13.915],[98.2504,13.9124],[98.2502,13.9085],[98.2506,13.9065],[98.2528,13.9029],[98.2535,13.8995],[98.2532,13.8984],[98.2562,13.895],[98.2578,13.8909],[98.2575,13.8824],[98.2583,13.8813],[98.2588,13.8785],[98.2633,13.8719],[98.2631,13.8679],[98.2639,13.8636],[98.2664,13.8593],[98.2671,13.8572],[98.2673,13.8556],[98.2662,13.8514],[98.2673,13.8489],[98.2675,13.8459],[98.2691,13.8393],[98.2722,13.8363],[98.2739,13.8334],[98.2752,13.833],[98.2758,13.8323],[98.276,13.8308],[98.278,13.8287],[98.2791,13.8256],[98.2805,13.8248],[98.2812,13.8211],[98.2808,13.8169],[98.2812,13.8164],[98.2806,13.8143],[98.2788,13.8121],[98.2796,13.8061],[98.2801,13.8053],[98.2799,13.8043],[98.2781,13.801],[98.2765,13.8011],[98.2733,13.7976],[98.2735,13.7956],[98.2724,13.7942],[98.2723,13.7918],[98.2767,13.7903],[98.2781,13.7874],[98.2782,13.7856],[98.2794,13.7842],[98.2794,13.7831],[98.2803,13.7823],[98.2813,13.7821],[98.2826,13.7828],[98.2836,13.7808],[98.2849,13.7813],[98.2861,13.783],[98.287,13.7833],[98.2886,13.7827],[98.2895,13.7818],[98.2896,13.7809],[98.2879,13.7783],[98.2883,13.7767],[98.2868,13.7732],[98.2883,13.7718],[98.288,13.7712],[98.2886,13.7708],[98.2897,13.7712],[98.2904,13.7718],[98.2904,13.7726],[98.2911,13.7727],[98.2906,13.7746],[98.2914,13.7748],[98.2939,13.7736],[98.2953,13.7722],[98.2959,13.769],[98.2955,13.7656],[98.296,13.7636],[98.2945,13.7559],[98.3033,13.7474],[98.3065,13.7469],[98.3093,13.7484],[98.3157,13.7535],[98.3176,13.7542],[98.322,13.7607],[98.323,13.7607],[98.3285,13.7579],[98.3331,13.759],[98.3339,13.7571],[98.3387,13.7547],[98.3443,13.7487],[98.3496,13.7458],[98.3541,13.7415],[98.3567,13.7402],[98.3577,13.7377],[98.3592,13.7357],[98.3591,13.7345],[98.3572,13.7328],[98.3568,13.7318],[98.3593,13.7251],[98.3578,13.7196],[98.359,13.717],[98.3618,13.7156],[98.3634,13.7122],[98.3651,13.7109],[98.3662,13.711],[98.3705,13.7052],[98.3713,13.7027],[98.3711,13.7004],[98.3725,13.6984],[98.373,13.6955],[98.3721,13.6945],[98.3727,13.6932],[98.3738,13.6932],[98.3744,13.6927],[98.3737,13.6917],[98.374,13.6908],[98.3746,13.6906],[98.3746,13.6892],[98.3757,13.6884],[98.3765,13.6857],[98.3801,13.6809],[98.3833,13.6735],[98.3839,13.6692],[98.3837,13.6651],[98.3845,13.6632],[98.3849,13.6589],[98.3863,13.6564],[98.3852,13.6486],[98.3815,13.6378],[98.3828,13.6365],[98.3821,13.6252],[98.3849,13.6186],[98.3948,13.6048],[98.404,13.5946],[98.4068,13.5946],[98.4114,13.5928],[98.4145,13.5893],[98.4175,13.5879],[98.4196,13.5832],[98.4214,13.582],[98.4224,13.5829],[98.424,13.5817],[98.4228,13.5807],[98.4231,13.5803],[98.4214,13.5783],[98.4202,13.5772],[98.419,13.5768],[98.4189,13.5762],[98.4201,13.575],[98.4183,13.5737],[98.419,13.5729],[98.4205,13.5736],[98.4204,13.5724],[98.422,13.5719],[98.422,13.5704],[98.4226,13.5706],[98.423,13.5702],[98.4231,13.5695],[98.4225,13.5688],[98.4234,13.5684],[98.4242,13.5671],[98.4235,13.5662],[98.4253,13.5646],[98.425,13.5627],[98.4268,13.5614],[98.4271,13.5605],[98.4266,13.5599],[98.427,13.5593],[98.4285,13.5585],[98.4287,13.5561],[98.4293,13.5555],[98.431,13.5463],[98.4317,13.5448],[98.434,13.544],[98.4401,13.539],[98.445,13.5341],[98.4571,13.5196],[98.466,13.5069],[98.4663,13.5048],[98.4711,13.4954],[98.472,13.495],[98.4725,13.494],[98.4738,13.4897],[98.4799,13.4814],[98.4866,13.4745],[98.4889,13.4716],[98.4889,13.4686],[98.4919,13.4649],[98.4928,13.4623],[98.494,13.4625],[98.4964,13.4609],[98.498,13.4585],[98.5053,13.4506],[98.5067,13.4475],[98.5132,13.4413],[98.5135,13.4405],[98.5128,13.439],[98.5131,13.4369],[98.5167,13.4317],[98.5186,13.4212],[98.5215,13.4128],[98.5281,13.397],[98.5286,13.3948],[98.5327,13.3892],[98.5349,13.3818],[98.5382,13.3751],[98.5396,13.3663],[98.541,13.3638],[98.5425,13.3623],[98.5451,13.3566],[98.5483,13.3516],[98.5524,13.3481],[98.5589,13.341],[98.5669,13.3313],[98.585,13.3126],[98.6037,13.2914],[98.6041,13.2902],[98.6075,13.2857],[98.6231,13.2716],[98.627,13.266],[98.6285,13.262],[98.6316,13.2592],[98.6331,13.2534],[98.6326,13.2471],[98.6353,13.2425],[98.6355,13.2408],[98.6344,13.2362],[98.6326,13.2322],[98.6314,13.2308],[98.6322,13.2297],[98.6318,13.2239],[98.6321,13.2232],[98.6316,13.2216],[98.6322,13.2202],[98.6319,13.2188],[98.6306,13.218],[98.63,13.2166],[98.631,13.2079],[98.6322,13.2044],[98.6315,13.2029],[98.6335,13.1998],[98.6347,13.1939],[98.6317,13.1769],[98.6327,13.1747],[98.6325,13.1724],[98.6338,13.1709],[98.634,13.1678],[98.633,13.1633],[98.6288,13.1606],[98.6276,13.1587],[98.627,13.157],[98.6274,13.1553],[98.6257,13.1519],[98.6275,13.1488],[98.6282,13.1452],[98.632,13.1422],[98.6328,13.1402],[98.6334,13.1374],[98.6331,13.1353],[98.635,13.1324],[98.6347,13.1309],[98.6361,13.128],[98.6358,13.1246],[98.6379,13.1194],[98.6379,13.1184],[98.6367,13.116],[98.637,13.1154],[98.6401,13.1142],[98.6412,13.1131],[98.6414,13.1115],[98.642,13.1107],[98.6469,13.1082],[98.6483,13.1014],[98.6504,13.0995],[98.6533,13.0979],[98.6532,13.0965],[98.6503,13.0929],[98.6496,13.0913],[98.6487,13.087],[98.6477,13.0848],[98.6462,13.0847],[98.6463,13.0854],[98.647,13.0857],[98.6464,13.0859],[98.6453,13.0841],[98.6433,13.0834],[98.6428,13.0825],[98.6414,13.0824],[98.6412,13.0814],[98.6379,13.0791],[98.6383,13.0748],[98.6368,13.072],[98.6372,13.0657],[98.6378,13.0628],[98.6371,13.0624],[98.6366,13.064],[98.636,13.0636],[98.6359,13.0631],[98.6351,13.063],[98.6347,13.0608],[98.6331,13.0605],[98.632,13.0598],[98.6316,13.0588],[98.6324,13.058],[98.6322,13.0575],[98.6314,13.0576],[98.6311,13.0567],[98.6317,13.0555],[98.6311,13.0538],[98.6313,13.0526],[98.6333,13.0496],[98.6361,13.047],[98.6371,13.0455],[98.6388,13.0415],[98.6395,13.0382],[98.6418,13.0349],[98.6416,13.0337],[98.6421,13.0321],[98.6433,13.0309],[98.6437,13.0293],[98.6463,13.0275],[98.6466,13.0261],[98.6475,13.025],[98.6475,13.0223],[98.6481,13.0199],[98.6489,13.0186],[98.6488,13.0171],[98.65,13.0145],[98.6496,13.0127],[98.6512,13.0107],[98.6517,13.009],[98.6512,13.0075],[98.6517,13.0064],[98.6515,13.0046],[98.6509,13.0032],[98.6516,12.9992],[98.6476,12.9923],[98.6486,12.9884],[98.6481,12.9851],[98.6475,12.9844],[98.6473,12.9828],[98.6441,12.9791],[98.644,12.9778],[98.6454,12.975],[98.6475,12.9744],[98.6496,12.9712],[98.6516,12.9711],[98.6525,12.9685],[98.654,12.9667],[98.6556,12.9661],[98.6561,12.9643],[98.6571,12.9639],[98.6577,12.9623],[98.6568,12.9598],[98.6569,12.9588],[98.6608,12.9539],[98.6584,12.9515],[98.6583,12.9508],[98.6604,12.9482],[98.6618,12.9475],[98.6632,12.9449],[98.664,12.9444],[98.665,12.9448],[98.6665,12.9434],[98.6683,12.9405],[98.6692,12.9378],[98.6712,12.9359],[98.6714,12.9348],[98.6708,12.9342],[98.6716,12.9336],[98.6709,12.9335],[98.6713,12.9324],[98.6732,12.9307],[98.6743,12.9312],[98.6747,12.9294],[98.6754,12.9287],[98.6745,12.9286],[98.6726,12.9269],[98.6743,12.9212],[98.6751,12.9208],[98.6758,12.9211],[98.6765,12.9199],[98.6778,12.9198],[98.677,12.9146],[98.681,12.9128],[98.682,12.9116],[98.6845,12.912],[98.6863,12.9113],[98.6875,12.9118],[98.6885,12.9116],[98.6885,12.91],[98.6893,12.9091],[98.6879,12.907],[98.6872,12.9023],[98.6863,12.901],[98.6865,12.8989],[98.6855,12.8967],[98.6794,12.8924],[98.6786,12.8926],[98.6775,12.889],[98.6767,12.8884],[98.6768,12.8874],[98.6757,12.8862],[98.6747,12.886],[98.6735,12.8826],[98.6714,12.881],[98.6683,12.875],[98.66,12.8665],[98.6615,12.8626],[98.6612,12.8607],[98.6603,12.8598],[98.6597,12.858],[98.6603,12.8567],[98.6602,12.8549],[98.6611,12.8523],[98.6611,12.8505],[98.6619,12.8493],[98.6669,12.8492],[98.6702,12.8463],[98.6737,12.8461],[98.6764,12.8443],[98.6772,12.8427],[98.6767,12.8421],[98.6761,12.8398],[98.6773,12.8389],[98.6784,12.8359],[98.6775,12.8336],[98.6778,12.8311],[98.6798,12.8285],[98.6807,12.826],[98.6844,12.8243],[98.6887,12.8244],[98.6897,12.8232],[98.6922,12.8229],[98.693,12.8257],[98.6983,12.8327],[98.7008,12.8335],[98.7047,12.8363],[98.7111,12.8365],[98.7127,12.8361],[98.7136,12.8352],[98.7132,12.834],[98.7138,12.8332],[98.7137,12.8319],[98.7172,12.8315],[98.72,12.8291],[98.7216,12.8284],[98.7224,12.8246],[98.7202,12.8213],[98.7192,12.8181],[98.7197,12.816],[98.7188,12.8128],[98.7192,12.8114],[98.72,12.8107],[98.7199,12.808],[98.721,12.8063],[98.7225,12.8011],[98.723,12.7967],[98.7221,12.7954],[98.7221,12.7933],[98.7247,12.7871],[98.724,12.7844],[98.7228,12.7747],[98.7211,12.7717],[98.7209,12.7692],[98.722,12.7652],[98.721,12.7629],[98.7206,12.7605],[98.7229,12.7563],[98.7267,12.7535],[98.7282,12.7507],[98.73,12.7492],[98.7307,12.7473],[98.7326,12.745],[98.7334,12.7417],[98.7325,12.7401],[98.7336,12.7387],[98.7337,12.7374],[98.732,12.7342],[98.7318,12.7318],[98.7278,12.7254],[98.7251,12.7231],[98.7249,12.7223],[98.726,12.7206],[98.7259,12.7184],[98.727,12.7164],[98.7294,12.7144],[98.7294,12.7118],[98.7278,12.7058],[98.7277,12.7037],[98.7288,12.7018],[98.729,12.7002],[98.7271,12.6976],[98.7269,12.6953],[98.7282,12.6956],[98.7289,12.6948],[98.7273,12.6924],[98.7279,12.6871],[98.7268,12.6865],[98.7263,12.6847],[98.7274,12.6783],[98.7271,12.6773],[98.724,12.675],[98.7237,12.6739],[98.7214,12.6723],[98.7212,12.6704],[98.7194,12.6693],[98.72,12.6671],[98.7183,12.6674],[98.715,12.6608],[98.716,12.6555],[98.7186,12.652],[98.7195,12.6471],[98.7185,12.6455],[98.718,12.6401],[98.7167,12.6392],[98.7165,12.6369],[98.7145,12.6312],[98.7137,12.6304],[98.7139,12.6281],[98.7126,12.6237],[98.7127,12.6211],[98.711,12.6192],[98.7125,12.6175],[98.7099,12.6126],[98.7083,12.6118],[98.708,12.6107],[98.7055,12.607],[98.7057,12.6043],[98.7097,12.601],[98.7102,12.5996],[98.7116,12.5985],[98.7126,12.5958],[98.7139,12.5947],[98.7149,12.5919],[98.7152,12.5907],[98.7141,12.5875],[98.7152,12.5858],[98.7147,12.5796],[98.7158,12.5775],[98.7165,12.577],[98.7194,12.5764],[98.7229,12.5725],[98.7233,12.5709],[98.7243,12.5702],[98.7278,12.5687],[98.7305,12.5692],[98.733,12.566],[98.7334,12.5635],[98.7308,12.562],[98.7316,12.5604],[98.7301,12.5588],[98.7293,12.5587],[98.7286,12.5591],[98.7279,12.5587],[98.726,12.5588],[98.7259,12.558],[98.7272,12.556],[98.7271,12.5553],[98.7257,12.5551],[98.725,12.556],[98.7237,12.5557],[98.7229,12.5535],[98.7221,12.5526],[98.7222,12.551],[98.7197,12.5511],[98.7189,12.5495],[98.7164,12.5482],[98.7165,12.5476],[98.7179,12.5469],[98.7171,12.5464],[98.7172,12.5452],[98.7164,12.545],[98.7165,12.544],[98.7176,12.5426],[98.7172,12.5408],[98.7165,12.5398],[98.7147,12.5394],[98.7115,12.5372],[98.7093,12.5366],[98.7096,12.5361],[98.7113,12.5356],[98.7097,12.5334],[98.7079,12.5331],[98.7061,12.5316],[98.7047,12.5295],[98.7029,12.5245],[98.7012,12.5216],[98.7008,12.5164],[98.697,12.512],[98.6973,12.5112],[98.6985,12.5107],[98.701,12.5118],[98.7022,12.5108],[98.7003,12.5001],[98.6991,12.496],[98.6993,12.4937],[98.6974,12.4905],[98.6963,12.486],[98.6947,12.4846],[98.6912,12.4797],[98.6888,12.4785],[98.6899,12.4747],[98.6898,12.4714],[98.6914,12.4688],[98.6958,12.4634],[98.6969,12.4582],[98.6956,12.4557],[98.6964,12.4529],[98.6952,12.4492],[98.6954,12.446],[98.694,12.4408],[98.6945,12.4389],[98.698,12.4348],[98.6983,12.4339],[98.6968,12.4306],[98.6969,12.429],[98.6963,12.427],[98.6969,12.4252],[98.6967,12.4234],[98.6953,12.4208],[98.6962,12.4187],[98.6964,12.4145],[98.6994,12.4127],[98.7052,12.4131],[98.7069,12.4117],[98.7096,12.4074],[98.7111,12.4029],[98.7131,12.3996],[98.7133,12.3976],[98.7138,12.3972],[98.7166,12.398],[98.7189,12.3979],[98.7206,12.4012],[98.7222,12.401],[98.7235,12.4037],[98.7251,12.4054],[98.7327,12.4072],[98.7341,12.4066],[98.7364,12.4047],[98.738,12.4049],[98.7442,12.4028],[98.7454,12.4007],[98.7472,12.3991],[98.75,12.3989],[98.7506,12.3967],[98.7521,12.3957],[98.7534,12.394],[98.7545,12.3838],[98.7551,12.3815],[98.7624,12.3757],[98.7687,12.3688],[98.7847,12.3551],[98.7945,12.3544],[98.7957,12.3546],[98.7987,12.3562],[98.8012,12.3557],[98.8129,12.3445],[98.8184,12.3386],[98.8192,12.3384],[98.8304,12.3256],[98.8358,12.3181],[98.8369,12.3183],[98.8424,12.316],[98.849,12.3118],[98.8498,12.3107],[98.8551,12.3066],[98.86,12.3004],[98.862,12.2986],[98.8648,12.2971],[98.8708,12.289],[98.873,12.2841],[98.8749,12.2722],[98.8781,12.2644],[98.8789,12.2485],[98.8807,12.2393],[98.8821,12.2366],[98.8856,12.2327],[98.8882,12.2274],[98.8938,12.2241],[98.9007,12.2226],[98.9047,12.2229],[98.9085,12.2248],[98.9122,12.2235],[98.9128,12.2221],[98.912,12.2212],[98.9111,12.2211],[98.9109,12.2178],[98.9116,12.215],[98.9126,12.2138],[98.9133,12.2097],[98.913,12.2064],[98.9149,12.204],[98.9153,12.2003],[98.9184,12.1971],[98.9194,12.1966],[98.9207,12.1936],[98.9241,12.1902],[98.9245,12.1879],[98.9252,12.1868],[98.925,12.1851],[98.9262,12.1812],[98.9261,12.1789],[98.9265,12.1781],[98.9308,12.1733],[98.9338,12.1715],[98.9355,12.1689],[98.9388,12.1671],[98.9395,12.1639],[98.9464,12.1558],[98.948,12.1563],[98.9489,12.1584],[98.95,12.158],[98.9518,12.159],[98.9525,12.1603],[98.9544,12.1612],[98.957,12.1593],[98.9585,12.1572],[98.9586,12.1553],[98.9603,12.1526],[98.9601,12.1497],[98.9615,12.1441],[98.9595,12.1393],[98.9598,12.1365],[98.9594,12.1347],[98.9594,12.1315],[98.9615,12.1258],[98.9597,12.1236],[98.959,12.1212],[98.9623,12.1175],[98.9638,12.1148],[98.9635,12.1127],[98.965,12.1111],[98.9697,12.1105],[98.9784,12.1053],[98.9811,12.1067],[98.983,12.1054],[98.9855,12.105],[98.9906,12.0982],[98.9917,12.0976],[98.9941,12.0929],[98.9965,12.0899],[99.0,12.0878],[99.0039,12.0872],[99.0069,12.0847],[99.0092,12.0841],[99.0113,12.082],[99.0127,12.0818],[99.0139,12.0807],[99.014,12.0782],[99.011,12.0782],[99.0086,12.0765],[99.0076,12.0743],[99.0078,12.0694],[99.0005,12.0615],[99.0006,12.0592],[99.0015,12.0571],[99.0016,12.0526],[99.0043,12.0479],[99.0036,12.0467],[99.0043,12.0435],[99.0033,12.0412],[99.004,12.0404],[99.004,12.0349],[99.0049,12.0317],[99.0026,12.0234],[99.0055,12.0192],[99.006,12.0153],[99.0073,12.0138],[99.0066,12.0116],[99.0094,12.0089],[99.014,12.0078],[99.0145,12.0071],[99.0155,12.007],[99.0169,12.0052],[99.0217,12.0031],[99.0225,12.0013],[99.0226,11.9983],[99.0238,11.9924],[99.0239,11.9898],[99.0245,11.9887],[99.0279,11.9874],[99.0303,11.9853],[99.0329,11.9856],[99.0349,11.9851],[99.0399,11.9817],[99.0428,11.9815],[99.0451,11.9805],[99.0457,11.9798],[99.0453,11.9789],[99.0458,11.9769],[99.0452,11.9736],[99.0467,11.9682],[99.0465,11.9613],[99.0524,11.9583],[99.0541,11.9567],[99.0563,11.9556],[99.0575,11.9533],[99.0578,11.9505],[99.0664,11.9436],[99.0701,11.9376],[99.0754,11.9346],[99.0779,11.9341],[99.0805,11.9318],[99.0838,11.9303],[99.0858,11.9282],[99.0862,11.9261],[99.0848,11.9249],[99.0846,11.9236],[99.0856,11.9225],[99.0862,11.9183],[99.0891,11.9131],[99.0892,11.9114],[99.0904,11.9077],[99.094,11.9038],[99.0946,11.8996],[99.0932,11.8967],[99.0923,11.886],[99.0917,11.8847],[99.0896,11.8829],[99.0898,11.8804],[99.0885,11.8762],[99.0859,11.8707],[99.086,11.8698],[99.0867,11.8692],[99.0889,11.8686],[99.0944,11.8685],[99.0975,11.8672],[99.1016,11.8672],[99.1048,11.8633],[99.1101,11.8598],[99.1107,11.8577],[99.1121,11.8577],[99.1136,11.8585],[99.115,11.8574],[99.1149,11.8564],[99.1164,11.8539],[99.1163,11.852],[99.1185,11.8519],[99.1186,11.8489],[99.1214,11.8436],[99.1219,11.8402],[99.1217,11.8396],[99.1206,11.8393],[99.1206,11.8385],[99.123,11.8372],[99.1242,11.8357],[99.1259,11.8313],[99.1283,11.8277],[99.1271,11.8264],[99.1263,11.8236],[99.1236,11.8224],[99.123,11.8199],[99.119,11.8193],[99.1166,11.8178],[99.1163,11.8167],[99.1166,11.816],[99.1181,11.8149],[99.1189,11.8126],[99.1219,11.8083],[99.1233,11.8071],[99.1245,11.8054],[99.1281,11.8034],[99.1321,11.7977],[99.1317,11.7948],[99.1298,11.7932],[99.1295,11.7924],[99.1281,11.7919],[99.1274,11.791],[99.1268,11.7897],[99.1267,11.7868],[99.1253,11.7842],[99.1236,11.7832],[99.1236,11.7818],[99.1224,11.7805],[99.1201,11.7811],[99.1184,11.7802],[99.1174,11.7803],[99.1165,11.7794],[99.1144,11.7791],[99.112,11.7803],[99.1104,11.7796],[99.1068,11.7764],[99.107,11.7752],[99.1083,11.7733],[99.1082,11.7706],[99.1128,11.7614],[99.1126,11.7588],[99.1135,11.7562],[99.1161,11.7529],[99.1163,11.7502],[99.1179,11.7484],[99.1176,11.7373],[99.1159,11.7345],[99.1115,11.7326],[99.1122,11.7304],[99.1114,11.73],[99.1089,11.7311],[99.1076,11.7323],[99.1022,11.7334],[99.1003,11.7331],[99.0994,11.7317],[99.1001,11.7302],[99.0988,11.7303],[99.0985,11.7294],[99.0988,11.7287],[99.0982,11.7283],[99.0991,11.7267],[99.0981,11.7265],[99.0977,11.7252],[99.0956,11.7249],[99.0942,11.7256],[99.0939,11.7251],[99.0931,11.7252],[99.0924,11.7245],[99.0911,11.7242],[99.0904,11.7253],[99.0897,11.7254],[99.0888,11.7247],[99.0881,11.7252],[99.0887,11.7236],[99.0877,11.7228],[99.0877,11.7218],[99.0854,11.716],[99.083,11.7134],[99.0809,11.7105],[99.0814,11.709],[99.08,11.7077],[99.0784,11.7039],[99.0762,11.7035],[99.0748,11.7037],[99.0724,11.701],[99.0706,11.7],[99.0672,11.6983],[99.0652,11.6981],[99.0647,11.697],[99.0651,11.6947],[99.0645,11.6938],[99.0661,11.6917],[99.0668,11.6891],[99.0665,11.6879],[99.0605,11.6859],[99.0596,11.6849],[99.0577,11.6847],[99.0572,11.6838],[99.0579,11.6751],[99.0572,11.6735],[99.0584,11.6712],[99.0593,11.6661],[99.0592,11.6641],[99.0586,11.6629],[99.0592,11.6608],[99.0587,11.6584],[99.0576,11.6563],[99.058,11.6549],[99.0564,11.6544],[99.0551,11.6525],[99.0552,11.6518],[99.0574,11.6484],[99.0574,11.6463],[99.0592,11.6436],[99.0592,11.6394],[99.0625,11.6329],[99.0654,11.63],[99.0657,11.6281],[99.0648,11.6264],[99.0634,11.6253],[99.0636,11.6213],[99.0627,11.6197],[99.0616,11.6192],[99.0612,11.6168],[99.0625,11.6131],[99.0626,11.6114],[99.0641,11.6089],[99.0644,11.6074],[99.062,11.605],[99.0591,11.6031],[99.0587,11.6021],[99.0593,11.5946],[99.06,11.5937],[99.0583,11.5932],[99.0576,11.5924],[99.0576,11.5898],[99.0596,11.5868],[99.0584,11.5865],[99.0577,11.5855],[99.0554,11.5842],[99.0536,11.5817],[99.0527,11.5786],[99.0536,11.5765],[99.0533,11.5733],[99.0565,11.5722],[99.0574,11.5715],[99.0575,11.5702],[99.0586,11.5684],[99.0587,11.5661],[99.0603,11.5645],[99.0613,11.5644],[99.0621,11.5623],[99.0613,11.5615],[99.06,11.5613],[99.0569,11.5612],[99.0557,11.5616],[99.0545,11.5607],[99.053,11.5604],[99.0525,11.5594],[99.0505,11.5589],[99.0495,11.5533],[99.0481,11.5521],[99.047,11.5493],[99.0475,11.5475],[99.0475,11.5438],[99.0465,11.5413],[99.0479,11.5366],[99.0495,11.5337],[99.0494,11.5317],[99.05,11.5289],[99.056,11.5229],[99.0556,11.5219],[99.056,11.5189],[99.0544,11.517],[99.0552,11.5163],[99.0545,11.5144],[99.0551,11.5107],[99.0541,11.5093],[99.0524,11.5091],[99.0502,11.5063],[99.0477,11.5049],[99.0446,11.5051],[99.0427,11.5064],[99.0419,11.5058],[99.0409,11.5036],[99.0392,11.503],[99.0387,11.5018],[99.0358,11.5028],[99.0343,11.5026],[99.0333,11.5018],[99.0332,11.5004],[99.0323,11.4983],[99.0309,11.4971],[99.0297,11.4968],[99.0247,11.4979],[99.0211,11.4951],[99.0198,11.4936],[99.0192,11.4906],[99.0192,11.489],[99.0201,11.4865],[99.0187,11.4847],[99.017,11.4809],[99.0169,11.4753],[99.0131,11.4748],[99.0109,11.4756],[99.0088,11.4742],[99.0107,11.4726],[99.0108,11.4708],[99.0103,11.4695],[99.0107,11.467],[99.0094,11.4629],[99.0068,11.4593],[99.0073,11.4583],[99.0072,11.4563],[99.0035,11.4488],[99.0013,11.4489],[99.0005,11.4473],[98.9992,11.4469],[98.9965,11.4484],[98.9956,11.4496],[98.9904,11.4492],[98.991,11.4522],[98.9905,11.4536],[98.9881,11.4534],[98.9868,11.4526],[98.9842,11.4539],[98.9816,11.4536],[98.9792,11.4523],[98.9763,11.4518],[98.974,11.4506],[98.9699,11.45],[98.9659,11.4468],[98.9652,11.4453],[98.9648,11.4433],[98.9662,11.4386],[98.9643,11.4352],[98.9644,11.4326],[98.9617,11.4301],[98.9607,11.4279],[98.9592,11.4269],[98.9568,11.427],[98.9535,11.4281],[98.951,11.4305],[98.9493,11.4311],[98.9488,11.4299],[98.9472,11.4283],[98.9423,11.4255],[98.9382,11.4201],[98.937,11.4158],[98.938,11.4133],[98.9379,11.4109],[98.9372,11.4094],[98.9355,11.4082],[98.9289,11.4071],[98.9266,11.4074],[98.9243,11.4101],[98.9208,11.4121],[98.918,11.4107],[98.915,11.4113],[98.9106,11.4109],[98.9092,11.4097],[98.9073,11.4098],[98.9049,11.4067],[98.9024,11.4044],[98.9004,11.4048],[98.899,11.407],[98.8967,11.4067],[98.8959,11.4027],[98.8946,11.4019],[98.8909,11.4024],[98.8888,11.4016],[98.8841,11.4014],[98.8795,11.4025],[98.8787,11.4037],[98.8779,11.4041],[98.8733,11.4007],[98.8691,11.3961],[98.8689,11.3936],[98.8694,11.3918],[98.869,11.3912],[98.8675,11.3907],[98.866,11.3907],[98.865,11.3924],[98.8629,11.3925],[98.8618,11.3956],[98.8604,11.3962],[98.8593,11.398],[98.8581,11.3989],[98.8547,11.3987],[98.854,11.3975],[98.8512,11.3967],[98.8503,11.3954],[98.851,11.3936],[98.8548,11.3914],[98.857,11.3868],[98.8571,11.3862],[98.8559,11.3855],[98.8555,11.3842],[98.8559,11.3833],[98.8551,11.3807],[98.8562,11.3795],[98.8568,11.3756],[98.8551,11.3747],[98.8548,11.3722],[98.8487,11.37],[98.8428,11.3663],[98.8435,11.3642],[98.8433,11.3626],[98.8428,11.3621],[98.8413,11.3617],[98.8393,11.3601],[98.8365,11.3607],[98.8353,11.3602],[98.836,11.3572],[98.8343,11.3526],[98.8362,11.3492],[98.8359,11.347],[98.8349,11.346],[98.8302,11.3447],[98.8291,11.3427],[98.8293,11.341],[98.8281,11.3385],[98.8294,11.3316],[98.828,11.3308],[98.8285,11.3287],[98.8268,11.3275],[98.8268,11.3213],[98.8239,11.3196],[98.8222,11.3172],[98.8188,11.3152],[98.8185,11.3143],[98.817,11.313],[98.8161,11.3101],[98.8159,11.3056],[98.8134,11.302],[98.8113,11.3014],[98.8104,11.3006],[98.8096,11.2978],[98.8097,11.2944],[98.8105,11.293],[98.8118,11.2922],[98.8145,11.2861],[98.8149,11.2823],[98.8172,11.2808],[98.8188,11.2755],[98.8178,11.2737],[98.8158,11.272],[98.8147,11.2692],[98.8144,11.261],[98.8117,11.2596],[98.8103,11.2582],[98.8098,11.2544],[98.8104,11.2533],[98.8105,11.2516],[98.8087,11.2506],[98.8067,11.2478],[98.8042,11.2458],[98.803,11.2431],[98.8018,11.2424],[98.7959,11.2415],[98.7938,11.2437],[98.7872,11.2414],[98.7862,11.2417],[98.7834,11.2445],[98.7807,11.2449],[98.7763,11.2487],[98.7735,11.2495],[98.7722,11.2513],[98.772,11.2534],[98.7712,11.2542],[98.7679,11.2555],[98.766,11.258],[98.7647,11.2582],[98.764,11.261],[98.7603,11.2635],[98.7586,11.261],[98.7564,11.2601],[98.7537,11.2551],[98.7528,11.2518],[98.753,11.2478],[98.7519,11.2461],[98.7518,11.2441],[98.7494,11.2391],[98.7512,11.2363],[98.7539,11.2363],[98.7548,11.2358],[98.7565,11.2286],[98.7595,11.2271],[98.7626,11.2263],[98.7648,11.2267],[98.7653,11.2242],[98.7634,11.2198],[98.7596,11.218],[98.7591,11.217],[98.7575,11.2164],[98.755,11.2139],[98.7526,11.2074],[98.7526,11.2006],[98.7548,11.1971],[98.7545,11.1937],[98.7561,11.1918],[98.7561,11.1891],[98.7569,11.1887],[98.7591,11.1887],[98.7596,11.1881],[98.7585,11.1826],[98.756,11.1784],[98.7553,11.1744],[98.7517,11.1684],[98.7496,11.1672],[98.7461,11.1633],[98.7393,11.161],[98.7369,11.1591],[98.7399,11.1511],[98.7418,11.15],[98.7443,11.1496],[98.7449,11.147],[98.7458,11.1459],[98.748,11.1415],[98.7462,11.1408],[98.7451,11.1396],[98.7438,11.1398],[98.7415,11.1378],[98.7412,11.1342],[98.7407,11.1333],[98.7397,11.1332],[98.7384,11.134],[98.7369,11.1332],[98.7324,11.1283],[98.7315,11.124],[98.7324,11.1221],[98.7343,11.1198],[98.7342,11.1175],[98.7332,11.1151],[98.7338,11.113],[98.7303,11.1125],[98.7296,11.1107],[98.7297,11.1085],[98.7314,11.1064],[98.7326,11.1066],[98.7341,11.1003],[98.7383,11.0976],[98.7398,11.0973],[98.744,11.0909],[98.7436,11.0862],[98.7477,11.0792],[98.7462,11.0755],[98.7494,11.0708],[98.7503,11.0684],[98.7527,11.0653],[98.7553,11.0553],[98.7589,11.0516],[98.7568,11.0485],[98.7577,11.0467],[98.7588,11.0418],[98.7601,11.0411],[98.7672,11.0412],[98.7682,11.0399],[98.7705,11.0407],[98.7727,11.0405],[98.773,11.0393],[98.7748,11.0374],[98.777,11.0374],[98.7779,11.0367],[98.7785,11.0346],[98.7774,11.0308],[98.7745,11.0259],[98.7753,11.0244],[98.7774,11.0223],[98.7785,11.0218],[98.78,11.0222],[98.7829,11.0218],[98.7854,11.0192],[98.7878,11.0185],[98.7891,11.0172],[98.7921,11.0174],[98.7939,11.0146],[98.794,11.0117],[98.7956,11.0101],[98.796,11.0089],[98.7956,11.0046],[98.7958,11.0006],[98.7952,10.9993],[98.796,10.9982],[98.7958,10.997],[98.7968,10.9929],[98.7953,10.9896],[98.7957,10.9879],[98.7953,10.9857],[98.7958,10.985],[98.7959,10.9833],[98.7956,10.9824],[98.796,10.9816],[98.7985,10.9807],[98.7985,10.9768],[98.7991,10.9763],[98.8001,10.9712],[98.8019,10.9694],[98.802,10.9671],[98.8011,10.9659],[98.8014,10.9646],[98.8008,10.9639],[98.8006,10.9613],[98.7977,10.9588],[98.7946,10.9585],[98.7945,10.9566],[98.7927,10.9547],[98.7895,10.9547],[98.7861,10.9536],[98.783,10.9543],[98.7817,10.9528],[98.7799,10.9522],[98.7787,10.9507],[98.7776,10.9506],[98.7756,10.9495],[98.7747,10.9485],[98.7744,10.9472],[98.7728,10.9468],[98.7717,10.9456],[98.7704,10.9457],[98.7692,10.9441],[98.7675,10.9437],[98.7661,10.9428],[98.7653,10.9412],[98.7649,10.9381],[98.7625,10.9356],[98.7597,10.9342],[98.7584,10.9319],[98.7578,10.9296],[98.7562,10.9282],[98.7557,10.9226],[98.7544,10.9211],[98.7533,10.9177],[98.7537,10.9159],[98.7548,10.9144],[98.7545,10.9139],[98.7539,10.9131],[98.7498,10.9119],[98.7504,10.9107],[98.7502,10.9073],[98.7496,10.9052],[98.7484,10.9035],[98.749,10.9009],[98.7483,10.8993],[98.7484,10.8977],[98.7475,10.8942],[98.7463,10.8929],[98.7467,10.8915],[98.7461,10.8861],[98.745,10.8856],[98.7422,10.8815],[98.7418,10.8795],[98.7396,10.8782],[98.7347,10.8785],[98.734,10.8789],[98.7302,10.8777],[98.729,10.8758],[98.7278,10.8752],[98.7246,10.8767],[98.7233,10.8767],[98.7213,10.8749],[98.7181,10.8753],[98.7175,10.875],[98.7173,10.8732],[98.7152,10.8718],[98.7125,10.8716],[98.7131,10.8701],[98.7117,10.868],[98.712,10.8663],[98.7116,10.8658],[98.7122,10.8652],[98.7109,10.8637],[98.7109,10.862],[98.7116,10.8615],[98.7096,10.8589],[98.7086,10.8553],[98.7093,10.8538],[98.709,10.8528],[98.7079,10.8524],[98.7071,10.8529],[98.7063,10.8527],[98.7064,10.8506],[98.7056,10.8469],[98.7066,10.843],[98.7077,10.8421],[98.7082,10.8406],[98.7065,10.8381],[98.7049,10.8381],[98.7039,10.8367],[98.7033,10.8367],[98.7018,10.8338],[98.6997,10.8323],[98.6985,10.8325],[98.6978,10.8333],[98.6966,10.8333],[98.6959,10.8322],[98.6931,10.8312],[98.692,10.8297],[98.6903,10.8288],[98.6879,10.8294],[98.688,10.832],[98.6868,10.8332],[98.6855,10.8332],[98.6851,10.8323],[98.6833,10.8305],[98.6819,10.8301],[98.6807,10.8279],[98.6775,10.8244],[98.6703,10.8223],[98.6696,10.8213],[98.666,10.8191],[98.6642,10.8189],[98.6619,10.8175],[98.6605,10.8156],[98.66,10.8134],[98.6591,10.8142],[98.6584,10.8131],[98.6578,10.8131],[98.6565,10.8145],[98.6544,10.8155],[98.6524,10.8181],[98.6504,10.8178],[98.6485,10.8181],[98.6474,10.8193],[98.6468,10.823],[98.6461,10.8232],[98.6458,10.8238],[98.644,10.824],[98.6437,10.8246],[98.6423,10.8241],[98.6425,10.8232],[98.642,10.823],[98.6419,10.8224],[98.6405,10.8227],[98.6401,10.8235],[98.6394,10.8225],[98.6394,10.8211],[98.6372,10.8226],[98.6373,10.8238],[98.6363,10.8232],[98.6362,10.8221],[98.6348,10.8228],[98.6335,10.8226],[98.6325,10.8194],[98.6294,10.8182],[98.626,10.8147],[98.6257,10.8137],[98.6266,10.8125],[98.6281,10.8121],[98.6302,10.8106],[98.6306,10.8079],[98.6286,10.8067],[98.6274,10.8075],[98.6264,10.8073],[98.6254,10.8064],[98.6239,10.8066],[98.6226,10.806],[98.6217,10.8042],[98.6224,10.8032],[98.6228,10.8011],[98.6225,10.7971],[98.622,10.7965],[98.6203,10.7971],[98.6189,10.795],[98.6134,10.7933],[98.6111,10.7905],[98.6094,10.7865],[98.6105,10.7821],[98.6146,10.7792],[98.615,10.7783],[98.6147,10.777],[98.6122,10.7748],[98.6129,10.7736],[98.6125,10.7719],[98.6132,10.7652],[98.6121,10.7631],[98.6117,10.7587],[98.6097,10.7565],[98.6083,10.7563],[98.6073,10.7577],[98.6073,10.7595],[98.6065,10.7605],[98.6048,10.7594],[98.6036,10.7602],[98.6022,10.76],[98.5992,10.7578],[98.5979,10.7556],[98.5957,10.7548],[98.5954,10.7428],[98.5939,10.7398],[98.5936,10.7383],[98.5925,10.737],[98.5895,10.7355],[98.588,10.736],[98.5865,10.7348],[98.5863,10.7337],[98.5857,10.7332],[98.584,10.7327],[98.5824,10.7256],[98.5815,10.7163],[98.5824,10.7146],[98.5843,10.7156],[98.5863,10.7159],[98.5878,10.7145],[98.585,10.7124],[98.5862,10.7092],[98.5852,10.7081],[98.584,10.705],[98.5846,10.7036],[98.5837,10.7018],[98.5823,10.7006],[98.5831,10.6992],[98.5813,10.697],[98.5819,10.696],[98.584,10.6943],[98.584,10.6924],[98.583,10.6917],[98.5832,10.6905],[98.5827,10.6891],[98.5806,10.6877],[98.5788,10.6832],[98.5778,10.6782],[98.5793,10.676],[98.5776,10.6737],[98.5766,10.6732],[98.5767,10.6711],[98.5746,10.6703],[98.5746,10.6673],[98.5731,10.665],[98.573,10.6604],[98.572,10.6595],[98.5695,10.6584],[98.5681,10.6558],[98.5675,10.6535],[98.5689,10.6504],[98.5693,10.6476],[98.5684,10.6438],[98.5687,10.6425],[98.57,10.6395],[98.5719,10.6383],[98.5717,10.6363],[98.5683,10.6307],[98.5685,10.629],[98.5714,10.6193],[98.5738,10.6133],[98.5736,10.61],[98.5744,10.6091],[98.5751,10.605],[98.5743,10.6018],[98.575,10.6005],[98.5745,10.5992],[98.571,10.5971],[98.5692,10.5934],[98.5675,10.5936],[98.567,10.5945],[98.566,10.5942],[98.5642,10.5911],[98.562,10.5856],[98.5612,10.5851],[98.5595,10.5852],[98.5586,10.5843],[98.5591,10.5792],[98.56,10.5773],[98.5596,10.5754],[98.5599,10.574],[98.5596,10.5727],[98.5585,10.5714],[98.558,10.5688],[98.557,10.5676],[98.5573,10.567],[98.5569,10.5661],[98.5576,10.5655],[98.5574,10.5649],[98.5579,10.563],[98.5573,10.5613],[98.5576,10.5572],[98.5596,10.5521],[98.5605,10.5518],[98.5616,10.5525],[98.5621,10.5523],[98.5625,10.5511],[98.565,10.5492],[98.5688,10.5446],[98.569,10.5383],[98.5685,10.5367],[98.5662,10.5338],[98.5649,10.533],[98.5616,10.5233],[98.5596,10.5215],[98.5554,10.5119],[98.5581,10.5108],[98.5641,10.5099],[98.5653,10.5092],[98.5698,10.5085],[98.5709,10.5088],[98.572,10.5084],[98.5724,10.507],[98.5744,10.5057],[98.5752,10.5044],[98.5799,10.5018],[98.585,10.5037],[98.587,10.5054],[98.5877,10.5069],[98.5901,10.5068],[98.5911,10.5074],[98.5925,10.506],[98.5946,10.5066],[98.5951,10.5076],[98.5968,10.5073],[98.598,10.5059],[98.6011,10.5058],[98.6021,10.504],[98.6034,10.5033],[98.6064,10.5052],[98.6085,10.5054],[98.6097,10.505],[98.611,10.5057],[98.6118,10.5051],[98.6136,10.5054],[98.6147,10.503],[98.6182,10.4991],[98.6176,10.4955],[98.6205,10.4924],[98.6235,10.4844],[98.6251,10.4839],[98.6276,10.4801],[98.6293,10.4789],[98.6304,10.4763],[98.6298,10.475],[98.627,10.473],[98.6277,10.4711],[98.6299,10.4694],[98.6287,10.4665],[98.6286,10.4644],[98.627,10.4633],[98.6255,10.4614],[98.6231,10.4603],[98.6215,10.4567],[98.6194,10.4557],[98.6176,10.4493],[98.6177,10.4456],[98.6183,10.4448],[98.6178,10.4417],[98.6161,10.4388],[98.6173,10.4357],[98.617,10.4335],[98.616,10.4323],[98.6132,10.4319],[98.6121,10.4308],[98.6099,10.4274],[98.6093,10.4256],[98.6083,10.4248],[98.6072,10.4228],[98.6077,10.4219],[98.6095,10.4211],[98.6108,10.4178],[98.6108,10.4165],[98.6123,10.4146],[98.6125,10.4127],[98.6113,10.4117],[98.6102,10.4099],[98.6099,10.4069],[98.609,10.4046],[98.6101,10.3988],[98.6116,10.3978],[98.6117,10.3966],[98.6069,10.3922],[98.6065,10.3898],[98.6052,10.3886],[98.605,10.3869],[98.6028,10.3856],[98.6031,10.3839],[98.6025,10.3794],[98.6005,10.3769],[98.6013,10.3694],[98.6038,10.366],[98.6058,10.3644],[98.6066,10.3627],[98.6085,10.362],[98.612,10.3648],[98.6164,10.3626],[98.619,10.3626],[98.6197,10.3596],[98.6232,10.3589],[98.6246,10.3541],[98.6214,10.3465],[98.6196,10.34],[98.6185,10.3383],[98.6188,10.3355],[98.6195,10.3343],[98.6213,10.3333],[98.6218,10.3317],[98.6217,10.3304],[98.6206,10.329],[98.6199,10.3254],[98.6208,10.3219],[98.6198,10.3174],[98.616,10.3122],[98.6145,10.3074],[98.6141,10.2991],[98.6131,10.2982],[98.6127,10.2965],[98.6133,10.294],[98.6128,10.2898],[98.6105,10.283],[98.6104,10.2784],[98.6113,10.2765],[98.6112,10.2746],[98.6092,10.2699],[98.6039,10.2669],[98.6013,10.2668],[98.5977,10.2645],[98.5936,10.2629],[98.5928,10.262],[98.5928,10.2609],[98.5948,10.2576],[98.6017,10.2533],[98.6035,10.251],[98.6036,10.25]]}},{"type":"Feature","properties":{"Road_Type":"Secondary"},"geometry":{"type":"LineString","coordinates":[[99.0821,13.8933],[99.0822,13.8912],[99.0812,13.889],[99.0787,13.887],[99.0782,13.8851],[99.0772,13.8843],[99.0751,13.8858],[99.0735,13.8847],[99.072,13.885],[99.0704,13.8863],[99.0686,13.886],[99.0665,13.8875],[99.0639,13.8876],[99.0614,13.8865],[99.0566,13.8889],[99.0537,13.8879],[99.0517,13.8879],[99.0501,13.8888],[99.0473,13.8873],[99.0433,13.8883],[99.0422,13.8896],[99.0418,13.8909],[99.0381,13.8928],[99.037,13.8942],[99.0351,13.8944],[99.0323,13.8979],[99.0243,13.9029],[99.0189,13.9039],[99.0159,13.9077],[99.0158,13.9087],[99.0145,13.9091],[99.0145,13.9146],[99.0139,13.915],[99.0133,13.9173],[99.0057,13.9309],[99.0029,13.9324],[99.0034,13.9333],[99.0031,13.9339],[99.0018,13.9338],[98.998,13.9357],[98.9975,13.9351],[98.9968,13.9353],[98.9963,13.938],[98.9952,13.9398],[98.995,13.9428],[98.9955,13.9445],[98.9947,13.9454],[98.9926,13.9458],[98.9902,13.9481],[98.9872,13.9486],[98.987,13.9498],[98.9838,13.9532],[98.9826,13.9534],[98.9815,13.9547],[98.9791,13.9549],[98.977,13.9559],[98.9762,13.9575],[98.9755,13.9581],[98.975,13.9578],[98.9747,13.9586],[98.9762,13.9608],[98.9736,13.9626],[98.9724,13.9621],[98.9706,13.9666],[98.9698,13.9674],[98.9686,13.9672],[98.9706,13.9699],[98.9708,13.9748],[98.9698,13.9769],[98.9699,13.9822],[98.9686,13.9849],[98.9671,13.9854],[98.9659,13.9872],[98.9648,13.9876],[98.9628,13.9893],[98.9567,13.9908],[98.9546,13.9931],[98.9462,13.9976],[98.9459,14.0006],[98.9424,14.0031],[98.9412,14.0053],[98.9416,14.0067],[98.9402,14.0073],[98.94,14.0093],[98.9412,14.0111],[98.9412,14.0118],[98.9395,14.0137],[98.9356,14.0153],[98.9357,14.0172],[98.9369,14.0183],[98.9363,14.0193],[98.9365,14.0206],[98.9348,14.0224],[98.9312,14.0249],[98.9311,14.0283],[98.9296,14.0288],[98.9252,14.0349],[98.923,14.0356],[98.921,14.0374],[98.9179,14.0376],[98.9127,14.0404],[98.9062,14.0409],[98.9064,14.0429],[98.9059,14.0436],[98.9007,14.0449],[98.9003,14.0459],[98.8989,14.0457],[98.8986,14.0458],[98.8989,14.0466],[98.8975,14.0473],[98.8938,14.047],[98.8929,14.0463],[98.892,14.0467],[98.8904,14.0479],[98.8863,14.0549],[98.8838,14.057],[98.8775,14.0581],[98.8753,14.0595],[98.8699,14.0598],[98.8676,14.0609],[98.8611,14.0624],[98.8587,14.0624],[98.8555,14.0636],[98.8547,14.0646],[98.8509,14.0663],[98.8492,14.0677],[98.8476,14.0678],[98.8437,14.0706],[98.8427,14.0725],[98.8398,14.0748],[98.8395,14.0768],[98.839,14.0773],[98.8352,14.0797],[98.83,14.0817],[98.8237,14.0884],[98.8231,14.0904],[98.8215,14.0916],[98.8169,14.0936],[98.8153,14.0956],[98.8106,14.0969],[98.8091,14.098],[98.8062,14.0988],[98.8057,14.0996],[98.8016,14.1012],[98.7952,14.1062],[98.7915,14.1068],[98.7901,14.1079],[98.7906,14.1097],[98.7902,14.1106],[98.786,14.1147],[98.7846,14.1174],[98.7821,14.1206],[98.7806,14.1266],[98.777,14.1295],[98.7746,14.1307],[98.7736,14.1337],[98.7707,14.1351],[98.7646,14.1407],[98.7638,14.142],[98.7623,14.1425],[98.7621,14.1436],[98.7571,14.1455],[98.7557,14.1478],[98.7559,14.1503],[98.7534,14.1522],[98.7527,14.1539],[98.7505,14.1546],[98.7494,14.1544],[98.7477,14.1558],[98.746,14.1543],[98.7424,14.1561],[98.7442,14.1569],[98.7426,14.1573],[98.737,14.1567],[98.7346,14.1596],[98.7289,14.1613],[98.7268,14.1612],[98.7251,14.1601],[98.7226,14.162],[98.716,14.1644],[98.7139,14.1635],[98.7094,14.158],[98.7076,14.1571],[98.7049,14.1578],[98.702,14.16],[98.6992,14.1642],[98.6916,14.1684],[98.689,14.1685],[98.6818,14.1738],[98.6774,14.1743],[98.6712,14.1762],[98.6627,14.181],[98.6603,14.181],[98.6545,14.178],[98.6513,14.1797],[98.6471,14.178],[98.6414,14.1772],[98.6397,14.1755],[98.6361,14.1767],[98.6341,14.1831],[98.631,14.1872],[98.6282,14.1883],[98.6275,14.1894],[98.6251,14.1909],[98.6238,14.1924],[98.6199,14.1939],[98.6169,14.1935],[98.6161,14.1944],[98.6155,14.1968],[98.6129,14.1983],[98.6099,14.1986],[98.6081,14.1965],[98.6065,14.1925],[98.6044,14.1931],[98.6012,14.1963],[98.5985,14.1974],[98.5936,14.1983],[98.5877,14.1951],[98.5869,14.1957],[98.5861,14.1947],[98.5853,14.1949],[98.5853,14.194],[98.5831,14.1928],[98.5821,14.1939],[98.5817,14.193],[98.5803,14.1936],[98.5799,14.1947],[98.5734,14.1962],[98.5744,14.1969],[98.5735,14.198],[98.5739,14.2001],[98.5732,14.2035],[98.5703,14.2074],[98.5663,14.2099],[98.5645,14.2098],[98.5604,14.2059],[98.5609,14.2014],[98.5592,14.1984],[98.5559,14.1942],[98.5545,14.1935],[98.5508,14.1897],[98.5495,14.1879],[98.5495,14.1863],[98.5479,14.1849],[98.5465,14.1853],[98.5437,14.183],[98.5426,14.1809],[98.5419,14.1804],[98.5402,14.1766],[98.5399,14.1712],[98.5389,14.169],[98.5388,14.1668],[98.5378,14.1669],[98.5354,14.166],[98.534,14.1669],[98.5288,14.1669],[98.5278,14.1673],[98.525,14.1702],[98.5214,14.17],[98.5203,14.1692],[98.5195,14.1657],[98.5188,14.1647],[98.52,14.1631],[98.5168,14.1604],[98.5151,14.1597],[98.5132,14.1599],[98.5101,14.1586],[98.5092,14.1598],[98.5069,14.1602],[98.5048,14.1598],[98.5036,14.1606],[98.503,14.1588],[98.5013,14.159],[98.4997,14.1602],[98.4988,14.1598],[98.4971,14.1617],[98.495,14.1628],[98.4926,14.1629],[98.4916,14.1612],[98.4896,14.1595],[98.4893,14.1582],[98.4872,14.1573],[98.4863,14.1575],[98.4843,14.1596],[98.4826,14.1597],[98.4813,14.1582],[98.4794,14.1595],[98.4779,14.1593],[98.4774,14.1606],[98.4752,14.161],[98.475,14.1621],[98.4753,14.1627],[98.4744,14.1631],[98.4738,14.1626],[98.4726,14.1639],[98.4708,14.163],[98.4703,14.1621],[98.4691,14.1619],[98.4677,14.1634],[98.4647,14.1649],[98.4588,14.1665],[98.4565,14.1676],[98.447,14.1667],[98.44,14.1667],[98.4386,14.1657],[98.4346,14.1672],[98.4314,14.1678],[98.4264,14.1669],[98.4234,14.1709],[98.4229,14.1709],[98.423,14.1697],[98.4217,14.1699],[98.424,14.1682],[98.4238,14.1679],[98.4224,14.1685],[98.4202,14.1674],[98.4211,14.167],[98.4195,14.1662],[98.419,14.1654],[98.4171,14.1655],[98.4172,14.1663],[98.4166,14.1663],[98.416,14.1677],[98.4161,14.1685],[98.4154,14.1687],[98.4156,14.1697],[98.4125,14.1693],[98.4113,14.1702],[98.4109,14.171],[98.4133,14.1714],[98.4123,14.1719],[98.4123,14.1728],[98.4105,14.1714],[98.41,14.1722],[98.4072,14.1725],[98.4059,14.175],[98.404,14.1764],[98.4039,14.1792],[98.4021,14.1804],[98.4008,14.1822],[98.3997,14.182],[98.3982,14.1838],[98.3953,14.1852],[98.394,14.185],[98.3909,14.1861],[98.3865,14.1846],[98.386,14.184],[98.3824,14.1832],[98.3813,14.1822],[98.3797,14.1824],[98.3784,14.1815],[98.3727,14.1815],[98.3703,14.1801],[98.3714,14.1802],[98.3694,14.1797],[98.3687,14.18],[98.3671,14.1794],[98.3668,14.1797],[98.3654,14.1782],[98.3645,14.1783],[98.3625,14.1799],[98.3625,14.1808],[98.3603,14.1794],[98.3581,14.1798],[98.3554,14.178],[98.3533,14.1747],[98.3512,14.1736],[98.3494,14.1717],[98.3488,14.17],[98.3477,14.1693],[98.3482,14.1673],[98.3477,14.1671],[98.3466,14.1645],[98.3446,14.1636],[98.3444,14.1619],[98.3435,14.1611],[98.3406,14.1599],[98.3399,14.1585],[98.3403,14.1576],[98.3391,14.1567],[98.3388,14.1559],[98.3365,14.1559],[98.3352,14.1545],[98.3351,14.1525],[98.3341,14.1524],[98.3332,14.151],[98.331,14.1522],[98.3288,14.1526],[98.3278,14.152],[98.3281,14.1511],[98.327,14.1502],[98.3264,14.1488],[98.3267,14.1468],[98.3276,14.1459],[98.3267,14.1452],[98.3268,14.1447],[98.3276,14.1438],[98.3263,14.1425],[98.3266,14.1412],[98.326,14.1394],[98.3273,14.1364],[98.3267,14.1346],[98.3272,14.1326],[98.3262,14.132],[98.326,14.1301],[98.3249,14.1295],[98.3237,14.1271],[98.3241,14.1254],[98.3217,14.1233],[98.3197,14.1239],[98.3185,14.1233],[98.3173,14.1214],[98.3176,14.1207],[98.3169,14.119],[98.3156,14.1173],[98.3126,14.1171],[98.3121,14.1165],[98.3094,14.1158],[98.309,14.1149],[98.3108,14.113],[98.3101,14.1125],[98.3096,14.1107],[98.3079,14.11],[98.3061,14.1081],[98.3049,14.1086],[98.3037,14.108],[98.3028,14.1055],[98.3001,14.1052],[98.3008,14.1011],[98.2994,14.098],[98.2969,14.0958],[98.2968,14.0935],[98.2973,14.0915],[98.2964,14.0904],[98.2966,14.0885],[98.2953,14.0881],[98.2906,14.0833],[98.2905,14.0816],[98.2889,14.0777],[98.2882,14.0773],[98.2851,14.0775],[98.2829,14.0767],[98.2813,14.0775],[98.28,14.0774],[98.2795,14.0767],[98.2807,14.0757],[98.2808,14.0748],[98.2807,14.0737],[98.2802,14.0734],[98.2767,14.0731],[98.2755,14.0725],[98.274,14.0732],[98.2707,14.0726],[98.2661,14.0713],[98.2628,14.0693],[98.2576,14.0699],[98.256,14.0694],[98.2486,14.0707],[98.2459,14.0763],[98.2414,14.0799],[98.2387,14.0813],[98.2353,14.0818],[98.2305,14.0817],[98.2286,14.0823],[98.2256,14.0819],[98.2178,14.0825],[98.2164,14.0832],[98.2149,14.0823]]}},{"type":"Feature","properties":{"Road_Type":"Secondary"},"geometry":{"type":"LineString","coordinates":[[99.6405,11.7894],[99.6395,11.7889],[99.6371,11.7933],[99.6253,11.797],[99.6189,11.8002],[99.6147,11.8004],[99.6119,11.8052],[99.611,11.8057],[99.6094,11.8086],[99.6083,11.8121],[99.6072,11.8132],[99.6045,11.814],[99.6031,11.8127],[99.6002,11.8135],[99.5996,11.8142],[99.5983,11.8145],[99.5972,11.8162],[99.5961,11.8166],[99.5941,11.8184],[99.592,11.8189],[99.5897,11.8205],[99.5876,11.8232],[99.5856,11.8244],[99.5809,11.8254],[99.5777,11.8251],[99.5761,11.8282],[99.5726,11.8304],[99.5689,11.8317],[99.5676,11.8315],[99.5654,11.8328],[99.5634,11.833],[99.5606,11.831],[99.5539,11.8311],[99.5517,11.8287],[99.5501,11.8282],[99.5464,11.8297],[99.5454,11.8318],[99.5439,11.832],[99.5392,11.8347],[99.5387,11.8364],[99.5389,11.841],[99.5374,11.8413],[99.5332,11.844],[99.5307,11.8434],[99.5274,11.8447],[99.5223,11.8481],[99.5187,11.8496],[99.518,11.8505],[99.5183,11.8517],[99.5164,11.8534],[99.5146,11.8535],[99.5112,11.8512],[99.51,11.8511],[99.5102,11.8494],[99.5097,11.8483],[99.5086,11.8476],[99.5056,11.8484],[99.5039,11.8477],[99.5012,11.8472],[99.499,11.8474],[99.491,11.8515],[99.486,11.851],[99.4804,11.8511],[99.4754,11.8503],[99.4745,11.851],[99.474,11.8533],[99.4717,11.8533],[99.4704,11.8538],[99.4642,11.8577],[99.4622,11.8586],[99.4597,11.8587],[99.4574,11.8607],[99.4507,11.8626],[99.4453,11.8649],[99.4437,11.8645],[99.442,11.863],[99.4393,11.8619],[99.4365,11.8621],[99.4301,11.8675],[99.4267,11.8684],[99.4239,11.8679],[99.4213,11.8663],[99.4188,11.8629],[99.4171,11.8626],[99.4131,11.8639],[99.4041,11.863],[99.4026,11.8641],[99.3982,11.865],[99.3921,11.8649],[99.3888,11.8632],[99.3851,11.8601],[99.3841,11.8584],[99.3833,11.8592],[99.3832,11.86],[99.3818,11.861],[99.3764,11.8609],[99.3755,11.8615],[99.3725,11.8611],[99.3713,11.8622],[99.3697,11.8616],[99.3676,11.8619],[99.3628,11.8638],[99.3599,11.8635],[99.3582,11.8625],[99.3558,11.8624],[99.3555,11.8629],[99.3542,11.8631],[99.3534,11.8623],[99.3507,11.8634],[99.3485,11.863],[99.3471,11.864],[99.346,11.8634],[99.3457,11.8612],[99.3449,11.8614],[99.3425,11.8604],[99.3408,11.8618],[99.3392,11.8617],[99.3387,11.8634],[99.3375,11.8627],[99.3374,11.8634],[99.3337,11.864],[99.3339,11.8644],[99.3335,11.8648],[99.332,11.8638],[99.3316,11.8645],[99.331,11.8644],[99.3299,11.8633],[99.3288,11.8649],[99.3258,11.8664],[99.3247,11.8631],[99.3237,11.8624],[99.3248,11.8613],[99.3239,11.8603],[99.3242,11.8587],[99.3235,11.8587],[99.3217,11.8572],[99.3203,11.8548],[99.3187,11.8554],[99.3183,11.8544],[99.3178,11.8542],[99.3176,11.8529],[99.3169,11.8526],[99.3161,11.8526],[99.3152,11.8535],[99.3144,11.8531],[99.3123,11.8541],[99.3109,11.853],[99.3095,11.8529],[99.3095,11.8524],[99.3106,11.8517],[99.309,11.8518],[99.3076,11.8525],[99.3014,11.8497],[99.2934,11.8489],[99.292,11.8508],[99.2866,11.8538],[99.2827,11.852],[99.2756,11.8527],[99.2687,11.8541],[99.2646,11.854],[99.2616,11.8524],[99.2576,11.8475],[99.2538,11.8484],[99.25,11.8505],[99.2469,11.8566],[99.247,11.8587],[99.2422,11.8693],[99.2415,11.8698],[99.2393,11.8695],[99.2369,11.868],[99.2352,11.8649],[99.2334,11.8638],[99.2319,11.8646],[99.2297,11.8644],[99.2244,11.8704],[99.218,11.8716],[99.2096,11.8676],[99.2072,11.8655],[99.2047,11.8645],[99.2018,11.865],[99.1925,11.8638],[99.1905,11.8639],[99.1872,11.8656],[99.1832,11.8709],[99.1794,11.8742],[99.1735,11.8768],[99.1715,11.8786],[99.1693,11.8855],[99.1673,11.8867],[99.164,11.8874],[99.1598,11.8854],[99.1439,11.884],[99.1425,11.884],[99.1382,11.8853],[99.134,11.8857],[99.1275,11.8913],[99.127,11.8924],[99.1272,11.8941],[99.121,11.9011],[99.1205,11.9024],[99.121,11.904],[99.1171,11.9049],[99.1153,11.9062],[99.1129,11.9083],[99.1114,11.9111],[99.1092,11.9126],[99.1047,11.9138],[99.1027,11.9137],[99.0982,11.9171],[99.0942,11.9177],[99.0898,11.9227],[99.0876,11.9269],[99.0859,11.9289],[99.084,11.9302]]}},{"type":"Feature","properties":{"Road_Type":"Secondary"},"geometry":{"type":"LineString","coordinates":[[99.0072,11.4566],[99.0094,11.4547],[99.0117,11.4551],[99.0141,11.4549],[99.0156,11.4529],[99.0175,11.451],[99.019,11.4504],[99.0194,11.4495],[99.0218,11.449],[99.0219,11.4479],[99.0231,11.4466],[99.0243,11.447],[99.0251,11.4484],[99.0262,11.4483],[99.0277,11.449],[99.0298,11.448],[99.032,11.4489],[99.0343,11.4483],[99.0362,11.449],[99.0368,11.4498],[99.0389,11.4504],[99.0402,11.4535],[99.0409,11.4539],[99.042,11.4528],[99.0425,11.4514],[99.0443,11.4501],[99.0477,11.4514],[99.0498,11.4511],[99.0501,11.4492],[99.0513,11.4494],[99.0529,11.447],[99.0535,11.4472],[99.0548,11.4466],[99.0561,11.4446],[99.0584,11.4437],[99.0588,11.4426],[99.0601,11.4419],[99.0611,11.4404],[99.0613,11.4386],[99.0621,11.4374],[99.0661,11.434],[99.0659,11.4319],[99.0653,11.4314],[99.0656,11.4301],[99.0688,11.428],[99.0695,11.4252],[99.0724,11.425],[99.0729,11.4212],[99.0746,11.4211],[99.0762,11.4189],[99.0764,11.4134],[99.0771,11.4128],[99.0776,11.411],[99.08,11.4099],[99.081,11.4069],[99.0841,11.4047],[99.0889,11.3981],[99.0904,11.3972],[99.0919,11.3981],[99.0954,11.3931],[99.097,11.3919],[99.0986,11.3914],[99.0998,11.3898],[99.1025,11.3891],[99.1053,11.3847],[99.1067,11.3833],[99.1067,11.382],[99.1059,11.3808],[99.1042,11.3742],[99.1045,11.3726],[99.1038,11.3688],[99.1045,11.3632],[99.1055,11.3589],[99.1085,11.3533],[99.1101,11.3485],[99.1101,11.3467],[99.113,11.341],[99.1164,11.3366],[99.1169,11.3346],[99.1168,11.3326],[99.1175,11.3314],[99.1175,11.3295],[99.1198,11.3282],[99.1248,11.3304],[99.1268,11.3307],[99.1308,11.3301],[99.1322,11.3294],[99.1342,11.3271],[99.1391,11.3189],[99.141,11.3181],[99.1446,11.3147],[99.1452,11.315],[99.1479,11.3127],[99.1496,11.3124],[99.1507,11.3128],[99.1522,11.3123],[99.1546,11.3125],[99.1564,11.3134],[99.1606,11.3124],[99.1609,11.3104],[99.1617,11.3103],[99.1648,11.3078],[99.167,11.3026],[99.1681,11.3021],[99.1709,11.3024],[99.1718,11.303],[99.1719,11.304],[99.1734,11.3041],[99.1743,11.3036],[99.1757,11.3048],[99.1769,11.304],[99.1796,11.3042],[99.182,11.3021],[99.1821,11.3009],[99.1835,11.3042],[99.1844,11.3046],[99.1859,11.3039],[99.1872,11.3045],[99.1915,11.3026],[99.194,11.3024],[99.1952,11.3012],[99.1962,11.2959],[99.1954,11.2928],[99.1956,11.2882],[99.1989,11.2815],[99.1981,11.2783],[99.1995,11.2774],[99.2035,11.2767],[99.2053,11.2785],[99.2054,11.2751],[99.207,11.2745],[99.209,11.2724],[99.2092,11.2703],[99.211,11.2688],[99.2117,11.2657],[99.2178,11.2663],[99.2191,11.2655],[99.2199,11.2662],[99.2209,11.2682],[99.2236,11.2688],[99.2234,11.2706],[99.2239,11.2721],[99.225,11.2743],[99.2275,11.2758],[99.2284,11.2778],[99.228,11.2789],[99.229,11.2792],[99.2338,11.2847],[99.235,11.2845],[99.2366,11.2856],[99.2392,11.2862],[99.2397,11.2877],[99.2389,11.2882],[99.2389,11.289],[99.2401,11.2898],[99.2414,11.2899],[99.2416,11.2906],[99.2429,11.2901],[99.244,11.2924],[99.2464,11.2918],[99.2471,11.2922],[99.2472,11.2935],[99.2465,11.2949],[99.2486,11.2946],[99.2494,11.2936],[99.2505,11.2945],[99.2514,11.2944],[99.2519,11.2951],[99.2537,11.2951],[99.2576,11.2967],[99.2585,11.2966],[99.2598,11.2976],[99.2625,11.2981],[99.267,11.2981],[99.2705,11.2996],[99.271,11.2988],[99.2727,11.2997],[99.2745,11.2986],[99.2759,11.2991],[99.2754,11.2996],[99.2756,11.3],[99.2771,11.2999],[99.278,11.2991],[99.2807,11.2996],[99.282,11.2991],[99.2824,11.3003],[99.2838,11.3006],[99.2851,11.3018],[99.2839,11.3022],[99.2842,11.3025],[99.2855,11.3022],[99.2858,11.3007],[99.2865,11.3001],[99.2851,11.2984],[99.2865,11.2968],[99.285,11.295],[99.2856,11.2943],[99.2857,11.2929],[99.2862,11.2925],[99.2891,11.2941],[99.291,11.2957],[99.2921,11.2962],[99.2929,11.2957],[99.2938,11.2959],[99.2952,11.2968],[99.2996,11.2964],[99.3008,11.2948],[99.3037,11.294],[99.3067,11.2954],[99.3077,11.2965],[99.3083,11.2963],[99.3095,11.2975],[99.3109,11.2978],[99.3107,11.2987],[99.3116,11.2992]]}},{"type":"Feature","properties":{"Road_Type":"Secondary"},"geometry":{"type":"LineString","coordinates":[[98.5184,10.25],[98.5191,10.2521],[98.5195,10.2611],[98.5179,10.2683],[98.5195,10.2741],[98.5193,10.2763],[98.5169,10.2801],[98.5159,10.2844],[98.5148,10.2866],[98.522,10.3104],[98.5218,10.3112],[98.5224,10.3117],[98.5233,10.3167],[98.524,10.3178],[98.5243,10.3207],[98.5261,10.3247],[98.5265,10.3248],[98.5288,10.3231],[98.5297,10.3219],[98.5315,10.3222],[98.532,10.3237],[98.5314,10.3254],[98.5317,10.326],[98.5331,10.3275],[98.5346,10.3269],[98.5365,10.3294],[98.538,10.3335],[98.5381,10.3359],[98.5388,10.3369],[98.5424,10.3378],[98.5469,10.3362],[98.5479,10.3364],[98.55,10.3379],[98.5502,10.3392],[98.551,10.3393],[98.5508,10.3401],[98.5517,10.3402],[98.5531,10.3426],[98.5561,10.3431],[98.5588,10.3461],[98.5585,10.3491],[98.559,10.3521],[98.5624,10.361],[98.565,10.3638],[98.567,10.3639],[98.5675,10.3623],[98.5687,10.3617],[98.5701,10.3619],[98.5711,10.3636],[98.5746,10.3632],[98.5773,10.3639],[98.5779,10.3655],[98.5798,10.3649],[98.5824,10.3648],[98.5822,10.368],[98.5983,10.3682],[98.599,10.369],[98.6013,10.3694]]}},{"type":"Feature","properties":{"Road_Type":"Secondary"},"geometry":{"type":"LineString","coordinates":[[98.6192,10.3622],[98.6204,10.3624],[98.6224,10.3637],[98.6238,10.3631],[98.6245,10.3621],[98.6267,10.3625],[98.6281,10.3616],[98.631,10.3612],[98.6323,10.3622],[98.6333,10.365],[98.6374,10.3649],[98.6386,10.3644],[98.6404,10.3668],[98.6436,10.369],[98.6453,10.3741],[98.6474,10.3755],[98.6479,10.3771],[98.6506,10.3743],[98.6524,10.3742],[98.6536,10.3734],[98.6542,10.3721],[98.6551,10.3714],[98.6588,10.37],[98.66,10.3707],[98.6621,10.3709],[98.6643,10.3701],[98.6649,10.3695],[98.6642,10.369],[98.6655,10.3681],[98.6685,10.3685],[98.6694,10.3677],[98.6702,10.3681],[98.6706,10.3698],[98.6734,10.3708],[98.67,10.372],[98.6693,10.3752],[98.6695,10.3773],[98.6685,10.3789],[98.6694,10.3824],[98.6704,10.3827],[98.6724,10.3819],[98.6752,10.3828],[98.6785,10.3828],[98.6796,10.382],[98.6816,10.3816],[98.6832,10.3795],[98.6862,10.378],[98.6942,10.377],[98.6954,10.3787],[98.6968,10.3796],[98.698,10.3797],[98.7,10.3814],[98.702,10.3817],[98.703,10.3825],[98.7032,10.384],[98.7053,10.3858],[98.7064,10.3886],[98.7072,10.3884],[98.7081,10.3889],[98.7081,10.3896],[98.7089,10.3901],[98.7095,10.3928],[98.711,10.3949],[98.714,10.3951],[98.7141,10.3968],[98.7171,10.3965],[98.7199,10.3973],[98.7205,10.3971],[98.7208,10.396],[98.7243,10.3945],[98.7261,10.3973],[98.7263,10.3984],[98.7278,10.3994],[98.728,10.4002],[98.7296,10.4016],[98.7323,10.4023],[98.7344,10.4041],[98.7377,10.4041],[98.7393,10.4056],[98.74,10.4076],[98.7411,10.4144],[98.7407,10.4153],[98.7423,10.4152],[98.7444,10.4164],[98.7461,10.4153],[98.7477,10.4156],[98.7487,10.4163],[98.7488,10.418],[98.7499,10.4189],[98.7529,10.4187],[98.7561,10.4206],[98.7576,10.4209],[98.7583,10.4218],[98.7587,10.4234],[98.764,10.428],[98.7679,10.4326],[98.7682,10.4338],[98.7701,10.4363],[98.7692,10.4381],[98.7695,10.4389],[98.771,10.4396],[98.7715,10.4406],[98.7733,10.4409],[98.7735,10.4416],[98.7731,10.4427],[98.7744,10.4442],[98.7752,10.4443],[98.7761,10.4454],[98.7771,10.4452],[98.778,10.446],[98.7777,10.447],[98.7783,10.4476],[98.7803,10.4481],[98.7819,10.45],[98.7864,10.4586],[98.7867,10.4615],[98.7873,10.4629],[98.789,10.4647],[98.7919,10.4703],[98.7928,10.4704],[98.794,10.4716],[98.7947,10.4743],[98.7964,10.474],[98.7969,10.4805],[98.7965,10.4813],[98.7949,10.4819],[98.7942,10.4849],[98.7927,10.4857],[98.793,10.487],[98.7949,10.489],[98.7956,10.4912],[98.7976,10.4918],[98.8011,10.4945],[98.8024,10.4986],[98.8037,10.5009],[98.8057,10.5061],[98.8055,10.508],[98.8091,10.5129]]}},{"type":"Feature","properties":{"Road_Type":"Secondary"},"geometry":{"type":"LineString","coordinates":[[99.1892,11.6261],[99.1895,11.6224],[99.188,11.6183],[99.1885,11.617],[99.1871,11.6159],[99.1871,11.6135],[99.1865,11.6124],[99.1851,11.6123],[99.1836,11.6107],[99.1825,11.6103],[99.1817,11.6084],[99.1794,11.6058],[99.1768,11.6049],[99.1742,11.6056],[99.174,11.6064],[99.1726,11.6069],[99.1695,11.6072],[99.1684,11.6067],[99.1674,11.6076],[99.1664,11.6072],[99.1656,11.6085],[99.1641,11.6092],[99.1639,11.6101],[99.1628,11.6103],[99.1612,11.6099],[99.1601,11.6086],[99.1569,11.6071],[99.1556,11.6083],[99.152,11.6136],[99.1516,11.6136],[99.1512,11.6121],[99.1476,11.6115],[99.1467,11.6108],[99.1429,11.6117],[99.1403,11.6107],[99.1382,11.6117],[99.1335,11.6115],[99.1325,11.6121],[99.1315,11.6119],[99.1312,11.6114],[99.1293,11.6121],[99.1285,11.6132],[99.126,11.613],[99.1247,11.6137],[99.1245,11.6147],[99.1233,11.6157],[99.1228,11.6154],[99.121,11.6162],[99.115,11.6167],[99.1142,11.6173],[99.1134,11.6196],[99.1136,11.6204],[99.1127,11.6215],[99.1092,11.6217],[99.1077,11.6225],[99.1052,11.6213],[99.1001,11.6221],[99.0993,11.6215],[99.0949,11.6212],[99.0939,11.6204],[99.0928,11.6204],[99.0899,11.622],[99.0843,11.6237],[99.0818,11.6237],[99.08,11.6244],[99.0789,11.6259],[99.0768,11.6265],[99.0736,11.6255],[99.0724,11.6246],[99.0717,11.6231],[99.0702,11.6237],[99.0674,11.6222],[99.0653,11.6202],[99.0627,11.6197]]}},{"type":"Feature","properties":{"Road_Type":"Secondary"},"geometry":{"type":"MultiLineString","coordinates":[[[99.2864,11.8538],[99.2859,11.8547],[99.2873,11.8574],[99.2878,11.8576],[99.2877,11.8586],[99.2884,11.8586],[99.2896,11.8597],[99.2909,11.8592],[99.2906,11.8609],[99.2888,11.8633],[99.2876,11.8667],[99.2862,11.8679],[99.2851,11.868],[99.2847,11.8695],[99.2872,11.8705],[99.2869,11.8729],[99.2829,11.8731],[99.2814,11.8723],[99.2768,11.8779],[99.2755,11.8778],[99.2753,11.8789],[99.2732,11.879],[99.2721,11.8784],[99.2691,11.8787],[99.2653,11.8799],[99.2643,11.8792],[99.2639,11.8801],[99.263,11.8801],[99.2646,11.8832],[99.2613,11.8852],[99.2594,11.8871],[99.258,11.8875],[99.2549,11.8906],[99.2536,11.8983],[99.2528,11.8994],[99.2528,11.9],[99.2536,11.9007],[99.2542,11.9053],[99.252,11.9092],[99.2505,11.9095],[99.2504,11.9128],[99.2486,11.9132],[99.2489,11.9155],[99.2485,11.9191],[99.2479,11.9195],[99.2458,11.9194],[99.2453,11.9199],[99.2444,11.9242],[99.2443,11.9266],[99.2459,11.9302],[99.2457,11.9308],[99.245,11.931],[99.2448,11.9349],[99.248,11.9385],[99.2466,11.9457],[99.2458,11.9457],[99.246,11.9466],[99.2452,11.9472],[99.244,11.9472],[99.243,11.9478],[99.2425,11.9499],[99.2417,11.9508],[99.2349,11.9534],[99.2326,11.9549],[99.2308,11.9579],[99.2301,11.9582],[99.2298,11.9601],[99.2286,11.961],[99.2286,11.9621],[99.2276,11.9639],[99.2272,11.9657],[99.225,11.967],[99.2193,11.9677],[99.2157,11.9691],[99.2131,11.9727],[99.2119,11.9754],[99.2118,11.9781],[99.2097,11.9788],[99.21,11.9812],[99.2061,11.9843],[99.2062,11.9851],[99.2077,11.9861],[99.2086,11.9882],[99.2075,11.9926],[99.2054,11.9937],[99.2049,11.995],[99.2025,11.9974],[99.2039,11.9988],[99.2058,12.0084],[99.2052,12.011],[99.2042,12.0121],[99.2048,12.0136],[99.2016,12.0161],[99.2009,12.0158],[99.2,12.0164],[99.1975,12.0193],[99.1974,12.0218],[99.19,12.0233],[99.187,12.0228],[99.181,12.0251],[99.1735,12.0252],[99.1701,12.0269],[99.1689,12.0282],[99.1664,12.0271],[99.1626,12.0279],[99.1584,12.0307],[99.1549,12.0294],[99.1542,12.0296],[99.1521,12.0317],[99.1519,12.0332],[99.1528,12.034],[99.1527,12.0345],[99.1501,12.0354],[99.1491,12.0415],[99.147,12.0418],[99.1447,12.0429],[99.1404,12.0489],[99.1398,12.0516],[99.1385,12.0512],[99.1363,12.0514],[99.1331,12.0533],[99.1312,12.0538],[99.1285,12.0532],[99.123,12.0546],[99.119,12.054],[99.1168,12.0525],[99.1101,12.0457],[99.1073,12.0443],[99.106,12.0448]],[[99.1051,12.0453],[99.1024,12.0465],[99.101,12.0456],[99.1001,12.0457],[99.0963,12.0471],[99.0948,12.0486],[99.0934,12.0613],[99.0947,12.0653],[99.0916,12.0694],[99.0891,12.0715],[99.087,12.0794],[99.0817,12.0828],[99.071,12.0864],[99.0681,12.0886],[99.0674,12.0902],[99.0679,12.0921],[99.0675,12.0955],[99.068,12.0975],[99.0651,12.1],[99.0637,12.0999],[99.0624,12.1007],[99.059,12.1013],[99.0573,12.0994],[99.0569,12.097],[99.056,12.096],[99.0557,12.0931],[99.0504,12.0937],[99.0472,12.0927],[99.0465,12.0918],[99.0459,12.0917],[99.0447,12.0926],[99.0437,12.0927],[99.0416,12.0915],[99.0416,12.0902],[99.0406,12.0903],[99.0402,12.0894],[99.0383,12.0892],[99.0382,12.0879],[99.0375,12.0875],[99.0363,12.0888],[99.0349,12.0881],[99.0328,12.089],[99.0312,12.0885],[99.0294,12.0896],[99.027,12.0901],[99.0249,12.0896],[99.0175,12.0897],[99.0164,12.0893]]]}},{"type":"Feature","properties":{"Road_Type":"Secondary"},"geometry":{"type":"LineString","coordinates":[[99.2604,11.8139],[99.2615,11.8151],[99.2647,11.8146],[99.2743,11.8163],[99.2795,11.8162],[99.2868,11.8217],[99.2865,11.8249],[99.2849,11.8275],[99.2851,11.83],[99.2883,11.8318],[99.29,11.8338],[99.2896,11.8362],[99.2915,11.8385],[99.2913,11.8407],[99.2924,11.8456],[99.2921,11.8467],[99.2925,11.8483],[99.2934,11.8489]]}},{"type":"Feature","properties":{"Road_Type":"Tertiary"},"geometry":{"type":"LineString","coordinates":[[98.4238,14.2323],[98.4254,14.2354],[98.4274,14.2377],[98.4308,14.2383],[98.4339,14.2405],[98.4362,14.2433],[98.4446,14.2491],[98.4456,14.251],[98.4492,14.2537],[98.4502,14.2553],[98.4499,14.2583],[98.4504,14.2607],[98.454,14.2636],[98.4544,14.2657],[98.453,14.267],[98.4532,14.2695],[98.4548,14.2714],[98.4549,14.2737],[98.4534,14.2783],[98.4531,14.2828],[98.4535,14.2846],[98.4557,14.2884],[98.4557,14.2904],[98.4555,14.2943],[98.4542,14.297],[98.4533,14.3046],[98.4534,14.3072],[98.4498,14.3122],[98.4489,14.3159],[98.442,14.3246],[98.4403,14.3277],[98.4398,14.331],[98.4403,14.3344],[98.4395,14.3357]]}},{"type":"Feature","properties":{"Road_Type":"Secondary"},"geometry":{"type":"LineString","coordinates":[[98.5573,10.5594],[98.5535,10.5601],[98.5523,10.5585],[98.5504,10.558],[98.5489,10.5563],[98.5486,10.5544],[98.5477,10.5535],[98.5469,10.5515],[98.5453,10.5507],[98.5412,10.5515],[98.5397,10.5533],[98.5385,10.5538],[98.5382,10.5547],[98.5372,10.554],[98.5339,10.5541],[98.5313,10.5567],[98.5301,10.5566],[98.5297,10.5582],[98.5276,10.5595],[98.5279,10.5605],[98.5271,10.5623],[98.5271,10.5635],[98.5263,10.5641],[98.5263,10.5649],[98.5254,10.5648],[98.5248,10.571],[98.5234,10.5723],[98.5232,10.5741],[98.5224,10.5759],[98.5187,10.5801],[98.5181,10.5801],[98.5168,10.5813],[98.5134,10.5831],[98.5119,10.5856],[98.5083,10.5873],[98.507,10.59],[98.5057,10.5905],[98.5001,10.5904],[98.4997,10.5894],[98.5004,10.5877],[98.4997,10.5866],[98.4979,10.5856],[98.4972,10.583],[98.493,10.5828],[98.4914,10.5822],[98.4909,10.5805],[98.4897,10.5803],[98.4874,10.5782],[98.4857,10.5779],[98.4844,10.5754],[98.4821,10.5738]]}},{"type":"Feature","properties":{"Road_Type":"Secondary"},"geometry":{"type":"MultiLineString","coordinates":[[[99.0611,12.1893],[99.0617,12.1883],[99.0617,12.1862],[99.0641,12.1861],[99.0655,12.1849],[99.0662,12.181],[99.0655,12.1803],[99.0625,12.1796],[99.0609,12.1798],[99.0578,12.1788],[99.0565,12.1776],[99.0559,12.1758],[99.0548,12.1747],[99.0555,12.1722],[99.055,12.1713],[99.0548,12.1688],[99.0551,12.1622],[99.0557,12.1599],[99.0556,12.1567],[99.0574,12.1538],[99.0591,12.1415],[99.0582,12.1408],[99.0587,12.1397],[99.0583,12.1386],[99.0588,12.1365],[99.0585,12.1352],[99.0604,12.1324],[99.0601,12.131],[99.0605,12.1295],[99.0593,12.1211],[99.0549,12.1152],[99.0468,12.1117],[99.0433,12.1085],[99.0362,12.1083],[99.0355,12.1084],[99.0343,12.1098],[99.0325,12.1094],[99.0305,12.1097],[99.0292,12.108],[99.0276,12.1076],[99.0265,12.1081],[99.0256,12.1072],[99.0218,12.1086],[99.0205,12.1086],[99.0183,12.1099],[99.0161,12.1088],[99.0152,12.1091],[99.0132,12.1087],[99.012,12.1096],[99.0117,12.1127],[99.0083,12.1139],[99.0074,12.115],[99.0056,12.1151],[99.0025,12.1181],[99.0013,12.1183],[98.9997,12.1178],[98.9983,12.1164],[98.9957,12.1165],[98.9963,12.1154],[98.9956,12.1143],[98.9957,12.1132],[98.9949,12.1113],[98.9952,12.1104],[98.9946,12.1097],[98.9926,12.109],[98.9907,12.1091],[98.9884,12.1077],[98.9863,12.1084],[98.9846,12.1077],[98.984,12.1064],[98.9819,12.1064]],[[99.0618,12.1918],[99.0648,12.1937],[99.0672,12.194],[99.0695,12.1956],[99.0782,12.1972],[99.079,12.1977],[99.08,12.2007],[99.0795,12.2021],[99.0806,12.205],[99.0782,12.2128],[99.0772,12.2185],[99.0751,12.2221],[99.0737,12.2231],[99.0635,12.2248],[99.0507,12.2314],[99.0482,12.2315],[99.0435,12.2344],[99.0412,12.2368],[99.0389,12.2423],[99.0394,12.2432],[99.0397,12.2475],[99.0391,12.2542],[99.0381,12.2562],[99.038,12.2593],[99.0357,12.2613],[99.033,12.261],[99.023,12.265],[99.0198,12.2649],[99.0166,12.2641],[99.0159,12.2632],[99.0121,12.2611],[99.0079,12.2562],[99.0058,12.2546],[99.0034,12.2546],[99.0026,12.2539],[99.0,12.2537],[98.9991,12.2544],[98.9984,12.2544],[98.997,12.252],[98.9943,12.2526],[98.9911,12.2547],[98.9907,12.2546],[98.9909,12.2538],[98.9897,12.2527],[98.9875,12.2539],[98.986,12.2534],[98.985,12.2543],[98.9844,12.2543],[98.9841,12.2537],[98.9832,12.2538],[98.9828,12.2544],[98.9812,12.254],[98.9804,12.2547],[98.9771,12.2551],[98.9777,12.256],[98.9768,12.2569],[98.9751,12.2572],[98.9746,12.2567],[98.9751,12.258],[98.976,12.2581],[98.9756,12.2591],[98.974,12.2591],[98.9721,12.2569],[98.9712,12.257],[98.97,12.2563],[98.9695,12.2563],[98.97,12.2574],[98.9694,12.2583],[98.9681,12.2579],[98.9674,12.2571],[98.9652,12.2569],[98.9644,12.256],[98.9644,12.2552],[98.9656,12.2544],[98.9666,12.255],[98.9665,12.2535],[98.9674,12.2527],[98.9665,12.2516],[98.9667,12.2507],[98.965,12.2508],[98.965,12.2495],[98.964,12.2491],[98.9638,12.2478],[98.9625,12.2466],[98.9628,12.2457],[98.9617,12.2459],[98.9611,12.2453],[98.9607,12.2478],[98.96,12.2477],[98.9595,12.247],[98.9587,12.2468],[98.9591,12.2478],[98.9574,12.2486],[98.9566,12.2474],[98.9555,12.2476],[98.9545,12.2467],[98.9518,12.2472],[98.9493,12.2467],[98.9475,12.2453],[98.9468,12.2441],[98.9465,12.2445],[98.9457,12.2439],[98.943,12.2442],[98.9429,12.2436],[98.9423,12.2436],[98.9375,12.2391],[98.9357,12.2344],[98.935,12.2345],[98.9347,12.2339],[98.9324,12.2331],[98.9311,12.2315],[98.9314,12.2309],[98.9297,12.2286],[98.9282,12.2272],[98.9254,12.2267],[98.9243,12.2269],[98.923,12.2278],[98.9188,12.2269],[98.9173,12.228],[98.9167,12.2273],[98.9163,12.2256],[98.9157,12.2253],[98.9148,12.2257]]]}},{"type":"Feature","properties":{"Road_Type":"Secondary"},"geometry":{"type":"LineString","coordinates":[[98.6889,12.4786],[98.6843,12.4761],[98.6835,12.4752],[98.6802,12.4761],[98.6779,12.4757],[98.6723,12.4763],[98.6593,12.474],[98.6579,12.4729],[98.6551,12.4678],[98.6508,12.4651],[98.6483,12.4626],[98.6466,12.4599],[98.6443,12.4593],[98.6426,12.458],[98.6381,12.4581],[98.6309,12.4608],[98.6266,12.4616],[98.6241,12.4615],[98.6214,12.4571],[98.618,12.4566],[98.6137,12.4537],[98.6091,12.4517],[98.6087,12.4481],[98.6074,12.4446],[98.6031,12.4434],[98.6015,12.4419],[98.5984,12.4419]]}},{"type":"Feature","properties":{"Road_Type":"Secondary"},"geometry":{"type":"LineString","coordinates":[[98.7516,12.3961],[98.7534,12.3954],[98.7552,12.3981],[98.7545,12.3988],[98.7552,12.4006],[98.755,12.4022],[98.7556,12.4049],[98.7556,12.4108],[98.7567,12.4137],[98.758,12.4149],[98.7585,12.4163],[98.7591,12.4203],[98.7602,12.4234],[98.7624,12.4243],[98.7631,12.4272],[98.7638,12.4277],[98.7628,12.4316],[98.7624,12.4384],[98.7597,12.4413],[98.7559,12.4426],[98.7536,12.442],[98.7517,12.4449],[98.7496,12.4457],[98.7486,12.4471],[98.7481,12.4492],[98.7495,12.4505],[98.7493,12.4517],[98.7502,12.4534],[98.7505,12.4584],[98.7516,12.4593],[98.7515,12.461],[98.7508,12.4624],[98.7506,12.4659],[98.7489,12.4679],[98.7473,12.4679],[98.7456,12.4688],[98.7448,12.4701],[98.7408,12.4716],[98.7387,12.4731],[98.7347,12.4748],[98.7335,12.4758],[98.7324,12.4758],[98.7312,12.4787],[98.7274,12.4817],[98.7259,12.4837],[98.7248,12.4832],[98.7245,12.4837],[98.7224,12.483],[98.7215,12.4812],[98.7187,12.4816],[98.7165,12.4828],[98.7167,12.4838],[98.716,12.4844],[98.7158,12.4854],[98.7141,12.4841],[98.713,12.484],[98.7074,12.4874],[98.7072,12.4879],[98.7054,12.4873],[98.7045,12.4883],[98.7027,12.489],[98.701,12.4886],[98.697,12.4892]]}},{"type":"Feature","properties":{"Road_Type":"Secondary"},"geometry":{"type":"MultiLineString","coordinates":[[[98.8129,12.3445],[98.8235,12.3522],[98.8297,12.3529],[98.829,12.3555],[98.8311,12.3594],[98.832,12.3599],[98.8339,12.3598],[98.8328,12.3618],[98.8342,12.3641],[98.8348,12.3675],[98.8368,12.3732],[98.8404,12.3755],[98.8414,12.3773],[98.8395,12.3801],[98.8411,12.382],[98.841,12.3856],[98.8424,12.3875],[98.8471,12.3907],[98.8484,12.3922],[98.85,12.3984],[98.8483,12.3996],[98.8475,12.4025],[98.8474,12.4057],[98.8464,12.4066],[98.846,12.409],[98.8426,12.4122],[98.8415,12.4156],[98.8406,12.417],[98.84,12.419],[98.8408,12.4199],[98.8407,12.4205],[98.8385,12.422],[98.8367,12.4226],[98.8356,12.4236],[98.835,12.4273],[98.8337,12.429],[98.8317,12.4338],[98.8318,12.4365],[98.8328,12.4369],[98.8334,12.4379],[98.8335,12.4399],[98.8313,12.4449],[98.8302,12.447],[98.8277,12.4499],[98.827,12.4517],[98.8231,12.4547],[98.8231,12.4575],[98.8202,12.4635],[98.8181,12.4648],[98.8167,12.468],[98.815,12.4697],[98.8135,12.4733],[98.8122,12.4747],[98.8119,12.4761],[98.8106,12.477],[98.81,12.4807],[98.8092,12.4826],[98.8107,12.4846],[98.8103,12.4859],[98.8116,12.4887],[98.8093,12.496],[98.811,12.4999],[98.8127,12.5019],[98.8133,12.5035],[98.8147,12.5047],[98.8157,12.5082],[98.8164,12.5091],[98.8183,12.5091],[98.82,12.5059],[98.8222,12.5075],[98.823,12.5071],[98.8239,12.5059],[98.828,12.5047],[98.8286,12.5031],[98.8311,12.5033],[98.8325,12.5042],[98.8344,12.504],[98.8355,12.5048],[98.8357,12.5057],[98.8375,12.5063],[98.8398,12.5097],[98.8427,12.5094],[98.8448,12.5083],[98.8471,12.51],[98.8481,12.5102],[98.849,12.5115],[98.8508,12.5119],[98.8521,12.5131],[98.8523,12.5145],[98.8497,12.5165],[98.8466,12.5168],[98.8426,12.5219],[98.8421,12.5236],[98.8387,12.5273],[98.8388,12.5285],[98.8415,12.5303],[98.8408,12.5327],[98.839,12.5326],[98.8387,12.5331],[98.8382,12.5352],[98.8386,12.537],[98.8383,12.5381],[98.8356,12.5401],[98.8325,12.5409],[98.8324,12.543],[98.8318,12.5435],[98.8298,12.5429],[98.8269,12.5434],[98.8246,12.5448],[98.8262,12.5481],[98.8259,12.5496],[98.8262,12.5511],[98.8257,12.5524],[98.8242,12.5529],[98.8222,12.5525],[98.8217,12.5538],[98.8193,12.5535],[98.8188,12.5542],[98.8166,12.5545],[98.8153,12.5553],[98.8152,12.5572],[98.8168,12.5592],[98.8176,12.5616],[98.8165,12.5641],[98.8152,12.5655],[98.8168,12.5681],[98.8168,12.5701],[98.8148,12.5712],[98.8145,12.5723],[98.8154,12.5752],[98.8176,12.5783],[98.817,12.5862],[98.8178,12.589],[98.8164,12.5908],[98.8161,12.593],[98.8147,12.5957],[98.8152,12.5975],[98.8152,12.6042],[98.8158,12.6068],[98.8151,12.607],[98.8155,12.6074],[98.814,12.6123],[98.8115,12.6127],[98.8092,12.6153],[98.8091,12.6166],[98.8097,12.6177],[98.8092,12.62],[98.8064,12.621],[98.8047,12.6242],[98.8024,12.6257],[98.803,12.6296],[98.8027,12.6302],[98.8033,12.6315],[98.8006,12.6339],[98.8002,12.6358],[98.8011,12.6383],[98.8022,12.6395],[98.8022,12.6411],[98.8043,12.6446]],[[98.8043,12.6446],[98.8024,12.6452],[98.8013,12.6466],[98.7998,12.6473],[98.7987,12.6468],[98.7983,12.6471],[98.7986,12.6504],[98.7969,12.6518],[98.7935,12.6521],[98.7918,12.6528],[98.7859,12.6522],[98.7835,12.6543],[98.7831,12.656],[98.7822,12.6571],[98.7812,12.6567],[98.7799,12.6571],[98.7791,12.6568],[98.775,12.6597],[98.7749,12.6606],[98.7737,12.6618],[98.7716,12.6626],[98.7708,12.6634],[98.7696,12.669],[98.7684,12.6721],[98.7646,12.6732],[98.7637,12.6744],[98.7627,12.6748],[98.7619,12.6788],[98.7625,12.6796],[98.7609,12.6803],[98.7585,12.6835],[98.7578,12.6851],[98.7554,12.687],[98.7547,12.6881],[98.754,12.6882],[98.7489,12.6938],[98.7461,12.6947],[98.7443,12.6961],[98.7424,12.6961],[98.7361,12.6985],[98.7324,12.7023],[98.7312,12.7046],[98.728,12.7061]]]}},{"type":"Feature","properties":{"Road_Type":"Secondary"},"geometry":{"type":"LineString","coordinates":[[98.8043,12.6446],[98.8057,12.6459],[98.8071,12.6451],[98.8077,12.6461],[98.8097,12.6442],[98.8095,12.6426],[98.8106,12.6421],[98.8115,12.6404],[98.8131,12.6396],[98.8146,12.6396],[98.8147,12.6402],[98.8177,12.6422],[98.8184,12.644],[98.8179,12.6456],[98.819,12.6468],[98.8193,12.6489],[98.8199,12.6488],[98.8202,12.6499],[98.8215,12.6512],[98.8223,12.6514],[98.8235,12.651],[98.8234,12.6504],[98.8242,12.6501],[98.8244,12.6495],[98.8266,12.6491],[98.8277,12.6476],[98.8292,12.6485],[98.8298,12.6502],[98.8314,12.6502],[98.8322,12.6515],[98.8321,12.6529],[98.8325,12.6531],[98.8342,12.6533],[98.8349,12.6527],[98.8387,12.6541],[98.8394,12.6536],[98.8408,12.654],[98.842,12.6547],[98.8433,12.6536],[98.845,12.6528],[98.8472,12.6526],[98.8478,12.652],[98.85,12.654],[98.8525,12.6525],[98.8536,12.6526],[98.8539,12.6535],[98.8574,12.6513],[98.8581,12.6519],[98.8601,12.6522],[98.8619,12.6507],[98.8641,12.651],[98.866,12.6497],[98.8688,12.6498],[98.8695,12.6489],[98.8711,12.6497],[98.8714,12.6505],[98.8722,12.6501],[98.8728,12.6506],[98.8723,12.6518],[98.8727,12.6526],[98.8702,12.6562],[98.8707,12.6577],[98.8729,12.6596],[98.8734,12.6618],[98.8724,12.665],[98.8734,12.6672],[98.873,12.6688],[98.8711,12.6704],[98.8698,12.6707],[98.8692,12.6718],[98.8693,12.6732],[98.8699,12.6744],[98.8698,12.6788],[98.8705,12.6807],[98.8729,12.6821],[98.8731,12.683],[98.8752,12.6833],[98.8774,12.685],[98.879,12.6888],[98.8819,12.692],[98.8864,12.7005],[98.8874,12.701],[98.8896,12.7004],[98.8906,12.7025],[98.8922,12.7023],[98.8928,12.7029],[98.8971,12.7034],[98.8983,12.7042],[98.8999,12.7031],[98.9006,12.7037],[98.9031,12.7019],[98.9069,12.7016],[98.9081,12.7009],[98.9104,12.7019],[98.9112,12.7016],[98.9128,12.7037],[98.9144,12.7043],[98.9152,12.7042],[98.9175,12.7053],[98.9199,12.7051],[98.9235,12.7061],[98.9249,12.7057],[98.9267,12.7076]]}},{"type":"Feature","properties":{"Road_Type":"Secondary"},"geometry":{"type":"LineString","coordinates":[[98.7854,12.4452],[98.7909,12.4397],[98.7921,12.4364],[98.7938,12.4342],[98.8007,12.4305],[98.8033,12.4279],[98.8056,12.4244],[98.8087,12.4178],[98.8066,12.4089],[98.8058,12.4072],[98.8032,12.4024],[98.8023,12.4021],[98.7979,12.3965],[98.7983,12.3645],[98.8033,12.3536]]}},{"type":"Feature","properties":{"Road_Type":"Secondary"},"geometry":{"type":"LineString","coordinates":[[98.7292,12.9018],[98.7279,12.9002],[98.7263,12.8999],[98.7261,12.8983],[98.725,12.8974],[98.7229,12.8938],[98.7193,12.8928],[98.7176,12.8918],[98.7144,12.8926],[98.7135,12.8923],[98.711,12.8923],[98.7105,12.8928],[98.7068,12.8926],[98.704,12.8933],[98.7025,12.8931],[98.7021,12.8935],[98.7003,12.8929],[98.6987,12.8936],[98.697,12.8927],[98.6915,12.8919],[98.6913,12.8934],[98.6892,12.8946],[98.6873,12.8947],[98.6874,12.8958],[98.6857,12.8973]]}},{"type":"Feature","properties":{"Road_Type":"Secondary"},"geometry":{"type":"LineString","coordinates":[[98.647,12.9746],[98.6485,12.9687],[98.6478,12.9645],[98.6456,12.9576],[98.6452,12.9517],[98.6438,12.9474],[98.6427,12.946],[98.6391,12.9385],[98.639,12.936],[98.6375,12.9323],[98.6372,12.9294],[98.6377,12.9267],[98.6367,12.9231],[98.6368,12.9189],[98.6363,12.916],[98.6369,12.9139],[98.6366,12.9117],[98.6378,12.907],[98.6367,12.8997],[98.6341,12.8953],[98.6344,12.894],[98.6339,12.8925],[98.6349,12.8879],[98.6391,12.8845],[98.6407,12.8819],[98.6425,12.8809],[98.6426,12.8756],[98.6574,12.8699],[98.6583,12.868],[98.6603,12.8668]]}},{"type":"Feature","properties":{"Road_Type":"Secondary"},"geometry":{"type":"MultiLineString","coordinates":[[[98.3535,13.7421],[98.3597,13.7466],[98.3654,13.7498],[98.3795,13.7563],[98.3847,13.7556],[98.3877,13.7565],[98.3886,13.7555]],[[98.3886,13.7555],[98.3903,13.7562],[98.3925,13.7607],[98.3957,13.7637],[98.3967,13.7635],[98.3983,13.7641],[98.3998,13.7629],[98.4015,13.7646],[98.4026,13.768],[98.4024,13.7692],[98.4011,13.77],[98.401,13.7717],[98.4023,13.7739],[98.4063,13.7768],[98.4074,13.7771]],[[98.4074,13.7771],[98.4095,13.7768],[98.4107,13.7774]],[[98.4107,13.7774],[98.4101,13.7783],[98.4105,13.78],[98.4102,13.7811],[98.4086,13.7835],[98.4079,13.786],[98.4051,13.7912],[98.4002,13.796],[98.4,13.7992],[98.3983,13.8028],[98.397,13.8044],[98.3932,13.8062],[98.3921,13.808],[98.392,13.811],[98.391,13.8133],[98.3863,13.8171],[98.3845,13.8229],[98.3827,13.8236],[98.3816,13.8251],[98.3819,13.8286],[98.3815,13.8354],[98.3787,13.8377],[98.3763,13.8432],[98.3749,13.852],[98.3738,13.8536],[98.3735,13.8555],[98.3707,13.8595],[98.3704,13.8606],[98.3687,13.8616],[98.368,13.8638],[98.3685,13.8657],[98.3681,13.8689],[98.3671,13.8701],[98.3657,13.8738],[98.3655,13.8765],[98.3629,13.8847],[98.361,13.8877],[98.3603,13.8924],[98.3577,13.8958],[98.3568,13.8977],[98.3561,13.9001],[98.3564,13.9015],[98.3557,13.9023],[98.3544,13.9073],[98.3533,13.9094],[98.3535,13.9126],[98.354,13.9134],[98.3528,13.9151],[98.3523,13.9173],[98.3527,13.9225],[98.3511,13.9257],[98.3472,13.9293],[98.3472,13.9299],[98.3462,13.9303],[98.3425,13.9298],[98.3425,13.9311],[98.3401,13.9358]],[[98.3401,13.9358],[98.3394,13.938],[98.3396,13.9397],[98.3381,13.9423],[98.3359,13.9446],[98.3349,13.9483],[98.3303,13.9521],[98.3263,13.9573],[98.3225,13.9603],[98.3196,13.9618],[98.3194,13.9642],[98.3154,13.9681],[98.3149,13.9704],[98.3129,13.9714],[98.3113,13.9736],[98.3105,13.9758],[98.3084,13.9757],[98.3068,13.9782]],[[98.3068,13.9782],[98.3063,13.9795],[98.3075,13.9822]],[[98.3075,13.9822],[98.3067,13.9837],[98.3067,13.9848],[98.3053,13.9869],[98.303,13.9873],[98.3019,13.9918],[98.299,13.9946],[98.2975,13.9971],[98.2952,13.9995],[98.2939,14.004],[98.2942,14.0063],[98.2937,14.0094],[98.2896,14.0185],[98.2861,14.0197],[98.2839,14.0194],[98.28,14.0212],[98.2778,14.0212]],[[98.2778,14.0212],[98.2776,14.0216],[98.2761,14.0219],[98.2702,14.0249],[98.2691,14.0292],[98.262,14.0365],[98.2607,14.0395],[98.2589,14.0416],[98.2563,14.0431],[98.2559,14.045],[98.2544,14.0453],[98.2539,14.0472],[98.2532,14.0468]],[[98.2532,14.0468],[98.2535,14.0482],[98.2522,14.0499],[98.2517,14.0513],[98.2488,14.0537],[98.2471,14.0581],[98.2449,14.0597],[98.2444,14.0606],[98.2397,14.0617],[98.2333,14.0671],[98.2315,14.0665],[98.2267,14.0672],[98.2255,14.0668],[98.2236,14.0688],[98.2209,14.0694]]]}},{"type":"Feature","properties":{"Road_Type":"Secondary"},"geometry":{"type":"MultiLineString","coordinates":[[[98.2034,14.0737],[98.1892,14.0728],[98.1885,14.0868],[98.1805,14.0939],[98.1726,14.0951],[98.1707,14.0913],[98.1716,14.0904],[98.1717,14.0894],[98.1705,14.0883],[98.1681,14.088],[98.1675,14.0873],[98.167,14.086],[98.1684,14.0841],[98.1662,14.0811],[98.1653,14.0789],[98.1641,14.0782],[98.1594,14.0781],[98.159,14.0745],[98.1595,14.0735],[98.1585,14.0714],[98.1536,14.0659],[98.1513,14.0608],[98.149,14.0526],[98.1501,14.051],[98.1502,14.05],[98.1526,14.0485],[98.1539,14.0469],[98.1569,14.0405],[98.1588,14.0384],[98.1606,14.0376],[98.1615,14.0325],[98.1606,14.0294],[98.1605,14.0274],[98.1586,14.0236],[98.1575,14.0226],[98.1558,14.019],[98.1553,14.017],[98.1533,14.0151],[98.148,14.013],[98.1422,14.0119],[98.1417,14.0109],[98.1385,14.0099],[98.1367,14.0082],[98.1301,14.0079],[98.1285,14.0076],[98.1276,14.0068],[98.1272,14.0035],[98.1258,13.999],[98.1269,13.996],[98.124,13.9813],[98.124,13.9782],[98.1295,13.9793],[98.1317,13.9786],[98.1339,13.979],[98.1335,13.9754]],[[98.1335,13.9754],[98.1333,13.9751]],[[98.1335,13.9754],[98.1367,13.975],[98.1371,13.973],[98.1379,13.9726],[98.1389,13.9708],[98.1398,13.9604],[98.1391,13.956],[98.139,13.949],[98.14,13.9472],[98.1405,13.9436]],[[98.1406,13.9433],[98.1411,13.9403],[98.1424,13.9375],[98.1423,13.9335],[98.1438,13.9304],[98.1438,13.9293],[98.1425,13.9192],[98.1411,13.9172],[98.1398,13.9134],[98.1388,13.9019],[98.1395,13.9009],[98.1395,13.8993],[98.1432,13.899],[98.1451,13.8959],[98.1486,13.8936],[98.1489,13.8916],[98.1532,13.8822],[98.1542,13.8774],[98.1588,13.8697],[98.1585,13.8692],[98.1573,13.8689],[98.1574,13.8636],[98.1601,13.858],[98.1613,13.8439],[98.1625,13.8395],[98.1641,13.8362],[98.1653,13.8303],[98.1644,13.8248],[98.1629,13.823],[98.16,13.817],[98.1602,13.8147],[98.1592,13.8085],[98.1596,13.8059],[98.1604,13.8042],[98.1594,13.7998],[98.1598,13.7973],[98.1593,13.7947],[98.1593,13.7897],[98.1586,13.7874],[98.1581,13.7835],[98.1561,13.7775],[98.1565,13.7727],[98.1576,13.7695],[98.1582,13.7631],[98.1545,13.757],[98.1524,13.7558],[98.1509,13.7537],[98.1492,13.7488],[98.1494,13.7466],[98.1488,13.7439],[98.1493,13.7383],[98.1488,13.7364],[98.149,13.7332],[98.1499,13.7315],[98.1514,13.7311],[98.1536,13.7214],[98.1563,13.7185],[98.1598,13.7181],[98.1604,13.7155],[98.1615,13.7136],[98.163,13.7125],[98.166,13.7089],[98.1664,13.7072],[98.1674,13.706],[98.1676,13.7047],[98.1671,13.7029],[98.1686,13.6997],[98.1679,13.6961],[98.1685,13.6915],[98.1706,13.6882],[98.1728,13.6876],[98.1741,13.6885],[98.1747,13.6871],[98.1733,13.684],[98.1736,13.6825],[98.1732,13.6821],[98.1724,13.6766],[98.1719,13.6758],[98.1722,13.6738],[98.1726,13.6728],[98.1744,13.6723],[98.1758,13.6701],[98.1773,13.6661],[98.1784,13.6614],[98.1781,13.6592],[98.1788,13.6574],[98.1814,13.6572],[98.1816,13.6561],[98.1791,13.6539],[98.1799,13.6528],[98.1806,13.6503],[98.1787,13.6466],[98.1738,13.6453],[98.1721,13.6431],[98.1676,13.6427],[98.1667,13.6414],[98.1636,13.6399],[98.1632,13.6378],[98.1634,13.6364],[98.1629,13.6345],[98.165,13.631],[98.1641,13.6295],[98.1636,13.6264],[98.1627,13.6247],[98.1611,13.6247],[98.16,13.6255],[98.1579,13.624],[98.1568,13.6245]]]}},{"type":"Feature","properties":{"Road_Type":"Secondary"},"geometry":{"type":"MultiLineString","coordinates":[[[97.9939,15.2104],[97.9952,15.21],[97.9963,15.2082]],[[97.9963,15.2082],[97.9994,15.2063],[98.0024,15.2094],[98.0033,15.2138]],[[98.062,15.2522],[98.0644,15.2537],[98.0679,15.2539]],[[98.0033,15.2138],[98.0048,15.2143],[98.0052,15.2154],[98.0068,15.2157],[98.0072,15.2167],[98.0093,15.2186],[98.0137,15.2273],[98.0159,15.2281],[98.0217,15.2332],[98.0222,15.2351],[98.0217,15.2365],[98.0245,15.2387],[98.0254,15.2405],[98.027,15.242],[98.0302,15.242],[98.0328,15.2438],[98.0374,15.2452],[98.0418,15.2479],[98.0441,15.2472],[98.0459,15.253],[98.0486,15.2548],[98.0487,15.257],[98.0493,15.2576],[98.0493,15.2588],[98.0504,15.2587],[98.0515,15.2579],[98.0518,15.2567],[98.0528,15.2562],[98.0537,15.2546],[98.0612,15.2545],[98.062,15.2522]],[[97.8974,15.2505],[97.898,15.2503],[97.9004,15.2519],[97.906,15.2499],[97.9097,15.2551],[97.914,15.2578],[97.92,15.2588],[97.9228,15.2602],[97.9248,15.26],[97.9269,15.2607],[97.9298,15.2604],[97.9356,15.2612],[97.941,15.2586],[97.9441,15.255],[97.9447,15.2538],[97.9446,15.2515],[97.9454,15.2487],[97.9515,15.2466],[97.9529,15.2442],[97.9572,15.2426],[97.9598,15.24],[97.9609,15.2406],[97.9658,15.239],[97.9699,15.2364],[97.971,15.2342],[97.9731,15.2336],[97.9749,15.2312],[97.9748,15.2305],[97.9754,15.2298],[97.9752,15.2279],[97.978,15.2252],[97.9793,15.2232],[97.9788,15.2193],[97.9812,15.2162],[97.9833,15.2148],[97.9852,15.2147],[97.9928,15.2104],[97.9939,15.2104]],[[98.0686,15.2541],[98.0697,15.2553],[98.0727,15.2567],[98.0766,15.2555],[98.0783,15.2571],[98.0804,15.2574],[98.0822,15.2601],[98.084,15.2589],[98.0851,15.2598],[98.0859,15.2597],[98.0869,15.2605],[98.0869,15.2616],[98.0893,15.2621],[98.0901,15.2636],[98.0983,15.2699],[98.1055,15.2688],[98.1086,15.2692],[98.11,15.27],[98.1123,15.2696],[98.1134,15.2685],[98.1143,15.2652],[98.1181,15.2639],[98.119,15.2629],[98.1276,15.263],[98.1297,15.2621],[98.1315,15.2629],[98.1349,15.2625],[98.1379,15.264],[98.1382,15.2665],[98.1414,15.2664],[98.1427,15.2682],[98.1449,15.2684],[98.1497,15.2672],[98.1522,15.2652],[98.1541,15.2669],[98.156,15.2667],[98.1589,15.269],[98.1606,15.2696],[98.1613,15.2711],[98.1629,15.2702],[98.1633,15.2705],[98.1654,15.2738],[98.1668,15.2739],[98.167,15.2755],[98.1676,15.2757],[98.1681,15.2756],[98.1677,15.2749],[98.169,15.2739],[98.1726,15.2735],[98.1756,15.2708],[98.1755,15.2691],[98.1783,15.2656],[98.1787,15.2638],[98.1813,15.2625],[98.1843,15.2626],[98.1855,15.2633],[98.1892,15.2637],[98.1897,15.2642],[98.1906,15.2663],[98.1932,15.2692],[98.1928,15.27],[98.1943,15.2717],[98.1938,15.2737],[98.1955,15.2728],[98.1942,15.2756],[98.1954,15.2758]],[[98.1998,15.2754],[98.1989,15.2752],[98.1982,15.2758],[98.1959,15.2752],[98.1954,15.2758]],[[98.1954,15.2758],[98.1964,15.277],[98.1969,15.2766],[98.1981,15.2769],[98.1998,15.2754]],[[98.1998,15.2754],[98.2011,15.2744],[98.2029,15.2749],[98.2038,15.2747],[98.2044,15.2738],[98.2082,15.2732],[98.2089,15.2724],[98.2117,15.2712],[98.2127,15.272],[98.2137,15.2719],[98.2152,15.2705],[98.2171,15.2705],[98.221,15.2696],[98.2236,15.2712],[98.2246,15.2724],[98.2271,15.2728],[98.2286,15.274],[98.2305,15.2744],[98.235,15.2739],[98.2371,15.2722],[98.241,15.2715],[98.2428,15.2723],[98.246,15.2724],[98.2497,15.2735],[98.2515,15.2746],[98.2529,15.2746],[98.2532,15.2755],[98.2553,15.274],[98.2561,15.2741],[98.2591,15.2769],[98.2623,15.2777],[98.2647,15.2795],[98.2663,15.2799],[98.2666,15.2804],[98.2656,15.281],[98.2648,15.2824],[98.2651,15.2827],[98.2657,15.2826],[98.2664,15.2816],[98.2682,15.2813],[98.2691,15.2801],[98.2696,15.2812],[98.2711,15.2824],[98.2705,15.2825],[98.272,15.2851],[98.2711,15.2854],[98.2712,15.2863],[98.2721,15.2861],[98.2722,15.2876],[98.2744,15.2893],[98.2745,15.2902],[98.2764,15.293],[98.2757,15.2948],[98.2762,15.2963],[98.2748,15.3006],[98.2751,15.302],[98.2744,15.3032],[98.2728,15.3033],[98.2743,15.3041],[98.2737,15.3046],[98.2739,15.3062],[98.2749,15.3067],[98.2763,15.3061],[98.2795,15.3072],[98.2778,15.3101],[98.2754,15.3108],[98.2747,15.3123]],[[98.2747,15.3123],[98.2746,15.3125]],[[98.2747,15.3123],[98.274,15.3136],[98.271,15.3163],[98.2691,15.3197],[98.266,15.3214]],[[98.2679,15.3288],[98.2665,15.3274],[98.2666,15.3231],[98.266,15.3214]],[[98.2805,15.3323],[98.2808,15.3328],[98.2799,15.3332]],[[98.2696,15.3297],[98.2712,15.3282],[98.2723,15.3282],[98.2721,15.3292],[98.2732,15.3301],[98.2716,15.3326],[98.2724,15.3343],[98.2726,15.3336],[98.2757,15.3349],[98.2772,15.334],[98.2799,15.3332]],[[98.3427,15.3469],[98.3412,15.3456],[98.3407,15.3439],[98.3392,15.3419],[98.3358,15.3421],[98.3356,15.3408],[98.3349,15.3401],[98.3322,15.3399],[98.3314,15.3387],[98.3304,15.3395],[98.3299,15.3393],[98.3312,15.3378],[98.3308,15.3366],[98.3275,15.3378],[98.3249,15.3377],[98.3232,15.3382],[98.3217,15.3399],[98.3206,15.3371],[98.3163,15.3351],[98.3133,15.336],[98.3113,15.3359],[98.3104,15.3377],[98.3094,15.3382],[98.3085,15.3373],[98.308,15.338],[98.3068,15.3382],[98.3046,15.3372],[98.3051,15.3367],[98.3047,15.3362],[98.3035,15.3361],[98.3022,15.3337],[98.302,15.3348],[98.2987,15.3363],[98.2946,15.3363],[98.2929,15.3358],[98.2911,15.3343],[98.2904,15.3345],[98.29,15.3354],[98.2895,15.3333],[98.2873,15.3322],[98.2859,15.333],[98.2827,15.3332],[98.2806,15.334],[98.2799,15.3332]]]}},{"type":"Feature","properties":{"Road_Type":"Secondary"},"geometry":{"type":"MultiLineString","coordinates":[[[97.8224,15.031],[97.8172,15.029],[97.8117,15.0213],[97.8115,15.0182],[97.8107,15.0165],[97.8077,15.0156],[97.7982,15.0167],[97.7938,15.0187],[97.7909,15.0175],[97.7894,15.0177],[97.7883,15.0189],[97.7877,15.0214]],[[97.8224,15.031],[97.8243,15.0342]],[[97.8243,15.0342],[97.8277,15.033],[97.8293,15.0379],[97.8305,15.0454],[97.8323,15.051],[97.8318,15.054],[97.8303,15.0568],[97.8324,15.0637],[97.8311,15.0662],[97.8291,15.0675],[97.8275,15.0705],[97.8253,15.0727],[97.8221,15.0738],[97.8202,15.0766],[97.8162,15.0773],[97.8155,15.0808],[97.8144,15.0826],[97.8131,15.0838],[97.8092,15.0938],[97.8096,15.0979],[97.8107,15.1007],[97.8106,15.106],[97.8118,15.1079],[97.8134,15.1086],[97.8148,15.1111],[97.8165,15.1115],[97.8173,15.1126],[97.8185,15.1207],[97.8256,15.1338],[97.8267,15.1374],[97.8292,15.1414],[97.8387,15.1481],[97.8401,15.1508],[97.8401,15.1536],[97.8408,15.1562],[97.843,15.1587],[97.8439,15.1605],[97.8501,15.1662],[97.8545,15.1717],[97.8572,15.1735],[97.8618,15.1725],[97.8631,15.178],[97.8648,15.1815],[97.8664,15.1842],[97.8708,15.1885],[97.873,15.1915],[97.874,15.1955],[97.8774,15.2049],[97.8784,15.2061],[97.8794,15.2065],[97.88,15.2063]],[[97.88,15.2063],[97.8833,15.2051],[97.8899,15.2064]]]}},{"type":"Feature","properties":{"Road_Type":"Secondary"},"geometry":{"type":"MultiLineString","coordinates":[[[97.9653,15.2973],[97.9658,15.2925],[97.964,15.2894],[97.9643,15.2885],[97.9628,15.2848],[97.9609,15.285],[97.9526,15.2811],[97.951,15.2816],[97.9482,15.2814],[97.9472,15.2822],[97.9431,15.2796],[97.9409,15.2792],[97.9389,15.2764],[97.9346,15.2746],[97.9309,15.2721],[97.928,15.2716],[97.9245,15.2694],[97.9236,15.2678],[97.9206,15.2654],[97.9094,15.2634],[97.905,15.2633],[97.9013,15.2602],[97.8961,15.2592],[97.8938,15.2581]],[[97.8881,15.3786],[97.8934,15.3759],[97.9003,15.3708],[97.9035,15.3703],[97.905,15.3696],[97.9098,15.3698],[97.9109,15.369],[97.913,15.3652],[97.9144,15.365],[97.9158,15.366],[97.9172,15.3655],[97.9177,15.3638],[97.9186,15.363],[97.9172,15.3612],[97.9162,15.3586],[97.9148,15.3567],[97.9144,15.3529],[97.9155,15.3462],[97.9179,15.3436],[97.9175,15.3397],[97.9178,15.3385],[97.9185,15.3371],[97.9195,15.337],[97.9207,15.3358],[97.9211,15.3345],[97.9252,15.332],[97.9257,15.3299],[97.9288,15.3261],[97.9285,15.3253],[97.9289,15.3233],[97.9313,15.3195],[97.9319,15.3171],[97.9338,15.3167],[97.9349,15.3157],[97.9377,15.3146],[97.9416,15.3136],[97.9428,15.3126],[97.9443,15.3124],[97.9448,15.3115],[97.9474,15.311],[97.9494,15.3087],[97.9526,15.3078],[97.9542,15.3035],[97.9556,15.3023],[97.9562,15.3021],[97.9595,15.3035],[97.962,15.3028],[97.9634,15.3007],[97.9634,15.2995],[97.9653,15.2973]]]}},{"type":"Feature","properties":{"Road_Type":"Secondary"},"geometry":{"type":"MultiLineString","coordinates":[[[97.9861,15.3101],[97.9863,15.3085],[97.9878,15.3079],[97.986,15.3037],[97.9846,15.3043],[97.9797,15.3036],[97.9788,15.3043],[97.9754,15.3051],[97.9743,15.3047],[97.9698,15.3045],[97.9664,15.3011],[97.9656,15.2995],[97.9653,15.2973]],[[97.9862,15.3101],[97.9855,15.3184],[97.9782,15.3295],[97.9703,15.344],[97.9662,15.3545],[97.9681,15.3685],[97.9658,15.3755],[97.9494,15.3948],[97.9474,15.4031],[97.9395,15.4072],[97.9344,15.4088],[97.9297,15.4081],[97.9265,15.4053],[97.9227,15.4031],[97.916,15.4021],[97.8918,15.4034]]]}},{"type":"Feature","properties":{"Road_Type":"Tertiary"},"geometry":{"type":"LineString","coordinates":[[98.4224,14.2278],[98.4227,14.2255],[98.4236,14.2235],[98.4273,14.2211],[98.4281,14.219],[98.4282,14.2138],[98.4299,14.2107],[98.4305,14.2075],[98.4346,14.2047],[98.4377,14.2002],[98.4373,14.1973],[98.4379,14.1892],[98.4366,14.187],[98.4343,14.1857],[98.4338,14.1846],[98.4339,14.1815],[98.4331,14.1771],[98.4337,14.1768],[98.4336,14.1762],[98.4305,14.169],[98.4305,14.1678]]}},{"type":"Feature","properties":{"Road_Type":"Secondary"},"geometry":{"type":"LineString","coordinates":[[97.8881,15.3786],[97.8833,15.3799],[97.8699,15.3823],[97.8628,15.3812],[97.8602,15.3869],[97.8558,15.392],[97.8542,15.3956],[97.8525,15.398],[97.8423,15.4033],[97.8313,15.4119],[97.8309,15.4142],[97.8292,15.4149],[97.8207,15.415],[97.8204,15.4196],[97.8193,15.4225],[97.8173,15.424],[97.812,15.4299],[97.8109,15.4307],[97.8101,15.4307],[97.7972,15.4384],[97.7923,15.4405],[97.7915,15.4404],[97.7909,15.4467],[97.7923,15.45]]}},{"type":"Feature","properties":{"Road_Type":"Tertiary"},"geometry":{"type":"LineString","coordinates":[[98.6419,10.3349],[98.6389,10.3412],[98.637,10.3408],[98.6375,10.3403],[98.6371,10.3397],[98.6374,10.3388],[98.6361,10.3378],[98.6337,10.3392],[98.6331,10.3407],[98.6315,10.3415],[98.632,10.3455],[98.6298,10.3468],[98.6288,10.3458],[98.6287,10.3476],[98.6279,10.3493],[98.6261,10.3505],[98.625,10.3528],[98.6243,10.3533]]}},{"type":"Feature","properties":{"Road_Type":"Tertiary"},"geometry":{"type":"MultiLineString","coordinates":[[[98.4304,12.4824],[98.4332,12.4822],[98.4369,12.4788],[98.4372,12.478],[98.4386,12.477],[98.44,12.4781],[98.4424,12.4776],[98.4427,12.4795],[98.4433,12.4786],[98.4439,12.479],[98.4437,12.4781],[98.4441,12.4775],[98.4457,12.4788],[98.4474,12.4791],[98.4485,12.4785],[98.449,12.4762],[98.4511,12.475],[98.4523,12.4761],[98.4562,12.4772],[98.461,12.483],[98.4627,12.4842]],[[98.4304,12.4824],[98.4233,12.483],[98.4204,12.4842],[98.4196,12.4853],[98.4196,12.4863],[98.4176,12.4866],[98.417,12.4903],[98.4151,12.4931],[98.415,12.4967],[98.4139,12.5009],[98.4111,12.5042],[98.4096,12.5051],[98.4098,12.5068],[98.4089,12.512],[98.408,12.5143],[98.4065,12.5173],[98.4054,12.5182],[98.4042,12.5184],[98.4036,12.5195],[98.4039,12.5217],[98.4028,12.5239],[98.4028,12.5264],[98.4033,12.5298],[98.4046,12.5326],[98.4043,12.5358],[98.4029,12.5371],[98.403,12.5391],[98.4021,12.5404],[98.4017,12.543],[98.4007,12.5446],[98.3987,12.5462],[98.3969,12.5522],[98.3951,12.5554],[98.393,12.5567],[98.3931,12.5592],[98.3918,12.5604],[98.3904,12.5608],[98.3844,12.5655],[98.3819,12.5657],[98.3802,12.5667],[98.3788,12.5694],[98.3788,12.5718],[98.378,12.5729],[98.3773,12.5751]],[[98.3773,12.5751],[98.3786,12.5763],[98.3798,12.5766],[98.3829,12.576]]]}},{"type":"Feature","properties":{"Road_Type":"Secondary"},"geometry":{"type":"LineString","coordinates":[[97.8092,15.0938],[97.8072,15.0936],[97.8064,15.0924],[97.806,15.0911],[97.8066,15.0871],[97.8041,15.0831],[97.8023,15.083],[97.7994,15.0793],[97.7976,15.0791],[97.7961,15.071],[97.7925,15.0687],[97.7901,15.0661]]}},{"type":"Feature","properties":{"Road_Type":"Tertiary"},"geometry":{"type":"LineString","coordinates":[[98.7277,10.5308],[98.7268,10.5333],[98.7251,10.5351],[98.7246,10.5376],[98.7232,10.5388],[98.7215,10.5423],[98.7196,10.5478],[98.7197,10.549],[98.7178,10.5522],[98.7173,10.5559],[98.7145,10.5603],[98.7143,10.5625],[98.7147,10.5642],[98.713,10.5667],[98.7135,10.5676],[98.7157,10.5693],[98.7175,10.5724],[98.7183,10.5727],[98.7219,10.5721],[98.7243,10.5727],[98.7265,10.5721],[98.7275,10.5714],[98.73,10.572],[98.7327,10.5717],[98.7331,10.5722],[98.7331,10.5749],[98.7319,10.5762],[98.7316,10.5779],[98.7284,10.5794]]}},{"type":"Feature","properties":{"Road_Type":"Tertiary"},"geometry":{"type":"LineString","coordinates":[[98.7649,11.2266],[98.7636,11.2281],[98.7648,11.2295],[98.7649,11.232],[98.7641,11.2322],[98.7625,11.2338],[98.7634,11.2351],[98.7623,11.2364],[98.7619,11.2392],[98.7612,11.2408],[98.7622,11.2418],[98.7618,11.2436],[98.763,11.2478],[98.7645,11.2498],[98.7652,11.2502],[98.7659,11.2517],[98.7683,11.2526],[98.7687,11.2535],[98.7687,11.255]]}},{"type":"Feature","properties":{"Road_Type":"Tertiary"},"geometry":{"type":"LineString","coordinates":[[98.6067,10.3917],[98.5928,10.3946]]}},{"type":"Feature","properties":{"Road_Type":"Tertiary"},"geometry":{"type":"LineString","coordinates":[[98.7385,11.1603],[98.7356,11.162],[98.7335,11.1647],[98.7313,11.1644],[98.7287,11.163],[98.7289,11.1615],[98.7285,11.1603],[98.7266,11.1595],[98.7245,11.1574],[98.7231,11.157],[98.7213,11.1559],[98.7197,11.1529],[98.7187,11.1525],[98.7114,11.1521],[98.7091,11.1483]]}},{"type":"Feature","properties":{"Road_Type":"Tertiary"},"geometry":{"type":"LineString","coordinates":[[98.7334,12.3163],[98.7319,12.3139],[98.7288,12.311],[98.7271,12.3113],[98.7258,12.3111],[98.7241,12.3118],[98.7232,12.3117],[98.722,12.3108],[98.7209,12.312],[98.7194,12.3118],[98.7187,12.3124],[98.7164,12.3125],[98.7105,12.3119],[98.7091,12.3104]]}},{"type":"Feature","properties":{"Road_Type":"Tertiary"},"geometry":{"type":"LineString","coordinates":[[98.7498,11.153],[98.7496,11.1545],[98.7476,11.1568],[98.745,11.1568],[98.7425,11.1575],[98.7397,11.1611]]}},{"type":"Feature","properties":{"Road_Type":"Tertiary"},"geometry":{"type":"LineString","coordinates":[[98.7127,12.3183],[98.7137,12.3192],[98.7141,12.3206],[98.7144,12.3206],[98.7142,12.3217]]}},{"type":"Feature","properties":{"Road_Type":"Tertiary"},"geometry":{"type":"LineString","coordinates":[[98.7604,12.3284],[98.7604,12.3211],[98.7613,12.3168],[98.7504,12.3174],[98.7477,12.317],[98.7482,12.3143],[98.7478,12.3137],[98.7472,12.3137],[98.7454,12.3145],[98.7422,12.317],[98.7384,12.3224],[98.7362,12.3222],[98.7354,12.3213],[98.7341,12.3216],[98.7317,12.3212]]}},{"type":"Feature","properties":{"Road_Type":"Tertiary"},"geometry":{"type":"LineString","coordinates":[[98.7613,12.3168],[98.7653,12.309],[98.7683,12.3011],[98.7665,12.2995],[98.7663,12.2978],[98.7642,12.2948],[98.7638,12.2913],[98.7628,12.2896],[98.7633,12.2864],[98.7628,12.2852],[98.7643,12.2806]]}},{"type":"Feature","properties":{"Road_Type":"Tertiary"},"geometry":{"type":"LineString","coordinates":[[98.6406,10.2724],[98.6423,10.274],[98.6411,10.2762],[98.6404,10.2819],[98.6396,10.283],[98.6396,10.2843],[98.6406,10.2852],[98.64,10.2864],[98.6404,10.2894],[98.6395,10.2894],[98.6387,10.2887],[98.6376,10.2892],[98.637,10.2945],[98.6358,10.2957],[98.6354,10.2969],[98.6359,10.3003],[98.6375,10.3027],[98.6385,10.307],[98.6378,10.3095],[98.6374,10.31],[98.6361,10.3099],[98.6364,10.3111],[98.6357,10.3124],[98.6364,10.3158],[98.6349,10.3174],[98.6351,10.3185],[98.634,10.3232],[98.6312,10.3268],[98.63,10.3271],[98.6278,10.3265],[98.6273,10.3252],[98.6254,10.324],[98.6242,10.3217],[98.6208,10.3219]]}},{"type":"Feature","properties":{"Road_Type":"Tertiary"},"geometry":{"type":"LineString","coordinates":[[99.0454,12.2835],[99.0463,12.2811],[99.0466,12.2761],[99.0438,12.2707],[99.0443,12.2684],[99.0415,12.2665],[99.0376,12.2619],[99.0371,12.2603]]}},{"type":"Feature","properties":{"Road_Type":"Tertiary"},"geometry":{"type":"MultiLineString","coordinates":[[[99.0266,11.5792],[99.0254,11.5771],[99.0225,11.5764]],[[99.0266,11.5792],[99.0271,11.5792],[99.0275,11.5794],[99.0284,11.5801],[99.0302,11.5787],[99.0311,11.5786],[99.0359,11.5797],[99.04,11.5791],[99.043,11.5798],[99.0448,11.5811],[99.0473,11.5815],[99.0508,11.5792],[99.0519,11.5799],[99.053,11.5794]],[[99.0266,11.5792],[99.0266,11.5792]]]}},{"type":"Feature","properties":{"Road_Type":"Tertiary"},"geometry":{"type":"LineString","coordinates":[[99.0304,12.2924],[99.0296,12.2928],[99.0291,12.2936],[99.0257,12.3013],[99.0225,12.3052],[99.0215,12.3072],[99.0213,12.3085],[99.0204,12.3096],[99.021,12.3119],[99.0199,12.3143]]}},{"type":"Feature","properties":{"Road_Type":"Tertiary"},"geometry":{"type":"LineString","coordinates":[[98.2268,14.2822],[98.2258,14.2813],[98.2234,14.2811]]}},{"type":"Feature","properties":{"Road_Type":"Tertiary"},"geometry":{"type":"LineString","coordinates":[[98.2622,14.2836],[98.2639,14.2858],[98.2679,14.2876],[98.2682,14.289],[98.2694,14.2901],[98.2715,14.2876],[98.2738,14.2861],[98.2794,14.2877],[98.2823,14.2864],[98.2824,14.2855],[98.2842,14.2848],[98.2853,14.2837],[98.2861,14.2812],[98.2868,14.2807],[98.2869,14.2793],[98.2882,14.2788],[98.2886,14.2818],[98.2877,14.2836],[98.2861,14.2853],[98.2834,14.2851]]}},{"type":"Feature","properties":{"Road_Type":"Tertiary"},"geometry":{"type":"LineString","coordinates":[[98.5764,10.4085],[98.5853,10.4052],[98.5839,10.399],[98.5823,10.3854],[98.5819,10.3778],[98.5821,10.3679]]}},{"type":"Feature","properties":{"Road_Type":"Tertiary"},"geometry":{"type":"LineString","coordinates":[[98.5764,10.4085],[98.5779,10.4108],[98.5784,10.4155],[98.5778,10.4164],[98.5778,10.4179],[98.5785,10.4193],[98.5793,10.4196]]}},{"type":"Feature","properties":{"Road_Type":"Tertiary"},"geometry":{"type":"LineString","coordinates":[[98.5764,10.4085],[98.5737,10.4095],[98.5716,10.4097],[98.5629,10.4094],[98.5559,10.408],[98.5505,10.4088],[98.5527,10.4127],[98.5517,10.4154],[98.5495,10.4184],[98.5483,10.4208],[98.5459,10.4223],[98.5454,10.4233],[98.5454,10.4247],[98.5438,10.4283],[98.5428,10.429],[98.5423,10.4306],[98.543,10.4319],[98.5402,10.446],[98.537,10.447],[98.5351,10.4489],[98.531,10.4496]]}},{"type":"Feature","properties":{"Road_Type":"Tertiary"},"geometry":{"type":"LineString","coordinates":[[98.5686,10.6449],[98.5566,10.6445],[98.5536,10.6453],[98.5523,10.645],[98.5513,10.6439],[98.5506,10.6424],[98.553,10.6358],[98.552,10.6314],[98.552,10.6275],[98.5533,10.6251],[98.5552,10.6236],[98.5577,10.6235],[98.5589,10.6253]]}},{"type":"Feature","properties":{"Road_Type":"Tertiary"},"geometry":{"type":"LineString","coordinates":[[98.5697,10.6248],[98.5669,10.6246],[98.5627,10.6259],[98.5589,10.6253]]}},{"type":"Feature","properties":{"Road_Type":"Tertiary"},"geometry":{"type":"LineString","coordinates":[[98.5343,10.4496],[98.5346,10.4506],[98.5372,10.4527],[98.5379,10.4551],[98.5409,10.4552]]}},{"type":"Feature","properties":{"Road_Type":"Tertiary"},"geometry":{"type":"LineString","coordinates":[[98.5503,10.4058],[98.55,10.407],[98.5505,10.4088]]}},{"type":"Feature","properties":{"Road_Type":"Tertiary"},"geometry":{"type":"LineString","coordinates":[[98.5627,10.4461],[98.5611,10.4482],[98.5587,10.4489],[98.5582,10.4502],[98.5577,10.4547],[98.558,10.4568],[98.5574,10.4602],[98.5577,10.4619],[98.5562,10.4643],[98.5547,10.4708],[98.5542,10.4719],[98.5448,10.4762],[98.5445,10.4767],[98.5448,10.4811],[98.5411,10.4925],[98.5371,10.5003],[98.5356,10.5005],[98.5349,10.5014],[98.5362,10.5018],[98.5381,10.5055],[98.5392,10.5066],[98.5438,10.5094],[98.5478,10.51],[98.5493,10.5111],[98.5502,10.5127]]}},{"type":"Feature","properties":{"Road_Type":"Tertiary"},"geometry":{"type":"LineString","coordinates":[[99.0039,12.027],[99.0003,12.0269],[98.9989,12.0262],[98.9938,12.0255],[98.9916,12.0233],[98.9901,12.0238],[98.9881,12.0256],[98.9874,12.0257],[98.9811,12.0234],[98.9772,12.0262],[98.9698,12.0264],[98.9651,12.0252],[98.9632,12.0257],[98.9629,12.0264],[98.9609,12.0273],[98.9545,12.0279],[98.9509,12.03],[98.9483,12.0293],[98.9458,12.0302],[98.9448,12.0314],[98.9448,12.0324],[98.9436,12.0327],[98.9427,12.0356],[98.9414,12.0359],[98.9406,12.0369],[98.9406,12.0384],[98.9368,12.0409],[98.9378,12.0428],[98.9394,12.0441],[98.9403,12.0461],[98.9401,12.0498],[98.9357,12.0543],[98.933,12.0552],[98.9317,12.0551],[98.9308,12.0564],[98.9284,12.058],[98.9281,12.0626],[98.9288,12.0663],[98.9271,12.0674],[98.9249,12.0676],[98.9222,12.0688],[98.92,12.069],[98.918,12.0685],[98.9161,12.0701],[98.915,12.072],[98.9139,12.0712],[98.9134,12.0714],[98.9113,12.0741],[98.911,12.0758],[98.9096,12.0769],[98.9095,12.0777],[98.9104,12.0789],[98.9095,12.0816],[98.908,12.082],[98.9076,12.0845],[98.9004,12.0866],[98.899,12.0892],[98.8983,12.0921],[98.8971,12.0934],[98.8955,12.0968],[98.8941,12.0981],[98.8941,12.1011],[98.892,12.1027],[98.8893,12.1033],[98.8882,12.1041],[98.8827,12.1106],[98.8816,12.1135],[98.8819,12.1146],[98.8854,12.1172],[98.8861,12.1183],[98.888,12.1192],[98.8887,12.1202],[98.8886,12.1217],[98.8911,12.1231],[98.8908,12.1246],[98.8877,12.127],[98.8876,12.1286],[98.8861,12.1324],[98.8842,12.1341],[98.8833,12.134],[98.8815,12.1357],[98.8821,12.1397],[98.8795,12.141]]}},{"type":"Feature","properties":{"Road_Type":"Tertiary"},"geometry":{"type":"LineString","coordinates":[[98.5677,10.4022],[98.5687,10.4014],[98.5687,10.4006],[98.5708,10.3995],[98.5715,10.3972],[98.5728,10.3957],[98.5736,10.3957],[98.5743,10.3936],[98.576,10.392],[98.5779,10.3927],[98.5795,10.3941],[98.5812,10.3937],[98.5832,10.3941]]}},{"type":"Feature","properties":{"Road_Type":"Tertiary"},"geometry":{"type":"LineString","coordinates":[[98.5929,10.3792],[98.5819,10.3796]]}},{"type":"Feature","properties":{"Road_Type":"Tertiary"},"geometry":{"type":"LineString","coordinates":[[98.5519,10.3789],[98.5535,10.3856],[98.5535,10.3876],[98.5541,10.3887],[98.5538,10.3896],[98.5545,10.3979],[98.5555,10.3991]]}},{"type":"Feature","properties":{"Road_Type":"Tertiary"},"geometry":{"type":"LineString","coordinates":[[98.5925,10.4046],[98.593,10.3681]]}},{"type":"Feature","properties":{"Road_Type":"Tertiary"},"geometry":{"type":"LineString","coordinates":[[98.7643,12.2806],[98.7653,12.2796],[98.7688,12.2784],[98.7693,12.279],[98.7685,12.28],[98.7695,12.2802],[98.7714,12.283],[98.7719,12.2832],[98.7731,12.2824],[98.7739,12.2832],[98.7743,12.2849],[98.7809,12.2873],[98.7824,12.2903],[98.7827,12.2975],[98.7843,12.3048]]}},{"type":"Feature","properties":{"Road_Type":"Tertiary"},"geometry":{"type":"LineString","coordinates":[[98.7824,12.2903],[98.7851,12.2892],[98.7854,12.287],[98.7843,12.2828],[98.7852,12.2812],[98.7849,12.2785],[98.7836,12.2772],[98.7839,12.2765],[98.7833,12.2743],[98.7822,12.274],[98.7824,12.2718],[98.7817,12.2703],[98.783,12.2651],[98.7844,12.2638],[98.7843,12.2629],[98.7848,12.2625]]}},{"type":"Feature","properties":{"Road_Type":"Tertiary"},"geometry":{"type":"LineString","coordinates":[[98.712,12.3266],[98.7108,12.3265],[98.7103,12.3234]]}},{"type":"Feature","properties":{"Road_Type":"Tertiary"},"geometry":{"type":"LineString","coordinates":[[98.7959,11.2415],[98.7965,11.2383],[98.7973,11.2378],[98.798,11.2347],[98.797,11.2341],[98.7958,11.2321],[98.7965,11.2301],[98.7949,11.2278],[98.7953,11.2267],[98.7949,11.2252],[98.792,11.2238],[98.7923,11.2218],[98.792,11.2209],[98.7927,11.2206],[98.7929,11.2174],[98.794,11.216],[98.7938,11.2151],[98.7944,11.213],[98.7939,11.2123],[98.7944,11.2101],[98.7939,11.209],[98.7915,11.2074],[98.7908,11.2053],[98.7914,11.2039],[98.7911,11.2024],[98.7918,11.2002],[98.7943,11.1973],[98.7941,11.1956],[98.7966,11.1909],[98.7977,11.1899]]}},{"type":"Feature","properties":{"Road_Type":"Tertiary"},"geometry":{"type":"LineString","coordinates":[[98.5204,10.4494],[98.5191,10.4545],[98.5202,10.4564],[98.5237,10.4573],[98.5252,10.46],[98.5273,10.4611],[98.527,10.4665],[98.5314,10.4709],[98.5343,10.4723],[98.5398,10.4763]]}},{"type":"Feature","properties":{"Road_Type":"Tertiary"},"geometry":{"type":"LineString","coordinates":[[98.7127,12.3183],[98.7115,12.3169],[98.7089,12.3161],[98.709,12.3152],[98.7085,12.3143],[98.7062,12.3129],[98.7051,12.3131],[98.7035,12.3147],[98.7032,12.3169],[98.7013,12.3179],[98.7002,12.3202],[98.699,12.3209],[98.6956,12.3213],[98.6939,12.3228],[98.6926,12.3255],[98.6917,12.3262],[98.6918,12.3291]]}},{"type":"Feature","properties":{"Road_Type":"Tertiary"},"geometry":{"type":"LineString","coordinates":[[98.6189,10.2587],[98.6177,10.2582],[98.6173,10.2585],[98.6164,10.2609],[98.6153,10.2618],[98.6153,10.2631],[98.6132,10.2658],[98.6132,10.2674],[98.6126,10.2683],[98.6129,10.2691],[98.6098,10.2708]]}},{"type":"Feature","properties":{"Road_Type":"Tertiary"},"geometry":{"type":"LineString","coordinates":[[98.1177,14.6868],[98.1196,14.69],[98.1194,14.6922],[98.1198,14.6928],[98.1229,14.6924],[98.1266,14.696],[98.1292,14.6968],[98.1315,14.6992],[98.1361,14.7014],[98.137,14.7027],[98.1372,14.7043],[98.1378,14.7052],[98.1434,14.7084],[98.144,14.7096],[98.1438,14.7113],[98.1414,14.7154],[98.1413,14.7174],[98.1423,14.7223],[98.1422,14.7244],[98.1432,14.7264],[98.1465,14.7272],[98.1486,14.7299],[98.1526,14.7324],[98.1592,14.7339],[98.1623,14.7338],[98.1649,14.7359],[98.1666,14.7363],[98.1664,14.7396],[98.1675,14.7392],[98.1698,14.7409],[98.1703,14.7419],[98.1734,14.7438],[98.1749,14.7457],[98.179,14.7458],[98.1799,14.7469],[98.1813,14.7458],[98.1838,14.7455],[98.185,14.7435],[98.1866,14.7425],[98.1874,14.7426],[98.1885,14.7416],[98.1898,14.7416],[98.1902,14.7393],[98.1931,14.7365],[98.1957,14.7368],[98.1955,14.7373],[98.1941,14.7376],[98.1943,14.739],[98.1955,14.7401],[98.198,14.7389],[98.1989,14.7375],[98.2003,14.7378],[98.2023,14.7365],[98.2043,14.7374],[98.2051,14.7384],[98.2073,14.738],[98.208,14.7387],[98.208,14.7394],[98.2092,14.7395],[98.2109,14.741],[98.2129,14.7408],[98.2132,14.7421],[98.2141,14.7412],[98.2152,14.7417],[98.2169,14.7409],[98.2202,14.7415],[98.2241,14.7388],[98.2248,14.7392],[98.2268,14.7382],[98.228,14.7388],[98.2294,14.7385],[98.231,14.7388],[98.2322,14.7378],[98.2334,14.735],[98.2364,14.7344],[98.2422,14.7315],[98.2506,14.7287],[98.2513,14.7283],[98.2523,14.7265],[98.2543,14.7274],[98.2557,14.7269],[98.2584,14.7237],[98.2584,14.7211],[98.2598,14.7197],[98.2602,14.7179],[98.2599,14.7165],[98.2618,14.7156],[98.2633,14.7113],[98.2659,14.7092],[98.2691,14.7038],[98.2711,14.7026],[98.2757,14.6966],[98.279,14.6951],[98.2797,14.6959],[98.2808,14.6957],[98.2854,14.6934],[98.2865,14.6909],[98.2877,14.6901],[98.2898,14.69],[98.2909,14.6879],[98.2898,14.6871],[98.2901,14.6861],[98.291,14.6863],[98.2925,14.6855],[98.294,14.6856],[98.2974,14.6836],[98.3102,14.6798],[98.319,14.6804],[98.3204,14.6782],[98.3205,14.6801],[98.3209,14.6804],[98.324,14.6788],[98.3275,14.6797],[98.3284,14.6792],[98.3293,14.6804],[98.3311,14.6806],[98.3379,14.6833],[98.3413,14.6829],[98.3471,14.68],[98.3509,14.6805],[98.3535,14.6799],[98.3556,14.6811],[98.3562,14.6799],[98.3582,14.6782],[98.3582,14.6806],[98.3593,14.6806],[98.3596,14.6815],[98.3609,14.6818],[98.3602,14.6826],[98.3608,14.6833],[98.3602,14.6841],[98.3612,14.6841],[98.362,14.6834]]}},{"type":"Feature","properties":{"Road_Type":"Tertiary"},"geometry":{"type":"LineString","coordinates":[[98.1416,14.4337],[98.1384,14.4351],[98.1374,14.4376],[98.1336,14.4418],[98.1307,14.4434],[98.128,14.4441],[98.1257,14.446],[98.125,14.4472],[98.1229,14.4478],[98.1188,14.4473],[98.1163,14.4495],[98.1146,14.4501],[98.1139,14.4491],[98.1131,14.449],[98.1107,14.4511],[98.1082,14.452],[98.1072,14.4519],[98.1059,14.4532],[98.1045,14.4522],[98.1037,14.4523],[98.1027,14.4513],[98.1023,14.4486],[98.0983,14.4491],[98.0965,14.4485],[98.092,14.4521],[98.0915,14.4554],[98.0897,14.4583],[98.0907,14.4596],[98.0899,14.4604],[98.0897,14.4613],[98.093,14.4639],[98.0929,14.4651],[98.0917,14.4666],[98.0935,14.4686],[98.0929,14.4708],[98.093,14.4739],[98.0947,14.4755],[98.0947,14.4766],[98.0957,14.4783],[98.097,14.4785],[98.0977,14.4792],[98.0975,14.4809],[98.0991,14.484],[98.0986,14.485],[98.0966,14.4846],[98.0961,14.4859],[98.0937,14.4857],[98.0922,14.4882],[98.0925,14.4897],[98.0931,14.4903],[98.0935,14.4965],[98.0941,14.4977],[98.0945,14.5011],[98.096,14.502],[98.0958,14.5035],[98.0963,14.5047],[98.0937,14.5056],[98.0925,14.5128],[98.0928,14.5143],[98.0919,14.5176],[98.0941,14.5198],[98.0941,14.5215],[98.0924,14.5232],[98.0921,14.5253],[98.0938,14.5273],[98.0962,14.5276],[98.0973,14.5285],[98.0974,14.5304],[98.0983,14.532],[98.0979,14.5348],[98.1008,14.5398],[98.1007,14.5429],[98.1019,14.5445],[98.1022,14.5463],[98.0975,14.552],[98.097,14.5533],[98.0958,14.5541],[98.0953,14.5571],[98.0957,14.559],[98.0965,14.5595],[98.0966,14.5636],[98.0945,14.5658],[98.0933,14.57],[98.0897,14.5722],[98.0893,14.5734],[98.0896,14.5744],[98.0871,14.5759],[98.0847,14.5812],[98.0842,14.5815],[98.0845,14.5839],[98.0836,14.5859],[98.0818,14.5863],[98.0796,14.5878],[98.0793,14.5888],[98.08,14.5889],[98.0801,14.5894],[98.0791,14.5905],[98.0791,14.5923],[98.0776,14.5927],[98.0773,14.5935],[98.0759,14.5944],[98.0758,14.5953],[98.0736,14.5955],[98.0727,14.5931],[98.0694,14.5907],[98.0673,14.5925],[98.0634,14.5926],[98.0625,14.5921],[98.0607,14.593],[98.0571,14.5923],[98.0547,14.5932],[98.0541,14.5923],[98.0531,14.5919],[98.0482,14.5935],[98.0456,14.5938],[98.0442,14.5946],[98.0414,14.6],[98.0398,14.6013],[98.0396,14.6034],[98.0373,14.6038],[98.0357,14.6049],[98.0347,14.6075],[98.0316,14.6118],[98.0309,14.6144],[98.0305,14.6147]]}},{"type":"Feature","properties":{"Road_Type":"Tertiary"},"geometry":{"type":"LineString","coordinates":[[98.131,14.6611],[98.1292,14.6571],[98.1246,14.6549],[98.1211,14.6546],[98.1186,14.6563],[98.1171,14.6567],[98.1149,14.6559],[98.1133,14.656],[98.1123,14.6543],[98.1089,14.6525],[98.1061,14.6526],[98.1042,14.6537],[98.1019,14.6539],[98.0998,14.6524],[98.095,14.6514],[98.0943,14.6507],[98.0893,14.65],[98.0876,14.6478],[98.0806,14.6458],[98.0635,14.6373],[98.0553,14.6341],[98.0535,14.6339],[98.0513,14.632],[98.0441,14.6286],[98.0391,14.6224],[98.037,14.6207],[98.0357,14.6184],[98.0329,14.6174],[98.0305,14.6154],[98.0304,14.6148],[98.0231,14.6111],[98.017,14.6091],[98.0162,14.6111],[98.0171,14.6123],[98.0173,14.6147],[98.0131,14.6179],[98.011,14.6176],[98.0082,14.6162],[98.0036,14.6186],[98.0,14.6178],[97.993,14.6178],[97.9914,14.6172],[97.9911,14.6181],[97.9896,14.6185],[97.9843,14.6186],[97.9847,14.6207],[97.9821,14.6203],[97.9789,14.6215],[97.9772,14.6229],[97.9738,14.6245],[97.9712,14.6243],[97.9668,14.6252],[97.9641,14.6252],[97.9623,14.6241],[97.9612,14.6241],[97.9562,14.6266],[97.9528,14.6318],[97.9471,14.634],[97.9447,14.6359],[97.9421,14.6359],[97.9397,14.6367],[97.939,14.6382],[97.9397,14.6401],[97.9388,14.6413],[97.9355,14.6434],[97.934,14.6453],[97.9319,14.6455],[97.9306,14.6465],[97.9274,14.6476],[97.9255,14.6508],[97.9258,14.652],[97.9234,14.6555],[97.9227,14.6583],[97.9243,14.6649],[97.9276,14.6679],[97.9274,14.6732],[97.929,14.6766],[97.9305,14.678],[97.9306,14.6787],[97.9293,14.6824],[97.9295,14.6847],[97.9286,14.6873],[97.9286,14.6928],[97.9274,14.6932],[97.9254,14.6932],[97.9257,14.6957],[97.9282,14.7011],[97.9302,14.7014],[97.9313,14.7022],[97.9307,14.7047],[97.9332,14.7094],[97.9371,14.7097],[97.9368,14.711],[97.9373,14.7127],[97.9397,14.7145],[97.941,14.7162],[97.9424,14.7159],[97.9442,14.7164]]}},{"type":"Feature","properties":{"Road_Type":"Tertiary"},"geometry":{"type":"LineString","coordinates":[[98.017,14.6091],[98.0182,14.6079],[98.0182,14.6065],[98.0167,14.6052],[98.0165,14.6017],[98.0151,14.6007],[98.0125,14.6007],[98.0098,14.5999],[98.0091,14.5962],[98.0075,14.5946],[98.0064,14.5911],[98.0035,14.5882],[98.003,14.5863],[97.9999,14.5843],[97.9951,14.5849],[97.9929,14.5831],[97.9912,14.5805],[97.9871,14.5773],[97.9866,14.576],[97.9867,14.5746],[97.9881,14.5733],[97.9909,14.569],[97.9919,14.5687],[97.9924,14.5671],[97.9921,14.5648],[97.9933,14.5626],[97.9938,14.5573],[97.9972,14.5507],[97.9952,14.5481],[97.9938,14.5367],[97.9942,14.5332],[97.9959,14.5269],[97.9932,14.5191],[97.9911,14.5166],[97.9915,14.511],[97.9906,14.5103],[97.9904,14.5077],[97.9893,14.5044],[97.987,14.504],[97.9839,14.5025],[97.9803,14.5019],[97.9766,14.5004],[97.9738,14.5004],[97.9684,14.4982],[97.9656,14.4959],[97.9639,14.4929],[97.9637,14.4913],[97.9628,14.4908],[97.959,14.4935],[97.9595,14.4959],[97.9559,14.4989],[97.9551,14.5013],[97.9555,14.503],[97.9552,14.5048],[97.9512,14.5066],[97.9501,14.5081],[97.9503,14.5095],[97.95,14.511],[97.9461,14.5124],[97.945,14.5138],[97.9455,14.5182],[97.9462,14.5203],[97.9455,14.5223],[97.9442,14.5229],[97.9436,14.5256],[97.9446,14.5306],[97.9428,14.5408],[97.9437,14.5426],[97.9435,14.5443],[97.9407,14.5453],[97.939,14.5472],[97.9343,14.5476],[97.9304,14.5521],[97.9297,14.5522],[97.9294,14.5581],[97.9287,14.5589],[97.9273,14.5591],[97.9269,14.5642],[97.9195,14.5693],[97.9192,14.5709],[97.9238,14.5729],[97.9281,14.5797],[97.9322,14.5839],[97.9345,14.5873],[97.9349,14.5895],[97.9341,14.5943],[97.935,14.5958],[97.9351,14.6015],[97.9386,14.6024],[97.9411,14.6098],[97.9479,14.618],[97.9496,14.6211],[97.9526,14.6236],[97.9581,14.6257]]}},{"type":"Feature","properties":{"Road_Type":"Tertiary"},"geometry":{"type":"LineString","coordinates":[[98.1322,14.6286],[98.1318,14.6287],[98.1306,14.6265],[98.13,14.627],[98.1287,14.6263],[98.1267,14.6268],[98.125,14.626],[98.1215,14.6269],[98.1188,14.626],[98.116,14.6269],[98.1149,14.6264],[98.1126,14.6234],[98.1137,14.6203],[98.1132,14.6184],[98.1116,14.6175],[98.1119,14.6162],[98.1111,14.6146],[98.1115,14.6133],[98.111,14.6115],[98.1086,14.6096],[98.108,14.606],[98.1071,14.6043],[98.1046,14.6032],[98.1027,14.6039],[98.1005,14.6024],[98.0972,14.6016],[98.0956,14.5998],[98.0895,14.5985],[98.0852,14.5984],[98.084,14.5978],[98.0823,14.5984],[98.0777,14.5956],[98.0758,14.5953]]}},{"type":"Feature","properties":{"Road_Type":"Tertiary"},"geometry":{"type":"LineString","coordinates":[[98.1805,14.4056],[98.1783,14.4063],[98.1767,14.4055],[98.1752,14.4067],[98.1736,14.4062],[98.1719,14.4068],[98.1704,14.4086],[98.1703,14.4114],[98.1693,14.4119],[98.1674,14.4115],[98.1673,14.4134],[98.1661,14.4154],[98.1652,14.4155],[98.1649,14.4164],[98.1641,14.4167],[98.1631,14.4166],[98.1621,14.4172],[98.1612,14.417],[98.1579,14.4188],[98.157,14.4188],[98.156,14.4201],[98.1568,14.4207],[98.1579,14.4229],[98.1575,14.4254],[98.1552,14.4272],[98.154,14.4315],[98.1491,14.4312],[98.1471,14.4317],[98.1453,14.4309],[98.1433,14.4323]]}},{"type":"Feature","properties":{"Road_Type":"Tertiary"},"geometry":{"type":"LineString","coordinates":[[98.5188,14.1647],[98.5172,14.1655],[98.5138,14.1688],[98.5098,14.1688],[98.5088,14.1692],[98.5067,14.1711],[98.5056,14.1736],[98.5038,14.1725],[98.5016,14.1725],[98.4996,14.1712],[98.4972,14.1708],[98.4964,14.1733],[98.4945,14.1744],[98.4917,14.1787],[98.4897,14.18],[98.4887,14.1819],[98.4839,14.1825],[98.4828,14.1836],[98.4808,14.1841],[98.4795,14.1862],[98.4781,14.1862],[98.4772,14.1871],[98.4761,14.187],[98.4755,14.188],[98.4739,14.1883],[98.4734,14.1892],[98.4727,14.1884],[98.4707,14.1888],[98.4702,14.1897],[98.4686,14.1885],[98.4666,14.1883],[98.4659,14.1904],[98.4646,14.1911],[98.4629,14.1933],[98.4629,14.194],[98.4594,14.1972],[98.4586,14.1989],[98.4567,14.1996],[98.4532,14.2038],[98.4515,14.2044],[98.452,14.2067],[98.4535,14.2083],[98.4526,14.2098],[98.4535,14.2118],[98.4523,14.2123],[98.4515,14.2144],[98.4501,14.2143],[98.4482,14.2148],[98.4472,14.2141],[98.4455,14.2138],[98.446,14.215],[98.4458,14.2159],[98.4442,14.2174],[98.4416,14.2187],[98.4407,14.2186],[98.4395,14.2205],[98.4386,14.2195],[98.4383,14.2211],[98.436,14.2217],[98.4358,14.223],[98.4349,14.223],[98.4346,14.2245],[98.4335,14.2254],[98.4314,14.2247],[98.4282,14.2263],[98.428,14.2274],[98.4254,14.2287],[98.4225,14.2278],[98.4224,14.2288],[98.4235,14.2306],[98.4238,14.2323],[98.4212,14.2328],[98.4201,14.2339],[98.4186,14.2342],[98.4173,14.2357],[98.4156,14.2352],[98.4114,14.2379],[98.4094,14.2381],[98.4063,14.2375],[98.4021,14.2391],[98.4016,14.2404],[98.3997,14.242],[98.4002,14.2439],[98.3992,14.2458],[98.3966,14.2467],[98.3954,14.2479],[98.3954,14.2492],[98.393,14.2567],[98.3912,14.2582],[98.3874,14.26],[98.3864,14.263],[98.3831,14.2618],[98.382,14.2623],[98.3818,14.2611],[98.381,14.2605],[98.3753,14.2601],[98.3729,14.2615],[98.3698,14.2603],[98.3671,14.2601],[98.3655,14.2607],[98.3644,14.2624],[98.3619,14.263],[98.3609,14.2624],[98.3597,14.2623],[98.3579,14.2641],[98.3553,14.2632],[98.3533,14.2646],[98.352,14.2645],[98.3514,14.2653],[98.3496,14.2661],[98.3472,14.2654],[98.3456,14.2658],[98.3435,14.265],[98.3425,14.2673],[98.3429,14.2679],[98.3429,14.2709],[98.3404,14.2715],[98.3397,14.2731],[98.3378,14.2743],[98.337,14.2739],[98.3367,14.2743],[98.3359,14.2742],[98.3343,14.2764],[98.3332,14.2756],[98.3335,14.2743],[98.3326,14.2731],[98.3326,14.2722],[98.3295,14.2717],[98.3262,14.2728],[98.3252,14.2738],[98.3241,14.2733],[98.3226,14.2735],[98.3219,14.2741],[98.3219,14.2753],[98.3215,14.2756],[98.3205,14.2745],[98.3185,14.2735],[98.318,14.2752],[98.3166,14.2754],[98.3158,14.2764],[98.313,14.2758],[98.3111,14.2767],[98.3094,14.2762],[98.3066,14.277],[98.3045,14.2767],[98.3036,14.2777],[98.3035,14.2788],[98.3005,14.2781],[98.2992,14.279],[98.2989,14.2778],[98.2994,14.2766],[98.2977,14.2755],[98.2974,14.275],[98.2987,14.2741],[98.2985,14.2731],[98.2998,14.27],[98.2977,14.2681],[98.2961,14.27],[98.2943,14.2693],[98.2945,14.2682],[98.2931,14.2676],[98.2929,14.2658],[98.2914,14.2653],[98.2909,14.2628],[98.2881,14.2618],[98.2865,14.2591],[98.2849,14.2586],[98.2809,14.2596],[98.2775,14.2611],[98.2752,14.2598],[98.274,14.2597],[98.2731,14.2587],[98.2723,14.2594],[98.2719,14.2612],[98.2706,14.2618],[98.2701,14.2629],[98.2669,14.2662],[98.2669,14.2666],[98.2678,14.2669],[98.2676,14.2679],[98.2644,14.2688],[98.2626,14.2708],[98.2625,14.2712],[98.2634,14.271],[98.2639,14.2718],[98.2636,14.2725],[98.2625,14.2732],[98.2633,14.2748],[98.2626,14.2762],[98.2635,14.2763],[98.2639,14.277],[98.2632,14.2775],[98.2636,14.2781],[98.2633,14.279],[98.262,14.2793],[98.2617,14.2799],[98.2625,14.2825],[98.2623,14.2835],[98.2608,14.2839],[98.2591,14.2854],[98.2565,14.2865],[98.2535,14.2892],[98.2524,14.2891],[98.2521,14.2859],[98.2513,14.2852],[98.2464,14.2865],[98.2445,14.285],[98.2436,14.2854],[98.2423,14.2848],[98.2407,14.2854],[98.2365,14.2837],[98.2344,14.282],[98.2302,14.2828],[98.2277,14.2813],[98.2266,14.2825],[98.2247,14.2823],[98.2234,14.2828]]}},{"type":"Feature","properties":{"Road_Type":"Tertiary"},"geometry":{"type":"LineString","coordinates":[[98.6004,10.3169],[98.6033,10.318],[98.6038,10.3188],[98.6036,10.3197],[98.6043,10.3203],[98.6069,10.3205],[98.6091,10.3229],[98.6098,10.3229],[98.6116,10.3217],[98.6171,10.3223],[98.6177,10.3215],[98.6207,10.3214]]}},{"type":"Feature","properties":{"Road_Type":"Tertiary"},"geometry":{"type":"MultiLineString","coordinates":[[[98.3041,14.1083],[98.303,14.1106],[98.3019,14.1118],[98.301,14.1141],[98.3014,14.1154],[98.3005,14.1159],[98.2997,14.1183],[98.2983,14.12],[98.297,14.1236],[98.2982,14.1284],[98.298,14.1294],[98.2988,14.1308],[98.2933,14.1466],[98.2933,14.1477],[98.2922,14.1495],[98.2857,14.1547],[98.283,14.1595],[98.2812,14.1651],[98.2802,14.167],[98.2807,14.1685],[98.2781,14.1697],[98.2766,14.1719],[98.2739,14.1715],[98.2699,14.1719],[98.2674,14.175],[98.266,14.1757],[98.2622,14.1765]],[[98.2621,14.1765],[98.2579,14.1772],[98.2559,14.1767],[98.2534,14.1746],[98.2515,14.1722],[98.2492,14.1713],[98.2486,14.17],[98.2454,14.1683],[98.2442,14.1679],[98.2421,14.1683],[98.2407,14.1669],[98.2394,14.1664],[98.233,14.1664],[98.2299,14.1654],[98.2255,14.167],[98.2235,14.167],[98.2218,14.1685],[98.2168,14.1663],[98.2132,14.168],[98.212,14.1717],[98.2089,14.172]]]}},{"type":"Feature","properties":{"Road_Type":"Tertiary"},"geometry":{"type":"LineString","coordinates":[[98.2807,14.1684],[98.283,14.1693],[98.2855,14.1724],[98.2875,14.1737],[98.2874,14.1732],[98.2878,14.1751],[98.2883,14.1752],[98.2893,14.1744],[98.2902,14.1747],[98.2934,14.1795],[98.2934,14.1806],[98.294,14.1814],[98.2982,14.1821],[98.3,14.1834],[98.2995,14.1853],[98.3023,14.1863],[98.3027,14.1888],[98.3057,14.1926],[98.3056,14.1957],[98.3012,14.1982],[98.3006,14.2005],[98.3045,14.2078],[98.3064,14.2093],[98.309,14.2103],[98.312,14.2133],[98.3121,14.2146],[98.3149,14.2141],[98.3182,14.2155],[98.3223,14.2155],[98.3252,14.2195],[98.3262,14.2199],[98.3279,14.2218],[98.3277,14.2239],[98.3295,14.2245],[98.3298,14.2252],[98.3296,14.2288],[98.3314,14.2291],[98.3318,14.2309],[98.3339,14.2336],[98.3331,14.2363],[98.3335,14.2377],[98.3362,14.2389],[98.3367,14.2417],[98.3378,14.2441],[98.339,14.2435],[98.3396,14.244],[98.3398,14.2436],[98.3405,14.2451],[98.3425,14.246],[98.3415,14.2484],[98.3433,14.2502],[98.3424,14.2525],[98.3424,14.2549],[98.3438,14.2579],[98.3458,14.2592],[98.346,14.2606],[98.3458,14.2642],[98.3452,14.2656]]}},{"type":"Feature","properties":{"Road_Type":"Tertiary"},"geometry":{"type":"LineString","coordinates":[[98.257,14.1771],[98.2588,14.1788],[98.259,14.1811],[98.2586,14.1817],[98.2582,14.1844],[98.2589,14.1884],[98.2579,14.1899],[98.2578,14.1921],[98.2573,14.1932],[98.2571,14.1981],[98.2552,14.2014],[98.2545,14.2017],[98.2512,14.2066],[98.2502,14.2132],[98.2504,14.2142],[98.25,14.2154],[98.2487,14.2163],[98.2491,14.2176],[98.2476,14.2189],[98.2475,14.2199],[98.2461,14.2212],[98.2448,14.2246],[98.2416,14.2303],[98.2399,14.232],[98.2383,14.2335],[98.2336,14.2343],[98.2257,14.2317],[98.2198,14.2288],[98.2164,14.2242],[98.2155,14.2246],[98.2151,14.2242],[98.2143,14.2224],[98.2133,14.2224],[98.2108,14.2212],[98.2091,14.2212]]}},{"type":"Feature","properties":{"Road_Type":"Tertiary"},"geometry":{"type":"LineString","coordinates":[[98.764,10.4093],[98.767,10.4072]]}},{"type":"Feature","properties":{"Road_Type":"Tertiary"},"geometry":{"type":"LineString","coordinates":[[98.7603,10.412],[98.7603,10.412]]}},{"type":"Feature","properties":{"Road_Type":"Tertiary"},"geometry":{"type":"MultiLineString","coordinates":[[[98.625,10.4842],[98.6266,10.4862],[98.6298,10.486],[98.6318,10.4871],[98.6358,10.4881],[98.6366,10.4908],[98.6379,10.4928],[98.6416,10.5123],[98.6443,10.5197],[98.6451,10.5205],[98.6497,10.5223],[98.6553,10.5297],[98.658,10.5296],[98.6594,10.5299],[98.6616,10.5316],[98.6622,10.5362],[98.6638,10.5375],[98.6645,10.539],[98.6683,10.5438],[98.6725,10.5518]],[[98.6725,10.5518],[98.673,10.5545],[98.673,10.564],[98.6764,10.5702]],[[98.6766,10.5704],[98.6773,10.5721],[98.677,10.5768],[98.6738,10.5923],[98.6745,10.5973],[98.6772,10.6009],[98.6777,10.6032],[98.6821,10.6056],[98.683,10.6067],[98.6828,10.6077],[98.6834,10.6085],[98.6826,10.6101],[98.6832,10.6113],[98.6827,10.6128],[98.6832,10.6148],[98.6825,10.6189],[98.6826,10.6214],[98.6846,10.6259],[98.6846,10.6308],[98.6851,10.635],[98.6872,10.6429],[98.6856,10.6454],[98.6863,10.6486],[98.6863,10.6499],[98.6857,10.6509],[98.6878,10.6547],[98.687,10.657],[98.6867,10.6668],[98.6873,10.6683]],[[98.6873,10.6683],[98.6876,10.6712],[98.6864,10.6745]],[[98.6863,10.675],[98.6833,10.6868],[98.6812,10.6875],[98.6802,10.6892],[98.6773,10.6912],[98.6767,10.6923],[98.6746,10.7094],[98.6736,10.7144],[98.6759,10.7229],[98.6797,10.7259],[98.6817,10.7292],[98.6853,10.73],[98.6869,10.7311],[98.6884,10.7372],[98.6896,10.7388],[98.6895,10.7405],[98.6908,10.7435],[98.6906,10.7471],[98.6887,10.7512],[98.688,10.7564],[98.6871,10.7577],[98.6865,10.7597],[98.6841,10.7626],[98.6828,10.7632],[98.6813,10.7654],[98.6811,10.7664],[98.68,10.7672],[98.6775,10.7789],[98.6809,10.7829],[98.6822,10.7832],[98.6826,10.784],[98.6819,10.7897],[98.6827,10.7927],[98.6785,10.7952],[98.6767,10.7972],[98.6751,10.7989],[98.6735,10.8029],[98.6678,10.8068],[98.666,10.8089],[98.6612,10.8122],[98.66,10.8135]]]}},{"type":"Feature","properties":{"Road_Type":"Tertiary"},"geometry":{"type":"LineString","coordinates":[[98.7603,10.412],[98.7589,10.4144],[98.7584,10.4185],[98.7568,10.4205]]}},{"type":"Feature","properties":{"Road_Type":"Tertiary"},"geometry":{"type":"LineString","coordinates":[[98.7637,10.4098],[98.7603,10.412]]}},{"type":"Feature","properties":{"Road_Type":"Tertiary"},"geometry":{"type":"LineString","coordinates":[[98.764,10.4093],[98.7637,10.4098]]}},{"type":"Feature","properties":{"Road_Type":"Tertiary"},"geometry":{"type":"LineString","coordinates":[[98.745,10.5401],[98.7463,10.5417],[98.7468,10.5462],[98.7456,10.5482],[98.7447,10.5514],[98.7425,10.5522],[98.7417,10.5533],[98.7401,10.5537],[98.7399,10.5561],[98.7417,10.5587],[98.741,10.5609],[98.7412,10.5625],[98.7401,10.5653],[98.7414,10.5675],[98.7418,10.5673],[98.744,10.5683],[98.7458,10.5714],[98.7465,10.5717],[98.7482,10.5764],[98.7511,10.58],[98.752,10.5805],[98.7544,10.5869],[98.7561,10.5887],[98.757,10.591],[98.7587,10.5926],[98.7596,10.5928],[98.7603,10.594],[98.7622,10.5948],[98.7623,10.5966],[98.7635,10.5979],[98.7652,10.5988],[98.7643,10.6008],[98.7611,10.6026],[98.76,10.6048],[98.7617,10.6064],[98.7626,10.609],[98.7637,10.6102],[98.764,10.613],[98.7653,10.6138],[98.7662,10.6185],[98.7658,10.619],[98.7675,10.6214],[98.7676,10.6241],[98.7688,10.6248],[98.7684,10.6256],[98.7696,10.6265],[98.771,10.6283],[98.7716,10.6325],[98.7704,10.6378],[98.7714,10.6388],[98.774,10.64],[98.7753,10.6421],[98.7784,10.645],[98.7809,10.6525],[98.7807,10.6561],[98.7816,10.6596],[98.7808,10.6651],[98.7802,10.6658],[98.7804,10.6703],[98.7794,10.6722],[98.7784,10.6786],[98.7802,10.6801],[98.7819,10.6838],[98.7843,10.687],[98.7851,10.6877],[98.786,10.6877],[98.7883,10.689],[98.7881,10.6911],[98.7886,10.6919],[98.7906,10.6926],[98.7918,10.6923],[98.7932,10.693],[98.7977,10.6989],[98.8009,10.6996],[98.8016,10.7002],[98.8022,10.7035],[98.8006,10.7053],[98.8007,10.7073],[98.8025,10.7085],[98.8049,10.7082],[98.8083,10.7094],[98.809,10.7102],[98.8096,10.7135]]}},{"type":"Feature","properties":{"Road_Type":"Tertiary"},"geometry":{"type":"LineString","coordinates":[[98.7414,10.5675],[98.7391,10.5687],[98.7388,10.5698],[98.7374,10.5696],[98.7331,10.5726],[98.7331,10.5722],[98.7319,10.5736],[98.7306,10.5764],[98.7268,10.5816],[98.7245,10.5875],[98.7245,10.5926],[98.7223,10.5982],[98.7182,10.601],[98.7156,10.601],[98.7153,10.6022],[98.7123,10.602],[98.7106,10.6006],[98.7092,10.6009],[98.7083,10.6016],[98.7083,10.6024],[98.7057,10.6024],[98.7043,10.6036],[98.7021,10.6029],[98.7013,10.6049],[98.6995,10.6055],[98.6991,10.6062],[98.6989,10.6092],[98.6979,10.6111],[98.6983,10.6127],[98.6976,10.6144],[98.6988,10.6157],[98.7,10.616],[98.6999,10.623],[98.6995,10.6256],[98.7012,10.6293],[98.7006,10.6322],[98.7014,10.6348],[98.7011,10.6399],[98.7016,10.6414],[98.7002,10.6471],[98.6977,10.6501],[98.6958,10.6547],[98.6973,10.6574],[98.6975,10.6593],[98.6964,10.6634],[98.6939,10.6641],[98.6899,10.6684],[98.6873,10.6683]]}},{"type":"Feature","properties":{"Road_Type":"Tertiary"},"geometry":{"type":"LineString","coordinates":[[98.7956,10.4912],[98.7941,10.4909],[98.7908,10.4924],[98.7906,10.4935],[98.7874,10.4956],[98.787,10.498],[98.7847,10.4987],[98.7839,10.5005],[98.7815,10.5011],[98.7809,10.502],[98.7798,10.5024],[98.7796,10.5031],[98.7761,10.5026],[98.7744,10.5015],[98.7727,10.5032],[98.7695,10.5039],[98.7687,10.5076],[98.768,10.5087],[98.7664,10.508],[98.7648,10.5085],[98.7634,10.5111],[98.7626,10.5146],[98.7596,10.5162],[98.7578,10.5203],[98.7562,10.5214],[98.7561,10.5236],[98.7541,10.5285],[98.7539,10.5313],[98.7557,10.5321],[98.7564,10.5331],[98.7499,10.5354],[98.7483,10.5375],[98.7469,10.538],[98.7454,10.54],[98.7413,10.54],[98.7358,10.5379],[98.7306,10.531],[98.726,10.5308],[98.7261,10.5324],[98.7252,10.5338],[98.7243,10.534],[98.7231,10.536],[98.7217,10.5358],[98.7207,10.5364],[98.7205,10.5358],[98.7188,10.5353],[98.7169,10.5381],[98.7156,10.5387],[98.7142,10.5407],[98.7127,10.5417],[98.7088,10.5411],[98.7067,10.54],[98.7047,10.5404],[98.7023,10.5435],[98.7003,10.544],[98.6935,10.553],[98.6895,10.5542],[98.6823,10.552],[98.6725,10.5518]]}},{"type":"Feature","properties":{"Road_Type":"Tertiary"},"geometry":{"type":"LineString","coordinates":[[98.4583,12.4799],[98.4576,12.4842],[98.4562,12.4874],[98.4562,12.493],[98.4556,12.496],[98.4554,12.5006],[98.4565,12.5037],[98.4566,12.5113],[98.4584,12.5118],[98.4614,12.5103],[98.4629,12.513],[98.4619,12.5184],[98.4618,12.5229],[98.4608,12.5263],[98.4607,12.53],[98.4617,12.5338],[98.4599,12.543],[98.4613,12.5451],[98.4614,12.5464],[98.4601,12.5557],[98.4619,12.5596],[98.462,12.5619],[98.4631,12.5649],[98.464,12.5657],[98.4662,12.5653],[98.4667,12.5658],[98.4661,12.5668],[98.466,12.5688],[98.4675,12.5702],[98.4673,12.5715],[98.4667,12.5719],[98.4671,12.5729],[98.4647,12.5742],[98.4636,12.5771],[98.4627,12.5776],[98.4625,12.5795],[98.4617,12.5796],[98.4611,12.5804],[98.4572,12.5805],[98.4555,12.58],[98.4518,12.5805],[98.4484,12.5845]]}},{"type":"Feature","properties":{"Road_Type":"Tertiary"},"geometry":{"type":"LineString","coordinates":[[98.4304,12.4824],[98.4287,12.4808],[98.4268,12.4807],[98.4258,12.479],[98.4253,12.4776],[98.4266,12.477],[98.4269,12.4762],[98.4245,12.4737],[98.4248,12.4711],[98.4237,12.4702],[98.4243,12.469],[98.4248,12.4609],[98.4256,12.4596],[98.4263,12.4569],[98.4256,12.4544],[98.426,12.4525],[98.4257,12.4497],[98.424,12.447],[98.422,12.4459],[98.4196,12.4415],[98.4172,12.4391],[98.4175,12.4352],[98.4162,12.4328],[98.4154,12.4297],[98.4145,12.4287],[98.4146,12.4263],[98.4099,12.4195],[98.4097,12.4157],[98.4113,12.4147],[98.4133,12.4102],[98.4131,12.4053],[98.4121,12.4039],[98.4121,12.3978],[98.4098,12.3967],[98.4085,12.3967],[98.3952,12.3992],[98.394,12.3932],[98.39,12.3913],[98.388,12.389],[98.3818,12.3901],[98.3798,12.3932],[98.3811,12.3973],[98.3798,12.3993],[98.3802,12.4002],[98.3815,12.4009],[98.381,12.4017],[98.382,12.4042],[98.3812,12.4058],[98.3781,12.409],[98.3773,12.4114],[98.3765,12.4116],[98.373,12.4097],[98.3707,12.4098],[98.3685,12.4104],[98.3682,12.4111],[98.3674,12.4111],[98.3669,12.4118],[98.3641,12.4118],[98.3633,12.4124],[98.3621,12.4106],[98.3616,12.4128],[98.3583,12.4122],[98.3582,12.4143],[98.3559,12.4146],[98.3543,12.4141],[98.3535,12.4184],[98.3514,12.418],[98.3513,12.4165],[98.3499,12.415],[98.3488,12.4161],[98.3479,12.4127],[98.3464,12.4126],[98.3466,12.4116],[98.3442,12.4113],[98.3452,12.4098],[98.3443,12.4084],[98.344,12.4061],[98.3434,12.4062],[98.3429,12.4049],[98.3416,12.4046],[98.3411,12.4054],[98.3401,12.405],[98.3397,12.4039],[98.3373,12.4027],[98.336,12.4033],[98.3347,12.4031],[98.3317,12.4038],[98.3301,12.4035],[98.3291,12.4025],[98.3279,12.403],[98.3263,12.4045],[98.3255,12.4079],[98.3256,12.4108],[98.3273,12.4183],[98.3262,12.4239],[98.3275,12.4259],[98.3286,12.4296],[98.3299,12.4309],[98.3302,12.4321],[98.3312,12.4332],[98.3317,12.4353],[98.3316,12.439],[98.3301,12.4433],[98.3307,12.4447],[98.3308,12.4479],[98.3332,12.451],[98.3335,12.4557],[98.3331,12.4579],[98.3337,12.4589],[98.3327,12.461],[98.3327,12.4614],[98.3337,12.4618],[98.3331,12.4635],[98.3357,12.4691],[98.3334,12.4702],[98.3317,12.4667],[98.33,12.4664],[98.3305,12.4687],[98.3294,12.4695],[98.3285,12.4694],[98.328,12.4709],[98.3267,12.4711],[98.3274,12.474],[98.3273,12.477],[98.3269,12.4776],[98.324,12.4766],[98.3228,12.4773],[98.322,12.4793],[98.3187,12.4786],[98.3175,12.4812],[98.3183,12.4831],[98.3176,12.4845],[98.317,12.4842],[98.3164,12.4846],[98.3148,12.4873],[98.3165,12.4885],[98.3167,12.4897],[98.3172,12.4897],[98.317,12.4907],[98.3183,12.4919],[98.3207,12.4974],[98.3222,12.498],[98.3251,12.4979],[98.3268,12.4987],[98.3283,12.4982],[98.3296,12.4983],[98.3305,12.4976],[98.3338,12.499],[98.3381,12.4999],[98.3403,12.5015],[98.3408,12.504],[98.3423,12.5058],[98.3422,12.5083],[98.3456,12.5165],[98.3456,12.5227],[98.3467,12.5269],[98.3468,12.5296],[98.3482,12.5315],[98.3497,12.5323],[98.3513,12.5352],[98.3507,12.5381],[98.3473,12.544],[98.3457,12.5458],[98.3446,12.5461],[98.3441,12.5503],[98.3449,12.5536],[98.3478,12.5556],[98.3514,12.557],[98.3515,12.5591],[98.3527,12.5585],[98.3528,12.5597],[98.3543,12.559],[98.3553,12.5604],[98.3567,12.56],[98.3569,12.562],[98.3593,12.5648],[98.3617,12.5635],[98.3635,12.5637],[98.3648,12.5652],[98.3663,12.57],[98.3682,12.5717],[98.3726,12.572],[98.3756,12.5735],[98.3773,12.5751]]}},{"type":"Feature","properties":{"Road_Type":"Tertiary"},"geometry":{"type":"LineString","coordinates":[[97.857,15.2555],[97.8535,15.2533],[97.8503,15.2521],[97.8465,15.2459],[97.8461,15.2445],[97.8462,15.2432],[97.8488,15.2403],[97.849,15.2373],[97.8516,15.2341],[97.8522,15.2321],[97.855,15.2314],[97.856,15.2316],[97.8578,15.2296],[97.8611,15.2288],[97.8688,15.2189],[97.8705,15.2182],[97.8726,15.2158],[97.8738,15.2155],[97.8805,15.2059],[97.8833,15.2051],[97.8899,15.2064]]}},{"type":"Feature","properties":{"Road_Type":"Tertiary"},"geometry":{"type":"LineString","coordinates":[[98.7128,10.4109],[98.7108,10.4108],[98.7085,10.4117],[98.7059,10.411],[98.7047,10.412],[98.7057,10.4129],[98.7055,10.4136],[98.7,10.4144],[98.6981,10.4153],[98.698,10.4145],[98.6971,10.4141],[98.6974,10.4135],[98.697,10.4112],[98.6962,10.4113],[98.6944,10.4129],[98.6939,10.4127],[98.6938,10.4117],[98.6919,10.4099],[98.6923,10.4095],[98.6919,10.4085],[98.6898,10.4083],[98.6902,10.4074],[98.6879,10.4063],[98.6873,10.405],[98.686,10.4053],[98.6861,10.4045],[98.6847,10.4048],[98.6839,10.4044],[98.6816,10.4056],[98.6802,10.4054],[98.6769,10.4064],[98.675,10.406],[98.6711,10.4075],[98.6667,10.4079],[98.6625,10.4106],[98.6581,10.4126],[98.6592,10.4157],[98.6602,10.4163],[98.6607,10.4177],[98.6594,10.4198],[98.6578,10.4255],[98.6588,10.4302],[98.6577,10.4311],[98.6566,10.4311],[98.6545,10.433],[98.6519,10.4337],[98.6513,10.4348],[98.6552,10.4348],[98.6544,10.4379],[98.653,10.4404],[98.6495,10.4437],[98.6477,10.4445],[98.6462,10.4465],[98.6466,10.4475],[98.6463,10.4486],[98.6436,10.4504],[98.6425,10.4524],[98.6405,10.4534],[98.6395,10.4589],[98.6397,10.461],[98.6379,10.4647],[98.6386,10.4664],[98.6337,10.47],[98.6298,10.4695]]}},{"type":"Feature","properties":{"Road_Type":"Tertiary"},"geometry":{"type":"LineString","coordinates":[[97.756,15.2126],[97.7608,15.214],[97.764,15.2157],[97.7679,15.2148],[97.7748,15.2145],[97.7762,15.2157],[97.7762,15.2167],[97.7769,15.2169],[97.7831,15.2165],[97.7852,15.2167],[97.7863,15.2173],[97.7885,15.2171]]}},{"type":"Feature","properties":{"Road_Type":"Tertiary"},"geometry":{"type":"LineString","coordinates":[[98.1156,15.0499],[98.1158,15.0529],[98.1151,15.0538],[98.1154,15.0557],[98.1183,15.0598],[98.1184,15.0608],[98.1199,15.0634],[98.1217,15.0678],[98.1249,15.07],[98.1284,15.075],[98.1264,15.0789],[98.1269,15.0853],[98.1274,15.0857],[98.1232,15.0907],[98.1215,15.0904],[98.119,15.0907],[98.1184,15.094],[98.1166,15.0964],[98.1076,15.0989],[98.1023,15.0977],[98.1009,15.1001],[98.0984,15.1013],[98.0982,15.1028],[98.0954,15.1078],[98.0958,15.1097],[98.095,15.1102],[98.0954,15.1123],[98.0965,15.1138],[98.096,15.1176],[98.0956,15.119],[98.0932,15.1212],[98.0965,15.1291],[98.0943,15.1302],[98.0931,15.132],[98.093,15.1347],[98.0905,15.1372],[98.088,15.1371],[98.0856,15.139],[98.0829,15.1442],[98.0829,15.1464],[98.0805,15.1477],[98.0793,15.15],[98.079,15.1519],[98.0766,15.1515],[98.0751,15.1505],[98.0722,15.1504],[98.0715,15.1491],[98.0685,15.1491],[98.0668,15.1476],[98.0658,15.1482],[98.0643,15.1479],[98.0639,15.1476],[98.0644,15.1466],[98.0608,15.1459],[98.0599,15.1434],[98.0587,15.1422],[98.0536,15.1398],[98.0513,15.1401],[98.0507,15.1387],[98.0485,15.1379],[98.0449,15.1406],[98.0417,15.1398],[98.0407,15.1418],[98.0381,15.1414],[98.0377,15.1434],[98.0346,15.1472],[98.0334,15.1497],[98.0319,15.1506],[98.0282,15.1514],[98.0261,15.1533],[98.0263,15.1538],[98.0239,15.1577],[98.0222,15.1585],[98.022,15.1592],[98.0211,15.1594],[98.0208,15.1602],[98.0181,15.1583],[98.0181,15.1576],[98.0166,15.1569],[98.0156,15.1573],[98.0148,15.1583],[98.0148,15.1604],[98.0165,15.1611],[98.0178,15.1622],[98.0159,15.162],[98.0167,15.1644],[98.0142,15.1647],[98.0125,15.1642],[98.0114,15.1647],[98.0102,15.1669],[98.0102,15.1684],[98.0076,15.1711],[98.0061,15.1745],[98.0053,15.1772],[98.0061,15.1792],[98.0027,15.1808],[98.003,15.1835],[98.0049,15.1857],[98.0068,15.1887],[98.0059,15.1891],[98.0036,15.1929],[98.0011,15.1938],[98.0009,15.1966],[97.9995,15.1975],[97.9983,15.2055],[97.9974,15.206],[97.9964,15.2081]]}},{"type":"Feature","properties":{"Road_Type":"Tertiary"},"geometry":{"type":"LineString","coordinates":[[98.7483,10.4427],[98.7497,10.4418],[98.7524,10.4422],[98.7552,10.4411],[98.7589,10.4379],[98.7612,10.4375],[98.7631,10.4364],[98.7638,10.4365],[98.7648,10.438],[98.7692,10.4382]]}},{"type":"Feature","properties":{"Road_Type":"Tertiary"},"geometry":{"type":"LineString","coordinates":[[98.6386,10.4664],[98.6414,10.469],[98.6434,10.4682],[98.6446,10.4694],[98.6486,10.4681],[98.65,10.4685],[98.653,10.4709],[98.6553,10.4709],[98.6569,10.4703],[98.659,10.4704],[98.6599,10.4743],[98.6593,10.4765],[98.6605,10.478],[98.6616,10.4775],[98.6647,10.4784],[98.666,10.4797],[98.6686,10.4745],[98.6696,10.4739],[98.6709,10.4739],[98.6724,10.4744],[98.6743,10.4764],[98.6751,10.4773],[98.6755,10.4789],[98.6773,10.4801],[98.6793,10.4801],[98.6809,10.4809],[98.6835,10.4776],[98.6876,10.474],[98.6898,10.4734],[98.6902,10.4739],[98.6901,10.4753],[98.691,10.4764],[98.6921,10.4799],[98.6967,10.4814],[98.7005,10.4859],[98.7006,10.4873],[98.7019,10.4874],[98.7026,10.4867],[98.7043,10.4888],[98.7079,10.4946],[98.7102,10.5043],[98.7168,10.5074],[98.7194,10.5096],[98.7188,10.5117],[98.7193,10.5125],[98.7221,10.5133],[98.7229,10.5171],[98.7238,10.5183],[98.7259,10.5191],[98.7268,10.5213],[98.7271,10.5248],[98.7282,10.5253],[98.729,10.5266],[98.7291,10.528],[98.7276,10.5307]]}},{"type":"Feature","properties":{"Road_Type":"Tertiary"},"geometry":{"type":"LineString","coordinates":[[98.6124,10.4129],[98.616,10.4121],[98.6202,10.4132],[98.6208,10.4204],[98.6241,10.4243],[98.6262,10.4259],[98.6286,10.4255],[98.631,10.4267],[98.6321,10.4294],[98.6307,10.433],[98.6311,10.435],[98.632,10.4354],[98.6337,10.4354],[98.6364,10.4381],[98.6404,10.4381],[98.6449,10.4361],[98.6513,10.4348]]}},{"type":"Feature","properties":{"Road_Type":"Tertiary"},"geometry":{"type":"LineString","coordinates":[[98.6426,10.3338],[98.6443,10.3323],[98.6444,10.3277],[98.6459,10.3254],[98.6479,10.3235],[98.6491,10.3232],[98.6495,10.322],[98.6508,10.3218],[98.6517,10.3227],[98.6559,10.3205],[98.657,10.3206],[98.6572,10.3213],[98.6583,10.3217],[98.6591,10.3228],[98.66,10.3229],[98.6613,10.3202],[98.6616,10.3214],[98.6656,10.323],[98.6669,10.3243],[98.6679,10.3272],[98.6691,10.3288],[98.6719,10.3297],[98.6734,10.3295],[98.6736,10.3314],[98.6732,10.332],[98.6744,10.3328],[98.6772,10.3319],[98.6788,10.3301],[98.6795,10.33],[98.6796,10.3289],[98.6807,10.3279],[98.6847,10.3271],[98.6854,10.3276],[98.6873,10.333],[98.689,10.3338],[98.6947,10.339],[98.6962,10.3413],[98.7052,10.3505],[98.7061,10.3524],[98.7054,10.354],[98.7055,10.357],[98.708,10.3614],[98.707,10.3646],[98.7073,10.3675],[98.709,10.3702],[98.711,10.3708],[98.7129,10.3744],[98.7127,10.3751],[98.7105,10.3764],[98.71,10.3788],[98.7107,10.3799],[98.7124,10.3811],[98.7121,10.3832],[98.7116,10.3845],[98.7082,10.3887],[98.7081,10.3896]]}},{"type":"Feature","properties":{"Road_Type":"Tertiary"},"geometry":{"type":"LineString","coordinates":[[97.8471,15.247],[97.8457,15.248],[97.8413,15.2471],[97.8397,15.2464],[97.838,15.2438],[97.8343,15.2438],[97.8308,15.2427],[97.8167,15.246],[97.8165,15.245],[97.8128,15.2418],[97.7992,15.2352],[97.79,15.2289],[97.7898,15.225],[97.7888,15.2218],[97.789,15.2189],[97.7877,15.2132],[97.7867,15.2007],[97.7872,15.1989],[97.7863,15.1946],[97.7774,15.1975],[97.7758,15.1989],[97.773,15.1999],[97.772,15.1998],[97.7717,15.2007],[97.7675,15.1993],[97.7654,15.1999],[97.7634,15.2012],[97.7605,15.2048],[97.7602,15.206],[97.7578,15.2086],[97.7563,15.2116],[97.7556,15.2146],[97.7552,15.2145],[97.7537,15.2215],[97.7564,15.2219],[97.7573,15.23],[97.7593,15.2336],[97.7591,15.2358],[97.7577,15.2392],[97.7564,15.2411]]}},{"type":"Feature","properties":{"Road_Type":"Tertiary"},"geometry":{"type":"LineString","coordinates":[[97.8172,15.2461],[97.8166,15.2493],[97.8149,15.2504],[97.8103,15.2514],[97.803,15.2555],[97.7941,15.2594],[97.7885,15.2608],[97.7865,15.2607],[97.7831,15.2595],[97.7821,15.2616],[97.7816,15.265],[97.7831,15.2721],[97.7826,15.2749],[97.7812,15.2786],[97.7781,15.293],[97.7765,15.298],[97.7768,15.3017],[97.7745,15.31],[97.774,15.3144],[97.7723,15.3179],[97.7705,15.3265],[97.7686,15.3287],[97.7664,15.3344],[97.7648,15.3403],[97.7588,15.3452],[97.7551,15.3457],[97.7512,15.3456]]}},{"type":"Feature","properties":{"Road_Type":"Tertiary"},"geometry":{"type":"LineString","coordinates":[[97.7945,15.2319],[97.7927,15.2378],[97.7936,15.2406],[97.7924,15.2425],[97.792,15.246],[97.7908,15.2482],[97.7889,15.2475],[97.787,15.2498],[97.7838,15.2521],[97.7825,15.2566],[97.7831,15.2595]]}},{"type":"Feature","properties":{"Road_Type":"Tertiary"},"geometry":{"type":"LineString","coordinates":[[98.0447,15.2484],[98.0465,15.2448],[98.0477,15.2446],[98.049,15.2424],[98.0511,15.2416],[98.0514,15.2385],[98.0525,15.2373],[98.0534,15.2372],[98.0544,15.2361],[98.0574,15.2311],[98.0588,15.2303],[98.0595,15.2308],[98.0607,15.2303],[98.0616,15.2293],[98.063,15.2296],[98.0639,15.229],[98.0626,15.2272],[98.0634,15.2244],[98.0615,15.2223],[98.0622,15.221],[98.0612,15.2189],[98.0613,15.2176],[98.0628,15.2168],[98.0629,15.2156],[98.0648,15.215],[98.0657,15.2134],[98.0662,15.2093],[98.0658,15.2054],[98.065,15.2028],[98.0659,15.1988],[98.0646,15.1932],[98.0653,15.1887],[98.0657,15.1877],[98.0684,15.1867],[98.0725,15.1823],[98.0725,15.1806],[98.0739,15.1764],[98.0737,15.1711],[98.0755,15.1677],[98.0771,15.1664],[98.0774,15.1651],[98.0762,15.1629],[98.0759,15.1593],[98.079,15.1519]]}},{"type":"Feature","properties":{"Road_Type":"Tertiary"},"geometry":{"type":"LineString","coordinates":[[98.0572,14.6348],[98.0593,14.637],[98.061,14.6413],[98.0611,14.6454],[98.063,14.6479],[98.0626,14.6521],[98.0633,14.6528],[98.0638,14.6541],[98.0641,14.6563],[98.0629,14.6613],[98.0619,14.6627],[98.0594,14.663],[98.0574,14.6655],[98.0558,14.6654],[98.057,14.669],[98.0573,14.6723],[98.0547,14.6763],[98.0548,14.6783],[98.0539,14.6802],[98.0493,14.6872],[98.0495,14.6876],[98.0471,14.6904],[98.0438,14.6912],[98.0367,14.694],[98.0313,14.6948],[98.029,14.6958],[98.0282,14.6967],[98.0269,14.6965],[98.0248,14.6975],[98.0177,14.6988],[98.0151,14.7006],[98.0118,14.7046],[98.0082,14.7053],[98.0083,14.7091],[98.0067,14.7137],[98.0075,14.7144],[98.008,14.7168],[98.005,14.7275],[98.0057,14.7305],[98.0054,14.7376],[98.0018,14.7514],[97.9985,14.7558],[97.9943,14.7717],[97.9877,14.7784],[97.9877,14.7794],[97.9863,14.7793],[97.9846,14.7805],[97.9819,14.7839],[97.9818,14.7925],[97.983,14.7945],[97.982,14.7984],[97.9824,14.8],[97.9821,14.8066],[97.9851,14.8185],[97.9828,14.8256],[97.9815,14.8279],[97.9802,14.8345],[97.9776,14.841],[97.9784,14.8418],[97.9781,14.8424],[97.9786,14.8449],[97.9784,14.8463],[97.9756,14.8513],[97.9743,14.8514],[97.9721,14.8505],[97.9681,14.8583],[97.9579,14.8633],[97.9542,14.869],[97.9507,14.873],[97.9495,14.8753],[97.9497,14.8801],[97.9479,14.8906],[97.947,14.891],[97.9477,14.8925],[97.9477,14.8965],[97.9408,14.9132],[97.941,14.9174],[97.9397,14.9197],[97.9401,14.9221],[97.9391,14.9228],[97.9388,14.9242],[97.9405,14.9244],[97.9405,14.9254],[97.9359,14.9337],[97.9345,14.9416],[97.9354,14.9452],[97.9353,14.9513],[97.9332,14.958],[97.9272,14.9716],[97.9289,14.974],[97.9286,14.9742],[97.9292,14.9759],[97.9304,14.9754],[97.9313,14.9758],[97.9322,14.9781],[97.9315,14.9788],[97.9322,14.9807],[97.932,14.982],[97.9326,14.9826],[97.9325,14.985],[97.9323,14.9862],[97.9305,14.9891],[97.9301,14.9927],[97.9306,14.9963],[97.929,15.0002],[97.9301,15.0028],[97.931,15.0029],[97.9304,15.0043],[97.9315,15.009],[97.9345,15.0146],[97.9349,15.0175],[97.9339,15.0202],[97.9278,15.0225],[97.9266,15.0237],[97.9225,15.0341],[97.9225,15.0351],[97.9238,15.0363],[97.9242,15.0377],[97.9236,15.0391],[97.9236,15.0424],[97.9222,15.0467],[97.9223,15.0507],[97.9239,15.0532],[97.9236,15.0546],[97.9239,15.0584],[97.9252,15.0611],[97.9257,15.0643],[97.9253,15.0667],[97.9247,15.0673],[97.9248,15.0691],[97.9266,15.0707],[97.9273,15.0727],[97.9269,15.0734],[97.9274,15.0754],[97.9258,15.0766],[97.9271,15.0771],[97.9264,15.0784],[97.9273,15.0798]]}},{"type":"Feature","properties":{"Road_Type":"Tertiary"},"geometry":{"type":"LineString","coordinates":[[98.7081,10.3896],[98.7078,10.3924],[98.7098,10.399],[98.7112,10.4001],[98.7108,10.4043],[98.7123,10.4076],[98.7128,10.4109],[98.7135,10.4122],[98.7157,10.4119],[98.7165,10.4133],[98.7169,10.4129],[98.7177,10.4134],[98.7175,10.4166],[98.7206,10.4182],[98.7221,10.4196],[98.7227,10.4218],[98.7237,10.423],[98.7242,10.4258],[98.724,10.4273],[98.7236,10.4276],[98.725,10.4291],[98.7207,10.4339]]}},{"type":"Feature","properties":{"Road_Type":"Tertiary"},"geometry":{"type":"MultiLineString","coordinates":[[[98.7305,13.1813],[98.731,13.1833]],[[98.731,13.1833],[98.7303,13.1844],[98.7319,13.1893],[98.7301,13.1947],[98.731,13.1965],[98.7318,13.1957],[98.7358,13.1963],[98.7385,13.1959],[98.7402,13.196],[98.7416,13.1974],[98.7424,13.1971],[98.7427,13.1976],[98.7433,13.1973],[98.7469,13.1979],[98.75,13.1974],[98.7509,13.1992],[98.7527,13.1992],[98.7541,13.2005],[98.7575,13.2009],[98.7601,13.2021],[98.7588,13.2036],[98.7578,13.2036],[98.7576,13.204],[98.7581,13.2043],[98.756,13.2072],[98.7558,13.2098],[98.7569,13.2109],[98.7576,13.2108],[98.7582,13.2118],[98.7582,13.2108],[98.7614,13.2103],[98.762,13.2096],[98.7643,13.2097],[98.7651,13.2105],[98.7657,13.2104],[98.7656,13.209],[98.7664,13.2086],[98.767,13.2086],[98.7694,13.2106],[98.7702,13.2086],[98.772,13.2082],[98.7778,13.2094],[98.7791,13.2159],[98.7813,13.2144],[98.7855,13.2152],[98.7862,13.218],[98.7856,13.2193],[98.7866,13.2191],[98.787,13.2194],[98.7871,13.2191],[98.7888,13.2189],[98.7894,13.2204],[98.7907,13.2209],[98.7916,13.2232],[98.7928,13.2234],[98.7942,13.2225],[98.7952,13.2232],[98.7957,13.2244],[98.797,13.2238],[98.7979,13.2245],[98.7973,13.2277]],[[98.6372,13.1941],[98.6379,13.194],[98.6386,13.1925],[98.6402,13.1921],[98.6418,13.1906],[98.6438,13.1903],[98.6479,13.1926],[98.6511,13.1932],[98.6536,13.1912],[98.6548,13.1922],[98.6553,13.1936],[98.6563,13.1941],[98.661,13.195],[98.6633,13.1944],[98.6642,13.1952],[98.6658,13.1949],[98.6668,13.1956],[98.6694,13.1957],[98.6722,13.1937],[98.6743,13.1934],[98.6799,13.189],[98.6809,13.1877],[98.6846,13.1868],[98.6878,13.1849],[98.6909,13.1849],[98.6905,13.1822],[98.6937,13.1802],[98.6947,13.1803],[98.6983,13.1786],[98.7006,13.1754],[98.7028,13.1734],[98.7094,13.172],[98.7169,13.1739],[98.7179,13.1737],[98.7192,13.1742],[98.7195,13.1749],[98.7204,13.1746],[98.7232,13.1757],[98.7252,13.1756],[98.729,13.1765],[98.7316,13.1784],[98.7319,13.1797],[98.7311,13.181],[98.731,13.1833]],[[98.797,13.2274],[98.7973,13.2277]],[[98.7973,13.2277],[98.7976,13.2293],[98.7989,13.2301],[98.7991,13.2353],[98.8009,13.2379],[98.8028,13.2369],[98.8039,13.2356],[98.8038,13.2343],[98.8051,13.2344],[98.8062,13.2336],[98.8074,13.2342],[98.8095,13.2321],[98.8124,13.2327],[98.813,13.2336],[98.8143,13.2337],[98.8149,13.2348],[98.8154,13.2349],[98.816,13.2339],[98.8177,13.2333],[98.8198,13.2333],[98.8232,13.2319],[98.8262,13.2322],[98.8272,13.2317],[98.8302,13.2336],[98.8298,13.2343],[98.8324,13.2365],[98.8366,13.2388],[98.8378,13.2404],[98.8399,13.2409],[98.8427,13.2453],[98.8423,13.2455],[98.8424,13.2461],[98.8436,13.2461],[98.8431,13.247],[98.8423,13.2472],[98.8434,13.248],[98.8432,13.2493],[98.8444,13.2498],[98.8437,13.2506],[98.844,13.2509],[98.8439,13.2525],[98.845,13.2524],[98.8452,13.2518],[98.8466,13.2515],[98.8476,13.2499],[98.8472,13.2516],[98.8476,13.2517],[98.8499,13.251],[98.8499,13.2516],[98.8505,13.2516],[98.8538,13.2505],[98.8564,13.2515],[98.8567,13.2508],[98.8577,13.2505],[98.8585,13.2515],[98.8588,13.2531],[98.8604,13.2546],[98.86,13.2553],[98.8603,13.2558],[98.8608,13.2552],[98.8618,13.2552],[98.8623,13.2548],[98.8644,13.2553],[98.8669,13.2544],[98.8698,13.2548],[98.8708,13.2559],[98.8729,13.2566],[98.8735,13.2575],[98.8734,13.2588],[98.8748,13.2606],[98.8753,13.2625],[98.881,13.2656],[98.8826,13.2656],[98.8842,13.2687],[98.8871,13.27],[98.8929,13.269],[98.8944,13.268],[98.8941,13.2658],[98.8956,13.2668],[98.8963,13.2657],[98.8974,13.2659],[98.8978,13.2653],[98.8986,13.2655],[98.8997,13.2667],[98.9024,13.2666],[98.9027,13.2671],[98.904,13.2668],[98.9061,13.2672],[98.9067,13.2681],[98.9083,13.2673],[98.9098,13.2657],[98.9116,13.2672],[98.9117,13.2666],[98.9126,13.2663],[98.9129,13.2653],[98.9123,13.2643],[98.9138,13.2626],[98.9129,13.2618],[98.9134,13.2611],[98.9131,13.2601],[98.9127,13.2602],[98.9135,13.2594],[98.9144,13.2602],[98.9147,13.2599],[98.9158,13.2566],[98.9182,13.2553],[98.9185,13.2566],[98.9191,13.2569],[98.9197,13.2586],[98.9207,13.2597],[98.9212,13.2587],[98.9206,13.257],[98.9231,13.2573],[98.9241,13.2559],[98.9241,13.2544],[98.9245,13.2551],[98.9254,13.2551],[98.9267,13.2541],[98.9267,13.2534],[98.9281,13.2529],[98.9288,13.2522],[98.9295,13.253],[98.9302,13.2516],[98.9314,13.2515],[98.9328,13.2483],[98.9326,13.2466],[98.9331,13.246],[98.9352,13.2468],[98.9391,13.2472],[98.9396,13.2481],[98.9418,13.2489],[98.9438,13.2482],[98.9451,13.2489],[98.9472,13.2493],[98.9488,13.2507],[98.9526,13.2511],[98.9536,13.2521],[98.9544,13.2567],[98.9567,13.2612],[98.9592,13.2628],[98.9627,13.2636],[98.9642,13.2633],[98.9662,13.2641],[98.9686,13.2685],[98.9703,13.2697],[98.9716,13.2739],[98.9705,13.2782],[98.971,13.2801],[98.9702,13.2815],[98.9703,13.2825],[98.9694,13.2834],[98.9677,13.2827],[98.967,13.283],[98.967,13.2864],[98.9661,13.2878],[98.9657,13.2906],[98.9662,13.2935],[98.9641,13.2989],[98.9626,13.3001],[98.9597,13.3001],[98.9586,13.2993],[98.9575,13.3],[98.9563,13.3001],[98.9552,13.3026],[98.9533,13.3034],[98.953,13.3059],[98.9521,13.3073],[98.9527,13.3088],[98.9542,13.3106],[98.9569,13.311],[98.9565,13.3122],[98.9546,13.314],[98.9506,13.3159],[98.9509,13.3173],[98.9494,13.3189],[98.9496,13.3201],[98.948,13.3217],[98.9489,13.3223],[98.9494,13.3237],[98.9494,13.3254],[98.9503,13.326],[98.9504,13.3274],[98.9508,13.3271],[98.9518,13.3281],[98.9551,13.3284],[98.9577,13.3275],[98.9591,13.3263],[98.9624,13.3254],[98.9642,13.3268],[98.9654,13.3286],[98.9667,13.3296],[98.9685,13.3299],[98.9707,13.3314],[98.973,13.3339],[98.9766,13.3366],[98.9779,13.3374],[98.979,13.3373],[98.9809,13.3385],[98.983,13.3389],[98.9854,13.3379],[98.9876,13.3385],[98.9916,13.3362],[98.9927,13.3363],[98.9958,13.3351],[98.9976,13.3329],[98.9995,13.3331],[99.0011,13.3319]]]}},{"type":"Feature","properties":{"Road_Type":"Tertiary"},"geometry":{"type":"MultiLineString","coordinates":[[[98.124,13.9782],[98.1203,13.9779],[98.1203,13.9765],[98.1199,13.9765],[98.1173,13.9775],[98.1114,13.9773],[98.1079,13.9786]],[[98.1078,13.9787],[98.1068,13.9792],[98.106,13.9819],[98.1039,13.9844],[98.1004,13.9854],[98.098,13.9874],[98.0969,13.9871],[98.0973,13.9877],[98.0969,13.9881],[98.0962,13.9873],[98.0951,13.9872],[98.0937,13.9878],[98.0935,13.9886],[98.0913,13.9889],[98.0871,13.9914],[98.0864,13.9907],[98.0856,13.9907],[98.0839,13.9927],[98.0829,13.9926],[98.0817,13.9933],[98.0804,13.9947],[98.0794,13.9992],[98.0778,14.0008],[98.0771,14.0031],[98.0745,14.0045],[98.0738,14.0057],[98.0727,14.0065],[98.072,14.0061],[98.0696,14.0074],[98.0696,14.008],[98.0704,14.0106],[98.0701,14.0117],[98.0734,14.0118],[98.0744,14.0138],[98.0763,14.0147],[98.076,14.0152],[98.077,14.0163],[98.0775,14.0191],[98.0771,14.0207],[98.0782,14.0225],[98.0776,14.0245],[98.0762,14.0253],[98.0753,14.0276],[98.0742,14.0283],[98.0723,14.031],[98.0721,14.0322],[98.0707,14.0345],[98.0703,14.0369],[98.0709,14.0398],[98.075,14.0444],[98.0761,14.0472],[98.0772,14.0526],[98.077,14.0561],[98.0774,14.0567],[98.0784,14.0569],[98.0796,14.0579],[98.0807,14.0577],[98.0804,14.0621],[98.0823,14.0628],[98.0823,14.0648],[98.0834,14.0654],[98.0849,14.0712],[98.0885,14.0726],[98.0912,14.0777],[98.0923,14.0778],[98.0947,14.0766],[98.0943,14.0725],[98.0947,14.0719],[98.0963,14.0724],[98.098,14.0718],[98.0996,14.072],[98.0995,14.0742],[98.1012,14.0744],[98.1022,14.0755],[98.1027,14.0801],[98.1033,14.0817],[98.1023,14.0847],[98.1024,14.0863],[98.1039,14.0881],[98.1025,14.0928],[98.1025,14.0941],[98.101,14.0955],[98.1009,14.0962],[98.1016,14.0988],[98.103,14.1002],[98.1052,14.1045],[98.1034,14.106],[98.103,14.1069],[98.1028,14.1159],[98.1034,14.117],[98.1036,14.12],[98.1058,14.1233],[98.1073,14.1241],[98.1075,14.1255],[98.1042,14.1299],[98.1035,14.1377],[98.1038,14.1397],[98.1057,14.1442],[98.1078,14.1444],[98.1078,14.145],[98.1078,14.1482],[98.1065,14.1513],[98.1054,14.1569],[98.1033,14.1817],[98.1042,14.1834],[98.1043,14.1853],[98.1056,14.1882],[98.1038,14.196],[98.1058,14.2055],[98.1057,14.2087],[98.1065,14.2118],[98.1059,14.2156],[98.1038,14.2177]],[[98.1037,14.2178],[98.1007,14.2243],[98.0991,14.2251],[98.0981,14.2306],[98.099,14.2328],[98.0989,14.235],[98.0962,14.2373],[98.0956,14.2406],[98.0956,14.2434],[98.0945,14.2476],[98.0925,14.2498],[98.0921,14.2517],[98.0873,14.2558],[98.0882,14.2601],[98.0865,14.261],[98.0873,14.2633],[98.0871,14.2659],[98.081,14.2677],[98.0764,14.2685],[98.0671,14.2741],[98.063,14.2757],[98.0618,14.2788],[98.0569,14.2806],[98.0559,14.2824],[98.0556,14.2855],[98.057,14.2882],[98.0567,14.2898],[98.0577,14.2915],[98.0549,14.2946],[98.0516,14.2969],[98.0473,14.2975],[98.0443,14.2989],[98.0412,14.3028],[98.039,14.3047],[98.0378,14.3104],[98.038,14.3112],[98.0372,14.3121],[98.0352,14.3128],[98.0342,14.315],[98.0338,14.3206],[98.033,14.323],[98.0319,14.324],[98.0293,14.3249],[98.0274,14.3265],[98.0229,14.3275],[98.0174,14.33],[98.0153,14.3322],[98.0148,14.3333],[98.0149,14.3346],[98.0134,14.3384],[98.0139,14.34],[98.0133,14.3407],[98.0124,14.3449],[98.0087,14.3504],[98.0062,14.3528],[98.0031,14.3542],[98.0011,14.3543],[98.0004,14.3561],[98.0009,14.3573],[98.0008,14.3583],[98.0002,14.359],[97.9984,14.3597],[97.9966,14.3595],[97.9939,14.3639],[97.9878,14.3655],[97.9868,14.3663],[97.9856,14.3663],[97.983,14.3688],[97.9814,14.3736],[97.9795,14.3764],[97.9771,14.3817],[97.9778,14.3865],[97.9784,14.3879],[97.98,14.3891],[97.9804,14.3967],[97.9774,14.3989],[97.9736,14.4056],[97.9727,14.4066],[97.9722,14.4106],[97.9704,14.4153],[97.9702,14.417],[97.9706,14.4176],[97.9703,14.4185],[97.9695,14.4189],[97.97,14.4205],[97.9693,14.4251],[97.9707,14.4305],[97.9723,14.4318],[97.9731,14.4337],[97.9741,14.4392],[97.9784,14.4411],[97.9842,14.447]]]}},{"type":"Feature","properties":{"Road_Type":"Tertiary"},"geometry":{"type":"LineString","coordinates":[[98.2042,14.2959],[98.2,14.2936],[98.196,14.2894],[98.1938,14.2899],[98.1932,14.2914],[98.1909,14.2925],[98.1883,14.2921],[98.188,14.291],[98.1866,14.2909],[98.1852,14.2898],[98.1844,14.2897],[98.1835,14.2905],[98.181,14.2903],[98.1792,14.289],[98.1764,14.2882],[98.1736,14.2886],[98.1719,14.2881],[98.1692,14.2891],[98.167,14.2905],[98.1602,14.298],[98.1578,14.2991],[98.1175,14.2993],[98.1099,14.2986],[98.1012,14.2947],[98.0685,14.2733]]}},{"type":"Feature","properties":{"Road_Type":"Tertiary"},"geometry":{"type":"LineString","coordinates":[[98.1728,14.0951],[98.172,14.0956],[98.1724,14.0992],[98.1724,14.1026],[98.1719,14.1041],[98.1675,14.1086],[98.1637,14.1108],[98.1604,14.1113],[98.1566,14.1152],[98.1505,14.1169],[98.1433,14.1209],[98.1363,14.1216],[98.1322,14.1234],[98.1311,14.1248],[98.1256,14.128],[98.1241,14.1286],[98.1215,14.1285],[98.1202,14.131],[98.1184,14.1331],[98.1186,14.1346],[98.118,14.1351],[98.1175,14.1349],[98.117,14.1357],[98.1171,14.1361],[98.1179,14.136],[98.118,14.1367],[98.1158,14.1374],[98.115,14.1384],[98.1149,14.1397],[98.1128,14.1433],[98.113,14.144],[98.1124,14.1437],[98.1128,14.1427],[98.1123,14.1424],[98.1078,14.1444]]}},{"type":"Feature","properties":{"Road_Type":"Tertiary"},"geometry":{"type":"LineString","coordinates":[[97.9845,14.4472],[97.9865,14.4498],[97.9869,14.4525],[97.9936,14.4615],[98.003,14.4685],[98.0044,14.4706],[98.0056,14.4739],[98.0056,14.4806],[98.0065,14.4864],[98.0056,14.4886],[97.9989,14.4996],[97.9986,14.5012],[97.9991,14.5068],[97.9937,14.5067],[97.994,14.5084],[97.9924,14.5086],[97.9915,14.511]]}},{"type":"Feature","properties":{"Road_Type":"Tertiary"},"geometry":{"type":"LineString","coordinates":[[99.0622,11.9468],[99.0619,11.948],[99.0629,11.9494],[99.0631,11.9506],[99.0674,11.9575],[99.0655,11.9605],[99.0655,11.9632],[99.0667,11.966],[99.066,11.9671],[99.0684,11.9701],[99.0681,11.972],[99.0726,11.9807],[99.0724,11.9812],[99.0694,11.9818],[99.0681,11.9836],[99.0677,11.9855],[99.0687,11.9892],[99.0681,11.9909],[99.0666,11.9919],[99.0661,11.9947],[99.0682,11.9985],[99.0713,12.001],[99.0721,12.0004]]}},{"type":"Feature","properties":{"Road_Type":"Tertiary"},"geometry":{"type":"LineString","coordinates":[[99.082,12.0826],[99.0846,12.0835],[99.0878,12.0826],[99.0913,12.0836],[99.0934,12.0831],[99.0975,12.083],[99.1001,12.0845],[99.103,12.0922],[99.1051,12.0939],[99.1085,12.0951],[99.1146,12.0947],[99.1148,12.0965],[99.1166,12.0986],[99.1186,12.0979],[99.122,12.0988],[99.1236,12.1006],[99.1329,12.1076],[99.1367,12.1072],[99.1383,12.1076],[99.1428,12.1062]]}},{"type":"Feature","properties":{"Road_Type":"Tertiary"},"geometry":{"type":"LineString","coordinates":[[98.8802,12.4981],[98.8866,12.496],[98.8883,12.4969],[98.8902,12.4965],[98.8906,12.4956],[98.892,12.4948],[98.8925,12.4974],[98.8949,12.498],[98.8971,12.4978],[98.8982,12.4969],[98.8996,12.4935],[98.9011,12.4919],[98.9015,12.4901],[98.9036,12.4885],[98.9041,12.4891],[98.9057,12.4898],[98.9084,12.4897],[98.9096,12.4908],[98.9113,12.4904],[98.9118,12.4907],[98.9126,12.4933],[98.913,12.4932],[98.9135,12.4912],[98.9143,12.4908],[98.9162,12.4908],[98.9178,12.4921],[98.9188,12.4923],[98.9193,12.4915],[98.9213,12.4906],[98.9216,12.4895],[98.9235,12.4898],[98.9255,12.4883],[98.9269,12.4891],[98.9344,12.4897],[98.9365,12.4887],[98.9374,12.4891],[98.9399,12.489],[98.9414,12.4902],[98.9412,12.4922],[98.9404,12.4939],[98.9414,12.4954],[98.9435,12.4956],[98.9464,12.4987],[98.95,12.4997],[98.9524,12.5015],[98.9546,12.5023],[98.9578,12.502],[98.9607,12.5025],[98.9639,12.505],[98.9661,12.5077],[98.9702,12.5086]]}},{"type":"Feature","properties":{"Road_Type":"Tertiary"},"geometry":{"type":"LineString","coordinates":[[99.1408,12.292],[99.1438,12.2915],[99.1437,12.2903],[99.1452,12.2887],[99.145,12.2869],[99.1428,12.2856],[99.1435,12.2823],[99.1414,12.2806],[99.1408,12.279],[99.1391,12.2774],[99.1353,12.2673],[99.1356,12.2637],[99.1319,12.2601],[99.1322,12.2582],[99.131,12.2585],[99.1277,12.2579],[99.1268,12.256],[99.1258,12.2555],[99.1258,12.2507],[99.1274,12.2488],[99.1264,12.2468],[99.1248,12.246],[99.1232,12.241],[99.1233,12.2397],[99.1221,12.2372],[99.1212,12.2367],[99.1186,12.2366],[99.1159,12.2351],[99.1169,12.2359],[99.1159,12.2368],[99.1144,12.2372],[99.1134,12.2365],[99.1125,12.2366],[99.1118,12.2355],[99.111,12.2351],[99.1097,12.2326],[99.1075,12.2319],[99.1072,12.231],[99.1062,12.232],[99.1047,12.2322],[99.1029,12.2314],[99.1019,12.2327],[99.1005,12.2325],[99.1004,12.2335],[99.0995,12.2329],[99.0979,12.2336],[99.0965,12.2329],[99.0956,12.2302],[99.0944,12.229],[99.0946,12.2279],[99.0928,12.2244],[99.0928,12.2227],[99.0914,12.2214],[99.0899,12.2181],[99.0882,12.2169],[99.0832,12.2152]]}},{"type":"Feature","properties":{"Road_Type":"Tertiary"},"geometry":{"type":"MultiLineString","coordinates":[[[99.0592,12.1014],[99.0572,12.1029],[99.0529,12.1048],[99.054,12.1061],[99.0582,12.1084]],[[99.1205,12.3688],[99.1215,12.3664],[99.1223,12.3596],[99.1262,12.344],[99.1296,12.3442],[99.1305,12.3447],[99.1317,12.3437],[99.1336,12.3407],[99.1349,12.3354],[99.1395,12.3253],[99.1415,12.3192],[99.1398,12.3144],[99.1398,12.3129],[99.1402,12.3117],[99.1413,12.3109],[99.1425,12.3086],[99.1417,12.3061],[99.1426,12.304],[99.1435,12.3036],[99.1441,12.3012],[99.1439,12.3002],[99.1421,12.2994],[99.1408,12.2976],[99.1408,12.2868],[99.1401,12.2839],[99.1369,12.2808],[99.136,12.2786],[99.134,12.2782],[99.1326,12.2771],[99.1312,12.2774],[99.1304,12.2769],[99.1302,12.2782],[99.1286,12.2785],[99.1254,12.2773],[99.1247,12.2779],[99.1222,12.2777],[99.1207,12.2791],[99.1184,12.2786],[99.1179,12.278],[99.1171,12.2782],[99.1163,12.2768],[99.1139,12.2771],[99.1124,12.2745],[99.1109,12.2748],[99.1076,12.2742],[99.106,12.2747],[99.1055,12.2743],[99.1045,12.2745],[99.1029,12.2769],[99.1027,12.2767],[99.1009,12.2772],[99.1008,12.2782],[99.0989,12.2801],[99.0976,12.2812],[99.0964,12.2814],[99.0961,12.2824],[99.095,12.283],[99.0942,12.2826],[99.0909,12.2838],[99.0902,12.2836],[99.0863,12.2854],[99.0806,12.2836],[99.0766,12.2821],[99.0741,12.2796],[99.0704,12.2782],[99.0681,12.2749],[99.065,12.273],[99.0616,12.2676],[99.0615,12.2652],[99.0605,12.263],[99.0612,12.2609],[99.0606,12.2575],[99.0589,12.2568],[99.054,12.2574],[99.0526,12.2571],[99.051,12.2554],[99.051,12.2542],[99.0486,12.2505],[99.0475,12.2435],[99.0489,12.2391],[99.0506,12.2366],[99.0555,12.2343],[99.066,12.2317],[99.0689,12.2303],[99.0723,12.2297],[99.0768,12.2274],[99.0783,12.2247],[99.0792,12.2215],[99.0811,12.2193],[99.083,12.2158],[99.0835,12.2122],[99.0846,12.2108],[99.0868,12.2025],[99.0872,12.199],[99.0865,12.1964],[99.0843,12.1946],[99.0839,12.1913],[99.083,12.1907],[99.0797,12.1905],[99.0785,12.1891],[99.0735,12.186],[99.0701,12.1824],[99.069,12.1795],[99.0693,12.1773],[99.0673,12.1719],[99.0661,12.1708],[99.064,12.1696],[99.0605,12.1624],[99.0603,12.1582],[99.062,12.1514],[99.0638,12.1478],[99.0633,12.1436],[99.0645,12.1413],[99.0665,12.1389],[99.0659,12.1364],[99.0671,12.1319],[99.0652,12.129],[99.065,12.1275],[99.0664,12.125],[99.0668,12.1181],[99.0679,12.1162],[99.0651,12.1101],[99.0623,12.1104],[99.0593,12.1083],[99.0587,12.1083]]]}},{"type":"Feature","properties":{"Road_Type":"Tertiary"},"geometry":{"type":"MultiLineString","coordinates":[[[99.2126,11.9735],[99.2109,11.9728],[99.2093,11.973],[99.2072,11.971],[99.2048,11.9707],[99.2039,11.9707],[99.2023,11.9721],[99.2013,11.972],[99.1999,11.9709],[99.1983,11.9718],[99.1976,11.9717],[99.1976,11.971],[99.1959,11.9689],[99.1953,11.9652],[99.1944,11.963],[99.193,11.9619],[99.1913,11.9578],[99.1881,11.9536],[99.1848,11.9553],[99.1836,11.9554],[99.1824,11.9563],[99.1812,11.9558],[99.1792,11.9582],[99.1763,11.9588],[99.174,11.9604],[99.1701,11.9677],[99.1678,11.9699],[99.1662,11.9737],[99.1644,11.9758],[99.1622,11.9775],[99.1601,11.9785],[99.1573,11.9777],[99.1538,11.9791],[99.1514,11.9784],[99.1484,11.9794],[99.1468,11.9812],[99.1443,11.9815],[99.143,11.9831],[99.1436,11.9847],[99.1432,11.9873],[99.1409,11.9878],[99.139,11.9909],[99.1355,11.992],[99.1313,11.9922],[99.1309,11.9936],[99.1298,11.9943],[99.1251,11.9957],[99.1236,11.9944],[99.1195,11.9934],[99.1162,11.9946],[99.1132,11.9934],[99.1099,11.9911],[99.109,11.9911],[99.1053,11.9932],[99.1034,11.997],[99.1015,11.9981],[99.0987,11.9979],[99.095,12.0015],[99.0939,12.0043],[99.085,12.0154],[99.0855,12.0158],[99.0859,12.0155],[99.0873,12.0166],[99.0897,12.0172],[99.0926,12.0163],[99.0942,12.0169],[99.0948,12.0175],[99.0959,12.0175],[99.0976,12.0189],[99.0995,12.0194],[99.101,12.0212],[99.1025,12.0205],[99.1032,12.0207],[99.1033,12.0245],[99.1045,12.0254],[99.1054,12.0294],[99.1068,12.0294],[99.1071,12.0314],[99.1062,12.0338],[99.1074,12.0365],[99.1085,12.0416]],[[99.1085,12.0416],[99.1085,12.0416]],[[99.1085,12.0416],[99.1074,12.0422],[99.1085,12.0439],[99.1075,12.0444]]]}},{"type":"Feature","properties":{"Road_Type":"Tertiary"},"geometry":{"type":"LineString","coordinates":[[98.884,11.1721],[98.8837,11.1725],[98.8841,11.1748],[98.8846,11.1749],[98.8843,11.1761],[98.8823,11.1775],[98.8814,11.179],[98.8809,11.1814],[98.8801,11.1822],[98.8795,11.1839],[98.8793,11.1862],[98.8782,11.1879],[98.8784,11.189],[98.8768,11.1905],[98.8776,11.1929],[98.8756,11.1925],[98.8743,11.1942],[98.8743,11.1958],[98.8734,11.1966],[98.8725,11.1991],[98.8727,11.2016],[98.8715,11.2038],[98.8716,11.2083],[98.8739,11.211],[98.8765,11.2133],[98.8762,11.2148],[98.8755,11.2148],[98.8751,11.2157],[98.8732,11.2164],[98.8727,11.2182],[98.8708,11.22],[98.8691,11.2209],[98.8677,11.2209],[98.8667,11.2217],[98.8661,11.2237],[98.864,11.2255],[98.8634,11.227],[98.8636,11.2281],[98.8632,11.2298],[98.8632,11.2304],[98.8639,11.2308],[98.8644,11.233],[98.8631,11.2363],[98.8615,11.2378],[98.8615,11.2387],[98.861,11.239],[98.86,11.2387],[98.8588,11.2395],[98.8581,11.2412],[98.856,11.2423],[98.8542,11.2449],[98.8532,11.2454],[98.8526,11.2471],[98.8515,11.2484],[98.8498,11.249],[98.8458,11.2521],[98.8431,11.2533],[98.8427,11.2548],[98.8435,11.2558],[98.8444,11.2595],[98.8455,11.2611],[98.8437,11.2631],[98.8439,11.2647],[98.8419,11.2698],[98.8383,11.2716],[98.8353,11.2715],[98.834,11.2724],[98.8296,11.2737],[98.8287,11.2747],[98.8267,11.2729],[98.8251,11.2734],[98.8236,11.2728],[98.8156,11.2715]]}},{"type":"Feature","properties":{"Road_Type":"Tertiary"},"geometry":{"type":"LineString","coordinates":[[98.8357,11.0034],[98.8362,11.0052],[98.8343,11.0058],[98.8336,11.0073],[98.8339,11.0085],[98.8329,11.0122],[98.8313,11.0129],[98.831,11.0136],[98.8314,11.0145],[98.8296,11.0147],[98.8289,11.0166],[98.827,11.0169],[98.8237,11.0203],[98.8225,11.0209],[98.8218,11.0207],[98.8204,11.0192],[98.8132,11.0181],[98.8118,11.0171],[98.8073,11.0159],[98.8069,11.0149],[98.8057,11.0145],[98.8027,11.0138],[98.8018,11.0145],[98.7989,11.0148],[98.7956,11.0124],[98.794,11.0122]]}},{"type":"Feature","properties":{"Road_Type":"Tertiary"},"geometry":{"type":"LineString","coordinates":[[98.8132,11.0561],[98.814,11.0543],[98.8175,11.051],[98.8174,11.0493],[98.8193,11.0495],[98.8198,11.0487],[98.8191,11.0479],[98.8167,11.0472],[98.8157,11.0464],[98.8152,11.0442],[98.8139,11.0438],[98.8138,11.0428],[98.813,11.0424],[98.8133,11.0406],[98.8141,11.0396],[98.8127,11.038],[98.8125,11.035],[98.8118,11.0345],[98.811,11.0326],[98.8113,11.0314],[98.8119,11.0309],[98.8121,11.0285],[98.8108,11.0271],[98.8086,11.0261],[98.8079,11.0262],[98.8064,11.0275],[98.8042,11.0256],[98.8016,11.0258],[98.8,11.0248],[98.7983,11.025],[98.7934,11.0231],[98.7927,11.0217],[98.7929,11.0195],[98.791,11.0182],[98.7906,11.0172]]}},{"type":"Feature","properties":{"Road_Type":"Tertiary"},"geometry":{"type":"LineString","coordinates":[[98.7785,11.0352],[98.7798,11.0391],[98.7832,11.0401],[98.7855,11.0437],[98.788,11.0461],[98.7922,11.0473],[98.7943,11.0469],[98.7952,11.0479],[98.7981,11.0485],[98.7991,11.0495],[98.8011,11.0494],[98.8048,11.0502],[98.8059,11.051],[98.8073,11.0532],[98.8101,11.053],[98.8125,11.0544],[98.8127,11.0555],[98.8143,11.057],[98.8175,11.0577],[98.8201,11.0569],[98.8214,11.0574],[98.8219,11.0571],[98.8223,11.0575],[98.8223,11.0587],[98.8233,11.0595],[98.8232,11.0605],[98.8244,11.061],[98.8249,11.0642],[98.8269,11.0659],[98.8281,11.0661],[98.8292,11.0676],[98.8321,11.0679],[98.8327,11.069],[98.8345,11.0696],[98.836,11.0709],[98.8381,11.0698],[98.8388,11.07],[98.8403,11.0696],[98.8445,11.0705],[98.8455,11.0691],[98.848,11.068],[98.8511,11.0654],[98.8511,11.0636],[98.85,11.0625],[98.8507,11.0602],[98.8528,11.0597],[98.854,11.0599],[98.8545,11.0586],[98.8555,11.0581],[98.8558,11.0567],[98.8587,11.0563],[98.8628,11.0529],[98.8648,11.0525],[98.8662,11.0532],[98.8672,11.0523],[98.8694,11.0519],[98.8708,11.0526],[98.8719,11.0518],[98.8733,11.0515],[98.8746,11.05],[98.876,11.0497],[98.8765,11.0506],[98.8778,11.0513],[98.8789,11.0534],[98.8803,11.053],[98.8826,11.0537],[98.8847,11.0539],[98.8873,11.0553],[98.8906,11.0539],[98.8932,11.054],[98.8959,11.0549],[98.8971,11.0544],[98.8991,11.0548],[98.9006,11.0541],[98.9019,11.0551],[98.9035,11.0554],[98.9038,11.0561],[98.9051,11.0567],[98.9055,11.058],[98.909,11.0581],[98.9098,11.0592],[98.9101,11.0628],[98.9114,11.064],[98.9139,11.0636],[98.915,11.0643]]}},{"type":"Feature","properties":{"Road_Type":"Tertiary"},"geometry":{"type":"LineString","coordinates":[[98.6406,10.2724],[98.6399,10.2733],[98.6393,10.2731],[98.6386,10.2717],[98.6366,10.2703],[98.6332,10.2649],[98.6323,10.2645],[98.6302,10.2645],[98.6298,10.2636],[98.6307,10.2597],[98.6314,10.2589],[98.6312,10.2581],[98.6294,10.2578],[98.628,10.2567],[98.6257,10.2579],[98.6221,10.2567],[98.621,10.2571],[98.6199,10.2589],[98.6189,10.2587]]}},{"type":"Feature","properties":{"Road_Type":"Tertiary"},"geometry":{"type":"LineString","coordinates":[[98.8466,12.5094],[98.8481,12.5096],[98.8491,12.509],[98.8511,12.5104],[98.8536,12.5107],[98.8557,12.5092],[98.8561,12.5083],[98.8579,12.5078],[98.8591,12.5061],[98.8619,12.508],[98.8634,12.5102],[98.865,12.5108],[98.8655,12.5103],[98.8653,12.5087],[98.8659,12.5073],[98.8687,12.5046],[98.8701,12.5049],[98.8715,12.5008],[98.8729,12.5002],[98.8739,12.4984],[98.8748,12.4978],[98.8781,12.4981],[98.8796,12.4988],[98.8802,12.4981]]}},{"type":"Feature","properties":{"Road_Type":"Tertiary"},"geometry":{"type":"LineString","coordinates":[[98.5764,10.4085],[98.5764,10.4073],[98.5776,10.4064],[98.579,10.4026],[98.5789,10.4009],[98.5794,10.4005],[98.5792,10.3983],[98.5784,10.3976],[98.5785,10.3959],[98.5808,10.3938]]}},{"type":"Feature","properties":{"Road_Type":"Tertiary"},"geometry":{"type":"LineString","coordinates":[[98.7544,10.9944],[98.7565,10.9954],[98.7568,10.9959],[98.7589,10.9957],[98.7602,10.9967],[98.7605,10.9982],[98.7614,10.9981],[98.7616,11.0005],[98.7604,11.0015],[98.7607,11.0024],[98.7616,11.0024],[98.7612,11.0032],[98.7617,11.0043],[98.7654,11.0086],[98.7648,11.0128],[98.7652,11.0147],[98.7668,11.0153],[98.7674,11.0178],[98.7687,11.018],[98.7702,11.0175],[98.7708,11.0185],[98.7722,11.0191],[98.7735,11.0187],[98.7764,11.0191],[98.7776,11.0185],[98.779,11.0193],[98.7796,11.0191],[98.7802,11.0206],[98.7801,11.0219],[98.7796,11.0221]]}},{"type":"Feature","properties":{"Road_Type":"Tertiary"},"geometry":{"type":"LineString","coordinates":[[98.6481,10.3781],[98.6464,10.3793],[98.6451,10.3812],[98.6453,10.3837],[98.6435,10.3863],[98.6443,10.3878],[98.6416,10.3909],[98.6529,10.4039],[98.6547,10.4086],[98.6581,10.4126]]}},{"type":"Feature","properties":{"Road_Type":"Tertiary"},"geometry":{"type":"LineString","coordinates":[[98.5929,10.3738],[98.582,10.3737]]}},{"type":"Feature","properties":{"Road_Type":"Tertiary"},"geometry":{"type":"LineString","coordinates":[[98.6416,10.3909],[98.6368,10.3937],[98.6295,10.3951],[98.6283,10.3977],[98.6273,10.3978],[98.626,10.3998],[98.6253,10.3997],[98.625,10.3989],[98.621,10.3989],[98.6189,10.4006],[98.614,10.4005],[98.6138,10.4062]]}},{"type":"Feature","properties":{"Road_Type":"Tertiary"},"geometry":{"type":"LineString","coordinates":[[98.0668,12.3662],[98.0686,12.3671],[98.0724,12.3681],[98.0757,12.3679],[98.0791,12.3668],[98.0803,12.367],[98.0824,12.3681],[98.0845,12.3703],[98.0848,12.3727],[98.0865,12.374],[98.0878,12.3761],[98.0888,12.3799],[98.0902,12.3816],[98.0912,12.3843],[98.0892,12.3878],[98.09,12.3901],[98.0891,12.3909],[98.0887,12.3955],[98.0893,12.3964],[98.0888,12.3973],[98.0898,12.3989],[98.0898,12.4008],[98.091,12.4017],[98.0916,12.4015],[98.0933,12.4038],[98.0935,12.4066],[98.0944,12.4077],[98.0946,12.4103],[98.0958,12.4109],[98.0989,12.4144]]}},{"type":"Feature","properties":{"Road_Type":"Tertiary"},"geometry":{"type":"LineString","coordinates":[[98.7146,10.5601],[98.7136,10.5603],[98.7109,10.564],[98.7091,10.5626],[98.708,10.5609],[98.7081,10.5603],[98.7072,10.5601],[98.7041,10.5577],[98.7039,10.5557],[98.7032,10.5548],[98.7015,10.5556],[98.6986,10.5558],[98.6982,10.5553],[98.6986,10.5535],[98.6982,10.5523],[98.6958,10.553],[98.6938,10.5527]]}},{"type":"Feature","properties":{"Road_Type":"Tertiary"},"geometry":{"type":"LineString","coordinates":[[98.725,10.4291],[98.7268,10.4275],[98.7277,10.4274],[98.7323,10.4231],[98.7337,10.4224],[98.7359,10.4221],[98.738,10.4256],[98.7385,10.4282],[98.7415,10.4316],[98.7418,10.4325],[98.7413,10.4339],[98.7415,10.435],[98.743,10.4359],[98.7433,10.4379],[98.7445,10.4393],[98.746,10.4401],[98.749,10.4434],[98.7478,10.4453],[98.7475,10.4468],[98.748,10.4489],[98.747,10.4515],[98.7496,10.4535],[98.7507,10.4556],[98.7501,10.4573],[98.7467,10.4615],[98.747,10.463],[98.7489,10.4647],[98.7488,10.4663],[98.7495,10.4671],[98.7535,10.4683],[98.7576,10.4677],[98.7593,10.4681],[98.7609,10.4708],[98.7617,10.4746],[98.7631,10.4777],[98.7649,10.4797],[98.7665,10.4834],[98.7673,10.4839],[98.7675,10.4854],[98.7687,10.4859]]}},{"type":"Feature","properties":{"Road_Type":"Tertiary"},"geometry":{"type":"MultiLineString","coordinates":[[[98.6605,10.4779],[98.66,10.4785],[98.6588,10.4783],[98.658,10.4776],[98.6571,10.4757],[98.6572,10.4719],[98.6568,10.4716],[98.6539,10.4723],[98.6524,10.4714],[98.6494,10.4711],[98.6488,10.4717],[98.6477,10.4718],[98.6458,10.4709],[98.6445,10.4713],[98.6438,10.47],[98.6425,10.4702],[98.6408,10.4736],[98.6415,10.4771],[98.6413,10.4811],[98.643,10.4851],[98.6432,10.4867],[98.6431,10.4872],[98.6417,10.4878],[98.6413,10.4906]],[[98.6413,10.4906],[98.6413,10.4907]],[[98.6375,10.4921],[98.6413,10.4906]]]}},{"type":"Feature","properties":{"Road_Type":"Tertiary"},"geometry":{"type":"LineString","coordinates":[[98.5432,10.4498],[98.5431,10.4516],[98.5438,10.4541],[98.5412,10.4548],[98.5401,10.4566],[98.5411,10.4581],[98.5413,10.4607],[98.5421,10.4612],[98.5412,10.4629],[98.5431,10.4643],[98.5434,10.4684],[98.5402,10.4734],[98.5392,10.4787],[98.5433,10.4829],[98.5442,10.4832]]}},{"type":"Feature","properties":{"Road_Type":"Tertiary"},"geometry":{"type":"LineString","coordinates":[[98.7443,11.1496],[98.749,11.1499],[98.748,11.1505],[98.7477,11.153],[98.7541,11.1532],[98.7564,11.1551],[98.7573,11.1543],[98.7585,11.1547],[98.76,11.154],[98.763,11.1548],[98.7663,11.1544],[98.7671,11.155],[98.7677,11.1563],[98.7691,11.1569],[98.7698,11.1578],[98.7704,11.1575],[98.772,11.1584],[98.7751,11.1589],[98.7805,11.158],[98.7814,11.1601],[98.7889,11.1631],[98.7899,11.1627],[98.79,11.1621],[98.7911,11.1622],[98.7925,11.1611],[98.7941,11.1608],[98.7947,11.16],[98.796,11.1597],[98.798,11.1607],[98.7986,11.1603],[98.8005,11.1603],[98.8009,11.1595],[98.8022,11.1596],[98.8031,11.159],[98.804,11.159],[98.8062,11.1574],[98.8059,11.1562],[98.8064,11.155],[98.8094,11.1549],[98.8114,11.1538],[98.8138,11.1507],[98.8151,11.1512],[98.8155,11.1509],[98.8158,11.15],[98.817,11.1491],[98.8158,11.1466],[98.816,11.1458],[98.8155,11.145],[98.8154,11.1432],[98.8173,11.1407],[98.8152,11.1403],[98.8145,11.1394]]}},{"type":"Feature","properties":{"Road_Type":"Tertiary"},"geometry":{"type":"LineString","coordinates":[[98.6587,10.4288],[98.6598,10.43],[98.6607,10.4333],[98.6618,10.435],[98.6638,10.4347],[98.6656,10.4395],[98.6675,10.4403],[98.6707,10.4433],[98.6709,10.4452],[98.6669,10.4458],[98.6655,10.4452],[98.6646,10.444],[98.6629,10.4445],[98.6613,10.4437],[98.6586,10.4444],[98.6559,10.4397],[98.6539,10.4386]]}},{"type":"Feature","properties":{"Road_Type":"Tertiary"},"geometry":{"type":"LineString","coordinates":[[98.6407,10.4531],[98.6385,10.4507],[98.636,10.4493],[98.6382,10.4433],[98.6379,10.4423],[98.6354,10.4398],[98.6353,10.4382],[98.6363,10.438]]}},{"type":"Feature","properties":{"Road_Type":"Tertiary"},"geometry":{"type":"LineString","coordinates":[[98.5632,10.5885],[98.5613,10.5882],[98.5584,10.5895],[98.5554,10.5917],[98.5552,10.5937]]}},{"type":"Feature","properties":{"Road_Type":"Tertiary"},"geometry":{"type":"LineString","coordinates":[[98.5552,10.5937],[98.5571,10.593],[98.5579,10.5947],[98.5572,10.6009],[98.5556,10.6069],[98.5559,10.6159],[98.5551,10.6174],[98.5552,10.6236]]}},{"type":"Feature","properties":{"Road_Type":"Tertiary"},"geometry":{"type":"LineString","coordinates":[[98.6799,10.7943],[98.6818,10.796],[98.6878,10.7971],[98.6876,10.7987],[98.6867,10.8],[98.6875,10.8017],[98.6893,10.8036],[98.6915,10.8033],[98.6923,10.804],[98.6921,10.8047],[98.6935,10.8046],[98.6948,10.8059],[98.6951,10.8086],[98.6942,10.8092],[98.6938,10.8113],[98.6928,10.8122],[98.6924,10.8144],[98.6929,10.8201],[98.6915,10.8229],[98.6903,10.8239],[98.6893,10.8258],[98.6901,10.8289]]}},{"type":"Feature","properties":{"Road_Type":"Tertiary"},"geometry":{"type":"MultiLineString","coordinates":[[[98.5143,11.7887],[98.5124,11.7874],[98.5119,11.7865],[98.5095,11.7847],[98.5062,11.7813],[98.5042,11.7805],[98.5018,11.7769],[98.5012,11.775],[98.504,11.7677],[98.5025,11.7658],[98.5016,11.7637],[98.502,11.7617],[98.5026,11.7612],[98.5027,11.7579],[98.5014,11.7564],[98.4988,11.7551],[98.4987,11.7538],[98.4995,11.7513],[98.4984,11.7471],[98.499,11.7458],[98.4988,11.7447],[98.4966,11.7434],[98.4949,11.7411],[98.4947,11.7402],[98.4931,11.739],[98.4885,11.7378],[98.4866,11.7346],[98.485,11.7334],[98.4851,11.732],[98.482,11.731],[98.4781,11.7276],[98.4763,11.7273],[98.4755,11.7265],[98.4746,11.727],[98.4718,11.7265],[98.465,11.7223],[98.4637,11.7211],[98.4626,11.7214],[98.4631,11.7198],[98.4625,11.7161],[98.4628,11.7125],[98.4619,11.7106],[98.4567,11.7058],[98.4473,11.6935],[98.4431,11.6928],[98.4413,11.688],[98.4326,11.682],[98.4287,11.6779],[98.424,11.6768],[98.4203,11.6745],[98.4161,11.6699],[98.4169,11.668],[98.4157,11.6673],[98.4108,11.6619],[98.4139,11.6591],[98.4146,11.6561],[98.4123,11.65],[98.4123,11.6483],[98.4098,11.6442]],[[98.5143,11.7887],[98.5143,11.7887]],[[98.5262,11.8014],[98.5206,11.7969],[98.517,11.7912],[98.5169,11.7904],[98.5143,11.7887]]]}},{"type":"Feature","properties":{"Road_Type":"Tertiary"},"geometry":{"type":"LineString","coordinates":[[98.2366,14.2836],[98.2417,14.2813],[98.2424,14.28],[98.2424,14.2784],[98.2435,14.2763],[98.2432,14.2756],[98.2447,14.2732]]}},{"type":"Feature","properties":{"Road_Type":"Tertiary"},"geometry":{"type":"LineString","coordinates":[[98.1568,13.6245],[98.1548,13.6199],[98.1561,13.6126],[98.1554,13.6087],[98.1544,13.607],[98.1534,13.6068],[98.1508,13.6033],[98.1505,13.6007],[98.1509,13.5986],[98.1516,13.5976],[98.1517,13.5942],[98.1524,13.5924],[98.1522,13.5905],[98.1528,13.5888],[98.1526,13.5877],[98.1515,13.5859],[98.151,13.5797],[98.1503,13.5783],[98.1506,13.5762],[98.1503,13.5743],[98.1494,13.5718],[98.148,13.57],[98.1445,13.571],[98.1419,13.5705],[98.1407,13.5695],[98.1401,13.5682],[98.1414,13.5673],[98.1414,13.5664],[98.1423,13.5662],[98.1427,13.565],[98.1419,13.5624],[98.1408,13.5608],[98.1434,13.5609],[98.1538,13.5594],[98.1561,13.5584],[98.1571,13.5586],[98.1586,13.5617],[98.1603,13.5606],[98.1618,13.5612],[98.1653,13.5576],[98.1664,13.5572],[98.1681,13.5573],[98.1729,13.5539],[98.1743,13.5497],[98.1717,13.544],[98.1723,13.5437],[98.1712,13.5416],[98.1678,13.5398],[98.1675,13.5385],[98.1681,13.5378],[98.168,13.5364]]}},{"type":"Feature","properties":{"Road_Type":"Tertiary"},"geometry":{"type":"LineString","coordinates":[[98.7844,10.6474],[98.7849,10.6474]]}},{"type":"Feature","properties":{"Road_Type":"Tertiary"},"geometry":{"type":"LineString","coordinates":[[98.7206,10.3134],[98.7199,10.3116],[98.7184,10.3108],[98.7171,10.3109],[98.7163,10.3101],[98.7143,10.3094],[98.7136,10.3095],[98.7128,10.3111],[98.7114,10.3118],[98.7085,10.3118],[98.7074,10.3169],[98.7089,10.3218],[98.7079,10.3229],[98.7061,10.3234],[98.7037,10.3277],[98.7004,10.3281],[98.6996,10.3301],[98.698,10.331],[98.6975,10.3324],[98.699,10.3346],[98.6992,10.3362],[98.6941,10.3385]]}},{"type":"Feature","properties":{"Road_Type":"Tertiary"},"geometry":{"type":"LineString","coordinates":[[98.7081,10.3685],[98.7096,10.3677],[98.7105,10.3684],[98.7107,10.3667],[98.718,10.3668],[98.7245,10.3699],[98.7258,10.3699],[98.7286,10.3713],[98.732,10.3716],[98.7327,10.3721],[98.7351,10.3679],[98.7345,10.3666],[98.7353,10.3666],[98.7365,10.365],[98.735,10.3625],[98.7353,10.3607],[98.7362,10.3595],[98.736,10.358],[98.7348,10.3565],[98.7329,10.356],[98.7313,10.3526],[98.7298,10.3509],[98.7301,10.3494],[98.728,10.3497],[98.7275,10.3489],[98.7264,10.3486],[98.7255,10.3448],[98.7257,10.3437],[98.724,10.3429],[98.7234,10.3416],[98.722,10.3414],[98.7224,10.3404],[98.7219,10.3395],[98.7231,10.3387],[98.7218,10.3384],[98.7211,10.3373],[98.7228,10.3341],[98.7218,10.333],[98.7214,10.3311],[98.7214,10.3302],[98.7223,10.3295],[98.7218,10.3256],[98.7221,10.3245],[98.7213,10.3239],[98.7205,10.3214],[98.7207,10.3191],[98.7198,10.3158],[98.7213,10.3118],[98.7228,10.3103],[98.7225,10.3068],[98.7238,10.3063],[98.7251,10.3072]]}},{"type":"Feature","properties":{"Road_Type":"Tertiary"},"geometry":{"type":"MultiLineString","coordinates":[[[98.4956,10.5292],[98.4971,10.5299],[98.4988,10.5292],[98.5015,10.5263],[98.5029,10.5258],[98.5037,10.5249],[98.5053,10.5253],[98.5058,10.5264],[98.5065,10.5257],[98.5063,10.5249],[98.5072,10.5242],[98.5085,10.5237],[98.512,10.5238],[98.5133,10.5229],[98.5146,10.5227],[98.5163,10.5218],[98.5167,10.5193],[98.5178,10.5187]],[[98.5178,10.5187],[98.5178,10.5187],[98.5178,10.5188],[98.5178,10.5187]],[[98.5178,10.5187],[98.5195,10.5161],[98.5207,10.5157],[98.5227,10.5167],[98.524,10.516],[98.5261,10.5159],[98.5275,10.515],[98.5286,10.5132],[98.53,10.5136],[98.5307,10.5128],[98.5321,10.5136],[98.533,10.5128],[98.5346,10.5125],[98.5491,10.5141],[98.55,10.5127],[98.5532,10.5136],[98.5554,10.5119]]]}},{"type":"Feature","properties":{"Road_Type":"Tertiary"},"geometry":{"type":"LineString","coordinates":[[98.9702,12.5086],[98.9707,12.5081],[98.9715,12.5081],[98.9727,12.5064],[98.9731,12.5031],[98.9725,12.5013],[98.9732,12.4987],[98.9691,12.4932],[98.9693,12.491],[98.9673,12.4888],[98.967,12.4869],[98.9685,12.4831],[98.9682,12.4813],[98.9698,12.4784],[98.9714,12.4769],[98.971,12.4749],[98.9699,12.4734],[98.9695,12.4713],[98.9708,12.4682],[98.9701,12.4664],[98.9701,12.4596],[98.9706,12.4564],[98.9702,12.4542],[98.9723,12.4521],[98.9728,12.4449],[98.9718,12.4434],[98.9717,12.4397],[98.9725,12.4377],[98.9753,12.4356],[98.9761,12.4344],[98.9764,12.4333],[98.9755,12.4312],[98.9763,12.4274],[98.9776,12.4238],[98.9793,12.4213],[98.9745,12.4049],[98.9722,12.4008],[98.9724,12.3987],[98.9742,12.3965],[98.9746,12.3952],[98.9746,12.3935],[98.9733,12.3926]]}},{"type":"Feature","properties":{"Road_Type":"Tertiary"},"geometry":{"type":"LineString","coordinates":[[98.6481,10.3781],[98.6512,10.3812],[98.6513,10.3823],[98.6508,10.3833],[98.6516,10.3859],[98.6547,10.3865],[98.6558,10.3878],[98.6561,10.3889],[98.6557,10.399],[98.6551,10.4013],[98.6532,10.4038],[98.6532,10.4047]]}},{"type":"Feature","properties":{"Road_Type":"Tertiary"},"geometry":{"type":"MultiLineString","coordinates":[[[98.5765,10.4388],[98.5781,10.4424],[98.5774,10.4449],[98.5789,10.4455],[98.5807,10.4481],[98.5814,10.4504],[98.5818,10.4552],[98.582,10.4557],[98.5828,10.4555],[98.584,10.4569]],[[98.584,10.457],[98.586,10.4587],[98.5856,10.4605],[98.5864,10.4637],[98.5853,10.4687],[98.5844,10.4692],[98.584,10.4702],[98.5838,10.4722],[98.5845,10.4729],[98.5839,10.4738],[98.5837,10.475],[98.5797,10.4752]]]}},{"type":"Feature","properties":{"Road_Type":"Tertiary"},"geometry":{"type":"LineString","coordinates":[[98.5485,10.4015],[98.5511,10.403],[98.5534,10.4025],[98.5536,10.4031],[98.5536,10.4037],[98.5514,10.4041],[98.5504,10.4052],[98.5501,10.4073],[98.5507,10.409]]}},{"type":"Feature","properties":{"Road_Type":"Tertiary"},"geometry":{"type":"LineString","coordinates":[[98.5564,10.3987],[98.5545,10.3998],[98.5538,10.3996],[98.5521,10.4019],[98.5513,10.4021],[98.55,10.4009],[98.5434,10.4035],[98.542,10.4049],[98.5402,10.4052],[98.538,10.4067],[98.5365,10.4067],[98.5359,10.4075],[98.5324,10.4074],[98.5309,10.4098],[98.5326,10.4125],[98.5313,10.4146]]}},{"type":"Feature","properties":{"Road_Type":"Tertiary"},"geometry":{"type":"LineString","coordinates":[[98.5384,10.3757],[98.5369,10.3789],[98.5368,10.3835],[98.5358,10.386],[98.5336,10.3894],[98.5329,10.3933],[98.5316,10.3952],[98.5309,10.3987],[98.5309,10.4028],[98.5314,10.4036],[98.5319,10.4036]]}},{"type":"Feature","properties":{"Road_Type":"Tertiary"},"geometry":{"type":"LineString","coordinates":[[98.5765,10.4388],[98.5764,10.4407],[98.5753,10.444],[98.572,10.4461],[98.5677,10.4473],[98.5632,10.4459],[98.5603,10.4477],[98.5559,10.4481],[98.5491,10.4502],[98.5054,10.4492],[98.4927,10.4477]]}},{"type":"Feature","properties":{"Road_Type":"Tertiary"},"geometry":{"type":"MultiLineString","coordinates":[[[98.8091,10.5129],[98.8068,10.5144],[98.8076,10.5158],[98.8081,10.5195],[98.8076,10.5215],[98.806,10.5234],[98.8007,10.5276],[98.7974,10.5333],[98.7977,10.5349],[98.7974,10.5362],[98.798,10.538],[98.7975,10.5409],[98.7985,10.5412],[98.8016,10.5436],[98.8029,10.5465],[98.8021,10.5484],[98.8046,10.5509],[98.8062,10.5532]],[[98.8062,10.5532],[98.8026,10.5567],[98.798,10.5566],[98.7954,10.5587],[98.7945,10.5581],[98.7928,10.5585],[98.7921,10.5593],[98.7908,10.5593],[98.7857,10.5575],[98.785,10.5585],[98.7833,10.5582],[98.7802,10.5565],[98.7791,10.5554],[98.7766,10.5551],[98.7756,10.5537],[98.7752,10.551],[98.7737,10.5493],[98.7739,10.5478],[98.7721,10.5469],[98.7715,10.5404],[98.7706,10.5394],[98.7695,10.5394],[98.7684,10.5382],[98.7677,10.5343],[98.7662,10.5326],[98.7626,10.5326],[98.7606,10.5338],[98.7592,10.5335],[98.757,10.534],[98.7563,10.5332]]]}},{"type":"Feature","properties":{"Road_Type":"Tertiary"},"geometry":{"type":"LineString","coordinates":[[98.5797,10.4073],[98.5793,10.4249],[98.5789,10.4286],[98.5774,10.4312],[98.5766,10.4344],[98.5765,10.4388]]}},{"type":"Feature","properties":{"Road_Type":"Tertiary"},"geometry":{"type":"LineString","coordinates":[[98.5432,10.4498],[98.543,10.4482],[98.5414,10.4477],[98.5396,10.4462]]}},{"type":"Feature","properties":{"Road_Type":"Tertiary"},"geometry":{"type":"LineString","coordinates":[[98.5832,10.3941],[98.5878,10.3947],[98.5927,10.3939]]}},{"type":"Feature","properties":{"Road_Type":"Tertiary"},"geometry":{"type":"LineString","coordinates":[[98.7002,11.3786],[98.7011,11.3795],[98.7012,11.3816],[98.7024,11.3831],[98.7026,11.3848],[98.7017,11.3901],[98.6965,11.3999],[98.6974,11.4033]]}},{"type":"Feature","properties":{"Road_Type":"Tertiary"},"geometry":{"type":"LineString","coordinates":[[98.8305,11.345],[98.8293,11.3482],[98.8273,11.3483],[98.826,11.3503],[98.8186,11.3496],[98.8169,11.348],[98.8164,11.3456],[98.8152,11.3445],[98.8127,11.345],[98.8091,11.3467],[98.8085,11.3466],[98.8084,11.3454],[98.8017,11.3516],[98.7983,11.3526],[98.7924,11.3527],[98.7893,11.3543],[98.7838,11.3585],[98.7815,11.3586],[98.7796,11.3574],[98.7727,11.3586],[98.772,11.3596],[98.7724,11.3611],[98.7719,11.3642],[98.7689,11.3676],[98.7683,11.369],[98.7683,11.3702],[98.7688,11.3712],[98.7718,11.3726],[98.7719,11.3736],[98.7711,11.3764],[98.7701,11.3777],[98.7683,11.3788],[98.7669,11.3791],[98.768,11.3812],[98.7673,11.3819],[98.7675,11.3835],[98.7689,11.3865],[98.7668,11.3881],[98.758,11.3904],[98.7569,11.3904],[98.7545,11.3886],[98.7532,11.3894],[98.7502,11.39],[98.7494,11.3908],[98.7472,11.391],[98.7451,11.3902],[98.7428,11.3901],[98.7419,11.3893],[98.7382,11.3892],[98.7363,11.3882],[98.7345,11.3884],[98.7311,11.3861],[98.7304,11.3862],[98.73,11.3885],[98.732,11.3927],[98.7327,11.3959],[98.7311,11.3983],[98.7266,11.4004],[98.7254,11.4026],[98.7227,11.4032],[98.7202,11.4052],[98.7196,11.4075],[98.7187,11.4081],[98.7145,11.4081],[98.7129,11.4076],[98.711,11.4078],[98.7102,11.4066],[98.7043,11.4031],[98.7019,11.4026],[98.7009,11.4031],[98.6978,11.4027],[98.697,11.4044],[98.6976,11.4059],[98.7042,11.4136],[98.7056,11.4219],[98.7065,11.4219],[98.7077,11.4237],[98.7088,11.4243]]}},{"type":"Feature","properties":{"Road_Type":"Tertiary"},"geometry":{"type":"LineString","coordinates":[[98.7683,11.304],[98.7653,11.3041],[98.7623,11.3034],[98.7573,11.2967],[98.7509,11.2966],[98.7478,11.2948],[98.7472,11.2934],[98.746,11.2922],[98.7458,11.2894]]}},{"type":"Feature","properties":{"Road_Type":"Tertiary"},"geometry":{"type":"MultiLineString","coordinates":[[[98.7519,11.2776],[98.7512,11.2794],[98.7485,11.2834],[98.7458,11.2894],[98.7427,11.2921],[98.7415,11.2947],[98.7391,11.2969],[98.7372,11.298],[98.736,11.2974]],[[98.736,11.2974],[98.7358,11.2972]],[[98.7231,11.36],[98.7238,11.3587],[98.7243,11.3586],[98.726,11.3547],[98.7269,11.3511],[98.7267,11.3486],[98.7283,11.3468],[98.7308,11.3422],[98.7341,11.3398],[98.734,11.337],[98.7324,11.3342],[98.7321,11.3325],[98.7305,11.3312],[98.7306,11.3299],[98.7295,11.3293],[98.7289,11.3249],[98.729,11.321],[98.7277,11.3197],[98.7272,11.3171],[98.7291,11.3109],[98.7301,11.3096],[98.7303,11.3077],[98.7314,11.3062],[98.7331,11.3059],[98.7342,11.3049],[98.736,11.2974]]]}},{"type":"Feature","properties":{"Road_Type":"Tertiary"},"geometry":{"type":"LineString","coordinates":[[98.9742,11.4892],[98.9713,11.4911],[98.971,11.4922],[98.97,11.4931],[98.9697,11.4941],[98.9698,11.498],[98.968,11.4981],[98.9672,11.4988],[98.9676,11.5001],[98.9684,11.5004],[98.9689,11.5034],[98.9705,11.5035],[98.9724,11.5072],[98.9732,11.5075],[98.9747,11.5071]]}},{"type":"Feature","properties":{"Road_Type":"Tertiary"},"geometry":{"type":"LineString","coordinates":[[98.9894,11.4923],[98.9897,11.4871],[98.9909,11.4856],[98.9912,11.4841],[98.9903,11.4805],[98.9873,11.4808],[98.9863,11.4834],[98.9856,11.4837],[98.9841,11.4833],[98.9831,11.4837],[98.9804,11.4832],[98.9775,11.4841],[98.9757,11.4834],[98.9741,11.4849],[98.9739,11.4856]]}},{"type":"Feature","properties":{"Road_Type":"Tertiary"},"geometry":{"type":"LineString","coordinates":[[98.8503,11.3954],[98.847,11.3947],[98.843,11.3963],[98.8406,11.3959],[98.8398,11.3949],[98.838,11.3941],[98.8362,11.3953],[98.8297,11.396],[98.822,11.3996],[98.8193,11.402],[98.8162,11.4029],[98.812,11.4078],[98.8111,11.4083],[98.8075,11.4157],[98.8056,11.4216],[98.8057,11.4237],[98.8064,11.4246],[98.8059,11.4263],[98.8063,11.4281],[98.8049,11.4284],[98.8034,11.4278],[98.8023,11.4284],[98.8019,11.4297],[98.8023,11.4313],[98.8022,11.4328],[98.8006,11.4346],[98.7981,11.4361],[98.7986,11.4402],[98.8004,11.4437],[98.8018,11.4445],[98.8018,11.4461],[98.8028,11.4478],[98.8025,11.4491],[98.8015,11.4494],[98.8009,11.451],[98.7998,11.451],[98.7987,11.4517],[98.7983,11.4543],[98.7973,11.4555],[98.7975,11.4566],[98.7963,11.4585],[98.7963,11.46],[98.7956,11.4614],[98.7978,11.4633],[98.7984,11.4646],[98.7974,11.4686],[98.7954,11.4712],[98.7945,11.4715],[98.7937,11.4699],[98.7909,11.4692],[98.7901,11.4697],[98.7887,11.4676],[98.7871,11.4676],[98.7861,11.469],[98.7863,11.4697],[98.7855,11.4721],[98.7844,11.4738],[98.7836,11.4737],[98.7828,11.4746],[98.781,11.475],[98.7802,11.474],[98.7798,11.4722],[98.7761,11.4713],[98.7751,11.4706],[98.774,11.4679],[98.7731,11.4676],[98.7706,11.4683],[98.7655,11.467],[98.7642,11.4622]]}},{"type":"Feature","properties":{"Road_Type":"Tertiary"},"geometry":{"type":"LineString","coordinates":[[98.7334,12.3163],[98.7324,12.318],[98.7317,12.3212],[98.73,12.3218],[98.7298,12.323],[98.728,12.3236],[98.7279,12.3226],[98.7262,12.3227],[98.7165,12.3251],[98.7143,12.3263],[98.712,12.3266]]}},{"type":"Feature","properties":{"Road_Type":"Tertiary"},"geometry":{"type":"LineString","coordinates":[[98.9727,11.4507],[98.9703,11.4559],[98.9694,11.4596],[98.9675,11.4591],[98.9669,11.4618],[98.9669,11.4635],[98.9681,11.4687],[98.9713,11.4719],[98.971,11.473],[98.9683,11.476],[98.9677,11.4775],[98.9686,11.4802],[98.9694,11.4816],[98.9708,11.4823],[98.9717,11.482],[98.9733,11.4843],[98.974,11.4859],[98.9742,11.4892],[98.9755,11.4895],[98.9773,11.4888],[98.979,11.4897],[98.9787,11.4915],[98.9802,11.4922],[98.9823,11.492],[98.9839,11.4911],[98.987,11.4914],[98.9874,11.4938],[98.9892,11.4951],[98.9901,11.4946]]}},{"type":"Feature","properties":{"Road_Type":"Tertiary"},"geometry":{"type":"LineString","coordinates":[[99.0175,11.4822],[99.0159,11.4834],[99.0151,11.4848]]}},{"type":"Feature","properties":{"Road_Type":"Tertiary"},"geometry":{"type":"LineString","coordinates":[[99.0051,11.4854],[99.0065,11.4827],[99.0059,11.481],[99.006,11.4776],[99.0049,11.4763],[99.0028,11.4749],[99.0041,11.4727]]}},{"type":"Feature","properties":{"Road_Type":"Tertiary"},"geometry":{"type":"LineString","coordinates":[[98.9914,11.496],[98.9958,11.4968],[98.9997,11.4949],[99.0004,11.4939],[98.9998,11.4922],[99.0,11.4918],[99.0026,11.4904],[99.0046,11.4881],[99.0051,11.4854]]}},{"type":"Feature","properties":{"Road_Type":"Tertiary"},"geometry":{"type":"LineString","coordinates":[[98.9964,11.4845],[99.0036,11.4848],[99.0051,11.4854]]}},{"type":"Feature","properties":{"Road_Type":"Tertiary"},"geometry":{"type":"LineString","coordinates":[[99.0051,11.4854],[99.0061,11.4866],[99.0073,11.4864],[99.008,11.4857],[99.01,11.4854],[99.0118,11.4866],[99.0151,11.4848]]}},{"type":"Feature","properties":{"Road_Type":"Tertiary"},"geometry":{"type":"LineString","coordinates":[[98.9974,11.4478],[98.9995,11.4496],[99.0017,11.4547],[99.0017,11.4568],[99.0009,11.4598],[99.0014,11.462],[99.0019,11.4624],[99.0014,11.4672],[99.0006,11.4683],[99.0011,11.4695],[99.0036,11.4727],[99.0069,11.4733],[99.0088,11.4742]]}},{"type":"Feature","properties":{"Road_Type":"Tertiary"},"geometry":{"type":"LineString","coordinates":[[99.0895,12.0099],[99.088,12.0096],[99.0878,12.0084],[99.0866,12.0069],[99.0813,12.0027],[99.0762,12.0012],[99.0744,12.0016]]}},{"type":"Feature","properties":{"Road_Type":"Tertiary"},"geometry":{"type":"LineString","coordinates":[[98.8782,12.1417],[98.8772,12.1433],[98.8753,12.1433],[98.8746,12.1464],[98.8746,12.1483],[98.8759,12.15],[98.8758,12.1535],[98.8769,12.1546],[98.8772,12.1573],[98.8768,12.159],[98.8774,12.1612],[98.876,12.1629],[98.8758,12.1659],[98.8721,12.1735]]}},{"type":"Feature","properties":{"Road_Type":"Tertiary"},"geometry":{"type":"LineString","coordinates":[[98.8721,12.1735],[98.8697,12.1774],[98.8677,12.1837]]}},{"type":"Feature","properties":{"Road_Type":"Tertiary"},"geometry":{"type":"LineString","coordinates":[[99.0454,12.2835],[99.0429,12.2826],[99.0407,12.2828],[99.0357,12.2859],[99.0342,12.2901],[99.0319,12.291],[99.0304,12.2924]]}},{"type":"Feature","properties":{"Road_Type":"Tertiary"},"geometry":{"type":"LineString","coordinates":[[99.0199,12.3143],[99.0157,12.314],[99.0132,12.3148],[99.0116,12.3194],[99.0124,12.3266],[99.0117,12.3303],[99.0109,12.3322],[99.0118,12.337],[99.009,12.3434],[99.005,12.3503],[99.0,12.3514],[98.9973,12.3528],[98.9916,12.3578],[98.9887,12.3641],[98.987,12.3653],[98.9868,12.3666],[98.9845,12.3699],[98.9844,12.3709],[98.9829,12.3724],[98.981,12.3734],[98.9802,12.376],[98.9782,12.3772],[98.9774,12.3802],[98.9783,12.3812],[98.9773,12.3832],[98.9762,12.3828],[98.9753,12.384],[98.9731,12.384],[98.9709,12.3859],[98.9681,12.3853],[98.9679,12.386],[98.9707,12.3871],[98.9717,12.3902],[98.9733,12.3926]]}},{"type":"Feature","properties":{"Road_Type":"Tertiary"},"geometry":{"type":"LineString","coordinates":[[98.2447,14.2732],[98.2452,14.2732],[98.2452,14.2724],[98.2463,14.2716],[98.2463,14.2706],[98.2482,14.2707],[98.2496,14.2692],[98.2496,14.2684],[98.2503,14.268],[98.2508,14.2682],[98.2503,14.2688],[98.2524,14.269],[98.2523,14.2699],[98.2552,14.269],[98.2554,14.2697],[98.2585,14.2696],[98.2586,14.269],[98.2595,14.2689],[98.2602,14.2713],[98.2614,14.2729],[98.2613,14.2744],[98.2622,14.2754],[98.2628,14.275],[98.2628,14.2743]]}},{"type":"Feature","properties":{"Road_Type":"Tertiary"},"geometry":{"type":"LineString","coordinates":[[98.8155,12.6074],[98.8178,12.6087],[98.8194,12.6082],[98.8219,12.6108],[98.8222,12.6127],[98.8244,12.6149],[98.8256,12.6157],[98.8275,12.6152],[98.8297,12.617],[98.8304,12.6171],[98.8356,12.6124],[98.8381,12.6086],[98.8469,12.6068],[98.8475,12.6056],[98.8487,12.605],[98.8503,12.6054],[98.8529,12.6049],[98.8537,12.6056],[98.8547,12.6057],[98.8571,12.6041],[98.8577,12.6047],[98.8619,12.6046],[98.8623,12.6055],[98.8656,12.6063],[98.8727,12.611],[98.8735,12.6124],[98.8729,12.6133],[98.8734,12.6135],[98.8725,12.6147],[98.8733,12.6155],[98.8763,12.6156],[98.8771,12.6125],[98.8782,12.6118],[98.8782,12.6099],[98.8797,12.6096],[98.8816,12.6084],[98.8819,12.6073],[98.8834,12.6072],[98.8852,12.6051],[98.8874,12.6052],[98.8915,12.6081],[98.8946,12.6077],[98.896,12.6063],[98.8986,12.6069],[98.9058,12.6112],[98.9115,12.6097],[98.9138,12.6047],[98.9153,12.6029],[98.9221,12.6029],[98.9251,12.6038],[98.9262,12.6037],[98.9295,12.6023],[98.9326,12.5998],[98.9356,12.6],[98.9366,12.5993],[98.9384,12.5965],[98.9385,12.5945],[98.9393,12.5938],[98.9421,12.5942],[98.9445,12.596],[98.9453,12.5959],[98.9473,12.597],[98.9482,12.5969],[98.9499,12.5964],[98.9505,12.5953],[98.9517,12.5952],[98.9532,12.5953],[98.9546,12.5965],[98.9568,12.5949],[98.9573,12.5933],[98.9586,12.5922],[98.9605,12.5927],[98.9646,12.5796],[98.966,12.5775],[98.9677,12.577],[98.9692,12.5716],[98.9713,12.5711],[98.9746,12.5691],[98.9756,12.5669],[98.9769,12.5659],[98.979,12.5626],[98.982,12.5627],[98.9842,12.5634],[98.9881,12.5634],[98.9898,12.5617],[98.9911,12.5615],[98.9913,12.5594],[98.9936,12.558],[98.9954,12.5575],[98.9971,12.5552],[98.9987,12.5556],[99.0007,12.5582],[99.0021,12.5574],[99.003,12.5581],[99.0035,12.5575],[99.003,12.5564],[99.0039,12.5558],[99.0055,12.5564],[99.0055,12.5582],[99.0063,12.5587],[99.0072,12.5583],[99.008,12.5589],[99.0078,12.5594],[99.0092,12.5601],[99.0106,12.5601],[99.0135,12.5614],[99.0139,12.5609],[99.0154,12.5617],[99.0176,12.5609],[99.0172,12.5617],[99.0174,12.5632],[99.0183,12.5661],[99.0191,12.5666],[99.0181,12.5674],[99.0188,12.5693],[99.0197,12.5703],[99.0194,12.5713]]}},{"type":"Feature","properties":{"Road_Type":"Tertiary"},"geometry":{"type":"LineString","coordinates":[[98.7103,12.3234],[98.7103,12.3223],[98.7127,12.3217]]}},{"type":"Feature","properties":{"Road_Type":"Tertiary"},"geometry":{"type":"LineString","coordinates":[[98.7153,12.3257],[98.7145,12.3218],[98.7127,12.3217]]}},{"type":"Feature","properties":{"Road_Type":"Tertiary"},"geometry":{"type":"LineString","coordinates":[[98.708,12.314],[98.7089,12.3124],[98.7091,12.3104]]}},{"type":"Feature","properties":{"Road_Type":"Tertiary"},"geometry":{"type":"LineString","coordinates":[[98.5837,13.3139],[98.577,13.307],[98.5721,13.3045],[98.5715,13.3018],[98.5704,13.3002],[98.5688,13.2938],[98.566,13.2887],[98.5649,13.2854],[98.5625,13.2848],[98.5587,13.2818],[98.5578,13.2805],[98.5564,13.2761],[98.5536,13.2726],[98.5526,13.2704],[98.5483,13.267],[98.547,13.2643],[98.5457,13.2653],[98.5417,13.2654],[98.5392,13.2665],[98.5362,13.2688],[98.5325,13.2695],[98.5274,13.2683],[98.5051,13.2657],[98.4969,13.2631],[98.4931,13.2601],[98.4919,13.2589],[98.491,13.257],[98.4907,13.2529]]}},{"type":"Feature","properties":{"Road_Type":"Secondary"},"geometry":{"type":"LineString","coordinates":[[98.2762,15.45],[98.2762,15.4454],[98.2767,15.4435],[98.2785,15.4415],[98.2797,15.4382],[98.2796,15.4347],[98.2808,15.4311],[98.2811,15.4267],[98.2837,15.4233],[98.2857,15.4191],[98.2882,15.4128],[98.292,15.4],[98.2934,15.3981],[98.297,15.3953],[98.3004,15.3961],[98.3038,15.3962],[98.3067,15.3955],[98.3074,15.3946],[98.3061,15.3914],[98.306,15.3897],[98.3039,15.3879],[98.3038,15.3865],[98.3055,15.3834],[98.3054,15.3824]]}},{"type":"Feature","properties":{"Road_Type":"Tertiary"},"geometry":{"type":"LineString","coordinates":[[98.3741,15.3094],[98.3762,15.307],[98.3788,15.3067],[98.3817,15.3074],[98.383,15.3071],[98.3911,15.32],[98.3913,15.321],[98.3858,15.3248],[98.3809,15.3364],[98.3815,15.3386],[98.3807,15.3422],[98.3813,15.3475],[98.3801,15.3517],[98.3803,15.3583],[98.381,15.3626],[98.3809,15.3665],[98.3819,15.3699],[98.3826,15.3704],[98.3808,15.3749],[98.3805,15.3766],[98.3812,15.3811],[98.3808,15.3837],[98.3799,15.3849],[98.38,15.3897],[98.3806,15.3901],[98.3804,15.3918],[98.3812,15.3935],[98.3803,15.3946],[98.3785,15.3933],[98.3759,15.3987],[98.3741,15.4007],[98.3737,15.4031],[98.3722,15.4042],[98.3718,15.4055],[98.3719,15.4076],[98.3705,15.4121],[98.3692,15.414],[98.3689,15.4178],[98.3676,15.419],[98.3681,15.421],[98.3673,15.4239],[98.3677,15.4246],[98.3728,15.4268],[98.3724,15.4283],[98.3736,15.4325],[98.3731,15.4354],[98.3737,15.4377],[98.3737,15.4403],[98.373,15.4417],[98.3725,15.4451],[98.3744,15.45]]}},{"type":"Feature","properties":{"Road_Type":"Tertiary"},"geometry":{"type":"LineString","coordinates":[[99.0427,13.8889],[99.0407,13.8885],[99.039,13.8892],[99.0375,13.8883],[99.0365,13.8869],[99.0365,13.8841],[99.0347,13.8813],[99.034,13.8781],[99.0318,13.8766],[99.0308,13.8742],[99.0302,13.8739],[99.0289,13.8748],[99.0271,13.8745],[99.0249,13.8762],[99.0244,13.8777],[99.0233,13.8781],[99.0221,13.8772],[99.0183,13.8771],[99.0161,13.8744],[99.0172,13.8726],[99.0176,13.8708],[99.0173,13.8696],[99.0177,13.8695],[99.0179,13.8685],[99.0153,13.8661],[99.013,13.8653],[99.0121,13.8629],[99.01,13.8617],[99.0098,13.8604],[99.0103,13.8593],[99.0095,13.8587],[99.0084,13.8589],[99.0077,13.8568],[99.0065,13.856],[99.0074,13.8546],[99.0065,13.8532],[99.0062,13.8528],[99.0052,13.8534],[99.0044,13.8527],[99.005,13.851],[99.0036,13.8496],[99.0042,13.8464],[99.0065,13.8414],[99.0063,13.8381],[99.0056,13.8355],[99.0043,13.8348],[99.0025,13.8321],[99.0008,13.831],[98.9998,13.8284],[98.9994,13.8257],[98.9987,13.8253],[99.001,13.8212],[99.0017,13.8174],[99.0037,13.8148],[99.0071,13.8119],[99.0118,13.8027],[99.0167,13.7971],[99.0167,13.7946],[99.0222,13.7924],[99.0239,13.7908],[99.0242,13.7912],[99.0248,13.7905],[99.0259,13.7875],[99.0254,13.787],[99.0255,13.7843],[99.0247,13.7834],[99.0242,13.7793],[99.0257,13.775],[99.0255,13.773],[99.0267,13.7711],[99.0281,13.7667],[99.0313,13.7642],[99.0313,13.7626],[99.0324,13.7594],[99.0348,13.7572],[99.0367,13.7534],[99.0386,13.7443],[99.0385,13.7412],[99.0402,13.7392],[99.0401,13.7345],[99.0429,13.7287],[99.044,13.7275],[99.0436,13.7263],[99.0441,13.7243],[99.043,13.7233],[99.0444,13.7206],[99.0445,13.7193],[99.0463,13.7188],[99.0475,13.7158],[99.0492,13.7141],[99.0504,13.7112],[99.0515,13.7056],[99.0531,13.7059],[99.0536,13.7055],[99.0517,13.7047],[99.0514,13.7034],[99.0531,13.7026],[99.0505,13.7008],[99.0496,13.6977],[99.0476,13.6948],[99.0468,13.6945],[99.0471,13.691],[99.0455,13.6882],[99.0455,13.6866],[99.0449,13.6861],[99.0453,13.6851],[99.0464,13.6849],[99.0471,13.6831],[99.0473,13.6805],[99.0483,13.6794],[99.0477,13.675],[99.0485,13.6705],[99.0506,13.6678],[99.0529,13.6679],[99.0537,13.6662],[99.0569,13.6666],[99.0599,13.6627],[99.0618,13.6615],[99.0635,13.6576],[99.0646,13.6581],[99.0661,13.6572],[99.0667,13.6581],[99.0697,13.6588],[99.0705,13.6642],[99.0713,13.6649],[99.0727,13.665],[99.0759,13.667],[99.0772,13.6668],[99.0796,13.6706],[99.0799,13.6724],[99.0807,13.6728],[99.0827,13.6714],[99.0835,13.6716],[99.0846,13.674],[99.0863,13.6742],[99.0879,13.6762],[99.088,13.6783],[99.0895,13.678],[99.0916,13.679],[99.0942,13.681],[99.0953,13.6804],[99.0962,13.6808],[99.0963,13.6832],[99.0979,13.6832],[99.0972,13.685],[99.0982,13.6854],[99.1002,13.6872],[99.1026,13.692],[99.1054,13.6926],[99.1074,13.6945],[99.1087,13.6946],[99.109,13.6953],[99.1107,13.696],[99.1128,13.6931],[99.113,13.6913],[99.1147,13.6889],[99.1164,13.6876],[99.1196,13.6872],[99.1203,13.6879],[99.1199,13.6888],[99.119,13.6893],[99.1206,13.6896],[99.1209,13.6888],[99.1247,13.6867],[99.1243,13.6837],[99.1233,13.6824],[99.1255,13.6799],[99.1267,13.6805],[99.1266,13.6791],[99.1273,13.6785],[99.1289,13.6783],[99.1308,13.674],[99.1319,13.673],[99.1322,13.6722],[99.1312,13.6712],[99.1337,13.6696],[99.134,13.6684],[99.1348,13.6678],[99.1385,13.6671],[99.1426,13.6686],[99.1435,13.6662],[99.1452,13.667],[99.1488,13.6665],[99.1511,13.667],[99.1542,13.6654],[99.1548,13.6659],[99.1561,13.6658],[99.1601,13.6679],[99.161,13.6676],[99.1618,13.6682],[99.1618,13.669],[99.1627,13.6695],[99.162,13.6719],[99.1632,13.6731],[99.1666,13.6735],[99.1683,13.6717]]}},{"type":"Feature","properties":{"Road_Type":"Tertiary"},"geometry":{"type":"LineString","coordinates":[[98.5959,10.8495],[98.5969,10.8479],[98.5965,10.8464],[98.5969,10.8457],[98.5977,10.8454],[98.5992,10.8457],[98.6002,10.8471],[98.6007,10.8466],[98.6006,10.8458],[98.6029,10.8465],[98.6034,10.8455],[98.6022,10.8432],[98.6025,10.8422],[98.6044,10.8421],[98.6067,10.84],[98.6073,10.8385],[98.6083,10.8379],[98.6104,10.8377],[98.6123,10.8361],[98.6129,10.8322],[98.6163,10.8313],[98.6175,10.8303],[98.6175,10.8288],[98.6167,10.8276],[98.6179,10.8264],[98.6213,10.8177],[98.6236,10.8177],[98.6244,10.8164],[98.6279,10.8166]]}},{"type":"Feature","properties":{"Road_Type":"Tertiary"},"geometry":{"type":"LineString","coordinates":[[98.4947,11.7402],[98.4967,11.7366],[98.4968,11.7322],[98.4978,11.7287],[98.4978,11.7271],[98.4984,11.7262],[98.4982,11.7229],[98.4987,11.7208],[98.4955,11.7148],[98.4934,11.7129],[98.4934,11.7113],[98.4906,11.7076],[98.4914,11.7068],[98.4913,11.7061],[98.4905,11.7051],[98.4883,11.7039],[98.4885,11.7018],[98.4862,11.6978],[98.4861,11.697],[98.4869,11.6954],[98.4862,11.6924],[98.4866,11.6913],[98.4906,11.6881],[98.4912,11.6854],[98.4942,11.6816],[98.4957,11.6816],[98.4966,11.6811],[98.4988,11.6782],[98.5004,11.6775],[98.5032,11.6788],[98.5075,11.6793],[98.5113,11.6761],[98.512,11.675],[98.5145,11.6742],[98.5162,11.6754],[98.5222,11.6747]]}},{"type":"Feature","properties":{"Road_Type":"Tertiary"},"geometry":{"type":"LineString","coordinates":[[98.0353,12.3546],[98.0384,12.3559],[98.0399,12.3559],[98.0427,12.3584],[98.0468,12.3608],[98.0487,12.3634],[98.0512,12.3651],[98.0532,12.3645],[98.0548,12.3647],[98.0567,12.3658],[98.0573,12.3664],[98.0577,12.3693],[98.0587,12.37],[98.0597,12.3715],[98.0619,12.3713],[98.0639,12.3694],[98.0671,12.3687],[98.0686,12.3671]]}},{"type":"Feature","properties":{"Road_Type":"Tertiary"},"geometry":{"type":"LineString","coordinates":[[98.0496,12.3731],[98.0488,12.372],[98.0489,12.3708],[98.0512,12.3685],[98.0512,12.367],[98.0506,12.3667],[98.0512,12.3651]]}},{"type":"Feature","properties":{"Road_Type":"Tertiary"},"geometry":{"type":"LineString","coordinates":[[98.388,12.389],[98.387,12.3871],[98.3855,12.3859],[98.3853,12.3838],[98.3834,12.3815],[98.3829,12.3799],[98.3825,12.377],[98.3846,12.3734],[98.3842,12.3707],[98.3825,12.3689],[98.3816,12.3687],[98.3812,12.3675],[98.3824,12.3654],[98.3831,12.3632],[98.3829,12.3619],[98.3813,12.3607],[98.3804,12.3593],[98.3794,12.3592],[98.3781,12.36],[98.3769,12.3592],[98.3767,12.3579],[98.3771,12.3569],[98.3754,12.3565],[98.3752,12.3554],[98.3746,12.3554],[98.3741,12.3523],[98.3765,12.3521],[98.3767,12.3515],[98.3737,12.3482],[98.3736,12.3467],[98.3731,12.3464],[98.372,12.3469],[98.372,12.3459],[98.371,12.3444],[98.3699,12.344],[98.3706,12.3431],[98.368,12.3431],[98.3658,12.342],[98.3658,12.3409],[98.3688,12.3394],[98.3681,12.337],[98.3689,12.337],[98.3688,12.3366],[98.3664,12.3355],[98.3662,12.3338],[98.3674,12.3319],[98.3633,12.3303],[98.3621,12.3316],[98.3606,12.3309],[98.3582,12.3317],[98.3543,12.334],[98.3539,12.3358],[98.3549,12.338],[98.3542,12.3408],[98.3539,12.3415],[98.3532,12.3414],[98.3518,12.3426],[98.3512,12.3444],[98.3516,12.3454],[98.3473,12.3504],[98.3462,12.3569],[98.3445,12.3574],[98.3417,12.3622],[98.3396,12.363],[98.3392,12.3636],[98.3399,12.3649],[98.3392,12.3667],[98.3388,12.3714],[98.3408,12.3746],[98.3373,12.3826],[98.3341,12.3865],[98.3313,12.3889],[98.3275,12.3908],[98.327,12.3957],[98.3279,12.3999],[98.3275,12.4002],[98.3269,12.3995],[98.3264,12.4044]]}},{"type":"Feature","properties":{"Road_Type":"Tertiary"},"geometry":{"type":"LineString","coordinates":[[98.3819,12.576],[98.3828,12.5771],[98.3824,12.5786],[98.3837,12.58],[98.3871,12.5797],[98.3878,12.5805],[98.3868,12.5838],[98.3883,12.5859],[98.388,12.5868],[98.389,12.5875],[98.3896,12.5891],[98.3894,12.5902],[98.3882,12.5911],[98.39,12.595],[98.3891,12.6034],[98.3899,12.604],[98.3909,12.6072],[98.3892,12.6096],[98.3893,12.6103],[98.3919,12.6145],[98.3938,12.6145],[98.3952,12.6172],[98.396,12.6177],[98.3967,12.6202],[98.3985,12.622]]}},{"type":"Feature","properties":{"Road_Type":"Tertiary"},"geometry":{"type":"LineString","coordinates":[[98.7347,14.1593],[98.7372,14.1601],[98.7378,14.1612],[98.7393,14.1611],[98.7391,14.163],[98.7405,14.1639],[98.7405,14.1661],[98.7393,14.1669],[98.7402,14.1672],[98.7402,14.1691],[98.7413,14.1697],[98.7406,14.1703],[98.7417,14.1709],[98.7417,14.1717],[98.7428,14.1722],[98.743,14.173],[98.7423,14.1738],[98.7427,14.1751],[98.7415,14.1759],[98.7427,14.1763],[98.743,14.178],[98.7451,14.1801],[98.7449,14.181],[98.7457,14.1814],[98.7462,14.1838],[98.7477,14.184],[98.7483,14.1861],[98.7478,14.1878],[98.7468,14.1889],[98.7453,14.1894],[98.743,14.1918],[98.7415,14.1965],[98.7402,14.198],[98.7398,14.1999],[98.7406,14.1997],[98.7407,14.2026],[98.7391,14.205],[98.7381,14.2055],[98.7374,14.2112],[98.7364,14.213],[98.7362,14.2166],[98.7352,14.2178],[98.7349,14.2191],[98.7354,14.2191],[98.7361,14.2178],[98.7391,14.218],[98.7404,14.217],[98.7427,14.2174],[98.7444,14.217],[98.7446,14.2178],[98.7453,14.2177],[98.7481,14.214],[98.7495,14.2131],[98.7498,14.2121],[98.7509,14.2117],[98.7517,14.2106],[98.7532,14.2096],[98.7535,14.2098],[98.7523,14.2118],[98.7527,14.2136],[98.7521,14.2147],[98.7526,14.2159],[98.7511,14.2158],[98.7534,14.2169],[98.7538,14.2164],[98.753,14.2154],[98.7532,14.2147],[98.7547,14.215],[98.7539,14.2138],[98.7543,14.2131],[98.7555,14.2135],[98.7569,14.2117],[98.7572,14.2131],[98.7598,14.2133],[98.7609,14.2116],[98.7618,14.2111],[98.7613,14.2099],[98.7616,14.2095],[98.7628,14.2109],[98.7632,14.2136],[98.7643,14.2136],[98.7665,14.2096],[98.7672,14.2091]]}}]}