{"type":"FeatureCollection","features":[{"type":"Feature","properties":{"schoolname":"အမက(၅)","urbanrural":"Urban","mm_tsname":"Palaw"},"geometry":{"type":"Point","coordinates":[98.6251,12.97358]}},{"type":"Feature","properties":{"schoolname":"အထက(ပကာရီ)","urbanrural":"Rural","mm_tsname":"Dawei"},"geometry":{"type":"Point","coordinates":[98.30183,14.11075]}},{"type":"Feature","properties":{"schoolname":"အထက(ပဝ)","urbanrural":"Rural","mm_tsname":"Tanintharyi"},"geometry":{"type":"Point","coordinates":[98.88936,12.12584]}},{"type":"Feature","properties":{"schoolname":"အထက(ခွဲ)(သိန္ဒော)","urbanrural":"Rural","mm_tsname":"Tanintharyi"},"geometry":{"type":"Point","coordinates":[99.14046,12.32073]}},{"type":"Feature","properties":{"schoolname":"အထက(ခွဲ)ရေပေါ်","urbanrural":"Rural","mm_tsname":"Tanintharyi"},"geometry":{"type":"Point","coordinates":[99.05992,12.12449]}},{"type":"Feature","properties":{"schoolname":"အထက(ခွဲ)(ဇဝဲ)","urbanrural":"Rural","mm_tsname":"Tanintharyi"},"geometry":{"type":"Point","coordinates":[98.91591,12.22883]}},{"type":"Feature","properties":{"schoolname":"အထက(ခွဲ)(လယ်သစ်)(န)","urbanrural":"Rural","mm_tsname":"Tanintharyi"},"geometry":{"type":"Point","coordinates":[98.82849,12.18696]}},{"type":"Feature","properties":{"schoolname":"အထက(ခွဲ)(မော့တောင်)","urbanrural":"Rural","mm_tsname":"Tanintharyi"},"geometry":{"type":"Point","coordinates":[99.63777,11.79234]}},{"type":"Feature","properties":{"schoolname":"အလက(ဘန်လောလမ်းဆုံ)","urbanrural":"Rural","mm_tsname":"Tanintharyi"},"geometry":{"type":"Point","coordinates":[99.05233,12.10533]}},{"type":"Feature","properties":{"schoolname":"အထက(တကူ)","urbanrural":"Rural","mm_tsname":"Tanintharyi"},"geometry":{"type":"Point","coordinates":[98.60069,12.44434]}},{"type":"Feature","properties":{"schoolname":"အလက(ရှမ်းအင်းတော်)","urbanrural":"Rural","mm_tsname":"Tanintharyi"},"geometry":{"type":"Point","coordinates":[99.04742,11.96505]}},{"type":"Feature","properties":{"schoolname":"အလက(ခွဲ)(သကျက်)","urbanrural":"Rural","mm_tsname":"Tanintharyi"},"geometry":{"type":"Point","coordinates":[99.11314,12.09504]}},{"type":"Feature","properties":{"schoolname":"အလက(ဂဏန်းကွင်း)","urbanrural":"Rural","mm_tsname":"Tanintharyi"},"geometry":{"type":"Point","coordinates":[99.14353,12.10807]}},{"type":"Feature","properties":{"schoolname":"အလက(သိန်ခွန်း)","urbanrural":"Rural","mm_tsname":"Tanintharyi"},"geometry":{"type":"Point","coordinates":[99.15134,11.88161]}},{"type":"Feature","properties":{"schoolname":"အလက(သဘော့လိပ်)","urbanrural":"Rural","mm_tsname":"Tanintharyi"},"geometry":{"type":"Point","coordinates":[99.13996,12.05158]}},{"type":"Feature","properties":{"schoolname":"အလက(‌ကော့မပြင်း)","urbanrural":"Rural","mm_tsname":"Tanintharyi"},"geometry":{"type":"Point","coordinates":[99.08694,12.44859]}},{"type":"Feature","properties":{"schoolname":"အလက(ခွဲ)ညောင်ပင်ကွင်း(န)","urbanrural":"Rural","mm_tsname":"Tanintharyi"},"geometry":{"type":"Point","coordinates":[99.09943,12.04658]}},{"type":"Feature","properties":{"schoolname":"အလက-ကျွဲထိန်းကုန်း","urbanrural":"Rural","mm_tsname":"Tanintharyi"},"geometry":{"type":"Point","coordinates":[99.10432,12.09079]}},{"type":"Feature","properties":{"schoolname":"အလက(ခွဲ)သံတိုက်","urbanrural":"Rural","mm_tsname":"Tanintharyi"},"geometry":{"type":"Point","coordinates":[99.03849,12.25227]}},{"type":"Feature","properties":{"schoolname":"အလက(ခွဲ)ပဝချောင်းထဲ","urbanrural":"Rural","mm_tsname":"Tanintharyi"},"geometry":{"type":"Point","coordinates":[98.88323,12.11912]}},{"type":"Feature","properties":{"schoolname":"မူလွန်(ဘန်းသဲ)","urbanrural":"Rural","mm_tsname":"Tanintharyi"},"geometry":{"type":"Point","coordinates":[99.02839,12.05838]}},{"type":"Feature","properties":{"schoolname":"အလက(ခွဲ)(မရင်းကြီး)","urbanrural":"Rural","mm_tsname":"Tanintharyi"},"geometry":{"type":"Point","coordinates":[99.00197,12.13205]}},{"type":"Feature","properties":{"schoolname":"မူလွန်(သမီးလှ)(ရ)","urbanrural":"Rural","mm_tsname":"Tanintharyi"},"geometry":{"type":"Point","coordinates":[99.06602,12.17407]}},{"type":"Feature","properties":{"schoolname":"မူလွန်(မုတ်ဆိတ်ကွင်း)","urbanrural":"Rural","mm_tsname":"Tanintharyi"},"geometry":{"type":"Point","coordinates":[99.10616,12.06093]}},{"type":"Feature","properties":{"schoolname":"မူလွန်(လမိုင်းကော့)","urbanrural":"Rural","mm_tsname":"Tanintharyi"},"geometry":{"type":"Point","coordinates":[99.05852,12.27046]}},{"type":"Feature","properties":{"schoolname":"မူလွန်(သာရဘွင်)(ရ)","urbanrural":"Rural","mm_tsname":"Tanintharyi"},"geometry":{"type":"Point","coordinates":[99.05039,12.29763]}},{"type":"Feature","properties":{"schoolname":"အလက(ခွဲ)(ပျဥ်းကတိုး)","urbanrural":"Rural","mm_tsname":"Tanintharyi"},"geometry":{"type":"Point","coordinates":[98.99917,12.3526]}},{"type":"Feature","properties":{"schoolname":"မူလွန်(‌‌ေ ကျာက်လုံးကြီး)","urbanrural":"Rural","mm_tsname":"Tanintharyi"},"geometry":{"type":"Point","coordinates":[98.94953,12.92877]}},{"type":"Feature","properties":{"schoolname":"မူလွန်(‌ခြောက်မိုင်)","urbanrural":"Rural","mm_tsname":"Tanintharyi"},"geometry":{"type":"Point","coordinates":[99.11074,12.07686]}},{"type":"Feature","properties":{"schoolname":"မူလွန်(လယ်သစ်)(ရ)","urbanrural":"Rural","mm_tsname":"Tanintharyi"},"geometry":{"type":"Point","coordinates":[98.83125,12.18225]}},{"type":"Feature","properties":{"schoolname":"အမက(‌ချောင်းငယ်)","urbanrural":"Urban","mm_tsname":"Tanintharyi"},"geometry":{"type":"Point","coordinates":[99.01384,12.07532]}},{"type":"Feature","properties":{"schoolname":"အမက(‌အောက်ကင်းရှေ့)","urbanrural":"Rural","mm_tsname":"Tanintharyi"},"geometry":{"type":"Point","coordinates":[99.00052,12.08793]}},{"type":"Feature","properties":{"schoolname":"အမက(တပ်ဦး)","urbanrural":"Rural","mm_tsname":"Tanintharyi"},"geometry":{"type":"Point","coordinates":[99.01191,12.07638]}},{"type":"Feature","properties":{"schoolname":"အမက(ဇလုံး)","urbanrural":"Rural","mm_tsname":"Tanintharyi"},"geometry":{"type":"Point","coordinates":[98.93855,12.11659]}},{"type":"Feature","properties":{"schoolname":"အမက(တမုတ်ချုံး)","urbanrural":"Rural","mm_tsname":"Tanintharyi"},"geometry":{"type":"Point","coordinates":[99.00262,12.02906]}},{"type":"Feature","properties":{"schoolname":"အမက(ထုံတော်)","urbanrural":"Rural","mm_tsname":"Tanintharyi"},"geometry":{"type":"Point","coordinates":[99.09492,12.06528]}},{"type":"Feature","properties":{"schoolname":"အမက(ကမ္မလိုင်း)","urbanrural":"Rural","mm_tsname":"Tanintharyi"},"geometry":{"type":"Point","coordinates":[99.02267,11.99876]}},{"type":"Feature","properties":{"schoolname":"အမက(ကမ်းတို)","urbanrural":"Rural","mm_tsname":"Tanintharyi"},"geometry":{"type":"Point","coordinates":[98.93992,12.16062]}},{"type":"Feature","properties":{"schoolname":"အမက(ရမ်းဖို)","urbanrural":"Rural","mm_tsname":"Tanintharyi"},"geometry":{"type":"Point","coordinates":[98.93897,12.16736]}},{"type":"Feature","properties":{"schoolname":"အမက(ပြင်ရိုး)","urbanrural":"Rural","mm_tsname":"Tanintharyi"},"geometry":{"type":"Point","coordinates":[98.93674,12.12059]}},{"type":"Feature","properties":{"schoolname":"အမက(ထုံနွယ်)","urbanrural":"Rural","mm_tsname":"Tanintharyi"},"geometry":{"type":"Point","coordinates":[98.9426,12.13863]}},{"type":"Feature","properties":{"schoolname":"အမက(ဘန်လင်)","urbanrural":"Rural","mm_tsname":"Tanintharyi"},"geometry":{"type":"Point","coordinates":[99.06664,12.12205]}},{"type":"Feature","properties":{"schoolname":"အမက(ဆင်ခေါင်း)","urbanrural":"Rural","mm_tsname":"Tanintharyi"},"geometry":{"type":"Point","coordinates":[99.1046,12.07799]}},{"type":"Feature","properties":{"schoolname":"အမက(ဘန်လော)(န)","urbanrural":"Rural","mm_tsname":"Tanintharyi"},"geometry":{"type":"Point","coordinates":[99.06645,12.12947]}},{"type":"Feature","properties":{"schoolname":"အမက(‌ညောင်ဇင်ထောင့်)","urbanrural":"Rural","mm_tsname":"Tanintharyi"},"geometry":{"type":"Point","coordinates":[98.93375,12.12751]}},{"type":"Feature","properties":{"schoolname":"အမက(ထုံမခါ)","urbanrural":"Rural","mm_tsname":"Tanintharyi"},"geometry":{"type":"Point","coordinates":[99.13263,12.05337]}},{"type":"Feature","properties":{"schoolname":"အမက(သမီးလှ)(န)","urbanrural":"Rural","mm_tsname":"Tanintharyi"},"geometry":{"type":"Point","coordinates":[99.05853,12.14508]}},{"type":"Feature","properties":{"schoolname":"အမက(ကတော့ကမ်း)","urbanrural":"Rural","mm_tsname":"Tanintharyi"},"geometry":{"type":"Point","coordinates":[98.93569,12.16282]}},{"type":"Feature","properties":{"schoolname":"အမက(ပြင်ဝန်း)","urbanrural":"Rural","mm_tsname":"Tanintharyi"},"geometry":{"type":"Point","coordinates":[98.9114,12.22414]}},{"type":"Feature","properties":{"schoolname":"အမက(ပဝကျွန်းရှည်)","urbanrural":"Rural","mm_tsname":"Tanintharyi"},"geometry":{"type":"Point","coordinates":[98.88026,12.14056]}},{"type":"Feature","properties":{"schoolname":"အမက(‌မြေမအုံ)","urbanrural":"Rural","mm_tsname":"Tanintharyi"},"geometry":{"type":"Point","coordinates":[99.1325,11.94861]}},{"type":"Feature","properties":{"schoolname":"အမက(မြန်မာအင်းတော်)","urbanrural":"Rural","mm_tsname":"Tanintharyi"},"geometry":{"type":"Point","coordinates":[99.0234,12.03939]}},{"type":"Feature","properties":{"schoolname":"မူလွန်(သဲဖြူ)","urbanrural":"Rural","mm_tsname":"Tanintharyi"},"geometry":{"type":"Point","coordinates":[99.15668,11.88118]}},{"type":"Feature","properties":{"schoolname":"အမက(သက္ကယ်ကျော်)","urbanrural":"Rural","mm_tsname":"Tanintharyi"},"geometry":{"type":"Point","coordinates":[98.8863,12.11779]}},{"type":"Feature","properties":{"schoolname":"အမက(ဝါသ)","urbanrural":"Rural","mm_tsname":"Tanintharyi"},"geometry":{"type":"Point","coordinates":[98.90586,12.07621]}},{"type":"Feature","properties":{"schoolname":"အမက(ပဝပိန်းတော)","urbanrural":"Rural","mm_tsname":"Tanintharyi"},"geometry":{"type":"Point","coordinates":[98.89763,12.0841]}},{"type":"Feature","properties":{"schoolname":"အမက(ပဝထိန်)","urbanrural":"Rural","mm_tsname":"Tanintharyi"},"geometry":{"type":"Point","coordinates":[98.90065,12.06547]}},{"type":"Feature","properties":{"schoolname":"အမက(မရာချောင်း)","urbanrural":"Rural","mm_tsname":"Tanintharyi"},"geometry":{"type":"Point","coordinates":[99.05876,12.25983]}},{"type":"Feature","properties":{"schoolname":"အမက(ပိတောက်တန်း)","urbanrural":"Rural","mm_tsname":"Tanintharyi"},"geometry":{"type":"Point","coordinates":[99.05677,12.26136]}},{"type":"Feature","properties":{"schoolname":"အမက(ရေခမ်းချောင်း)","urbanrural":"Rural","mm_tsname":"Tanintharyi"},"geometry":{"type":"Point","coordinates":[98.91402,12.21786]}},{"type":"Feature","properties":{"schoolname":"အမက(တလိုင်းတပ်)","urbanrural":"Rural","mm_tsname":"Tanintharyi"},"geometry":{"type":"Point","coordinates":[99.03593,12.29002]}},{"type":"Feature","properties":{"schoolname":"အမက(သာယာကုန်း)(မ)","urbanrural":"Rural","mm_tsname":"Tanintharyi"},"geometry":{"type":"Point","coordinates":[99.04824,12.28017]}},{"type":"Feature","properties":{"schoolname":"အမက(လယ်သစ်ချောင်းဝ)","urbanrural":"Rural","mm_tsname":"Tanintharyi"},"geometry":{"type":"Point","coordinates":[98.83318,12.18846]}},{"type":"Feature","properties":{"schoolname":"အမက(အင်းဝိုင်းကုန်း)","urbanrural":"Rural","mm_tsname":"Tanintharyi"},"geometry":{"type":"Point","coordinates":[98.92239,12.01537]}},{"type":"Feature","properties":{"schoolname":"အမက(ပတ္တမြား)","urbanrural":"Rural","mm_tsname":"Tanintharyi"},"geometry":{"type":"Point","coordinates":[99.05986,12.28847]}},{"type":"Feature","properties":{"schoolname":"အမက(မော့တောင်(၆)ရပ်ကွက်)","urbanrural":"Rural","mm_tsname":"Tanintharyi"},"geometry":{"type":"Point","coordinates":[99.63239,11.79476]}},{"type":"Feature","properties":{"schoolname":"မူလွန်(မော့တောင်(၃)ဆီအုန်းခြံ)","urbanrural":"Rural","mm_tsname":"Tanintharyi"},"geometry":{"type":"Point","coordinates":[99.6342,11.79421]}},{"type":"Feature","properties":{"schoolname":"အမက(ပိန်းချောင်း)","urbanrural":"Rural","mm_tsname":"Tanintharyi"},"geometry":{"type":"Point","coordinates":[98.95942,12.43825]}},{"type":"Feature","properties":{"schoolname":"အမက(ကဝက်)","urbanrural":"Rural","mm_tsname":"Tanintharyi"},"geometry":{"type":"Point","coordinates":[99.00207,12.36033]}},{"type":"Feature","properties":{"schoolname":"အမက(ရေပူ)","urbanrural":"Rural","mm_tsname":"Tanintharyi"},"geometry":{"type":"Point","coordinates":[99.1025,12.39243]}},{"type":"Feature","properties":{"schoolname":"အမက(သင်္ဘောနံ)","urbanrural":"Rural","mm_tsname":"Tanintharyi"},"geometry":{"type":"Point","coordinates":[99.09026,12.43917]}},{"type":"Feature","properties":{"schoolname":"အမက(ဟိန်းလတ်)","urbanrural":"Rural","mm_tsname":"Tanintharyi"},"geometry":{"type":"Point","coordinates":[99.08594,12.43928]}},{"type":"Feature","properties":{"schoolname":"အမက(သင်္ဘောဦး)","urbanrural":"Rural","mm_tsname":"Tanintharyi"},"geometry":{"type":"Point","coordinates":[98.98144,13.08048]}},{"type":"Feature","properties":{"schoolname":"အမက(အေးမွန်သာ)","urbanrural":"Rural","mm_tsname":"Tanintharyi"},"geometry":{"type":"Point","coordinates":[99.31649,11.32862]}},{"type":"Feature","properties":{"schoolname":"အမက(အေးသာယာ)","urbanrural":"Rural","mm_tsname":"Tanintharyi"},"geometry":{"type":"Point","coordinates":[99.11973,11.84471]}},{"type":"Feature","properties":{"schoolname":"အမက(တားပလတ်)","urbanrural":"Rural","mm_tsname":"Tanintharyi"},"geometry":{"type":"Point","coordinates":[99.08942,11.87983]}},{"type":"Feature","properties":{"schoolname":"အမက(ဖားကွင်း)","urbanrural":"Rural","mm_tsname":"Tanintharyi"},"geometry":{"type":"Point","coordinates":[98.95499,12.92932]}},{"type":"Feature","properties":{"schoolname":"အမက(ဘောဆနွင်း)","urbanrural":"Rural","mm_tsname":"Tanintharyi"},"geometry":{"type":"Point","coordinates":[98.91088,12.42502]}},{"type":"Feature","properties":{"schoolname":"အထက(၄)","urbanrural":"Urban","mm_tsname":"Dawei"},"geometry":{"type":"Point","coordinates":[98.19682,14.09132]}},{"type":"Feature","properties":{"schoolname":"အထက(မေတ္တာ)","urbanrural":"Urban","mm_tsname":"Dawei"},"geometry":{"type":"Point","coordinates":[98.52029,14.16084]}},{"type":"Feature","properties":{"schoolname":"အထက(ခွဲ)အလက(၃)","urbanrural":"Urban","mm_tsname":"Dawei"},"geometry":{"type":"Point","coordinates":[98.19287,14.06473]}},{"type":"Feature","properties":{"schoolname":"အထက(ခွဲ)(မောင်မယ်ရှောင်)","urbanrural":"Rural","mm_tsname":"Dawei"},"geometry":{"type":"Point","coordinates":[98.20664,14.15623]}},{"type":"Feature","properties":{"schoolname":"အထက(၃)","urbanrural":"Urban","mm_tsname":"Dawei"},"geometry":{"type":"Point","coordinates":[98.19703,14.07362]}},{"type":"Feature","properties":{"schoolname":"အမက(ကြိမ်ချောင်းဝ)","urbanrural":"Rural","mm_tsname":"Tanintharyi"},"geometry":{"type":"Point","coordinates":[99.24644,11.93968]}},{"type":"Feature","properties":{"schoolname":"အမက(ကျွဲခရံ)","urbanrural":"Rural","mm_tsname":"Tanintharyi"},"geometry":{"type":"Point","coordinates":[99.11792,11.94217]}},{"type":"Feature","properties":{"schoolname":"အမက(ခွဲ)(ကျောက်တလုံး)","urbanrural":"Rural","mm_tsname":"Tanintharyi"},"geometry":{"type":"Point","coordinates":[99.22447,11.96005]}},{"type":"Feature","properties":{"schoolname":"အလက(‌ရောင်းမော်)","urbanrural":"Rural","mm_tsname":"Dawei"},"geometry":{"type":"Point","coordinates":[98.24176,14.01211]}},{"type":"Feature","properties":{"schoolname":"အလက(၂၃ မိုင်)","urbanrural":"Rural","mm_tsname":"Dawei"},"geometry":{"type":"Point","coordinates":[98.40511,14.18824]}},{"type":"Feature","properties":{"schoolname":"အလက(ခွဲ)အညာဖျား","urbanrural":"Rural","mm_tsname":"Dawei"},"geometry":{"type":"Point","coordinates":[98.32878,14.06227]}},{"type":"Feature","properties":{"schoolname":"အလက(ပျားသားချောင်း)","urbanrural":"Rural","mm_tsname":"Dawei"},"geometry":{"type":"Point","coordinates":[98.56536,13.96681]}},{"type":"Feature","properties":{"schoolname":"အလက(ကထောင်းနီ)(ဘန်း)","urbanrural":"Rural","mm_tsname":"Dawei"},"geometry":{"type":"Point","coordinates":[98.656,13.84659]}},{"type":"Feature","properties":{"schoolname":"အလက(ကျောက်ထု)","urbanrural":"Rural","mm_tsname":"Dawei"},"geometry":{"type":"Point","coordinates":[98.71425,13.78208]}},{"type":"Feature","properties":{"schoolname":"မူလွန်(ဇရစ်)","urbanrural":"Urban","mm_tsname":"Dawei"},"geometry":{"type":"Point","coordinates":[98.19003,14.07069]}},{"type":"Feature","properties":{"schoolname":"မူလွန်(ဥဿရံ)","urbanrural":"Urban","mm_tsname":"Dawei"},"geometry":{"type":"Point","coordinates":[98.18833,14.08046]}},{"type":"Feature","properties":{"schoolname":"မူလွန်(ဆန်းချီ)","urbanrural":"Urban","mm_tsname":"Dawei"},"geometry":{"type":"Point","coordinates":[98.19291,14.08434]}},{"type":"Feature","properties":{"schoolname":"မူလွန်(စောမိညို)","urbanrural":"Urban","mm_tsname":"Dawei"},"geometry":{"type":"Point","coordinates":[98.19048,14.05801]}},{"type":"Feature","properties":{"schoolname":"မူလွန်(ကူးတို့)","urbanrural":"Rural","mm_tsname":"Dawei"},"geometry":{"type":"Point","coordinates":[98.22047,14.04642]}},{"type":"Feature","properties":{"schoolname":"မူလွန်(ဇလွန်း)","urbanrural":"Rural","mm_tsname":"Dawei"},"geometry":{"type":"Point","coordinates":[98.2337,14.08971]}},{"type":"Feature","properties":{"schoolname":"မူလွန်(ဇဟာ)","urbanrural":"Rural","mm_tsname":"Dawei"},"geometry":{"type":"Point","coordinates":[98.2184,14.13188]}},{"type":"Feature","properties":{"schoolname":"အလက(ခွဲ)(ရှမ္မတွင်း)","urbanrural":"Rural","mm_tsname":"Dawei"},"geometry":{"type":"Point","coordinates":[98.25672,14.04418]}},{"type":"Feature","properties":{"schoolname":"အလက(ခွဲ)(ဖောင်းတော)","urbanrural":"Rural","mm_tsname":"Dawei"},"geometry":{"type":"Point","coordinates":[98.55362,14.01077]}},{"type":"Feature","properties":{"schoolname":"မူလွန်(ကနိုင်းဒါ)","urbanrural":"Rural","mm_tsname":"Dawei"},"geometry":{"type":"Point","coordinates":[98.22311,14.03404]}},{"type":"Feature","properties":{"schoolname":"မူလွန်(ကဒွန်းရှောင်)","urbanrural":"Rural","mm_tsname":"Dawei"},"geometry":{"type":"Point","coordinates":[98.2188,14.13176]}},{"type":"Feature","properties":{"schoolname":"အလက(ခွဲ)(ကင်းကုန်း)","urbanrural":"Rural","mm_tsname":"Dawei"},"geometry":{"type":"Point","coordinates":[98.26387,14.17481]}},{"type":"Feature","properties":{"schoolname":"မူလွန်(ထီးထ)","urbanrural":"Rural","mm_tsname":"Dawei"},"geometry":{"type":"Point","coordinates":[99.02055,13.79321]}},{"type":"Feature","properties":{"schoolname":"မူလွန်(ဆိပ်ဖြုံး)","urbanrural":"Rural","mm_tsname":"Dawei"},"geometry":{"type":"Point","coordinates":[98.43887,14.33547]}},{"type":"Feature","properties":{"schoolname":"အမက(ကညုံ)","urbanrural":"Urban","mm_tsname":"Dawei"},"geometry":{"type":"Point","coordinates":[98.19727,14.07075]}},{"type":"Feature","properties":{"schoolname":"အမက(အနောက်)","urbanrural":"Urban","mm_tsname":"Dawei"},"geometry":{"type":"Point","coordinates":[98.18925,14.07464]}},{"type":"Feature","properties":{"schoolname":"အမက(အိုးလုပ်)","urbanrural":"Urban","mm_tsname":"Dawei"},"geometry":{"type":"Point","coordinates":[98.19139,14.07739]}},{"type":"Feature","properties":{"schoolname":"အမက(ပိန္နဲတော)","urbanrural":"Urban","mm_tsname":"Dawei"},"geometry":{"type":"Point","coordinates":[98.19464,14.07826]}},{"type":"Feature","properties":{"schoolname":"အမက(ကရပ်ပြင်)(တောင်)","urbanrural":"Urban","mm_tsname":"Dawei"},"geometry":{"type":"Point","coordinates":[98.20107,14.0713]}},{"type":"Feature","properties":{"schoolname":"အမက(ကရပ်ပြင်)(မြောက်)","urbanrural":"Urban","mm_tsname":"Dawei"},"geometry":{"type":"Point","coordinates":[98.2004,14.0756]}},{"type":"Feature","properties":{"schoolname":"အမက(မြောင်းပုလဲ)","urbanrural":"Urban","mm_tsname":"Dawei"},"geometry":{"type":"Point","coordinates":[98.18752,14.07925]}},{"type":"Feature","properties":{"schoolname":"အမက(သင်္ဘောဆိပ်(၁))","urbanrural":"Urban","mm_tsname":"Dawei"},"geometry":{"type":"Point","coordinates":[98.18642,14.07122]}},{"type":"Feature","properties":{"schoolname":"အမက(တလိုင်းမ)","urbanrural":"Urban","mm_tsname":"Dawei"},"geometry":{"type":"Point","coordinates":[98.1862,14.07504]}},{"type":"Feature","properties":{"schoolname":"အမက(ပုံကျွန်း)","urbanrural":"Urban","mm_tsname":"Dawei"},"geometry":{"type":"Point","coordinates":[98.19193,14.08033]}},{"type":"Feature","properties":{"schoolname":"အမက(ညောင်ရမ်း)","urbanrural":"Urban","mm_tsname":"Dawei"},"geometry":{"type":"Point","coordinates":[98.20208,14.08244]}},{"type":"Feature","properties":{"schoolname":"အမက(ရှမ္မလည်ဆွဲ)","urbanrural":"Urban","mm_tsname":"Dawei"},"geometry":{"type":"Point","coordinates":[98.2064,14.07472]}},{"type":"Feature","properties":{"schoolname":"အမက(ဝဲကျွန်းဘီ)","urbanrural":"Urban","mm_tsname":"Dawei"},"geometry":{"type":"Point","coordinates":[98.19643,14.09568]}},{"type":"Feature","properties":{"schoolname":"အမက(ကျွန်းမွှေး)","urbanrural":"Urban","mm_tsname":"Dawei"},"geometry":{"type":"Point","coordinates":[98.19141,14.09221]}},{"type":"Feature","properties":{"schoolname":"အမက(ဝဲကျွန်းညောင်ရမ်း)","urbanrural":"Urban","mm_tsname":"Dawei"},"geometry":{"type":"Point","coordinates":[98.20204,14.09022]}},{"type":"Feature","properties":{"schoolname":"အမက(ထိန်ဟောင်း)","urbanrural":"Urban","mm_tsname":"Dawei"},"geometry":{"type":"Point","coordinates":[98.19173,14.10326]}},{"type":"Feature","properties":{"schoolname":"အမက(ဆင်ဆိပ်)","urbanrural":"Urban","mm_tsname":"Dawei"},"geometry":{"type":"Point","coordinates":[98.19593,14.11089]}},{"type":"Feature","properties":{"schoolname":"အမက(အိမ်ရှေ့ပြင်)","urbanrural":"Urban","mm_tsname":"Dawei"},"geometry":{"type":"Point","coordinates":[98.20766,14.10898]}},{"type":"Feature","properties":{"schoolname":"အမက(ဝမော်)","urbanrural":"Rural","mm_tsname":"Dawei"},"geometry":{"type":"Point","coordinates":[98.23206,14.06549]}},{"type":"Feature","properties":{"schoolname":"အမက(အလယ်ကုန်း)","urbanrural":"Rural","mm_tsname":"Dawei"},"geometry":{"type":"Point","coordinates":[98.22357,14.04112]}},{"type":"Feature","properties":{"schoolname":"အမက(ကရင်မကုန်း)","urbanrural":"Rural","mm_tsname":"Dawei"},"geometry":{"type":"Point","coordinates":[98.254,14.05212]}},{"type":"Feature","properties":{"schoolname":"အမက(ပုလွေရှောင်)","urbanrural":"Rural","mm_tsname":"Dawei"},"geometry":{"type":"Point","coordinates":[98.24619,14.06477]}},{"type":"Feature","properties":{"schoolname":"အမက(တောင်ပို့)","urbanrural":"Rural","mm_tsname":"Dawei"},"geometry":{"type":"Point","coordinates":[98.257,14.06634]}},{"type":"Feature","properties":{"schoolname":"အမက(သဗျာ)","urbanrural":"Rural","mm_tsname":"Dawei"},"geometry":{"type":"Point","coordinates":[98.26772,14.06898]}},{"type":"Feature","properties":{"schoolname":"အမက(မနှဲကုန်း)","urbanrural":"Rural","mm_tsname":"Dawei"},"geometry":{"type":"Point","coordinates":[98.20329,14.1553]}},{"type":"Feature","properties":{"schoolname":"အမက(မဲချောင်း)","urbanrural":"Rural","mm_tsname":"Dawei"},"geometry":{"type":"Point","coordinates":[98.29382,14.08646]}},{"type":"Feature","properties":{"schoolname":"အမက(ပဒိုင်းချောင်း)","urbanrural":"Rural","mm_tsname":"Dawei"},"geometry":{"type":"Point","coordinates":[98.23623,14.16636]}},{"type":"Feature","properties":{"schoolname":"အမက(ခေါင်တိုင်ပြင်)","urbanrural":"Rural","mm_tsname":"Dawei"},"geometry":{"type":"Point","coordinates":[98.25765,14.19682]}},{"type":"Feature","properties":{"schoolname":"အမက(ဥယျာဉ်ကြီး)","urbanrural":"Rural","mm_tsname":"Dawei"},"geometry":{"type":"Point","coordinates":[98.30152,14.06767]}},{"type":"Feature","properties":{"schoolname":"အမက(ဓါးသွေးကျောက်)","urbanrural":"Rural","mm_tsname":"Dawei"},"geometry":{"type":"Point","coordinates":[98.3332,14.08193]}},{"type":"Feature","properties":{"schoolname":"အမက(ပခပ်)","urbanrural":"Rural","mm_tsname":"Dawei"},"geometry":{"type":"Point","coordinates":[98.32208,14.12337]}},{"type":"Feature","properties":{"schoolname":"အမက(ရမ္မဇူ)","urbanrural":"Rural","mm_tsname":"Dawei"},"geometry":{"type":"Point","coordinates":[98.32616,14.14242]}},{"type":"Feature","properties":{"schoolname":"အမက(မြင်းမတပ်)","urbanrural":"Rural","mm_tsname":"Dawei"},"geometry":{"type":"Point","coordinates":[98.25983,14.18008]}},{"type":"Feature","properties":{"schoolname":"အမက(လိပ်ကြယ်ပြောင်)","urbanrural":"Rural","mm_tsname":"Dawei"},"geometry":{"type":"Point","coordinates":[98.34433,14.16175]}},{"type":"Feature","properties":{"schoolname":"အမက(သင်္ကန်းတုံး)","urbanrural":"Rural","mm_tsname":"Dawei"},"geometry":{"type":"Point","coordinates":[98.35058,14.17352]}},{"type":"Feature","properties":{"schoolname":"အမက(ဝကုန်း)","urbanrural":"Rural","mm_tsname":"Dawei"},"geometry":{"type":"Point","coordinates":[98.38567,14.18589]}},{"type":"Feature","properties":{"schoolname":"အမက(ဆိပ်ချောင်း)","urbanrural":"Rural","mm_tsname":"Dawei"},"geometry":{"type":"Point","coordinates":[98.35712,14.04609]}},{"type":"Feature","properties":{"schoolname":"အမက(တောင်ဖီလာ)","urbanrural":"Rural","mm_tsname":"Dawei"},"geometry":{"type":"Point","coordinates":[98.41613,14.28976]}},{"type":"Feature","properties":{"schoolname":"အမက(သစ်ကတိုး)","urbanrural":"Rural","mm_tsname":"Dawei"},"geometry":{"type":"Point","coordinates":[98.34561,14.25447]}},{"type":"Feature","properties":{"schoolname":"အမက(ရွှေချောင်း)","urbanrural":"Rural","mm_tsname":"Dawei"},"geometry":{"type":"Point","coordinates":[98.46469,14.16477]}},{"type":"Feature","properties":{"schoolname":"အမက(မြောင်းပြို)","urbanrural":"Rural","mm_tsname":"Dawei"},"geometry":{"type":"Point","coordinates":[98.45865,14.16482]}},{"type":"Feature","properties":{"schoolname":"အမက(ဟိန္ဒူးချောင်း)","urbanrural":"Urban","mm_tsname":"Dawei"},"geometry":{"type":"Point","coordinates":[98.49004,14.15989]}},{"type":"Feature","properties":{"schoolname":"အမက(ပျဉ်းသားတော)","urbanrural":"Rural","mm_tsname":"Dawei"},"geometry":{"type":"Point","coordinates":[98.43016,14.20907]}},{"type":"Feature","properties":{"schoolname":"မူလွန်(ကျေးသားအင်း)","urbanrural":"Rural","mm_tsname":"Dawei"},"geometry":{"type":"Point","coordinates":[98.4458,14.25107]}},{"type":"Feature","properties":{"schoolname":"အမက(ခေါင်းဆေးချောင်း)","urbanrural":"Rural","mm_tsname":"Dawei"},"geometry":{"type":"Point","coordinates":[98.45,14.25657]}},{"type":"Feature","properties":{"schoolname":"အမက(ကမိတ်)","urbanrural":"Rural","mm_tsname":"Dawei"},"geometry":{"type":"Point","coordinates":[98.48336,14.29992]}},{"type":"Feature","properties":{"schoolname":"အမက(ရေပူဝ)","urbanrural":"Rural","mm_tsname":"Dawei"},"geometry":{"type":"Point","coordinates":[98.46733,14.10589]}},{"type":"Feature","properties":{"schoolname":"အမက(ဟိန္ဒားပြင်)","urbanrural":"Rural","mm_tsname":"Dawei"},"geometry":{"type":"Point","coordinates":[98.4942,14.11629]}},{"type":"Feature","properties":{"schoolname":"အမက(ကျောက်တွင်း)","urbanrural":"Rural","mm_tsname":"Dawei"},"geometry":{"type":"Point","coordinates":[98.48497,14.13918]}},{"type":"Feature","properties":{"schoolname":"အမက(ကလက်ဖက်ဒို)","urbanrural":"Rural","mm_tsname":"Dawei"},"geometry":{"type":"Point","coordinates":[98.43998,14.3291]}},{"type":"Feature","properties":{"schoolname":"အမက(ဖွတ်လပ်တို)","urbanrural":"Rural","mm_tsname":"Dawei"},"geometry":{"type":"Point","coordinates":[98.49925,14.10588]}},{"type":"Feature","properties":{"schoolname":"အမက(ဝဇွမ်းချောင်း)","urbanrural":"Rural","mm_tsname":"Dawei"},"geometry":{"type":"Point","coordinates":[98.47104,14.05342]}},{"type":"Feature","properties":{"schoolname":"အမက(မောင်မထူး)","urbanrural":"Rural","mm_tsname":"Dawei"},"geometry":{"type":"Point","coordinates":[98.60355,13.91033]}},{"type":"Feature","properties":{"schoolname":"အထက(ခွဲ)ပုလော","urbanrural":"Urban","mm_tsname":"Palaw"},"geometry":{"type":"Point","coordinates":[98.5572,13.17564]}},{"type":"Feature","properties":{"schoolname":"အထက(ခွဲ)ပုလောကုန်း","urbanrural":"Rural","mm_tsname":"Palaw"},"geometry":{"type":"Point","coordinates":[98.67847,13.01432]}},{"type":"Feature","properties":{"schoolname":"အထက(ခွဲ)ဇရပ်ဆိပ်","urbanrural":"Rural","mm_tsname":"Palaw"},"geometry":{"type":"Point","coordinates":[98.70387,12.82887]}},{"type":"Feature","properties":{"schoolname":"အထက-ပြင်ဘုကြီး","urbanrural":"Rural","mm_tsname":"Palaw"},"geometry":{"type":"Point","coordinates":[98.51417,13.18852]}},{"type":"Feature","properties":{"schoolname":"အမက(ကြက်ပေါင်ချောင်း)","urbanrural":"Rural","mm_tsname":"Dawei"},"geometry":{"type":"Point","coordinates":[98.4971,14.10207]}},{"type":"Feature","properties":{"schoolname":"အထက(ခွဲ)(ကျောက်တောင်)","urbanrural":"Rural","mm_tsname":"Palaw"},"geometry":{"type":"Point","coordinates":[98.5592,13.26686]}},{"type":"Feature","properties":{"schoolname":"အထက(ခွဲ)(လက္ကူး)","urbanrural":"Rural","mm_tsname":"Palaw"},"geometry":{"type":"Point","coordinates":[98.64344,12.97643]}},{"type":"Feature","properties":{"schoolname":"အလက(ေပါင်း)","urbanrural":"Rural","mm_tsname":"Palaw"},"geometry":{"type":"Point","coordinates":[98.63773,12.91687]}},{"type":"Feature","properties":{"schoolname":"အလက(ခွဲ)ထမင်းမစား","urbanrural":"Rural","mm_tsname":"Palaw"},"geometry":{"type":"Point","coordinates":[98.639,13.11956]}},{"type":"Feature","properties":{"schoolname":"အလက(ခွဲ)လယ်ဖက်","urbanrural":"Rural","mm_tsname":"Palaw"},"geometry":{"type":"Point","coordinates":[98.60499,13.13192]}},{"type":"Feature","properties":{"schoolname":"အထက(ပလောက်)","urbanrural":"Urban","mm_tsname":"Palaw"},"geometry":{"type":"Point","coordinates":[98.56294,13.33242]}},{"type":"Feature","properties":{"schoolname":"အမက(အထက်ဆိပ်ဖြုံး)","urbanrural":"Rural","mm_tsname":"Dawei"},"geometry":{"type":"Point","coordinates":[98.42932,14.32731]}},{"type":"Feature","properties":{"schoolname":"အမက(ဟင်းကပိ)","urbanrural":"Rural","mm_tsname":"Dawei"},"geometry":{"type":"Point","coordinates":[98.55421,14.0103]}},{"type":"Feature","properties":{"schoolname":"အမက(နဂါးအိုင်)","urbanrural":"Rural","mm_tsname":"Dawei"},"geometry":{"type":"Point","coordinates":[98.55473,14.01003]}},{"type":"Feature","properties":{"schoolname":"အမက(အိုင်ရှည်)","urbanrural":"Rural","mm_tsname":"Dawei"},"geometry":{"type":"Point","coordinates":[98.64011,13.88761]}},{"type":"Feature","properties":{"schoolname":"အမက(ဝါးတော)","urbanrural":"Rural","mm_tsname":"Dawei"},"geometry":{"type":"Point","coordinates":[98.92324,14.03843]}},{"type":"Feature","properties":{"schoolname":"အလက(ခွဲ)ပြည်ခြား","urbanrural":"Rural","mm_tsname":"Palaw"},"geometry":{"type":"Point","coordinates":[98.63371,13.19102]}},{"type":"Feature","properties":{"schoolname":"အလက-ကဒဲ","urbanrural":"Rural","mm_tsname":"Palaw"},"geometry":{"type":"Point","coordinates":[98.69456,12.89068]}},{"type":"Feature","properties":{"schoolname":"အလက(ခွဲ)ဝါးဇွမ်းအုပ်","urbanrural":"Urban","mm_tsname":"Palaw"},"geometry":{"type":"Point","coordinates":[98.56121,13.31938]}},{"type":"Feature","properties":{"schoolname":"အလက(ခွဲ)သကျက္ကမ်း","urbanrural":"Rural","mm_tsname":"Palaw"},"geometry":{"type":"Point","coordinates":[98.62187,12.73851]}},{"type":"Feature","properties":{"schoolname":"အလက(ခွဲ)ပြင်ဘုငယ်","urbanrural":"Rural","mm_tsname":"Palaw"},"geometry":{"type":"Point","coordinates":[98.52822,13.14996]}},{"type":"Feature","properties":{"schoolname":"အလက(ခွဲ)ဆင်ထိုးကြီး","urbanrural":"Rural","mm_tsname":"Palaw"},"geometry":{"type":"Point","coordinates":[98.58078,13.31196]}},{"type":"Feature","properties":{"schoolname":"အလက(ခွဲ)ဝါးကုန်း","urbanrural":"Rural","mm_tsname":"Palaw"},"geometry":{"type":"Point","coordinates":[98.5761,13.1529]}},{"type":"Feature","properties":{"schoolname":"အလက(ခွဲ)(မဒေါင်)","urbanrural":"Rural","mm_tsname":"Palaw"},"geometry":{"type":"Point","coordinates":[98.49168,13.25043]}},{"type":"Feature","properties":{"schoolname":"မူလွန်(ကံမော်ကြီး)","urbanrural":"Rural","mm_tsname":"Palaw"},"geometry":{"type":"Point","coordinates":[98.49612,13.21393]}},{"type":"Feature","properties":{"schoolname":"မူလွန်(ကံမော်ကလေး)","urbanrural":"Rural","mm_tsname":"Palaw"},"geometry":{"type":"Point","coordinates":[98.56825,13.171]}},{"type":"Feature","properties":{"schoolname":"မူလွန်(4)","urbanrural":"Urban","mm_tsname":"Palaw"},"geometry":{"type":"Point","coordinates":[98.49726,13.18947]}},{"type":"Feature","properties":{"schoolname":"အလက(ခွဲ)(ဖောင်းတော)","urbanrural":"Rural","mm_tsname":"Palaw"},"geometry":{"type":"Point","coordinates":[98.29352,13.07957]}},{"type":"Feature","properties":{"schoolname":"မူလွန်(သစ်လှတော)","urbanrural":"Rural","mm_tsname":"Palaw"},"geometry":{"type":"Point","coordinates":[98.61366,13.03959]}},{"type":"Feature","properties":{"schoolname":"မူလွန်(ဖော့)","urbanrural":"Rural","mm_tsname":"Palaw"},"geometry":{"type":"Point","coordinates":[98.64174,12.88058]}},{"type":"Feature","properties":{"schoolname":"မူလွန်(မျစ်ချဥ်စု)","urbanrural":"Rural","mm_tsname":"Palaw"},"geometry":{"type":"Point","coordinates":[98.63284,13.18001]}},{"type":"Feature","properties":{"schoolname":"မူလွန်(ဘုတ်ချောင်း)","urbanrural":"Rural","mm_tsname":"Palaw"},"geometry":{"type":"Point","coordinates":[98.72699,12.71172]}},{"type":"Feature","properties":{"schoolname":"မူလွန်(ပလောက်နောက်)","urbanrural":"Urban","mm_tsname":"Palaw"},"geometry":{"type":"Point","coordinates":[98.5552,13.32523]}},{"type":"Feature","properties":{"schoolname":"မူလွန်(ခူဘုတ်)","urbanrural":"Rural","mm_tsname":"Palaw"},"geometry":{"type":"Point","coordinates":[98.53017,13.30373]}},{"type":"Feature","properties":{"schoolname":"မူလွန်(မလိငါးကျွန်း)","urbanrural":"Rural","mm_tsname":"Palaw"},"geometry":{"type":"Point","coordinates":[98.31043,13.06506]}},{"type":"Feature","properties":{"schoolname":"မူလွန်(ရေရှမ်း)","urbanrural":"Rural","mm_tsname":"Palaw"},"geometry":{"type":"Point","coordinates":[98.55747,13.18257]}},{"type":"Feature","properties":{"schoolname":"မူလွန်(ဇာတိ၀င်း)","urbanrural":"Rural","mm_tsname":"Palaw"},"geometry":{"type":"Point","coordinates":[98.57322,13.17251]}},{"type":"Feature","properties":{"schoolname":"မူလွန်(ေကျာက်မှော်)","urbanrural":"Rural","mm_tsname":"Palaw"},"geometry":{"type":"Point","coordinates":[98.64933,12.97122]}},{"type":"Feature","properties":{"schoolname":"မူလွန်(မင်းကကြဲ)","urbanrural":"Rural","mm_tsname":"Palaw"},"geometry":{"type":"Point","coordinates":[98.66816,12.96849]}},{"type":"Feature","properties":{"schoolname":"အမက(၆)","urbanrural":"Urban","mm_tsname":"Palaw"},"geometry":{"type":"Point","coordinates":[98.67151,12.96991]}},{"type":"Feature","properties":{"schoolname":"အမက(၇)","urbanrural":"Urban","mm_tsname":"Palaw"},"geometry":{"type":"Point","coordinates":[98.54408,13.17906]}},{"type":"Feature","properties":{"schoolname":"အမက(၂)","urbanrural":"Urban","mm_tsname":"Palaw"},"geometry":{"type":"Point","coordinates":[98.6568,12.98831]}},{"type":"Feature","properties":{"schoolname":"အမက(၃)","urbanrural":"Urban","mm_tsname":"Palaw"},"geometry":{"type":"Point","coordinates":[98.66198,13.00609]}},{"type":"Feature","properties":{"schoolname":"အမက(အထဲစု)","urbanrural":"Rural","mm_tsname":"Palaw"},"geometry":{"type":"Point","coordinates":[98.65514,12.94148]}},{"type":"Feature","properties":{"schoolname":"အမက(ပြင်းငယ်)","urbanrural":"Rural","mm_tsname":"Palaw"},"geometry":{"type":"Point","coordinates":[98.64143,12.94402]}},{"type":"Feature","properties":{"schoolname":"အမက(‌ရေချို)","urbanrural":"Rural","mm_tsname":"Palaw"},"geometry":{"type":"Point","coordinates":[98.67284,12.97367]}},{"type":"Feature","properties":{"schoolname":"အမက(မကျည်းကုန်း)","urbanrural":"Rural","mm_tsname":"Palaw"},"geometry":{"type":"Point","coordinates":[98.67771,12.98198]}},{"type":"Feature","properties":{"schoolname":"အမက(ခမောင်းတော)","urbanrural":"Rural","mm_tsname":"Palaw"},"geometry":{"type":"Point","coordinates":[98.64885,12.97692]}},{"type":"Feature","properties":{"schoolname":"အမက(‌မော်မိ)","urbanrural":"Rural","mm_tsname":"Palaw"},"geometry":{"type":"Point","coordinates":[98.6784,13.01707]}},{"type":"Feature","properties":{"schoolname":"အမက(စပူပြင်)","urbanrural":"Rural","mm_tsname":"Palaw"},"geometry":{"type":"Point","coordinates":[98.6064,12.95375]}},{"type":"Feature","properties":{"schoolname":"မူလွန်(မင်းထိန်)","urbanrural":"Rural","mm_tsname":"Palaw"},"geometry":{"type":"Point","coordinates":[98.68593,12.98806]}},{"type":"Feature","properties":{"schoolname":"အမက(နတ်အိမ်တောင်)","urbanrural":"Rural","mm_tsname":"Palaw"},"geometry":{"type":"Point","coordinates":[98.67625,13.00306]}},{"type":"Feature","properties":{"schoolname":"အမက(မီးလောင်အော်)","urbanrural":"Rural","mm_tsname":"Palaw"},"geometry":{"type":"Point","coordinates":[98.70365,13.00196]}},{"type":"Feature","properties":{"schoolname":"အမက(နတ်အိမ်ကမ်း)","urbanrural":"Rural","mm_tsname":"Palaw"},"geometry":{"type":"Point","coordinates":[98.62641,12.90327]}},{"type":"Feature","properties":{"schoolname":"အမက(‌တောင်ပုလဲ)","urbanrural":"Rural","mm_tsname":"Palaw"},"geometry":{"type":"Point","coordinates":[98.64503,12.89549]}},{"type":"Feature","properties":{"schoolname":"အမက(ဝက်တိုး)","urbanrural":"Rural","mm_tsname":"Palaw"},"geometry":{"type":"Point","coordinates":[98.67181,12.88365]}},{"type":"Feature","properties":{"schoolname":"အမက(ပြင်းဖြူ)","urbanrural":"Rural","mm_tsname":"Palaw"},"geometry":{"type":"Point","coordinates":[98.68286,12.83897]}},{"type":"Feature","properties":{"schoolname":"အမက(ပဲ့ထောက်)","urbanrural":"Rural","mm_tsname":"Palaw"},"geometry":{"type":"Point","coordinates":[98.6601,12.86687]}},{"type":"Feature","properties":{"schoolname":"အမက(သင်္ကန်းတော)","urbanrural":"Rural","mm_tsname":"Palaw"},"geometry":{"type":"Point","coordinates":[98.68028,12.83328]}},{"type":"Feature","properties":{"schoolname":"အမက(တန်းရှင်း)","urbanrural":"Rural","mm_tsname":"Palaw"},"geometry":{"type":"Point","coordinates":[98.67547,12.83496]}},{"type":"Feature","properties":{"schoolname":"အမက(‌ရောင်ခြည်ဦး)","urbanrural":"Rural","mm_tsname":"Palaw"},"geometry":{"type":"Point","coordinates":[98.67478,12.84533]}},{"type":"Feature","properties":{"schoolname":"အမက(တိုအနောက်)","urbanrural":"Rural","mm_tsname":"Palaw"},"geometry":{"type":"Point","coordinates":[98.68371,12.83094]}},{"type":"Feature","properties":{"schoolname":"အမက(ပလရွာသစ်)","urbanrural":"Urban","mm_tsname":"Palaw"},"geometry":{"type":"Point","coordinates":[98.67684,12.84132]}},{"type":"Feature","properties":{"schoolname":"အမက(ပလအထက်ဆိပ်)","urbanrural":"Rural","mm_tsname":"Palaw"},"geometry":{"type":"Point","coordinates":[98.63687,13.12667]}},{"type":"Feature","properties":{"schoolname":"အမက(ပလဘိုင်းပြင်)","urbanrural":"Rural","mm_tsname":"Palaw"},"geometry":{"type":"Point","coordinates":[98.60954,13.06077]}},{"type":"Feature","properties":{"schoolname":"အမက(ဆယ်အိမ်စုထမင်းမစား)","urbanrural":"Rural","mm_tsname":"Palaw"},"geometry":{"type":"Point","coordinates":[98.73079,12.90065]}},{"type":"Feature","properties":{"schoolname":"အမက(အုန်းတော)","urbanrural":"Rural","mm_tsname":"Palaw"},"geometry":{"type":"Point","coordinates":[98.69389,12.96416]}},{"type":"Feature","properties":{"schoolname":"အမက(လယ်ထဲ)","urbanrural":"Rural","mm_tsname":"Palaw"},"geometry":{"type":"Point","coordinates":[98.59923,13.07682]}},{"type":"Feature","properties":{"schoolname":"အမက(ကဗျာ)","urbanrural":"Rural","mm_tsname":"Palaw"},"geometry":{"type":"Point","coordinates":[98.68703,12.81596]}},{"type":"Feature","properties":{"schoolname":"အမက(‌ကျောက်သင်္ဘော)","urbanrural":"Rural","mm_tsname":"Palaw"},"geometry":{"type":"Point","coordinates":[98.69465,12.82347]}},{"type":"Feature","properties":{"schoolname":"အမက(ပိတပ်)","urbanrural":"Rural","mm_tsname":"Palaw"},"geometry":{"type":"Point","coordinates":[98.71893,12.8311]}},{"type":"Feature","properties":{"schoolname":"အမက(ဇရပ်ဆိပ်လယ်)","urbanrural":"Rural","mm_tsname":"Palaw"},"geometry":{"type":"Point","coordinates":[98.63611,13.26731]}},{"type":"Feature","properties":{"schoolname":"အမက(တပို)","urbanrural":"Rural","mm_tsname":"Palaw"},"geometry":{"type":"Point","coordinates":[98.69237,13.04939]}},{"type":"Feature","properties":{"schoolname":"အမက(ဘုရားတောင်)","urbanrural":"Rural","mm_tsname":"Palaw"},"geometry":{"type":"Point","coordinates":[98.7187,13.04256]}},{"type":"Feature","properties":{"schoolname":"မူလွန်(ဘုရင့်တောင်)","urbanrural":"Rural","mm_tsname":"Palaw"},"geometry":{"type":"Point","coordinates":[98.74119,12.98752]}},{"type":"Feature","properties":{"schoolname":"အမက(မင်းဝင်း)","urbanrural":"Rural","mm_tsname":"Palaw"},"geometry":{"type":"Point","coordinates":[98.72204,12.98561]}},{"type":"Feature","properties":{"schoolname":"အမက(သာယာကုန်း)","urbanrural":"Rural","mm_tsname":"Palaw"},"geometry":{"type":"Point","coordinates":[98.72161,12.99489]}},{"type":"Feature","properties":{"schoolname":"အမက(မိီးကျောင်းသိုက်)","urbanrural":"Rural","mm_tsname":"Palaw"},"geometry":{"type":"Point","coordinates":[98.58996,13.15177]}},{"type":"Feature","properties":{"schoolname":"အမက(ဂျင်းနီ)","urbanrural":"Rural","mm_tsname":"Palaw"},"geometry":{"type":"Point","coordinates":[98.58518,13.14624]}},{"type":"Feature","properties":{"schoolname":"အမက(ကထောင်းနီ)","urbanrural":"Rural","mm_tsname":"Palaw"},"geometry":{"type":"Point","coordinates":[98.60662,13.20211]}},{"type":"Feature","properties":{"schoolname":"အမက(‌ကျောက္ကမ်းဖဲ)","urbanrural":"Rural","mm_tsname":"Palaw"},"geometry":{"type":"Point","coordinates":[98.70911,12.80192]}},{"type":"Feature","properties":{"schoolname":"အမက(ဆင်ထိုးငယ်)","urbanrural":"Rural","mm_tsname":"Palaw"},"geometry":{"type":"Point","coordinates":[98.59157,13.28289]}},{"type":"Feature","properties":{"schoolname":"အမက(အင်းမ)","urbanrural":"Rural","mm_tsname":"Palaw"},"geometry":{"type":"Point","coordinates":[98.56161,13.33712]}},{"type":"Feature","properties":{"schoolname":"အမက(အလယ်ကုန်း)","urbanrural":"Rural","mm_tsname":"Palaw"},"geometry":{"type":"Point","coordinates":[98.53168,13.27217]}},{"type":"Feature","properties":{"schoolname":"အမက(ကြွက်ခဲ)","urbanrural":"Urban","mm_tsname":"Palaw"},"geometry":{"type":"Point","coordinates":[98.56361,13.32757]}},{"type":"Feature","properties":{"schoolname":"အမက(‌တောင်ခေါင်းလောင်း)","urbanrural":"Rural","mm_tsname":"Palaw"},"geometry":{"type":"Point","coordinates":[98.56755,13.15225]}},{"type":"Feature","properties":{"schoolname":"အမက(ကုလားမခေါင်း)","urbanrural":"Rural","mm_tsname":"Palaw"},"geometry":{"type":"Point","coordinates":[98.53836,13.15091]}},{"type":"Feature","properties":{"schoolname":"အမက(ပြင်ကြီး)","urbanrural":"Rural","mm_tsname":"Palaw"},"geometry":{"type":"Point","coordinates":[98.56671,13.15432]}},{"type":"Feature","properties":{"schoolname":"အမက(ဥယျာဥ်ကမ်း)","urbanrural":"Rural","mm_tsname":"Palaw"},"geometry":{"type":"Point","coordinates":[98.5339,13.14072]}},{"type":"Feature","properties":{"schoolname":"အမက(‌မှော်ဖျား)","urbanrural":"Rural","mm_tsname":"Palaw"},"geometry":{"type":"Point","coordinates":[98.49656,13.18296]}},{"type":"Feature","properties":{"schoolname":"အမက(အ‌ေရှ့ဖက်)","urbanrural":"Rural","mm_tsname":"Palaw"},"geometry":{"type":"Point","coordinates":[98.50226,13.21076]}},{"type":"Feature","properties":{"schoolname":"အမက(အထက်ကုန်း)","urbanrural":"Rural","mm_tsname":"Palaw"},"geometry":{"type":"Point","coordinates":[98.54347,13.18353]}},{"type":"Feature","properties":{"schoolname":"အမက(သင်္ကန်းကြဲ)","urbanrural":"Rural","mm_tsname":"Palaw"},"geometry":{"type":"Point","coordinates":[98.50728,13.19963]}},{"type":"Feature","properties":{"schoolname":"အမက(မဒေါ) -ပလောက်","urbanrural":"Rural","mm_tsname":"Palaw"},"geometry":{"type":"Point","coordinates":[98.68104,13.31024]}},{"type":"Feature","properties":{"schoolname":"အမက(နန်းသီလာ)","urbanrural":"Rural","mm_tsname":"Palaw"},"geometry":{"type":"Point","coordinates":[98.67068,13.36934]}},{"type":"Feature","properties":{"schoolname":"အမက(ဘန်းကဒိုး)","urbanrural":"Rural","mm_tsname":"Palaw"},"geometry":{"type":"Point","coordinates":[98.67321,13.33761]}},{"type":"Feature","properties":{"schoolname":"အမက(ရာဇဂြိုလ်)","urbanrural":"Rural","mm_tsname":"Palaw"},"geometry":{"type":"Point","coordinates":[98.62431,12.74982]}},{"type":"Feature","properties":{"schoolname":"အမက(ဂျဲတောင်)","urbanrural":"Rural","mm_tsname":"Palaw"},"geometry":{"type":"Point","coordinates":[98.31282,13.05294]}},{"type":"Feature","properties":{"schoolname":"အမက(ေကျာက်ထရံ)","urbanrural":"Rural","mm_tsname":"Palaw"},"geometry":{"type":"Point","coordinates":[98.28732,13.11033]}},{"type":"Feature","properties":{"schoolname":"မူလွန်(သာမိုင်ပြင်)","urbanrural":"Rural","mm_tsname":"Palaw"},"geometry":{"type":"Point","coordinates":[98.76525,12.98314]}},{"type":"Feature","properties":{"schoolname":"အထက(တောင်ဒဂုံ)","urbanrural":"Rural","mm_tsname":"Bokpyin"},"geometry":{"type":"Point","coordinates":[98.73297,11.12239]}},{"type":"Feature","properties":{"schoolname":"အထက(ခွဲ)(ပုလဲကျွန်း)","urbanrural":"Rural","mm_tsname":"Bokpyin"},"geometry":{"type":"Point","coordinates":[98.21455,11.27459]}},{"type":"Feature","properties":{"schoolname":"အထက(ခွဲ)(အလယ်မန်)","urbanrural":"Rural","mm_tsname":"Bokpyin"},"geometry":{"type":"Point","coordinates":[98.54691,11.29471]}},{"type":"Feature","properties":{"schoolname":"အလက(ကမ်းတော)","urbanrural":"Rural","mm_tsname":"Bokpyin"},"geometry":{"type":"Point","coordinates":[98.53989,10.8867]}},{"type":"Feature","properties":{"schoolname":"အထက(ခွဲ)(တောင်ငယ်)","urbanrural":"Rural","mm_tsname":"Bokpyin"},"geometry":{"type":"Point","coordinates":[99.0217,11.57689]}},{"type":"Feature","properties":{"schoolname":"အထက(ခွဲ)(ရွှေဂဲညို)","urbanrural":"Rural","mm_tsname":"Bokpyin"},"geometry":{"type":"Point","coordinates":[98.7832,11.68265]}},{"type":"Feature","properties":{"schoolname":"အထက(ခွဲ)(ကြိမ်မဲတောင်)","urbanrural":"Rural","mm_tsname":"Bokpyin"},"geometry":{"type":"Point","coordinates":[98.67038,10.98767]}},{"type":"Feature","properties":{"schoolname":"အထက(ပြည်ကြီးမဏ္ဍိုင်)","urbanrural":"Urban","mm_tsname":"Bokpyin"},"geometry":{"type":"Point","coordinates":[98.99055,11.45254]}},{"type":"Feature","properties":{"schoolname":"အမက(ငါးတက်ချောင်း)","urbanrural":"Rural","mm_tsname":"Palaw"},"geometry":{"type":"Point","coordinates":[98.62059,13.20171]}},{"type":"Feature","properties":{"schoolname":"အမက(သမုတ်တောင်)","urbanrural":"Rural","mm_tsname":"Palaw"},"geometry":{"type":"Point","coordinates":[98.64535,13.00321]}},{"type":"Feature","properties":{"schoolname":"အမက(မိကေျာင်းဖြူ)","urbanrural":"Rural","mm_tsname":"Palaw"},"geometry":{"type":"Point","coordinates":[98.61145,12.96578]}},{"type":"Feature","properties":{"schoolname":"အမက(ဘိုတောင်ဆိပ်)","urbanrural":"Rural","mm_tsname":"Palaw"},"geometry":{"type":"Point","coordinates":[98.61108,13.10766]}},{"type":"Feature","properties":{"schoolname":"အမက-မဒေါ(ပုလော)","urbanrural":"Rural","mm_tsname":"Palaw"},"geometry":{"type":"Point","coordinates":[98.74192,12.98914]}},{"type":"Feature","properties":{"schoolname":"အမက-ရှစ်မိုင်","urbanrural":"Rural","mm_tsname":"Palaw"},"geometry":{"type":"Point","coordinates":[98.66752,13.04798]}},{"type":"Feature","properties":{"schoolname":"အလက(ပိုကောင်း)","urbanrural":"Rural","mm_tsname":"Bokpyin"},"geometry":{"type":"Point","coordinates":[98.56582,10.62457]}},{"type":"Feature","properties":{"schoolname":"အလက(ခွဲ)(သဲစုပ်စက်မိုင်း)","urbanrural":"Rural","mm_tsname":"Bokpyin"},"geometry":{"type":"Point","coordinates":[98.79337,11.21839]}},{"type":"Feature","properties":{"schoolname":"အလက(ခွဲ)(ဟန်ကချင်း)","urbanrural":"Rural","mm_tsname":"Bokpyin"},"geometry":{"type":"Point","coordinates":[98.5967,10.84983]}},{"type":"Feature","properties":{"schoolname":"အလက(ခွဲ)(အရှေ့ကမ်း)","urbanrural":"Rural","mm_tsname":"Bokpyin"},"geometry":{"type":"Point","coordinates":[98.52088,10.7451]}},{"type":"Feature","properties":{"schoolname":"အလက(ရေငံကြီး)","urbanrural":"Rural","mm_tsname":"Bokpyin"},"geometry":{"type":"Point","coordinates":[98.76472,11.46439]}},{"type":"Feature","properties":{"schoolname":"အလက(ခွဲ)ကြိမ်နီတောင်)","urbanrural":"Rural","mm_tsname":"Bokpyin"},"geometry":{"type":"Point","coordinates":[98.61542,11.06794]}},{"type":"Feature","properties":{"schoolname":"အလက(ခွဲ)(ဝါးကျွန်း)","urbanrural":"Rural","mm_tsname":"Bokpyin"},"geometry":{"type":"Point","coordinates":[98.49343,10.63851]}},{"type":"Feature","properties":{"schoolname":"မူလွန်(ငှက်ပျောကျွန်း)","urbanrural":"Rural","mm_tsname":"Bokpyin"},"geometry":{"type":"Point","coordinates":[98.55814,10.9541]}},{"type":"Feature","properties":{"schoolname":"အလက(ခွဲ)(စတိန်)","urbanrural":"Rural","mm_tsname":"Bokpyin"},"geometry":{"type":"Point","coordinates":[98.7029,11.38387]}},{"type":"Feature","properties":{"schoolname":"အလက(ခွဲ)(စတိန်ချောင်းဖျား)","urbanrural":"Rural","mm_tsname":"Bokpyin"},"geometry":{"type":"Point","coordinates":[98.78239,11.35844]}},{"type":"Feature","properties":{"schoolname":"မူလွန်(နန်းတောင်)","urbanrural":"Rural","mm_tsname":"Bokpyin"},"geometry":{"type":"Point","coordinates":[99.0611,11.56338]}},{"type":"Feature","properties":{"schoolname":"မူလွန်(ဟန်ကဒိုင်း)","urbanrural":"Rural","mm_tsname":"Bokpyin"},"geometry":{"type":"Point","coordinates":[98.61279,10.77608]}},{"type":"Feature","properties":{"schoolname":"မူလွန်(အလယ်မန်)","urbanrural":"Rural","mm_tsname":"Bokpyin"},"geometry":{"type":"Point","coordinates":[98.53381,11.31183]}},{"type":"Feature","properties":{"schoolname":"မူလွန်(ထောင်စုံမဟက်)","urbanrural":"Rural","mm_tsname":"Bokpyin"},"geometry":{"type":"Point","coordinates":[98.79479,11.24216]}},{"type":"Feature","properties":{"schoolname":"မူလွန်(အောင်မင်္ဂလာ)","urbanrural":"Urban","mm_tsname":"Bokpyin"},"geometry":{"type":"Point","coordinates":[98.76254,11.26936]}},{"type":"Feature","properties":{"schoolname":"မူလွန်(ကော့ဘော့)","urbanrural":"Rural","mm_tsname":"Bokpyin"},"geometry":{"type":"Point","coordinates":[98.99905,11.56675]}},{"type":"Feature","properties":{"schoolname":"မူလွန်(ထင်းမယ်)","urbanrural":"Rural","mm_tsname":"Bokpyin"},"geometry":{"type":"Point","coordinates":[99.05028,11.52892]}},{"type":"Feature","properties":{"schoolname":"မူလွန်(ရွာသစ်)","urbanrural":"Rural","mm_tsname":"Bokpyin"},"geometry":{"type":"Point","coordinates":[98.75828,11.53467]}},{"type":"Feature","properties":{"schoolname":"အမက(၂၂၄)","urbanrural":"Rural","mm_tsname":"Bokpyin"},"geometry":{"type":"Point","coordinates":[98.78372,11.24465]}},{"type":"Feature","properties":{"schoolname":"အမက(၃၅၈)","urbanrural":"Rural","mm_tsname":"Bokpyin"},"geometry":{"type":"Point","coordinates":[98.77252,11.25151]}},{"type":"Feature","properties":{"schoolname":"အမက(၄၃၂)","urbanrural":"Rural","mm_tsname":"Bokpyin"},"geometry":{"type":"Point","coordinates":[98.75941,11.2613]}},{"type":"Feature","properties":{"schoolname":"အမက(ကဗျ)","urbanrural":"Rural","mm_tsname":"Bokpyin"},"geometry":{"type":"Point","coordinates":[98.76976,11.42936]}},{"type":"Feature","properties":{"schoolname":"အမက(ကမာချောင်း)","urbanrural":"Rural","mm_tsname":"Bokpyin"},"geometry":{"type":"Point","coordinates":[98.74938,11.23833]}},{"type":"Feature","properties":{"schoolname":"မူလွန်(ကမ်းစောက်)","urbanrural":"Rural","mm_tsname":"Bokpyin"},"geometry":{"type":"Point","coordinates":[98.75206,11.67676]}},{"type":"Feature","properties":{"schoolname":"မူလွန်(ကလန်းချောင်း)","urbanrural":"Rural","mm_tsname":"Bokpyin"},"geometry":{"type":"Point","coordinates":[98.71018,11.14991]}},{"type":"Feature","properties":{"schoolname":"အမက(နီပါး)","urbanrural":"Rural","mm_tsname":"Bokpyin"},"geometry":{"type":"Point","coordinates":[98.72765,11.31921]}},{"type":"Feature","properties":{"schoolname":"အမက(ဘန်ဂလား)","urbanrural":"Rural","mm_tsname":"Bokpyin"},"geometry":{"type":"Point","coordinates":[99.00811,11.46191]}},{"type":"Feature","properties":{"schoolname":"အမက(ဘလက်တွန်)","urbanrural":"Rural","mm_tsname":"Bokpyin"},"geometry":{"type":"Point","coordinates":[98.53607,10.70562]}},{"type":"Feature","properties":{"schoolname":"အမက(မသေ)","urbanrural":"Rural","mm_tsname":"Bokpyin"},"geometry":{"type":"Point","coordinates":[98.54077,10.68627]}},{"type":"Feature","properties":{"schoolname":"အမက(ရွာသာယာ)","urbanrural":"Rural","mm_tsname":"Bokpyin"},"geometry":{"type":"Point","coordinates":[99.05973,11.68627]}},{"type":"Feature","properties":{"schoolname":"အမက(လမ်းဖိုးကမ်း)","urbanrural":"Rural","mm_tsname":"Bokpyin"},"geometry":{"type":"Point","coordinates":[99.05636,11.58652]}},{"type":"Feature","properties":{"schoolname":"အမက(သံဇုံး)","urbanrural":"Rural","mm_tsname":"Bokpyin"},"geometry":{"type":"Point","coordinates":[98.69648,11.4018]}},{"type":"Feature","properties":{"schoolname":"အမက(ဟန်ကပြု)","urbanrural":"Rural","mm_tsname":"Bokpyin"},"geometry":{"type":"Point","coordinates":[98.78337,11.02102]}},{"type":"Feature","properties":{"schoolname":"အမက( ကျောင်းစု)","urbanrural":"Rural","mm_tsname":"Bokpyin"},"geometry":{"type":"Point","coordinates":[99.05875,11.64485]}},{"type":"Feature","properties":{"schoolname":"အမက(ကော့ဗမာ)","urbanrural":"Rural","mm_tsname":"Bokpyin"},"geometry":{"type":"Point","coordinates":[98.6788,10.95241]}},{"type":"Feature","properties":{"schoolname":"အမက(ချောင်းကထုံး)","urbanrural":"Rural","mm_tsname":"Bokpyin"},"geometry":{"type":"Point","coordinates":[98.7461,11.29129]}},{"type":"Feature","properties":{"schoolname":"အမက(ချောင်းကရှက်)","urbanrural":"Rural","mm_tsname":"Bokpyin"},"geometry":{"type":"Point","coordinates":[98.72955,11.16232]}},{"type":"Feature","properties":{"schoolname":"မူလွန်(တောဝိုင်းမော်)","urbanrural":"Rural","mm_tsname":"Bokpyin"},"geometry":{"type":"Point","coordinates":[98.68836,11.67714]}},{"type":"Feature","properties":{"schoolname":"အမက(ထောင်ရိုက်)","urbanrural":"Rural","mm_tsname":"Bokpyin"},"geometry":{"type":"Point","coordinates":[99.00908,11.61502]}},{"type":"Feature","properties":{"schoolname":"အမက( ရွှေဘုံသာ)","urbanrural":"Urban","mm_tsname":"Bokpyin"},"geometry":{"type":"Point","coordinates":[98.75701,11.26093]}},{"type":"Feature","properties":{"schoolname":"အမက(ကြပ်မီး)","urbanrural":"Rural","mm_tsname":"Bokpyin"},"geometry":{"type":"Point","coordinates":[98.62725,10.90497]}},{"type":"Feature","properties":{"schoolname":"အမက(ကျားကိုက်အော်)","urbanrural":"Rural","mm_tsname":"Bokpyin"},"geometry":{"type":"Point","coordinates":[98.47435,10.70948]}},{"type":"Feature","properties":{"schoolname":"အမက(လိပ်ဥချောင်း)","urbanrural":"Rural","mm_tsname":"Bokpyin"},"geometry":{"type":"Point","coordinates":[98.73042,11.33053]}},{"type":"Feature","properties":{"schoolname":"အမက(ဝါးဒင်း)","urbanrural":"Rural","mm_tsname":"Bokpyin"},"geometry":{"type":"Point","coordinates":[98.8733,11.4036]}},{"type":"Feature","properties":{"schoolname":"အမက(တောင်ကပ်)","urbanrural":"Rural","mm_tsname":"Bokpyin"},"geometry":{"type":"Point","coordinates":[98.80767,11.37259]}},{"type":"Feature","properties":{"schoolname":"အမက(ခွဲ)(သဲတန်းငယ်)","urbanrural":"Rural","mm_tsname":"Bokpyin"},"geometry":{"type":"Point","coordinates":[98.71903,11.54273]}},{"type":"Feature","properties":{"schoolname":"အမက(ခွဲ)(၃၇)ရေတပ်","urbanrural":"Rural","mm_tsname":"Bokpyin"},"geometry":{"type":"Point","coordinates":[98.71411,10.87213]}},{"type":"Feature","properties":{"schoolname":"အမက(ခွဲ)(ထောင်ကဖီး)","urbanrural":"Rural","mm_tsname":"Bokpyin"},"geometry":{"type":"Point","coordinates":[98.69603,11.39915]}},{"type":"Feature","properties":{"schoolname":"အမက(ခွဲ)(နောင်မြငယ်)","urbanrural":"Rural","mm_tsname":"Bokpyin"},"geometry":{"type":"Point","coordinates":[98.77504,11.6539]}},{"type":"Feature","properties":{"schoolname":"အမက(အောင်ဇင်မာ)","urbanrural":"Rural","mm_tsname":"Bokpyin"},"geometry":{"type":"Point","coordinates":[98.60289,10.74211]}},{"type":"Feature","properties":{"schoolname":"အမက(ခွဲ)(အောင်သပြေ)","urbanrural":"Rural","mm_tsname":"Bokpyin"},"geometry":{"type":"Point","coordinates":[98.72581,11.5384]}},{"type":"Feature","properties":{"schoolname":"အမက(ထောင်ရိပ်)","urbanrural":"Rural","mm_tsname":"Bokpyin"},"geometry":{"type":"Point","coordinates":[98.98918,11.48984]}},{"type":"Feature","properties":{"schoolname":"အမက(ခွဲ)(ထောင်မွန်)","urbanrural":"Rural","mm_tsname":"Bokpyin"},"geometry":{"type":"Point","coordinates":[98.80069,11.24325]}},{"type":"Feature","properties":{"schoolname":"အမက(ခွဲ)(ချောင်းလမ်းဖုံး)","urbanrural":"Rural","mm_tsname":"Bokpyin"},"geometry":{"type":"Point","coordinates":[99.06686,11.55902]}},{"type":"Feature","properties":{"schoolname":"အမက(ခွဲ)(ချောင်းဆုံ)","urbanrural":"Rural","mm_tsname":"Bokpyin"},"geometry":{"type":"Point","coordinates":[98.97994,11.41062]}},{"type":"Feature","properties":{"schoolname":"အမက(ရေနောက်ချောင်း)","urbanrural":"Rural","mm_tsname":"Bokpyin"},"geometry":{"type":"Point","coordinates":[99.0333,11.49842]}},{"type":"Feature","properties":{"schoolname":"အမက(ခွဲ)(ကျားချောင်း)","urbanrural":"Rural","mm_tsname":"Bokpyin"},"geometry":{"type":"Point","coordinates":[99.06132,11.60437]}},{"type":"Feature","properties":{"schoolname":"အမက(ပျဥ်းမချောင်း)","urbanrural":"Rural","mm_tsname":"Bokpyin"},"geometry":{"type":"Point","coordinates":[99.0334,11.50017]}},{"type":"Feature","properties":{"schoolname":"အမက(ခွဲ)(ဂလက်တို)","urbanrural":"Rural","mm_tsname":"Bokpyin"},"geometry":{"type":"Point","coordinates":[98.73861,11.64484]}},{"type":"Feature","properties":{"schoolname":"အမက(ခွဲ)(ကဗျချောင်း)","urbanrural":"Rural","mm_tsname":"Bokpyin"},"geometry":{"type":"Point","coordinates":[98.71732,11.44483]}},{"type":"Feature","properties":{"schoolname":"အမက(နောင်စိုးတောင်)","urbanrural":"Rural","mm_tsname":"Bokpyin"},"geometry":{"type":"Point","coordinates":[98.66391,10.90811]}},{"type":"Feature","properties":{"schoolname":"အမက(ခွဲ)(ဝါးချောင်း)","urbanrural":"Rural","mm_tsname":"Bokpyin"},"geometry":{"type":"Point","coordinates":[98.85022,11.39525]}},{"type":"Feature","properties":{"schoolname":"အမက(ခွဲ)ဟင်းလှိုင်","urbanrural":"Rural","mm_tsname":"Bokpyin"},"geometry":{"type":"Point","coordinates":[99.0,11.42263]}},{"type":"Feature","properties":{"schoolname":"အမက(ခွဲ)ဘာဟင်","urbanrural":"Rural","mm_tsname":"Bokpyin"},"geometry":{"type":"Point","coordinates":[98.45907,10.9813]}},{"type":"Feature","properties":{"schoolname":"အမက(ခွဲ)အေးမြသာယာ","urbanrural":"Rural","mm_tsname":"Bokpyin"},"geometry":{"type":"Point","coordinates":[98.69052,10.82925]}},{"type":"Feature","properties":{"schoolname":"အထက-ကံပေါက်","urbanrural":"Rural","mm_tsname":"Yebyu"},"geometry":{"type":"Point","coordinates":[98.02553,14.59323]}},{"type":"Feature","properties":{"schoolname":"အထက(ခွဲ)-ဧကနိ","urbanrural":"Rural","mm_tsname":"Yebyu"},"geometry":{"type":"Point","coordinates":[98.11333,14.36043]}},{"type":"Feature","properties":{"schoolname":"အထက(ခွဲ)တောင်ပရ","urbanrural":"Rural","mm_tsname":"Yebyu"},"geometry":{"type":"Point","coordinates":[97.98959,14.57157]}},{"type":"Feature","properties":{"schoolname":"အလက-ဂန်းတော","urbanrural":"Rural","mm_tsname":"Yebyu"},"geometry":{"type":"Point","coordinates":[97.917,14.76772]}},{"type":"Feature","properties":{"schoolname":"အလက(ခွဲ)-နတ်တွင်း","urbanrural":"Rural","mm_tsname":"Yebyu"},"geometry":{"type":"Point","coordinates":[98.1861,14.19121]}},{"type":"Feature","properties":{"schoolname":"အလက(ခွဲ)-ဓမင်းဆိပ်","urbanrural":"Rural","mm_tsname":"Yebyu"},"geometry":{"type":"Point","coordinates":[97.90507,14.57734]}},{"type":"Feature","properties":{"schoolname":"အလက-ကင်းတောင်","urbanrural":"Rural","mm_tsname":"Yebyu"},"geometry":{"type":"Point","coordinates":[97.87883,14.67546]}},{"type":"Feature","properties":{"schoolname":"အလက-ကျွဲသုံးညီမ","urbanrural":"Rural","mm_tsname":"Yebyu"},"geometry":{"type":"Point","coordinates":[97.93015,14.75354]}},{"type":"Feature","properties":{"schoolname":"အလက(ခွဲ)(၁)-ရေဖြူ","urbanrural":"Urban","mm_tsname":"Yebyu"},"geometry":{"type":"Point","coordinates":[98.206,14.24814]}},{"type":"Feature","properties":{"schoolname":"အလက-သစ်တိုထောင့်","urbanrural":"Rural","mm_tsname":"Yebyu"},"geometry":{"type":"Point","coordinates":[98.14978,14.24739]}},{"type":"Feature","properties":{"schoolname":"အလက-ပိန်းရှောင်","urbanrural":"Rural","mm_tsname":"Yebyu"},"geometry":{"type":"Point","coordinates":[98.14294,14.21085]}},{"type":"Feature","properties":{"schoolname":"အလက(ခွဲ)-အိန္ဒရာဇာ","urbanrural":"Rural","mm_tsname":"Yebyu"},"geometry":{"type":"Point","coordinates":[98.06144,14.66281]}},{"type":"Feature","properties":{"schoolname":"အလက-သဲချောင်း","urbanrural":"Rural","mm_tsname":"Yebyu"},"geometry":{"type":"Point","coordinates":[97.94592,14.63367]}},{"type":"Feature","properties":{"schoolname":"အလက-ကေျာက်ထောင့်","urbanrural":"Rural","mm_tsname":"Yebyu"},"geometry":{"type":"Point","coordinates":[98.19379,14.21777]}},{"type":"Feature","properties":{"schoolname":"အလက(ခွဲ)-ကလုံးထာ","urbanrural":"Rural","mm_tsname":"Yebyu"},"geometry":{"type":"Point","coordinates":[98.27949,14.28707]}},{"type":"Feature","properties":{"schoolname":"အထက(ခွဲ)မောရဝတီ","urbanrural":"Rural","mm_tsname":"Yebyu"},"geometry":{"type":"Point","coordinates":[97.99904,14.64366]}},{"type":"Feature","properties":{"schoolname":"မူလွန်-ကျခတ္တပင်အင်း","urbanrural":"Rural","mm_tsname":"Yebyu"},"geometry":{"type":"Point","coordinates":[98.17286,14.22713]}},{"type":"Feature","properties":{"schoolname":"အလက(ခွဲ)-ဘဝါ","urbanrural":"Rural","mm_tsname":"Yebyu"},"geometry":{"type":"Point","coordinates":[98.01008,14.34675]}},{"type":"Feature","properties":{"schoolname":"အထက-ဇာဒီ","urbanrural":"Rural","mm_tsname":"Yebyu"},"geometry":{"type":"Point","coordinates":[97.99155,14.50846]}},{"type":"Feature","properties":{"schoolname":"မူလွန်-ဖားချောင်း","urbanrural":"Rural","mm_tsname":"Yebyu"},"geometry":{"type":"Point","coordinates":[98.09487,14.50618]}},{"type":"Feature","properties":{"schoolname":"အလက(ခွဲ)အလယ်စခန်း","urbanrural":"Rural","mm_tsname":"Yebyu"},"geometry":{"type":"Point","coordinates":[97.99509,14.99223]}},{"type":"Feature","properties":{"schoolname":"အလက(ခွဲ)-ကောင်းမှု","urbanrural":"Rural","mm_tsname":"Yebyu"},"geometry":{"type":"Point","coordinates":[97.92989,14.60059]}},{"type":"Feature","properties":{"schoolname":"မူလွန်-မော်ကြီးမင်းသား","urbanrural":"Rural","mm_tsname":"Yebyu"},"geometry":{"type":"Point","coordinates":[97.97367,14.74768]}},{"type":"Feature","properties":{"schoolname":"အလက(ခွဲ)-မင်းသား","urbanrural":"Rural","mm_tsname":"Yebyu"},"geometry":{"type":"Point","coordinates":[97.99393,14.76198]}},{"type":"Feature","properties":{"schoolname":"မူလွန်-ပေါက်ပင်ကွင်း","urbanrural":"Rural","mm_tsname":"Yebyu"},"geometry":{"type":"Point","coordinates":[97.919,15.02203]}},{"type":"Feature","properties":{"schoolname":"မူလွန်-ချပုံး","urbanrural":"Rural","mm_tsname":"Yebyu"},"geometry":{"type":"Point","coordinates":[97.88459,14.76226]}},{"type":"Feature","properties":{"schoolname":"အလက(ခွဲ)-မူးဒူး","urbanrural":"Rural","mm_tsname":"Yebyu"},"geometry":{"type":"Point","coordinates":[98.08841,14.25948]}},{"type":"Feature","properties":{"schoolname":"အလက(ခွဲ)နဘုလယ်","urbanrural":"Rural","mm_tsname":"Yebyu"},"geometry":{"type":"Point","coordinates":[98.05696,14.29087]}},{"type":"Feature","properties":{"schoolname":"မူလွန်-မိကျောင်းအိုင်","urbanrural":"Rural","mm_tsname":"Yebyu"},"geometry":{"type":"Point","coordinates":[98.02789,14.60634]}},{"type":"Feature","properties":{"schoolname":"မူလွန်-ခေါင်ပြန်","urbanrural":"Rural","mm_tsname":"Yebyu"},"geometry":{"type":"Point","coordinates":[98.00801,14.48212]}},{"type":"Feature","properties":{"schoolname":"မူလွန်-ကျောက်ထရံ","urbanrural":"Rural","mm_tsname":"Yebyu"},"geometry":{"type":"Point","coordinates":[97.94576,14.51932]}},{"type":"Feature","properties":{"schoolname":"မူလွန်-ရငဲ","urbanrural":"Rural","mm_tsname":"Yebyu"},"geometry":{"type":"Point","coordinates":[98.10801,14.40105]}},{"type":"Feature","properties":{"schoolname":"မူလွန်-ဒိုက်တကော်","urbanrural":"Rural","mm_tsname":"Yebyu"},"geometry":{"type":"Point","coordinates":[98.00691,14.46523]}},{"type":"Feature","properties":{"schoolname":"အလက(ခွဲ)သင်္ကန်းတော","urbanrural":"Rural","mm_tsname":"Yebyu"},"geometry":{"type":"Point","coordinates":[97.91171,14.61871]}},{"type":"Feature","properties":{"schoolname":"မူလွန်-ဆင်ကူး","urbanrural":"Rural","mm_tsname":"Yebyu"},"geometry":{"type":"Point","coordinates":[97.98963,14.70794]}},{"type":"Feature","properties":{"schoolname":"မူလွန်-ဗျူကြီး","urbanrural":"Rural","mm_tsname":"Yebyu"},"geometry":{"type":"Point","coordinates":[97.84178,14.74145]}},{"type":"Feature","properties":{"schoolname":"မူလွန်-ထွက်ဝ","urbanrural":"Rural","mm_tsname":"Yebyu"},"geometry":{"type":"Point","coordinates":[97.97617,14.38522]}},{"type":"Feature","properties":{"schoolname":"အမက-ကညင်ကောက်","urbanrural":"Urban","mm_tsname":"Yebyu"},"geometry":{"type":"Point","coordinates":[98.19722,14.26382]}},{"type":"Feature","properties":{"schoolname":"အမက-မင်းဒပ်","urbanrural":"Rural","mm_tsname":"Yebyu"},"geometry":{"type":"Point","coordinates":[98.16723,14.26782]}},{"type":"Feature","properties":{"schoolname":"အမက-ပုဂေါဇွန်း","urbanrural":"Rural","mm_tsname":"Yebyu"},"geometry":{"type":"Point","coordinates":[98.15486,14.27984]}},{"type":"Feature","properties":{"schoolname":"အမက-ဇီးကျ","urbanrural":"Rural","mm_tsname":"Yebyu"},"geometry":{"type":"Point","coordinates":[98.20623,14.18614]}},{"type":"Feature","properties":{"schoolname":"အမက-ဒေါက်လောက်","urbanrural":"Rural","mm_tsname":"Yebyu"},"geometry":{"type":"Point","coordinates":[98.19793,14.28869]}},{"type":"Feature","properties":{"schoolname":"အမက-တလိုင်းယာချောင်းဝ","urbanrural":"Rural","mm_tsname":"Yebyu"},"geometry":{"type":"Point","coordinates":[98.19373,14.2975]}},{"type":"Feature","properties":{"schoolname":"အမက-ကင်း","urbanrural":"Rural","mm_tsname":"Yebyu"},"geometry":{"type":"Point","coordinates":[98.18579,14.30332]}},{"type":"Feature","properties":{"schoolname":"အမက-ဥဿရံ","urbanrural":"Rural","mm_tsname":"Yebyu"},"geometry":{"type":"Point","coordinates":[98.18534,14.30929]}},{"type":"Feature","properties":{"schoolname":"အမက-ဥဿရံ(န)","urbanrural":"Rural","mm_tsname":"Yebyu"},"geometry":{"type":"Point","coordinates":[98.16408,14.36145]}},{"type":"Feature","properties":{"schoolname":"အမက-ကညင်းအင်း","urbanrural":"Rural","mm_tsname":"Yebyu"},"geometry":{"type":"Point","coordinates":[98.14869,14.37122]}},{"type":"Feature","properties":{"schoolname":"အမက-သဗြေအင်း(ပိတ်ကျောင်း)","urbanrural":"Rural","mm_tsname":"Yebyu"},"geometry":{"type":"Point","coordinates":[98.15129,14.26963]}},{"type":"Feature","properties":{"schoolname":"အမက-ကျောက်ဝှက်ကုန်း","urbanrural":"Rural","mm_tsname":"Yebyu"},"geometry":{"type":"Point","coordinates":[98.15279,14.23813]}},{"type":"Feature","properties":{"schoolname":"အမက-ဝက်ချောင်း","urbanrural":"Rural","mm_tsname":"Yebyu"},"geometry":{"type":"Point","coordinates":[98.13787,14.31659]}},{"type":"Feature","properties":{"schoolname":"အမက-စွန်သိုက်(ပိတ်ကျောင်း)","urbanrural":"Rural","mm_tsname":"Yebyu"},"geometry":{"type":"Point","coordinates":[98.14112,14.31824]}},{"type":"Feature","properties":{"schoolname":"အမက-ဝဇွမ်းတော","urbanrural":"Rural","mm_tsname":"Yebyu"},"geometry":{"type":"Point","coordinates":[98.08182,14.38514]}},{"type":"Feature","properties":{"schoolname":"မူလွန်-ကုန်းရပ်အင်း","urbanrural":"Rural","mm_tsname":"Yebyu"},"geometry":{"type":"Point","coordinates":[98.1177,14.40174]}},{"type":"Feature","properties":{"schoolname":"အမက-ဝန်ဖို့","urbanrural":"Rural","mm_tsname":"Yebyu"},"geometry":{"type":"Point","coordinates":[98.14824,14.38844]}},{"type":"Feature","properties":{"schoolname":"အမက-ဝန်ဖို့(န)","urbanrural":"Rural","mm_tsname":"Yebyu"},"geometry":{"type":"Point","coordinates":[98.14365,14.38843]}},{"type":"Feature","properties":{"schoolname":"မူလွန်-ဒူးတောင်","urbanrural":"Rural","mm_tsname":"Yebyu"},"geometry":{"type":"Point","coordinates":[98.13349,14.41347]}},{"type":"Feature","properties":{"schoolname":"အမက-ပရဒတ်","urbanrural":"Rural","mm_tsname":"Yebyu"},"geometry":{"type":"Point","coordinates":[98.04878,14.29703]}},{"type":"Feature","properties":{"schoolname":"အမက-မိုင်(၃၀)","urbanrural":"Rural","mm_tsname":"Yebyu"},"geometry":{"type":"Point","coordinates":[98.17928,14.45593]}},{"type":"Feature","properties":{"schoolname":"အမက-မြန်မာရှင်တဘီ","urbanrural":"Rural","mm_tsname":"Yebyu"},"geometry":{"type":"Point","coordinates":[98.14976,14.48281]}},{"type":"Feature","properties":{"schoolname":"အမက-ကရင်ရှင်တဘီ","urbanrural":"Rural","mm_tsname":"Yebyu"},"geometry":{"type":"Point","coordinates":[98.15838,14.49777]}},{"type":"Feature","properties":{"schoolname":"အမက-ရေပုံး","urbanrural":"Rural","mm_tsname":"Yebyu"},"geometry":{"type":"Point","coordinates":[98.18294,14.55061]}},{"type":"Feature","properties":{"schoolname":"အမက-ဇင်းဘာ","urbanrural":"Rural","mm_tsname":"Yebyu"},"geometry":{"type":"Point","coordinates":[98.17252,14.63319]}},{"type":"Feature","properties":{"schoolname":"အမက-ကလိန်အောင်","urbanrural":"Urban","mm_tsname":"Yebyu"},"geometry":{"type":"Point","coordinates":[98.13309,14.62153]}},{"type":"Feature","properties":{"schoolname":"အမက-မိကျောင်းလောင်း","urbanrural":"Rural","mm_tsname":"Yebyu"},"geometry":{"type":"Point","coordinates":[98.12128,14.68348]}},{"type":"Feature","properties":{"schoolname":"အမက-ဂန့်ဂေါ်တောင်","urbanrural":"Rural","mm_tsname":"Yebyu"},"geometry":{"type":"Point","coordinates":[98.03312,14.59536]}},{"type":"Feature","properties":{"schoolname":"အမက-ဘုရားမဲ","urbanrural":"Rural","mm_tsname":"Yebyu"},"geometry":{"type":"Point","coordinates":[98.03119,14.59646]}},{"type":"Feature","properties":{"schoolname":"အမက-ခလရ(၂၇၃)","urbanrural":"Rural","mm_tsname":"Yebyu"},"geometry":{"type":"Point","coordinates":[98.02141,14.60355]}},{"type":"Feature","properties":{"schoolname":"အမက-ရှင်ပျံ","urbanrural":"Rural","mm_tsname":"Yebyu"},"geometry":{"type":"Point","coordinates":[98.04886,14.62541]}},{"type":"Feature","properties":{"schoolname":"အမက-ဟိန်းဇဲ","urbanrural":"Rural","mm_tsname":"Yebyu"},"geometry":{"type":"Point","coordinates":[98.01821,14.63809]}},{"type":"Feature","properties":{"schoolname":"အမက-မြောက်ပရ","urbanrural":"Rural","mm_tsname":"Yebyu"},"geometry":{"type":"Point","coordinates":[97.98712,14.58086]}},{"type":"Feature","properties":{"schoolname":"အမက-ခွေးမဖော","urbanrural":"Rural","mm_tsname":"Yebyu"},"geometry":{"type":"Point","coordinates":[98.00285,14.54139]}},{"type":"Feature","properties":{"schoolname":"အမက-ကဒိုက်","urbanrural":"Rural","mm_tsname":"Yebyu"},"geometry":{"type":"Point","coordinates":[98.01106,14.61223]}},{"type":"Feature","properties":{"schoolname":"အမက-ရေဗြဲ","urbanrural":"Rural","mm_tsname":"Yebyu"},"geometry":{"type":"Point","coordinates":[97.98539,14.62153]}},{"type":"Feature","properties":{"schoolname":"အမက-ကျောက္ကဒင်","urbanrural":"Rural","mm_tsname":"Yebyu"},"geometry":{"type":"Point","coordinates":[98.01079,14.91538]}},{"type":"Feature","properties":{"schoolname":"မူလွန်-မော်ကြီး(ဖတ)","urbanrural":"Rural","mm_tsname":"Yebyu"},"geometry":{"type":"Point","coordinates":[97.9289,14.55455]}},{"type":"Feature","properties":{"schoolname":"အမက-မီးတိုင်တက်","urbanrural":"Rural","mm_tsname":"Yebyu"},"geometry":{"type":"Point","coordinates":[97.94344,14.54408]}},{"type":"Feature","properties":{"schoolname":"အမက-ကူးတို့တော","urbanrural":"Rural","mm_tsname":"Yebyu"},"geometry":{"type":"Point","coordinates":[97.90338,14.66182]}},{"type":"Feature","properties":{"schoolname":"အမက-တလိုင်းမျှော်","urbanrural":"Rural","mm_tsname":"Yebyu"},"geometry":{"type":"Point","coordinates":[97.92545,14.69143]}},{"type":"Feature","properties":{"schoolname":"မူလွန်-လယ်ကြီး","urbanrural":"Rural","mm_tsname":"Yebyu"},"geometry":{"type":"Point","coordinates":[97.99139,14.74653]}},{"type":"Feature","properties":{"schoolname":"မူလွန်-ဆင်စွယ်","urbanrural":"Rural","mm_tsname":"Yebyu"},"geometry":{"type":"Point","coordinates":[97.98374,14.81427]}},{"type":"Feature","properties":{"schoolname":"အမက-ကံပေါက်ဆီအုန်းခြံ","urbanrural":"Rural","mm_tsname":"Yebyu"},"geometry":{"type":"Point","coordinates":[98.07212,14.62683]}},{"type":"Feature","properties":{"schoolname":"အမက-သာယာမွန်","urbanrural":"Rural","mm_tsname":"Yebyu"},"geometry":{"type":"Point","coordinates":[98.05747,14.80876]}},{"type":"Feature","properties":{"schoolname":"အမက-ကျခတ္တော","urbanrural":"Rural","mm_tsname":"Yebyu"},"geometry":{"type":"Point","coordinates":[97.98979,14.76455]}},{"type":"Feature","properties":{"schoolname":"အမက-ရွာသစ်","urbanrural":"Rural","mm_tsname":"Yebyu"},"geometry":{"type":"Point","coordinates":[98.1644,14.9203]}},{"type":"Feature","properties":{"schoolname":"အမက-ကရိန်းဗိုင်း","urbanrural":"Rural","mm_tsname":"Yebyu"},"geometry":{"type":"Point","coordinates":[98.1544,14.87393]}},{"type":"Feature","properties":{"schoolname":"အမက-မေျာက်ချော","urbanrural":"Rural","mm_tsname":"Yebyu"},"geometry":{"type":"Point","coordinates":[98.1559,14.88857]}},{"type":"Feature","properties":{"schoolname":"အမက-မိုင်(၆၀)","urbanrural":"Rural","mm_tsname":"Yebyu"},"geometry":{"type":"Point","coordinates":[98.06545,14.79365]}},{"type":"Feature","properties":{"schoolname":"အမက(ခွဲ)-ပေတခတ်","urbanrural":"Rural","mm_tsname":"Yebyu"},"geometry":{"type":"Point","coordinates":[97.91008,14.61447]}},{"type":"Feature","properties":{"schoolname":"အမက(ခွဲ)-စိန်ဘုံ","urbanrural":"Rural","mm_tsname":"Yebyu"},"geometry":{"type":"Point","coordinates":[97.99496,14.84378]}},{"type":"Feature","properties":{"schoolname":"အမက(ခွဲ)-ပသျှူးရေ","urbanrural":"Rural","mm_tsname":"Yebyu"},"geometry":{"type":"Point","coordinates":[97.88888,14.65429]}},{"type":"Feature","properties":{"schoolname":"အမက-သက်ကယ်ကွက်","urbanrural":"Rural","mm_tsname":"Yebyu"},"geometry":{"type":"Point","coordinates":[98.18258,14.39264]}},{"type":"Feature","properties":{"schoolname":"အထက(ခွဲ)(မြို့ဟောင်း)","urbanrural":"Rural","mm_tsname":"Launglon"},"geometry":{"type":"Point","coordinates":[98.16811,14.17559]}},{"type":"Feature","properties":{"schoolname":"အထက(ခွဲ)(ကဒက်ကြီး)","urbanrural":"Rural","mm_tsname":"Launglon"},"geometry":{"type":"Point","coordinates":[98.15288,13.88108]}},{"type":"Feature","properties":{"schoolname":"အထက(ခွဲ)(သပြေရှောင်)","urbanrural":"Rural","mm_tsname":"Launglon"},"geometry":{"type":"Point","coordinates":[98.16515,13.82825]}},{"type":"Feature","properties":{"schoolname":"အလက(စခန်းကြီး)","urbanrural":"Rural","mm_tsname":"Launglon"},"geometry":{"type":"Point","coordinates":[98.15651,14.14016]}},{"type":"Feature","properties":{"schoolname":"မူလွန်(ပဉ္စသီမော်)","urbanrural":"Rural","mm_tsname":"Launglon"},"geometry":{"type":"Point","coordinates":[98.14023,14.01025]}},{"type":"Feature","properties":{"schoolname":"အမက(ခွဲ)-ပြင်းဖြူ(ပိတ်ကျောင်း)","urbanrural":"Rural","mm_tsname":"Yebyu"},"geometry":{"type":"Point","coordinates":[98.19251,14.28244]}},{"type":"Feature","properties":{"schoolname":"မူလွန်(ထိန်လယ်)","urbanrural":"Rural","mm_tsname":"Launglon"},"geometry":{"type":"Point","coordinates":[98.15246,14.04912]}},{"type":"Feature","properties":{"schoolname":"မူလွန်(ကမြောကြီး)","urbanrural":"Rural","mm_tsname":"Launglon"},"geometry":{"type":"Point","coordinates":[98.16969,14.08826]}},{"type":"Feature","properties":{"schoolname":"အထက(ခွဲ)(ကျောက်နီမော််)","urbanrural":"Rural","mm_tsname":"Launglon"},"geometry":{"type":"Point","coordinates":[98.18098,13.65575]}},{"type":"Feature","properties":{"schoolname":"အမက-ဖြူနပ်","urbanrural":"Rural","mm_tsname":"Yebyu"},"geometry":{"type":"Point","coordinates":[97.95683,14.49405]}},{"type":"Feature","properties":{"schoolname":"အမက-ကင်မွန်းချောင်း","urbanrural":"Rural","mm_tsname":"Yebyu"},"geometry":{"type":"Point","coordinates":[97.93113,14.96022]}},{"type":"Feature","properties":{"schoolname":"အမက-သင်္ဃန်းညီနောင်","urbanrural":"Rural","mm_tsname":"Yebyu"},"geometry":{"type":"Point","coordinates":[97.95866,14.62548]}},{"type":"Feature","properties":{"schoolname":"အမက(ခွဲ)မာန်ယံ","urbanrural":"Rural","mm_tsname":"Yebyu"},"geometry":{"type":"Point","coordinates":[97.81734,14.80516]}},{"type":"Feature","properties":{"schoolname":"အလက(ခွဲ)(တီဇစ်)","urbanrural":"Rural","mm_tsname":"Launglon"},"geometry":{"type":"Point","coordinates":[98.10046,13.90382]}},{"type":"Feature","properties":{"schoolname":"မူလွန်(ထိန်တွင်း)","urbanrural":"Rural","mm_tsname":"Launglon"},"geometry":{"type":"Point","coordinates":[98.18784,14.13177]}},{"type":"Feature","properties":{"schoolname":"မူလွန်(ကရင်ကြီး)","urbanrural":"Rural","mm_tsname":"Launglon"},"geometry":{"type":"Point","coordinates":[98.09908,14.07111]}},{"type":"Feature","properties":{"schoolname":"မူလွန်(ကမ်းပနီ)","urbanrural":"Rural","mm_tsname":"Launglon"},"geometry":{"type":"Point","coordinates":[98.09799,14.05818]}},{"type":"Feature","properties":{"schoolname":"မူလွန်(ကျောက်ဝပ်ပြင်)","urbanrural":"Rural","mm_tsname":"Launglon"},"geometry":{"type":"Point","coordinates":[98.16692,13.64218]}},{"type":"Feature","properties":{"schoolname":"မူလွန်(သရက်ပင်ကုန်း)","urbanrural":"Rural","mm_tsname":"Launglon"},"geometry":{"type":"Point","coordinates":[98.15836,13.63368]}},{"type":"Feature","properties":{"schoolname":"အလက(ခွဲ)(ညောပြင်)","urbanrural":"Rural","mm_tsname":"Launglon"},"geometry":{"type":"Point","coordinates":[98.14829,13.63274]}},{"type":"Feature","properties":{"schoolname":"အလက(ခွဲ)(ပညစ်)","urbanrural":"Rural","mm_tsname":"Launglon"},"geometry":{"type":"Point","coordinates":[98.06927,14.00735]}},{"type":"Feature","properties":{"schoolname":"မူလွန်(ကြက်လွှတ်)","urbanrural":"Rural","mm_tsname":"Launglon"},"geometry":{"type":"Point","coordinates":[98.15916,13.56178]}},{"type":"Feature","properties":{"schoolname":"အလက(ခွဲ)(ငပိတက်ငယ်)","urbanrural":"Rural","mm_tsname":"Launglon"},"geometry":{"type":"Point","coordinates":[98.06895,14.19852]}},{"type":"Feature","properties":{"schoolname":"မူလွန်(ဖိုးလမော်)","urbanrural":"Rural","mm_tsname":"Launglon"},"geometry":{"type":"Point","coordinates":[98.07877,13.91221]}},{"type":"Feature","properties":{"schoolname":"အမက((က)ရပ်ကွက်)","urbanrural":"Urban","mm_tsname":"Launglon"},"geometry":{"type":"Point","coordinates":[98.12001,13.97783]}},{"type":"Feature","properties":{"schoolname":"အမက((ဂ)ရပ်ကွက်)","urbanrural":"Urban","mm_tsname":"Launglon"},"geometry":{"type":"Point","coordinates":[98.11325,13.96838]}},{"type":"Feature","properties":{"schoolname":"အမက(ရင်းဘုတ်)","urbanrural":"Rural","mm_tsname":"Launglon"},"geometry":{"type":"Point","coordinates":[98.12385,13.93599]}},{"type":"Feature","properties":{"schoolname":"အမက(မဲမော်)","urbanrural":"Rural","mm_tsname":"Launglon"},"geometry":{"type":"Point","coordinates":[98.14484,13.99725]}},{"type":"Feature","properties":{"schoolname":"အမက(ရဗျော)","urbanrural":"Rural","mm_tsname":"Launglon"},"geometry":{"type":"Point","coordinates":[98.15629,14.01017]}},{"type":"Feature","properties":{"schoolname":"အမက(ပိန္နဲတော)","urbanrural":"Rural","mm_tsname":"Launglon"},"geometry":{"type":"Point","coordinates":[98.13385,13.91048]}},{"type":"Feature","properties":{"schoolname":"အမက(ကထိန်ကြီး)","urbanrural":"Rural","mm_tsname":"Launglon"},"geometry":{"type":"Point","coordinates":[98.13529,13.90514]}},{"type":"Feature","properties":{"schoolname":"အမက(သာယာကုန်း)","urbanrural":"Rural","mm_tsname":"Launglon"},"geometry":{"type":"Point","coordinates":[98.15921,14.07824]}},{"type":"Feature","properties":{"schoolname":"အမက(ဆင်ကူး)","urbanrural":"Rural","mm_tsname":"Launglon"},"geometry":{"type":"Point","coordinates":[98.15776,14.08866]}},{"type":"Feature","properties":{"schoolname":"အမက(သောကြာပြင်)","urbanrural":"Rural","mm_tsname":"Launglon"},"geometry":{"type":"Point","coordinates":[98.14769,14.11503]}},{"type":"Feature","properties":{"schoolname":"အမက(ထိန်သစ်)","urbanrural":"Rural","mm_tsname":"Launglon"},"geometry":{"type":"Point","coordinates":[98.17142,14.10408]}},{"type":"Feature","properties":{"schoolname":"အမက(နခံတော)","urbanrural":"Rural","mm_tsname":"Launglon"},"geometry":{"type":"Point","coordinates":[98.17473,14.10872]}},{"type":"Feature","properties":{"schoolname":"အမက(၀တ်သားကင်)","urbanrural":"Rural","mm_tsname":"Launglon"},"geometry":{"type":"Point","coordinates":[98.15479,13.87654]}},{"type":"Feature","properties":{"schoolname":"အမက(မြခါးပတ်)","urbanrural":"Rural","mm_tsname":"Launglon"},"geometry":{"type":"Point","coordinates":[98.14891,13.86699]}},{"type":"Feature","properties":{"schoolname":"အမက(မိန်းမချော)","urbanrural":"Rural","mm_tsname":"Launglon"},"geometry":{"type":"Point","coordinates":[98.16544,13.86257]}},{"type":"Feature","properties":{"schoolname":"အမက(အင်းကြီး)","urbanrural":"Rural","mm_tsname":"Launglon"},"geometry":{"type":"Point","coordinates":[98.15183,14.10996]}},{"type":"Feature","properties":{"schoolname":"အမက((ခလရ(၁၀4))","urbanrural":"Rural","mm_tsname":"Launglon"},"geometry":{"type":"Point","coordinates":[98.14004,14.11954]}},{"type":"Feature","properties":{"schoolname":"အမက(ခမောင်းတောင်)","urbanrural":"Rural","mm_tsname":"Launglon"},"geometry":{"type":"Point","coordinates":[98.17738,14.12686]}},{"type":"Feature","properties":{"schoolname":"အမက(မဲအုံနောက်)","urbanrural":"Rural","mm_tsname":"Launglon"},"geometry":{"type":"Point","coordinates":[98.17658,14.13742]}},{"type":"Feature","properties":{"schoolname":"အမက(ပန်းစိပ်)","urbanrural":"Rural","mm_tsname":"Launglon"},"geometry":{"type":"Point","coordinates":[98.11101,14.15407]}},{"type":"Feature","properties":{"schoolname":"အမက(ဘူချိုင်း)","urbanrural":"Rural","mm_tsname":"Launglon"},"geometry":{"type":"Point","coordinates":[98.13727,14.17354]}},{"type":"Feature","properties":{"schoolname":"အမက(သ၀င်)","urbanrural":"Rural","mm_tsname":"Launglon"},"geometry":{"type":"Point","coordinates":[98.15746,13.77787]}},{"type":"Feature","properties":{"schoolname":"အမက(ရဘဲ)","urbanrural":"Rural","mm_tsname":"Launglon"},"geometry":{"type":"Point","coordinates":[98.15319,13.72432]}},{"type":"Feature","properties":{"schoolname":"အမက(ကဗွီး(၂)ပင်)","urbanrural":"Rural","mm_tsname":"Launglon"},"geometry":{"type":"Point","coordinates":[98.09644,14.16661]}},{"type":"Feature","properties":{"schoolname":"အမက(ရွာသစ်ကုန်း)","urbanrural":"Rural","mm_tsname":"Launglon"},"geometry":{"type":"Point","coordinates":[98.15342,13.75648]}},{"type":"Feature","properties":{"schoolname":"အမက(စခန်းသစ်)","urbanrural":"Rural","mm_tsname":"Launglon"},"geometry":{"type":"Point","coordinates":[98.09625,14.20219]}},{"type":"Feature","properties":{"schoolname":"အမက(သပြေ)","urbanrural":"Rural","mm_tsname":"Launglon"},"geometry":{"type":"Point","coordinates":[98.09693,14.20302]}},{"type":"Feature","properties":{"schoolname":"အမက(အင်းနီတွင်း)","urbanrural":"Rural","mm_tsname":"Launglon"},"geometry":{"type":"Point","coordinates":[98.18188,13.66354]}},{"type":"Feature","properties":{"schoolname":"အမက(ရှမ်းမော်)","urbanrural":"Rural","mm_tsname":"Launglon"},"geometry":{"type":"Point","coordinates":[98.06972,13.96973]}},{"type":"Feature","properties":{"schoolname":"အထက(ချောင်း၀ပြင်)","urbanrural":"Rural","mm_tsname":"Thayetchaung"},"geometry":{"type":"Point","coordinates":[98.35835,13.68071]}},{"type":"Feature","properties":{"schoolname":"အထက(ခွဲ)(အက်အက်)","urbanrural":"Rural","mm_tsname":"Thayetchaung"},"geometry":{"type":"Point","coordinates":[98.51533,13.31404]}},{"type":"Feature","properties":{"schoolname":"အလက(မင်းဒပ်)","urbanrural":"Rural","mm_tsname":"Thayetchaung"},"geometry":{"type":"Point","coordinates":[98.3789,13.67884]}},{"type":"Feature","properties":{"schoolname":"အလက(ဂုံညှင်းဆိပ်)","urbanrural":"Rural","mm_tsname":"Thayetchaung"},"geometry":{"type":"Point","coordinates":[98.27586,13.93532]}},{"type":"Feature","properties":{"schoolname":"အမက(ညောင်ပင်ဆိပ်)","urbanrural":"Rural","mm_tsname":"Launglon"},"geometry":{"type":"Point","coordinates":[98.09529,14.21567]}},{"type":"Feature","properties":{"schoolname":"အလက(ကျောက်ဆည်)","urbanrural":"Rural","mm_tsname":"Thayetchaung"},"geometry":{"type":"Point","coordinates":[98.41011,13.76635]}},{"type":"Feature","properties":{"schoolname":"အလက(ကြာအင်း)","urbanrural":"Rural","mm_tsname":"Thayetchaung"},"geometry":{"type":"Point","coordinates":[98.32646,13.69094]}},{"type":"Feature","properties":{"schoolname":"အလက(ပြင်းဖြူကြီး)","urbanrural":"Rural","mm_tsname":"Thayetchaung"},"geometry":{"type":"Point","coordinates":[98.32543,13.69712]}},{"type":"Feature","properties":{"schoolname":"အလက(ခွဲ)(ကျွဲခြံ)","urbanrural":"Rural","mm_tsname":"Thayetchaung"},"geometry":{"type":"Point","coordinates":[98.42805,13.52631]}},{"type":"Feature","properties":{"schoolname":"အလက(ခွဲ)ကတွဲ)","urbanrural":"Rural","mm_tsname":"Thayetchaung"},"geometry":{"type":"Point","coordinates":[98.48161,13.40529]}},{"type":"Feature","properties":{"schoolname":"အမက(ဘဲစားပြင်)","urbanrural":"Rural","mm_tsname":"Thayetchaung"},"geometry":{"type":"Point","coordinates":[98.42029,13.51871]}},{"type":"Feature","properties":{"schoolname":"အလက(ခွဲ)(ပအော့အနောက်)","urbanrural":"Rural","mm_tsname":"Thayetchaung"},"geometry":{"type":"Point","coordinates":[98.2794,14.02345]}},{"type":"Feature","properties":{"schoolname":"အလက(ခွဲ)(ကင်းရှေ့)","urbanrural":"Rural","mm_tsname":"Thayetchaung"},"geometry":{"type":"Point","coordinates":[98.29822,13.97255]}},{"type":"Feature","properties":{"schoolname":"အထက(ကမြိုင်)","urbanrural":"Rural","mm_tsname":"Thayetchaung"},"geometry":{"type":"Point","coordinates":[98.37167,13.64709]}},{"type":"Feature","properties":{"schoolname":"အလက(ခွဲ)(၀င်းကဖော်)","urbanrural":"Rural","mm_tsname":"Thayetchaung"},"geometry":{"type":"Point","coordinates":[98.302,13.74654]}},{"type":"Feature","properties":{"schoolname":"မူလွန်(တံခွန်တိုင်)","urbanrural":"Rural","mm_tsname":"Thayetchaung"},"geometry":{"type":"Point","coordinates":[98.51369,13.39046]}},{"type":"Feature","properties":{"schoolname":"မူလွန်(မာလကာချောင်း)","urbanrural":"Rural","mm_tsname":"Thayetchaung"},"geometry":{"type":"Point","coordinates":[98.43425,13.83816]}},{"type":"Feature","properties":{"schoolname":"မူလွန်(မယ်ကဲ)","urbanrural":"Rural","mm_tsname":"Thayetchaung"},"geometry":{"type":"Point","coordinates":[98.36581,13.87605]}},{"type":"Feature","properties":{"schoolname":"မူလွန်(ဆင်ကျန်း)","urbanrural":"Rural","mm_tsname":"Thayetchaung"},"geometry":{"type":"Point","coordinates":[98.27962,13.78891]}},{"type":"Feature","properties":{"schoolname":"မူလွန်(ပြင်းဖြူသား)","urbanrural":"Rural","mm_tsname":"Thayetchaung"},"geometry":{"type":"Point","coordinates":[98.33723,13.73055]}},{"type":"Feature","properties":{"schoolname":"မူလွန်(ပေတခပ်)","urbanrural":"Rural","mm_tsname":"Thayetchaung"},"geometry":{"type":"Point","coordinates":[98.26697,13.86245]}},{"type":"Feature","properties":{"schoolname":"မူလွန်(ဆီတောကြီး)","urbanrural":"Rural","mm_tsname":"Thayetchaung"},"geometry":{"type":"Point","coordinates":[98.26135,13.86823]}},{"type":"Feature","properties":{"schoolname":"မူလွန်(ဆင်မတန်း)","urbanrural":"Rural","mm_tsname":"Thayetchaung"},"geometry":{"type":"Point","coordinates":[98.26219,13.87382]}},{"type":"Feature","properties":{"schoolname":"အမက(၁)(မြို့မ)","urbanrural":"Urban","mm_tsname":"Thayetchaung"},"geometry":{"type":"Point","coordinates":[98.26112,13.87516]}},{"type":"Feature","properties":{"schoolname":"အမက(၁)(ကျောက်မြောင်း)","urbanrural":"Urban","mm_tsname":"Thayetchaung"},"geometry":{"type":"Point","coordinates":[98.24539,13.85081]}},{"type":"Feature","properties":{"schoolname":"အမက(၂)(ကျောက်မြောင်း)","urbanrural":"Urban","mm_tsname":"Thayetchaung"},"geometry":{"type":"Point","coordinates":[98.27912,13.82954]}},{"type":"Feature","properties":{"schoolname":"အမက(ပန်းပြင်)","urbanrural":"Rural","mm_tsname":"Thayetchaung"},"geometry":{"type":"Point","coordinates":[98.24261,13.90902]}},{"type":"Feature","properties":{"schoolname":"အမက(မဲနယ်အိုး)","urbanrural":"Rural","mm_tsname":"Thayetchaung"},"geometry":{"type":"Point","coordinates":[98.32043,13.75813]}},{"type":"Feature","properties":{"schoolname":"အမက(ရေဗျတ်)","urbanrural":"Rural","mm_tsname":"Thayetchaung"},"geometry":{"type":"Point","coordinates":[98.43118,13.86706]}},{"type":"Feature","properties":{"schoolname":"အမက(ပန်းချီရှောင်)","urbanrural":"Rural","mm_tsname":"Thayetchaung"},"geometry":{"type":"Point","coordinates":[98.36329,13.71345]}},{"type":"Feature","properties":{"schoolname":"အမက(၂)(သရက်နှစ်ခွ)","urbanrural":"Rural","mm_tsname":"Thayetchaung"},"geometry":{"type":"Point","coordinates":[98.38679,13.68583]}},{"type":"Feature","properties":{"schoolname":"အမက(သဲချောင်းသား)","urbanrural":"Rural","mm_tsname":"Thayetchaung"},"geometry":{"type":"Point","coordinates":[98.38376,13.66828]}},{"type":"Feature","properties":{"schoolname":"အမက(၀ဲရစ်)","urbanrural":"Rural","mm_tsname":"Thayetchaung"},"geometry":{"type":"Point","coordinates":[98.25845,13.89342]}},{"type":"Feature","properties":{"schoolname":"အမက(၂)(ရငဲ)","urbanrural":"Rural","mm_tsname":"Thayetchaung"},"geometry":{"type":"Point","coordinates":[98.25098,14.01489]}},{"type":"Feature","properties":{"schoolname":"အမက(ရာဘာခြံ)","urbanrural":"Rural","mm_tsname":"Thayetchaung"},"geometry":{"type":"Point","coordinates":[98.29462,14.00034]}},{"type":"Feature","properties":{"schoolname":"အမက(ဆေးဖြတ်ကုန်း)","urbanrural":"Rural","mm_tsname":"Thayetchaung"},"geometry":{"type":"Point","coordinates":[98.25237,13.99788]}},{"type":"Feature","properties":{"schoolname":"အမက(မိုးရွှေကူး)","urbanrural":"Rural","mm_tsname":"Thayetchaung"},"geometry":{"type":"Point","coordinates":[98.28092,13.99528]}},{"type":"Feature","properties":{"schoolname":"အမက(ဟင်းဘုတ်ချောင်း)","urbanrural":"Rural","mm_tsname":"Thayetchaung"},"geometry":{"type":"Point","coordinates":[98.26854,14.00073]}},{"type":"Feature","properties":{"schoolname":"အမက(ပန်းဒေါ့)","urbanrural":"Rural","mm_tsname":"Thayetchaung"},"geometry":{"type":"Point","coordinates":[98.47694,13.75724]}},{"type":"Feature","properties":{"schoolname":"အမက(ဗျတ်၀ိသား)","urbanrural":"Rural","mm_tsname":"Thayetchaung"},"geometry":{"type":"Point","coordinates":[98.34073,13.66829]}},{"type":"Feature","properties":{"schoolname":"အမက(ရေချိုချောင်း)","urbanrural":"Rural","mm_tsname":"Thayetchaung"},"geometry":{"type":"Point","coordinates":[98.3525,13.71837]}},{"type":"Feature","properties":{"schoolname":"အမက(ဆီဒတ်)","urbanrural":"Rural","mm_tsname":"Thayetchaung"},"geometry":{"type":"Point","coordinates":[98.3552,13.63007]}},{"type":"Feature","properties":{"schoolname":"အမက(မြလေးပြင်)","urbanrural":"Rural","mm_tsname":"Thayetchaung"},"geometry":{"type":"Point","coordinates":[98.32583,13.65156]}},{"type":"Feature","properties":{"schoolname":"အမက(ကမ်းပြင်)","urbanrural":"Rural","mm_tsname":"Thayetchaung"},"geometry":{"type":"Point","coordinates":[98.42679,13.53706]}},{"type":"Feature","properties":{"schoolname":"အမက(၂)(ကတွဲ)","urbanrural":"Rural","mm_tsname":"Thayetchaung"},"geometry":{"type":"Point","coordinates":[98.4202,13.51862]}},{"type":"Feature","properties":{"schoolname":"အမက(မေျှာ့ချောင်း)","urbanrural":"Rural","mm_tsname":"Thayetchaung"},"geometry":{"type":"Point","coordinates":[98.49264,13.47038]}},{"type":"Feature","properties":{"schoolname":"အမက(ပဲဖျား)","urbanrural":"Rural","mm_tsname":"Thayetchaung"},"geometry":{"type":"Point","coordinates":[98.49081,13.46869]}},{"type":"Feature","properties":{"schoolname":"အမက(လိပ်လှအိုင်)","urbanrural":"Rural","mm_tsname":"Thayetchaung"},"geometry":{"type":"Point","coordinates":[98.50422,13.45181]}},{"type":"Feature","properties":{"schoolname":"အမက(ပဲ၀)","urbanrural":"Rural","mm_tsname":"Thayetchaung"},"geometry":{"type":"Point","coordinates":[98.47321,13.34096]}},{"type":"Feature","properties":{"schoolname":"အမက(အင်းမချောင်း)","urbanrural":"Rural","mm_tsname":"Thayetchaung"},"geometry":{"type":"Point","coordinates":[98.50464,13.3758]}},{"type":"Feature","properties":{"schoolname":"အမက(လယ်ပြင်ကြီး)","urbanrural":"Rural","mm_tsname":"Thayetchaung"},"geometry":{"type":"Point","coordinates":[98.50404,13.34844]}},{"type":"Feature","properties":{"schoolname":"အမက(ကျောက်တခွ)","urbanrural":"Rural","mm_tsname":"Thayetchaung"},"geometry":{"type":"Point","coordinates":[98.49645,13.32592]}},{"type":"Feature","properties":{"schoolname":"အမက(ပဒပ်ချောင်း)","urbanrural":"Rural","mm_tsname":"Thayetchaung"},"geometry":{"type":"Point","coordinates":[98.34265,13.93337]}},{"type":"Feature","properties":{"schoolname":"အမက(ပအော့ချောင်း)","urbanrural":"Rural","mm_tsname":"Thayetchaung"},"geometry":{"type":"Point","coordinates":[98.52337,13.40592]}},{"type":"Feature","properties":{"schoolname":"အမက(ငြိမ်းချမ်းရေး)(၁)","urbanrural":"Rural","mm_tsname":"Thayetchaung"},"geometry":{"type":"Point","coordinates":[98.5499,13.35011]}},{"type":"Feature","properties":{"schoolname":"အမက(ရွှေဥချောင်း)","urbanrural":"Rural","mm_tsname":"Thayetchaung"},"geometry":{"type":"Point","coordinates":[98.51965,13.31579]}},{"type":"Feature","properties":{"schoolname":"အမက(ကျောက်ဖြူ)","urbanrural":"Rural","mm_tsname":"Thayetchaung"},"geometry":{"type":"Point","coordinates":[98.35779,13.89559]}},{"type":"Feature","properties":{"schoolname":"အမက(လောင်းမင်းဘ)","urbanrural":"Rural","mm_tsname":"Thayetchaung"},"geometry":{"type":"Point","coordinates":[98.35236,13.91599]}},{"type":"Feature","properties":{"schoolname":"အမက-ပဲရေပူစမ်း","urbanrural":"Rural","mm_tsname":"Thayetchaung"},"geometry":{"type":"Point","coordinates":[98.29817,13.97244]}},{"type":"Feature","properties":{"schoolname":"အမက(ကထီး၀)","urbanrural":"Rural","mm_tsname":"Thayetchaung"},"geometry":{"type":"Point","coordinates":[98.43162,13.86827]}},{"type":"Feature","properties":{"schoolname":"အမက(ကဒင်ဝ)","urbanrural":"Rural","mm_tsname":"Dawei"},"geometry":{"type":"Point","coordinates":[98.22945,14.02915]}},{"type":"Feature","properties":{"schoolname":"အထက(၅)","urbanrural":"Rural","mm_tsname":"Dawei"},"geometry":{"type":"Point","coordinates":[98.23262,14.10621]}},{"type":"Feature","properties":{"schoolname":"အထက(ခွဲ)တောင်သုံးလုံး","urbanrural":"Rural","mm_tsname":"Dawei"},"geometry":{"type":"Point","coordinates":[98.46204,14.16681]}},{"type":"Feature","properties":{"schoolname":"အလက(သပြုချောင်း)(ဘန်း)","urbanrural":"Rural","mm_tsname":"Dawei"},"geometry":{"type":"Point","coordinates":[98.67564,13.78052]}},{"type":"Feature","properties":{"schoolname":"မူလွန်(တလိုင်းတောင်)","urbanrural":"Rural","mm_tsname":"Dawei"},"geometry":{"type":"Point","coordinates":[98.24163,14.08339]}},{"type":"Feature","properties":{"schoolname":"မူလွန်(ဆင်ဖြူတိုင်)","urbanrural":"Rural","mm_tsname":"Dawei"},"geometry":{"type":"Point","coordinates":[98.89233,14.04404]}},{"type":"Feature","properties":{"schoolname":"အမက(မြို့တွင်း)","urbanrural":"Urban","mm_tsname":"Dawei"},"geometry":{"type":"Point","coordinates":[98.19187,14.07565]}},{"type":"Feature","properties":{"schoolname":"အမက(ဒေါင်းငူ)","urbanrural":"Urban","mm_tsname":"Dawei"},"geometry":{"type":"Point","coordinates":[98.18727,14.07009]}},{"type":"Feature","properties":{"schoolname":"အမက(ကျောက်မော်)","urbanrural":"Urban","mm_tsname":"Dawei"},"geometry":{"type":"Point","coordinates":[98.20778,14.07272]}},{"type":"Feature","properties":{"schoolname":"မူလွန်(ကျောက်ရပ်)","urbanrural":"Rural","mm_tsname":"Dawei"},"geometry":{"type":"Point","coordinates":[98.22398,14.06783]}},{"type":"Feature","properties":{"schoolname":"အမက(ပုလုကုန်း)","urbanrural":"Rural","mm_tsname":"Dawei"},"geometry":{"type":"Point","coordinates":[98.21759,14.11971]}},{"type":"Feature","properties":{"schoolname":"အထက(အောက်ရေဖြူ)","urbanrural":"Rural","mm_tsname":"Launglon"},"geometry":{"type":"Point","coordinates":[98.14397,13.89724]}},{"type":"Feature","properties":{"schoolname":"အထက(ခွဲ)(ငပိတက်ကြီး)","urbanrural":"Rural","mm_tsname":"Launglon"},"geometry":{"type":"Point","coordinates":[98.10706,14.19969]}},{"type":"Feature","properties":{"schoolname":"မူလွန်(ပြင်းထိန်)","urbanrural":"Rural","mm_tsname":"Launglon"},"geometry":{"type":"Point","coordinates":[98.13619,13.97685]}},{"type":"Feature","properties":{"schoolname":"မူလွန်(တောင်မင်းပြောင်)","urbanrural":"Rural","mm_tsname":"Launglon"},"geometry":{"type":"Point","coordinates":[98.17676,14.14529]}},{"type":"Feature","properties":{"schoolname":"မူလွန်(ကျောက်မတ္တပ်)","urbanrural":"Rural","mm_tsname":"Launglon"},"geometry":{"type":"Point","coordinates":[98.15102,13.58211]}},{"type":"Feature","properties":{"schoolname":"အမက((ခ)ရပ်ကွက်)","urbanrural":"Urban","mm_tsname":"Launglon"},"geometry":{"type":"Point","coordinates":[98.12276,13.97588]}},{"type":"Feature","properties":{"schoolname":"အမက(မြောင်းပေါက်)","urbanrural":"Rural","mm_tsname":"Launglon"},"geometry":{"type":"Point","coordinates":[98.15563,14.01393]}},{"type":"Feature","properties":{"schoolname":"အမက(ကျောက်ဖြူ)","urbanrural":"Rural","mm_tsname":"Launglon"},"geometry":{"type":"Point","coordinates":[98.14534,13.89643]}},{"type":"Feature","properties":{"schoolname":"အမက(အဘူ)","urbanrural":"Rural","mm_tsname":"Launglon"},"geometry":{"type":"Point","coordinates":[98.17107,14.09311]}},{"type":"Feature","properties":{"schoolname":"အမက(နတ်စင်ရှောင်)","urbanrural":"Rural","mm_tsname":"Launglon"},"geometry":{"type":"Point","coordinates":[98.15771,13.86533]}},{"type":"Feature","properties":{"schoolname":"အမက(သဲတော)","urbanrural":"Rural","mm_tsname":"Dawei"},"geometry":{"type":"Point","coordinates":[98.2408,14.01326]}},{"type":"Feature","properties":{"schoolname":"အမက(ရေဝိုင်း)","urbanrural":"Rural","mm_tsname":"Dawei"},"geometry":{"type":"Point","coordinates":[98.30164,14.11225]}},{"type":"Feature","properties":{"schoolname":"အမက(ကျောက်မဲတောင်)","urbanrural":"Rural","mm_tsname":"Dawei"},"geometry":{"type":"Point","coordinates":[98.45179,14.16678]}},{"type":"Feature","properties":{"schoolname":"အမက(ပိန္နဲချောင်း)","urbanrural":"Rural","mm_tsname":"Dawei"},"geometry":{"type":"Point","coordinates":[98.30987,14.21099]}},{"type":"Feature","properties":{"schoolname":"အမက(ညောင်ချောင်း)","urbanrural":"Rural","mm_tsname":"Dawei"},"geometry":{"type":"Point","coordinates":[98.36758,14.04158]}},{"type":"Feature","properties":{"schoolname":"အမက(နှမ်းပရုပ်)","urbanrural":"Rural","mm_tsname":"Dawei"},"geometry":{"type":"Point","coordinates":[98.43718,14.26392]}},{"type":"Feature","properties":{"schoolname":"အမက(ဖောင်းတောလျှပ်စစ်)","urbanrural":"Rural","mm_tsname":"Dawei"},"geometry":{"type":"Point","coordinates":[98.53254,14.02298]}},{"type":"Feature","properties":{"schoolname":"အမက(ကျိုက်ဖီးလန်)","urbanrural":"Rural","mm_tsname":"Dawei"},"geometry":{"type":"Point","coordinates":[98.50061,14.10499]}},{"type":"Feature","properties":{"schoolname":"အမက(ဆင်စွယ်ချောင်း)","urbanrural":"Rural","mm_tsname":"Dawei"},"geometry":{"type":"Point","coordinates":[98.56983,13.96216]}},{"type":"Feature","properties":{"schoolname":"အမက(ဒေါင်းရှောင်)","urbanrural":"Rural","mm_tsname":"Launglon"},"geometry":{"type":"Point","coordinates":[98.15054,14.19302]}},{"type":"Feature","properties":{"schoolname":"အမက(ဆင်ထောက်)","urbanrural":"Rural","mm_tsname":"Launglon"},"geometry":{"type":"Point","coordinates":[98.11656,13.70329]}},{"type":"Feature","properties":{"schoolname":"အထက-ြမန်မာပအော့","urbanrural":"Rural","mm_tsname":"Thayetchaung"},"geometry":{"type":"Point","coordinates":[98.47282,13.35385]}},{"type":"Feature","properties":{"schoolname":"အထက(ခွဲ)(သဲချောင်းကြီး)","urbanrural":"Rural","mm_tsname":"Thayetchaung"},"geometry":{"type":"Point","coordinates":[98.40889,13.75426]}},{"type":"Feature","properties":{"schoolname":"အလက(ခွဲ)(ကညင်ချောင်း)","urbanrural":"Rural","mm_tsname":"Thayetchaung"},"geometry":{"type":"Point","coordinates":[98.47467,13.36922]}},{"type":"Feature","properties":{"schoolname":"မူလွန်(မော်ဖျား)","urbanrural":"Rural","mm_tsname":"Thayetchaung"},"geometry":{"type":"Point","coordinates":[98.43097,13.54706]}},{"type":"Feature","properties":{"schoolname":"မူလွန်(သင်ပုန်းချောင်း)","urbanrural":"Rural","mm_tsname":"Thayetchaung"},"geometry":{"type":"Point","coordinates":[98.46277,13.4604]}},{"type":"Feature","properties":{"schoolname":"မူလွန်(ပန်းတော)","urbanrural":"Urban","mm_tsname":"Thayetchaung"},"geometry":{"type":"Point","coordinates":[98.26661,13.85251]}},{"type":"Feature","properties":{"schoolname":"အမက(ဆင်ဖြူပြင်)","urbanrural":"Urban","mm_tsname":"Thayetchaung"},"geometry":{"type":"Point","coordinates":[98.26385,13.81665]}},{"type":"Feature","properties":{"schoolname":"အမက(၂)တီတွတ်ပြင်)","urbanrural":"Rural","mm_tsname":"Thayetchaung"},"geometry":{"type":"Point","coordinates":[98.27202,13.89716]}},{"type":"Feature","properties":{"schoolname":"အမက(ချောက်ချောင်း)","urbanrural":"Rural","mm_tsname":"Thayetchaung"},"geometry":{"type":"Point","coordinates":[98.38213,13.67001]}},{"type":"Feature","properties":{"schoolname":"အမက(သူရဲတောင်)","urbanrural":"Rural","mm_tsname":"Thayetchaung"},"geometry":{"type":"Point","coordinates":[98.47405,13.75626]}},{"type":"Feature","properties":{"schoolname":"အမက(သရက်ပင်အိုင်)","urbanrural":"Rural","mm_tsname":"Thayetchaung"},"geometry":{"type":"Point","coordinates":[98.33875,13.71289]}},{"type":"Feature","properties":{"schoolname":"အမက(ပိတောက်ငယ်)","urbanrural":"Rural","mm_tsname":"Thayetchaung"},"geometry":{"type":"Point","coordinates":[98.45058,13.39266]}},{"type":"Feature","properties":{"schoolname":"အမက(ကမာအိုင်)","urbanrural":"Rural","mm_tsname":"Thayetchaung"},"geometry":{"type":"Point","coordinates":[98.47148,13.31975]}},{"type":"Feature","properties":{"schoolname":"အမက(ကထောင်းနီ)","urbanrural":"Rural","mm_tsname":"Thayetchaung"},"geometry":{"type":"Point","coordinates":[98.47265,13.36497]}},{"type":"Feature","properties":{"schoolname":"အမက(အင်းပြား)","urbanrural":"Rural","mm_tsname":"Thayetchaung"},"geometry":{"type":"Point","coordinates":[98.33542,13.94784]}},{"type":"Feature","properties":{"schoolname":"အထက-ရေဖြူ","urbanrural":"Urban","mm_tsname":"Yebyu"},"geometry":{"type":"Point","coordinates":[98.19529,14.24482]}},{"type":"Feature","properties":{"schoolname":"အထက(ခွဲ)-ဖောင်းတော","urbanrural":"Rural","mm_tsname":"Yebyu"},"geometry":{"type":"Point","coordinates":[97.92292,14.56793]}},{"type":"Feature","properties":{"schoolname":"အလက-သဘွတ်ချောင်း","urbanrural":"Rural","mm_tsname":"Yebyu"},"geometry":{"type":"Point","coordinates":[97.91045,14.63981]}},{"type":"Feature","properties":{"schoolname":"အလက(ခွဲ)-ကျောက်ရှပ်","urbanrural":"Rural","mm_tsname":"Yebyu"},"geometry":{"type":"Point","coordinates":[98.1805,14.57955]}},{"type":"Feature","properties":{"schoolname":"မူလွန်-လှည်းကုန်း","urbanrural":"Rural","mm_tsname":"Yebyu"},"geometry":{"type":"Point","coordinates":[98.02649,14.60378]}},{"type":"Feature","properties":{"schoolname":"မူလွန်-မော်ငန်း","urbanrural":"Rural","mm_tsname":"Yebyu"},"geometry":{"type":"Point","coordinates":[97.94099,14.71422]}},{"type":"Feature","properties":{"schoolname":"အလက(ခွဲ)-ခမောင်းချောင်း","urbanrural":"Rural","mm_tsname":"Yebyu"},"geometry":{"type":"Point","coordinates":[98.11794,14.33881]}},{"type":"Feature","properties":{"schoolname":"အလက(ခွဲ)ကျောက်ထရံ(နတလ)","urbanrural":"Rural","mm_tsname":"Yebyu"},"geometry":{"type":"Point","coordinates":[97.80429,14.84941]}},{"type":"Feature","properties":{"schoolname":"အမက(၂)-ရေဖြူ","urbanrural":"Urban","mm_tsname":"Yebyu"},"geometry":{"type":"Point","coordinates":[98.20699,14.25548]}},{"type":"Feature","properties":{"schoolname":"အမက-နတ်တွင်း(သဗြေ)","urbanrural":"Rural","mm_tsname":"Yebyu"},"geometry":{"type":"Point","coordinates":[98.18796,14.19407]}},{"type":"Feature","properties":{"schoolname":"အမက-ကျောက်ဆိပ်ကုန်း","urbanrural":"Rural","mm_tsname":"Yebyu"},"geometry":{"type":"Point","coordinates":[98.19754,14.16577]}},{"type":"Feature","properties":{"schoolname":"အမက-မူးဒူး(န)","urbanrural":"Rural","mm_tsname":"Yebyu"},"geometry":{"type":"Point","coordinates":[98.0834,14.23833]}},{"type":"Feature","properties":{"schoolname":"အမက-မယင်းကြီး","urbanrural":"Rural","mm_tsname":"Yebyu"},"geometry":{"type":"Point","coordinates":[98.02027,14.28661]}},{"type":"Feature","properties":{"schoolname":"အမက-ကလိန်အောင်(တပ်)","urbanrural":"Rural","mm_tsname":"Yebyu"},"geometry":{"type":"Point","coordinates":[98.16443,14.61378]}},{"type":"Feature","properties":{"schoolname":"အမက-ပိန္နဲတော","urbanrural":"Rural","mm_tsname":"Yebyu"},"geometry":{"type":"Point","coordinates":[98.02973,14.5991]}},{"type":"Feature","properties":{"schoolname":"မူလွန်-နတ်အိမ်တောင်","urbanrural":"Rural","mm_tsname":"Yebyu"},"geometry":{"type":"Point","coordinates":[98.10992,14.72308]}},{"type":"Feature","properties":{"schoolname":"အမက-ကျွဲတလင်း","urbanrural":"Rural","mm_tsname":"Yebyu"},"geometry":{"type":"Point","coordinates":[98.03074,14.87316]}},{"type":"Feature","properties":{"schoolname":"အမက-ပိုက်တဲလေး","urbanrural":"Rural","mm_tsname":"Yebyu"},"geometry":{"type":"Point","coordinates":[97.90523,14.58332]}},{"type":"Feature","properties":{"schoolname":"အမက-ပယအနောက်","urbanrural":"Rural","mm_tsname":"Yebyu"},"geometry":{"type":"Point","coordinates":[97.98419,14.57601]}},{"type":"Feature","properties":{"schoolname":"အမက(ခွဲ)-ရငဲချောင်းဝ","urbanrural":"Rural","mm_tsname":"Yebyu"},"geometry":{"type":"Point","coordinates":[98.13457,14.40318]}},{"type":"Feature","properties":{"schoolname":"အမက-ရှမ်းဖမ်း","urbanrural":"Rural","mm_tsname":"Yebyu"},"geometry":{"type":"Point","coordinates":[98.20568,14.24859]}},{"type":"Feature","properties":{"schoolname":"အလက(လယ်တောင်ယာ)","urbanrural":"Rural","mm_tsname":"Tanintharyi"},"geometry":{"type":"Point","coordinates":[99.00162,12.06244]}},{"type":"Feature","properties":{"schoolname":"အလက(ချောင်းလမု)","urbanrural":"Rural","mm_tsname":"Tanintharyi"},"geometry":{"type":"Point","coordinates":[99.11339,11.85798]}},{"type":"Feature","properties":{"schoolname":"မူလွန်(မော်တုန်း)(ရ)","urbanrural":"Rural","mm_tsname":"Tanintharyi"},"geometry":{"type":"Point","coordinates":[98.93692,12.12563]}},{"type":"Feature","properties":{"schoolname":"မူလွန်(‌ေ ကျာက်စရစ်)","urbanrural":"Rural","mm_tsname":"Tanintharyi"},"geometry":{"type":"Point","coordinates":[99.06113,12.23381]}},{"type":"Feature","properties":{"schoolname":"မူလွန်(သာယာကုန်း)(တ)","urbanrural":"Rural","mm_tsname":"Tanintharyi"},"geometry":{"type":"Point","coordinates":[98.90401,12.0559]}},{"type":"Feature","properties":{"schoolname":"အမက(‌ညောင်ပင်ကုန်း)","urbanrural":"Rural","mm_tsname":"Tanintharyi"},"geometry":{"type":"Point","coordinates":[98.93946,12.16561]}},{"type":"Feature","properties":{"schoolname":"မူလွန်(ရေဖြူ)","urbanrural":"Rural","mm_tsname":"Tanintharyi"},"geometry":{"type":"Point","coordinates":[99.07186,11.93664]}},{"type":"Feature","properties":{"schoolname":"အမက(ကတွဲငှောက်)","urbanrural":"Rural","mm_tsname":"Tanintharyi"},"geometry":{"type":"Point","coordinates":[98.90546,12.22684]}},{"type":"Feature","properties":{"schoolname":"အမက(ေကျာက်လိပ်)","urbanrural":"Rural","mm_tsname":"Palaw"},"geometry":{"type":"Point","coordinates":[98.75744,13.03932]}},{"type":"Feature","properties":{"schoolname":"အမက(ဆင်ထိုးနောက်)","urbanrural":"Rural","mm_tsname":"Palaw"},"geometry":{"type":"Point","coordinates":[98.57525,13.29044]}},{"type":"Feature","properties":{"schoolname":"အမက(ကျွဲထိန်းကွင်း)","urbanrural":"Rural","mm_tsname":"Tanintharyi"},"geometry":{"type":"Point","coordinates":[99.00763,12.08499]}},{"type":"Feature","properties":{"schoolname":"အမက(တကူငယ်)","urbanrural":"Rural","mm_tsname":"Tanintharyi"},"geometry":{"type":"Point","coordinates":[99.03555,12.25784]}},{"type":"Feature","properties":{"schoolname":"အထက(ခွဲ)(ချောင်းကဖီး)","urbanrural":"Rural","mm_tsname":"Bokpyin"},"geometry":{"type":"Point","coordinates":[98.67324,11.07119]}},{"type":"Feature","properties":{"schoolname":"အထက(အောက်လိပ်)","urbanrural":"Rural","mm_tsname":"Bokpyin"},"geometry":{"type":"Point","coordinates":[98.72854,11.159]}},{"type":"Feature","properties":{"schoolname":"အလက(ရတနာပုံမိုင်း)","urbanrural":"Rural","mm_tsname":"Bokpyin"},"geometry":{"type":"Point","coordinates":[99.26864,11.29869]}},{"type":"Feature","properties":{"schoolname":"အလက(ကျောက်ထနောင်း)","urbanrural":"Rural","mm_tsname":"Bokpyin"},"geometry":{"type":"Point","coordinates":[98.70742,10.84359]}},{"type":"Feature","properties":{"schoolname":"အလက(ပြည်ကြီးမဏ္ဍိုင်)","urbanrural":"Urban","mm_tsname":"Bokpyin"},"geometry":{"type":"Point","coordinates":[99.00145,11.46813]}},{"type":"Feature","properties":{"schoolname":"အထက(ပုလော)","urbanrural":"Urban","mm_tsname":"Palaw"},"geometry":{"type":"Point","coordinates":[98.64558,13.01485]}},{"type":"Feature","properties":{"schoolname":"အမက(သဗျာ)","urbanrural":"Rural","mm_tsname":"Launglon"},"geometry":{"type":"Point","coordinates":[98.12913,14.00968]}},{"type":"Feature","properties":{"schoolname":"အထက(ကမြောကင်း)","urbanrural":"Rural","mm_tsname":"Launglon"},"geometry":{"type":"Point","coordinates":[98.16967,14.09499]}},{"type":"Feature","properties":{"schoolname":"အမက(ဆင်ကူး)","urbanrural":"Rural","mm_tsname":"Thayetchaung"},"geometry":{"type":"Point","coordinates":[98.28041,13.82526]}},{"type":"Feature","properties":{"schoolname":"အထက(သရက်ချောင်း)","urbanrural":"Urban","mm_tsname":"Thayetchaung"},"geometry":{"type":"Point","coordinates":[98.2632,13.86505]}},{"type":"Feature","properties":{"schoolname":"အထက(၂)","urbanrural":"Urban","mm_tsname":"Dawei"},"geometry":{"type":"Point","coordinates":[98.19503,14.06656]}},{"type":"Feature","properties":{"schoolname":"အထက-ကလိန်အောင်","urbanrural":"Urban","mm_tsname":"Yebyu"},"geometry":{"type":"Point","coordinates":[98.15449,14.62845]}},{"type":"Feature","properties":{"schoolname":"အထက(ကရသူရိ)","urbanrural":"Urban","mm_tsname":"Bokpyin"},"geometry":{"type":"Point","coordinates":[98.75871,10.93391]}},{"type":"Feature","properties":{"schoolname":"အထက(သကျက်တော)","urbanrural":"Rural","mm_tsname":"Launglon"},"geometry":{"type":"Point","coordinates":[98.14693,13.74915]}},{"type":"Feature","properties":{"schoolname":"အထက(ပဲဒက်)","urbanrural":"Rural","mm_tsname":"Thayetchaung"},"geometry":{"type":"Point","coordinates":[98.49452,13.46061]}},{"type":"Feature","properties":{"schoolname":"အထက(ခွဲ)-ရလိုင်","urbanrural":"Rural","mm_tsname":"Yebyu"},"geometry":{"type":"Point","coordinates":[98.14873,14.26759]}},{"type":"Feature","properties":{"schoolname":"အထက(ခွဲ)အရှေ့ကုန်း","urbanrural":"Rural","mm_tsname":"Palaw"},"geometry":{"type":"Point","coordinates":[98.53759,13.27016]}},{"type":"Feature","properties":{"schoolname":"အလက(မြေးခန္တီ)","urbanrural":"Rural","mm_tsname":"Dawei"},"geometry":{"type":"Point","coordinates":[98.34652,14.25078]}},{"type":"Feature","properties":{"schoolname":"မူလွန်(အင်းဇောက်)","urbanrural":"Rural","mm_tsname":"Launglon"},"geometry":{"type":"Point","coordinates":[98.15824,14.02299]}},{"type":"Feature","properties":{"schoolname":"အလက(အောက်သရက်ချောင်း)","urbanrural":"Rural","mm_tsname":"Thayetchaung"},"geometry":{"type":"Point","coordinates":[98.25016,13.98778]}},{"type":"Feature","properties":{"schoolname":"အလက(ခွဲ)(စမ်းလှမ်း)","urbanrural":"Rural","mm_tsname":"Launglon"},"geometry":{"type":"Point","coordinates":[98.08042,13.93944]}},{"type":"Feature","properties":{"schoolname":"အမက(တောနား)","urbanrural":"Rural","mm_tsname":"Dawei"},"geometry":{"type":"Point","coordinates":[98.25397,14.05226]}},{"type":"Feature","properties":{"schoolname":"မူလွန်(ပြင်ကြီး)(သဘော့ဆိပ်)","urbanrural":"Rural","mm_tsname":"Launglon"},"geometry":{"type":"Point","coordinates":[98.09627,14.09404]}},{"type":"Feature","properties":{"schoolname":"အလက(ခွဲ)(ကျောက်လှေကား)","urbanrural":"Rural","mm_tsname":"Thayetchaung"},"geometry":{"type":"Point","coordinates":[98.24014,13.97033]}},{"type":"Feature","properties":{"schoolname":"အမက(ဘုမ္မော်)","urbanrural":"Urban","mm_tsname":"Dawei"},"geometry":{"type":"Point","coordinates":[98.19278,14.0686]}},{"type":"Feature","properties":{"schoolname":"မူလွန်(ကျောက်တွင်း)","urbanrural":"Rural","mm_tsname":"Launglon"},"geometry":{"type":"Point","coordinates":[98.11843,13.71942]}},{"type":"Feature","properties":{"schoolname":"မူလွန်(သရက်တောင်ကြီး)","urbanrural":"Rural","mm_tsname":"Thayetchaung"},"geometry":{"type":"Point","coordinates":[98.51738,13.43138]}},{"type":"Feature","properties":{"schoolname":"အမက(ညင်း၀)","urbanrural":"Rural","mm_tsname":"Launglon"},"geometry":{"type":"Point","coordinates":[98.16033,13.99973]}},{"type":"Feature","properties":{"schoolname":"အမက(ရာဟောင်း၀)","urbanrural":"Rural","mm_tsname":"Launglon"},"geometry":{"type":"Point","coordinates":[98.15906,14.03886]}},{"type":"Feature","properties":{"schoolname":"အမက(၂)(မြို့မ)","urbanrural":"Urban","mm_tsname":"Thayetchaung"},"geometry":{"type":"Point","coordinates":[98.25805,13.8855]}},{"type":"Feature","properties":{"schoolname":"မူလွန်-တောင်ရင်းအင်း","urbanrural":"Rural","mm_tsname":"Yebyu"},"geometry":{"type":"Point","coordinates":[98.0758,14.59594]}},{"type":"Feature","properties":{"schoolname":"အမက(ဘုတ်ကိုင်း)","urbanrural":"Rural","mm_tsname":"Thayetchaung"},"geometry":{"type":"Point","coordinates":[98.28943,13.7807]}},{"type":"Feature","properties":{"schoolname":"အမက(ပိတိုင်)","urbanrural":"Rural","mm_tsname":"Thayetchaung"},"geometry":{"type":"Point","coordinates":[98.25724,13.92607]}},{"type":"Feature","properties":{"schoolname":"အမက(ပြင်ချောင်း)","urbanrural":"Rural","mm_tsname":"Launglon"},"geometry":{"type":"Point","coordinates":[98.16259,13.86842]}},{"type":"Feature","properties":{"schoolname":"အမက(တောရှည်)","urbanrural":"Rural","mm_tsname":"Launglon"},"geometry":{"type":"Point","coordinates":[98.12532,14.12799]}},{"type":"Feature","properties":{"schoolname":"အမက(အတွင်းကဇိ)","urbanrural":"Rural","mm_tsname":"Thayetchaung"},"geometry":{"type":"Point","coordinates":[98.25151,13.97997]}},{"type":"Feature","properties":{"schoolname":"အလက(ခွဲ)လိပ်သောင်","urbanrural":"Rural","mm_tsname":"Palaw"},"geometry":{"type":"Point","coordinates":[98.57362,13.11576]}},{"type":"Feature","properties":{"schoolname":"အမက(လယ်လှ)","urbanrural":"Rural","mm_tsname":"Launglon"},"geometry":{"type":"Point","coordinates":[98.14955,13.75212]}},{"type":"Feature","properties":{"schoolname":"အမက(ကရင်တောင်ပျောက်)","urbanrural":"Rural","mm_tsname":"Thayetchaung"},"geometry":{"type":"Point","coordinates":[98.4365,13.72648]}},{"type":"Feature","properties":{"schoolname":"အမက-သဗြေဇွန်း","urbanrural":"Rural","mm_tsname":"Yebyu"},"geometry":{"type":"Point","coordinates":[98.17526,14.25591]}},{"type":"Feature","properties":{"schoolname":"အလက(ဘန်းလမွတ်)","urbanrural":"Rural","mm_tsname":"Tanintharyi"},"geometry":{"type":"Point","coordinates":[98.94666,12.15602]}},{"type":"Feature","properties":{"schoolname":"အမက(၂)(၀င်းကဖော်)","urbanrural":"Rural","mm_tsname":"Thayetchaung"},"geometry":{"type":"Point","coordinates":[98.31133,13.69222]}},{"type":"Feature","properties":{"schoolname":"အမက(ချောင်းဖျားကြီး)","urbanrural":"Rural","mm_tsname":"Launglon"},"geometry":{"type":"Point","coordinates":[98.11456,13.73677]}},{"type":"Feature","properties":{"schoolname":"အမက(ဟာမြင်းကြီး)","urbanrural":"Rural","mm_tsname":"Dawei"},"geometry":{"type":"Point","coordinates":[98.34207,14.24848]}},{"type":"Feature","properties":{"schoolname":"အထက(လောင်းလုံး)","urbanrural":"Urban","mm_tsname":"Launglon"},"geometry":{"type":"Point","coordinates":[98.11493,13.97342]}},{"type":"Feature","properties":{"schoolname":"မူလွန်(ကြဲ)","urbanrural":"Rural","mm_tsname":"Palaw"},"geometry":{"type":"Point","coordinates":[98.72089,12.79827]}},{"type":"Feature","properties":{"schoolname":"အမက(မီးလောင်ချောင်း)","urbanrural":"Rural","mm_tsname":"Thayetchaung"},"geometry":{"type":"Point","coordinates":[98.53503,13.35133]}},{"type":"Feature","properties":{"schoolname":"အလက(ခွဲ)(သရက်တစ်ပင်)","urbanrural":"Rural","mm_tsname":"Palaw"},"geometry":{"type":"Point","coordinates":[98.53095,13.25507]}},{"type":"Feature","properties":{"schoolname":"အလက(ခွဲ)(ခဲချောင်း)","urbanrural":"Rural","mm_tsname":"Bokpyin"},"geometry":{"type":"Point","coordinates":[99.06482,11.63113]}},{"type":"Feature","properties":{"schoolname":"အလက(ခွဲ)(သာရဖုံ)(န)","urbanrural":"Rural","mm_tsname":"Tanintharyi"},"geometry":{"type":"Point","coordinates":[98.87541,12.16126]}},{"type":"Feature","properties":{"schoolname":"မူလွန်-ဘဝါကမ်းခြေ","urbanrural":"Rural","mm_tsname":"Yebyu"},"geometry":{"type":"Point","coordinates":[97.9886,14.34206]}},{"type":"Feature","properties":{"schoolname":"အမက(ဖွားဘုတ်ပြင်)","urbanrural":"Rural","mm_tsname":"Launglon"},"geometry":{"type":"Point","coordinates":[98.11493,14.16532]}},{"type":"Feature","properties":{"schoolname":"အမက(စွန်တောင်ပေါ်)","urbanrural":"Rural","mm_tsname":"Launglon"},"geometry":{"type":"Point","coordinates":[98.145,14.14541]}},{"type":"Feature","properties":{"schoolname":"အမက(ကွမ်းချောင်းကြီး)","urbanrural":"Rural","mm_tsname":"Dawei"},"geometry":{"type":"Point","coordinates":[98.68507,13.8027]}},{"type":"Feature","properties":{"schoolname":"အမက-မိကျောင်းလောင်း(သစ်)","urbanrural":"Rural","mm_tsname":"Yebyu"},"geometry":{"type":"Point","coordinates":[98.14243,14.70417]}},{"type":"Feature","properties":{"schoolname":"အမက(ဂျင့်ဂါ)","urbanrural":"Rural","mm_tsname":"Palaw"},"geometry":{"type":"Point","coordinates":[98.59865,12.96979]}},{"type":"Feature","properties":{"schoolname":"အမက(‌အောက်ကင်း)(န)","urbanrural":"Rural","mm_tsname":"Tanintharyi"},"geometry":{"type":"Point","coordinates":[98.97027,12.10335]}},{"type":"Feature","properties":{"schoolname":"အထက(၁)","urbanrural":"Urban","mm_tsname":"Dawei"},"geometry":{"type":"Point","coordinates":[98.19515,14.07374]}},{"type":"Feature","properties":{"schoolname":"အမက(‌ကျောက်မီးကျောင်း)","urbanrural":"Rural","mm_tsname":"Tanintharyi"},"geometry":{"type":"Point","coordinates":[99.05095,12.0346]}},{"type":"Feature","properties":{"schoolname":"အမက(စာပွဲထာ)","urbanrural":"Rural","mm_tsname":"Dawei"},"geometry":{"type":"Point","coordinates":[98.45012,14.30737]}},{"type":"Feature","properties":{"schoolname":"အမက(ဝက်ကျွန်း)","urbanrural":"Rural","mm_tsname":"Bokpyin"},"geometry":{"type":"Point","coordinates":[98.68174,11.50357]}},{"type":"Feature","properties":{"schoolname":"မူလွန်-လော့သိုင်း","urbanrural":"Rural","mm_tsname":"Yebyu"},"geometry":{"type":"Point","coordinates":[98.00796,14.94537]}},{"type":"Feature","properties":{"schoolname":"မူလွန်-ဘုရားသုံးဆူ","urbanrural":"Rural","mm_tsname":"Yebyu"},"geometry":{"type":"Point","coordinates":[97.99958,14.82919]}},{"type":"Feature","properties":{"schoolname":"အမက(အလယ်ပိုင်း)","urbanrural":"Rural","mm_tsname":"Tanintharyi"},"geometry":{"type":"Point","coordinates":[99.04992,12.264]}},{"type":"Feature","properties":{"schoolname":"အမက(နန်းတောင်-ပလောက်)","urbanrural":"Rural","mm_tsname":"Palaw"},"geometry":{"type":"Point","coordinates":[98.72321,12.99078]}},{"type":"Feature","properties":{"schoolname":"မူလွန်(မော့တောင်(၉)ရပ်ကွက်)","urbanrural":"Rural","mm_tsname":"Tanintharyi"},"geometry":{"type":"Point","coordinates":[99.62818,11.7964]}},{"type":"Feature","properties":{"schoolname":"အထက-လဲရှောင်","urbanrural":"Rural","mm_tsname":"Yebyu"},"geometry":{"type":"Point","coordinates":[98.06289,14.29743]}},{"type":"Feature","properties":{"schoolname":"အမက(သဲပုံ)","urbanrural":"Rural","mm_tsname":"Palaw"},"geometry":{"type":"Point","coordinates":[98.71101,12.72789]}},{"type":"Feature","properties":{"schoolname":"အမက(ဆင်မကျွန်း)","urbanrural":"Rural","mm_tsname":"Tanintharyi"},"geometry":{"type":"Point","coordinates":[98.94952,12.93157]}},{"type":"Feature","properties":{"schoolname":"အထက(တနင်္သာရီ)","urbanrural":"Urban","mm_tsname":"Tanintharyi"},"geometry":{"type":"Point","coordinates":[99.01204,12.07449]}},{"type":"Feature","properties":{"schoolname":"အထက(ညောင်ပင်ကွင်း)","urbanrural":"Rural","mm_tsname":"Tanintharyi"},"geometry":{"type":"Point","coordinates":[99.10599,12.05447]}},{"type":"Feature","properties":{"schoolname":"အမက(ခွဲ)(ချောင်းလမိုင်)","urbanrural":"Rural","mm_tsname":"Bokpyin"},"geometry":{"type":"Point","coordinates":[98.81753,11.28095]}},{"type":"Feature","properties":{"schoolname":"အမက(အင်းရှည်ကုန်း)","urbanrural":"Rural","mm_tsname":"Tanintharyi"},"geometry":{"type":"Point","coordinates":[99.05324,12.26588]}},{"type":"Feature","properties":{"schoolname":"အမက-လက်ပံပြင်","urbanrural":"Rural","mm_tsname":"Palaw"},"geometry":{"type":"Point","coordinates":[98.72556,12.88636]}},{"type":"Feature","properties":{"schoolname":"မူလွန်( ကျွေးချောင်း)","urbanrural":"Rural","mm_tsname":"Bokpyin"},"geometry":{"type":"Point","coordinates":[98.75423,11.2137]}},{"type":"Feature","properties":{"schoolname":"အမက(ကျောက်တောင်)","urbanrural":"Rural","mm_tsname":"Tanintharyi"},"geometry":{"type":"Point","coordinates":[99.02021,12.31422]}},{"type":"Feature","properties":{"schoolname":"အမက-ရေပူ","urbanrural":"Rural","mm_tsname":"Palaw"},"geometry":{"type":"Point","coordinates":[98.62815,13.19236]}},{"type":"Feature","properties":{"schoolname":"မူလွန်(အညှင်းဆုံ)","urbanrural":"Rural","mm_tsname":"Bokpyin"},"geometry":{"type":"Point","coordinates":[98.71589,11.5771]}},{"type":"Feature","properties":{"schoolname":"အမက(ကျားခေါင်း)","urbanrural":"Rural","mm_tsname":"Tanintharyi"},"geometry":{"type":"Point","coordinates":[99.11021,12.28396]}},{"type":"Feature","properties":{"schoolname":"အမက(ကွန်တောင်)","urbanrural":"Rural","mm_tsname":"Bokpyin"},"geometry":{"type":"Point","coordinates":[98.71993,11.45666]}},{"type":"Feature","properties":{"schoolname":"အမက-မိကေျာင်းဖြူရေပူ","urbanrural":"Rural","mm_tsname":"Palaw"},"geometry":{"type":"Point","coordinates":[98.6424,13.19561]}},{"type":"Feature","properties":{"schoolname":"အမက(ကင်းနီကျွန်း)","urbanrural":"Rural","mm_tsname":"Tanintharyi"},"geometry":{"type":"Point","coordinates":[98.95134,12.92663]}},{"type":"Feature","properties":{"schoolname":"အမက(ခွဲ)(ထီးလူး)","urbanrural":"Rural","mm_tsname":"Palaw"},"geometry":{"type":"Point","coordinates":[98.61716,13.19704]}},{"type":"Feature","properties":{"schoolname":"အမက(ပဝတ်ထာ)","urbanrural":"Rural","mm_tsname":"Tanintharyi"},"geometry":{"type":"Point","coordinates":[98.9295,12.05892]}},{"type":"Feature","properties":{"schoolname":"အထက(ခွဲ)ပဝတ်ကုန်း","urbanrural":"Rural","mm_tsname":"Palaw"},"geometry":{"type":"Point","coordinates":[98.70264,12.93011]}},{"type":"Feature","properties":{"schoolname":"မူလွန်(အုန်းတောကမ်း)","urbanrural":"Rural","mm_tsname":"Bokpyin"},"geometry":{"type":"Point","coordinates":[98.75114,11.27998]}},{"type":"Feature","properties":{"schoolname":"အထက-မလိကျွန်း","urbanrural":"Rural","mm_tsname":"Palaw"},"geometry":{"type":"Point","coordinates":[98.26119,13.14864]}},{"type":"Feature","properties":{"schoolname":"အမက(တီဝရှောက်ကုန်း)","urbanrural":"Rural","mm_tsname":"Tanintharyi"},"geometry":{"type":"Point","coordinates":[98.95355,12.93019]}},{"type":"Feature","properties":{"schoolname":"မူလွန်(ချောင်းမွန်စံပြရွာ)","urbanrural":"Rural","mm_tsname":"Bokpyin"},"geometry":{"type":"Point","coordinates":[98.93714,11.41418]}},{"type":"Feature","properties":{"schoolname":"အထက(ခွဲ)ခန္တီ","urbanrural":"Rural","mm_tsname":"Palaw"},"geometry":{"type":"Point","coordinates":[98.55925,13.15594]}},{"type":"Feature","properties":{"schoolname":"အထက(မော်တုန်း)","urbanrural":"Rural","mm_tsname":"Tanintharyi"},"geometry":{"type":"Point","coordinates":[98.94115,12.12768]}},{"type":"Feature","properties":{"schoolname":"အမက(ခွဲ)(ပန်းဖုံချောင်း)","urbanrural":"Rural","mm_tsname":"Bokpyin"},"geometry":{"type":"Point","coordinates":[98.75923,11.2593]}},{"type":"Feature","properties":{"schoolname":"အလက(ခွဲ)ကျောင်းနိမ့်","urbanrural":"Rural","mm_tsname":"Palaw"},"geometry":{"type":"Point","coordinates":[98.67828,12.95725]}},{"type":"Feature","properties":{"schoolname":"အမက(ဗမာမီးကျောင်းချောင်း)","urbanrural":"Rural","mm_tsname":"Bokpyin"},"geometry":{"type":"Point","coordinates":[98.70116,11.38156]}},{"type":"Feature","properties":{"schoolname":"အလက(ခွဲ)မီးလောင်ချောင်း","urbanrural":"Rural","mm_tsname":"Palaw"},"geometry":{"type":"Point","coordinates":[98.73007,12.75625]}},{"type":"Feature","properties":{"schoolname":"အမက(ခွဲ)(ဝါးခုတ်ချောင်း)","urbanrural":"Rural","mm_tsname":"Bokpyin"},"geometry":{"type":"Point","coordinates":[98.72573,11.57233]}},{"type":"Feature","properties":{"schoolname":"မူလွန်(အဏ္ဏဝါ)","urbanrural":"Rural","mm_tsname":"Palaw"},"geometry":{"type":"Point","coordinates":[98.69376,12.98147]}},{"type":"Feature","properties":{"schoolname":"မူလွန်(ဒူးရင်းပင်းရှောင်)","urbanrural":"Rural","mm_tsname":"Palaw"},"geometry":{"type":"Point","coordinates":[98.6316,13.05326]}},{"type":"Feature","properties":{"schoolname":"အထက(ဘုတ်ပြင်း)","urbanrural":"Urban","mm_tsname":"Bokpyin"},"geometry":{"type":"Point","coordinates":[98.75909,11.25999]}},{"type":"Feature","properties":{"schoolname":"အလက(ခွဲ)(ဂုံညှင်းပွဲ)","urbanrural":"Rural","mm_tsname":"Palaw"},"geometry":{"type":"Point","coordinates":[98.71313,12.90286]}},{"type":"Feature","properties":{"schoolname":"အမက(စစ်ပြင်ကြီး)","urbanrural":"Rural","mm_tsname":"Palaw"},"geometry":{"type":"Point","coordinates":[98.64756,12.95866]}},{"type":"Feature","properties":{"schoolname":"အမက(‌မှော်ကြောင်း)","urbanrural":"Rural","mm_tsname":"Palaw"},"geometry":{"type":"Point","coordinates":[98.67415,12.91862]}},{"type":"Feature","properties":{"schoolname":"အမက(မြို့ဟောင်း)","urbanrural":"Rural","mm_tsname":"Palaw"},"geometry":{"type":"Point","coordinates":[98.67278,12.88336]}},{"type":"Feature","properties":{"schoolname":"အမက(ပလကင်း)","urbanrural":"Rural","mm_tsname":"Palaw"},"geometry":{"type":"Point","coordinates":[98.60423,13.12649]}},{"type":"Feature","properties":{"schoolname":"အမက(ပလမင်းပြင်)","urbanrural":"Rural","mm_tsname":"Palaw"},"geometry":{"type":"Point","coordinates":[98.58453,13.11815]}},{"type":"Feature","properties":{"schoolname":"အမက(ပိန္နဲတောင်)","urbanrural":"Rural","mm_tsname":"Palaw"},"geometry":{"type":"Point","coordinates":[98.70027,12.81646]}},{"type":"Feature","properties":{"schoolname":"အမက(ကွက်သစ်)","urbanrural":"Rural","mm_tsname":"Palaw"},"geometry":{"type":"Point","coordinates":[98.59762,13.31038]}},{"type":"Feature","properties":{"schoolname":"အမက(ကြပ်ချောင်း)","urbanrural":"Rural","mm_tsname":"Palaw"},"geometry":{"type":"Point","coordinates":[98.50784,13.20343]}},{"type":"Feature","properties":{"schoolname":"အမက(မလိဇရပ်ဆိပ်)","urbanrural":"Rural","mm_tsname":"Palaw"},"geometry":{"type":"Point","coordinates":[98.26085,13.16837]}},{"type":"Feature","properties":{"schoolname":"အမက(နန်းပရုတ်)","urbanrural":"Rural","mm_tsname":"Palaw"},"geometry":{"type":"Point","coordinates":[98.65292,13.09732]}},{"type":"Feature","properties":{"schoolname":"အမက(အထက်ပေါင်း)","urbanrural":"Rural","mm_tsname":"Palaw"},"geometry":{"type":"Point","coordinates":[98.65862,13.22053]}},{"type":"Feature","properties":{"schoolname":"အမက-ချောင်းဗြဲ","urbanrural":"Rural","mm_tsname":"Palaw"},"geometry":{"type":"Point","coordinates":[98.65924,13.18815]}}]}