{"type":"FeatureCollection","features":[{"type":"Feature","properties":{"TS":"Tanintharyi","TS_MMR":"တနင်္သာရီ","TS_PCODE":"MMR006008","DT":"Myeik","area_km2":11352.0,"lx":99.179,"ly":12.386,"sites":12},"geometry":{"type":"Polygon","coordinates":[[[99.1885,13.292],[99.1878,13.2911],[99.1915,13.2839],[99.1972,13.2789],[99.2,13.2743],[99.2048,13.2698],[99.2074,13.2646],[99.2102,13.2626],[99.2111,13.2612],[99.2098,13.2605],[99.204,13.2622],[99.1997,13.262],[99.1962,13.259],[99.1963,13.2538],[99.1974,13.2477],[99.1994,13.2431],[99.2074,13.2339],[99.2078,13.2221],[99.2027,13.2193],[99.2038,13.2166],[99.2102,13.2094],[99.2093,13.2007],[99.2063,13.1962],[99.2002,13.191],[99.1939,13.188],[99.1892,13.1908],[99.1841,13.1921],[99.1804,13.1949],[99.177,13.1988],[99.1766,13.2002],[99.171,13.2035],[99.1585,13.2076],[99.1515,13.2059],[99.1392,13.2045],[99.1314,13.2016],[99.1237,13.1929],[99.1252,13.1848],[99.1179,13.1752],[99.1191,13.1722],[99.1231,13.1697],[99.1237,13.1687],[99.1299,13.1667],[99.1347,13.1629],[99.1363,13.1586],[99.137,13.1491],[99.1332,13.144],[99.1308,13.1389],[99.1324,13.1364],[99.1361,13.1332],[99.1359,13.1303],[99.1372,13.1274],[99.1356,13.1261],[99.1352,13.1249],[99.1342,13.1216],[99.1339,13.1169],[99.1306,13.1168],[99.1294,13.1146],[99.1287,13.1105],[99.1293,13.1013],[99.1315,13.0958],[99.1289,13.0934],[99.1237,13.0946],[99.1217,13.0967],[99.1199,13.0954],[99.119,13.0919],[99.1121,13.0855],[99.1036,13.0828],[99.1002,13.0763],[99.0998,13.0724],[99.1031,13.0675],[99.1044,13.0633],[99.1096,13.0627],[99.1117,13.0616],[99.1151,13.0572],[99.1157,13.0507],[99.1208,13.0434],[99.126,13.0397],[99.1306,13.0352],[99.135,13.0331],[99.1433,13.0335],[99.1455,13.0314],[99.1485,13.0268],[99.1509,13.0262],[99.1525,13.0269],[99.1549,13.0264],[99.1564,13.0226],[99.1565,13.0196],[99.1592,13.0184],[99.1633,13.0189],[99.1674,13.0176],[99.171,13.0145],[99.1692,13.009],[99.176,13.0],[99.1783,12.9987],[99.1823,12.9989],[99.185,13.0004],[99.192,12.9978],[99.1956,12.9897],[99.1914,12.9836],[99.1903,12.9804],[99.188,12.9767],[99.1901,12.97],[99.1937,12.9672],[99.1962,12.9583],[99.1942,12.9538],[99.1866,12.9476],[99.1847,12.9446],[99.178,12.9433],[99.1759,12.9441],[99.1718,12.9412],[99.1724,12.9352],[99.171,12.932],[99.166,12.9291],[99.1646,12.9291],[99.1623,12.9274],[99.1683,12.9235],[99.1742,12.9211],[99.182,12.9137],[99.1844,12.8946],[99.1838,12.8903],[99.1811,12.8877],[99.1814,12.8852],[99.1893,12.8806],[99.1882,12.873],[99.189,12.8681],[99.1852,12.8604],[99.1875,12.855],[99.1864,12.8492],[99.1898,12.8436],[99.1935,12.8442],[99.1989,12.8435],[99.1992,12.84],[99.2051,12.8361],[99.2079,12.8319],[99.2092,12.8312],[99.2116,12.8257],[99.2179,12.8284],[99.224,12.8141],[99.2272,12.8134],[99.2302,12.8143],[99.2311,12.8125],[99.2315,12.806],[99.2305,12.7987],[99.2281,12.7909],[99.2318,12.7837],[99.2345,12.782],[99.2349,12.7762],[99.2336,12.7684],[99.235,12.7616],[99.2347,12.7501],[99.2304,12.7425],[99.2345,12.7392],[99.2395,12.7249],[99.2468,12.7194],[99.2509,12.7199],[99.2573,12.7233],[99.265,12.7253],[99.2708,12.7255],[99.2735,12.7244],[99.2802,12.7171],[99.2908,12.7154],[99.2902,12.702],[99.2921,12.697],[99.3018,12.6939],[99.3019,12.6897],[99.2953,12.6784],[99.2987,12.6755],[99.3049,12.6734],[99.3083,12.6701],[99.3104,12.6667],[99.3201,12.6691],[99.3328,12.6676],[99.3461,12.6478],[99.3449,12.6444],[99.3543,12.6411],[99.3565,12.639],[99.3562,12.6376],[99.3573,12.6369],[99.3605,12.6359],[99.3667,12.6356],[99.3683,12.6324],[99.3682,12.6267],[99.3672,12.625],[99.3783,12.621],[99.3802,12.6159],[99.3855,12.6172],[99.3886,12.6156],[99.3935,12.6187],[99.3981,12.6151],[99.4023,12.6139],[99.4065,12.6137],[99.4143,12.618],[99.4199,12.6104],[99.4225,12.6087],[99.4235,12.6042],[99.422,12.6002],[99.4238,12.5964],[99.4297,12.5937],[99.434,12.5897],[99.4356,12.5872],[99.4313,12.5802],[99.4283,12.578],[99.4354,12.5646],[99.4304,12.5553],[99.4246,12.5555],[99.4223,12.5512],[99.4252,12.5404],[99.4235,12.5324],[99.4233,12.5275],[99.421,12.5257],[99.419,12.5257],[99.4196,12.5189],[99.4218,12.5143],[99.4204,12.5034],[99.4258,12.4971],[99.4268,12.4929],[99.4249,12.4894],[99.4178,12.4879],[99.4151,12.4851],[99.4058,12.4787],[99.4063,12.4727],[99.4028,12.4615],[99.399,12.4581],[99.4081,12.4555],[99.4112,12.4539],[99.4144,12.4482],[99.4209,12.4474],[99.4258,12.4476],[99.4262,12.4446],[99.4249,12.4402],[99.4253,12.4312],[99.4279,12.4291],[99.4284,12.4237],[99.4364,12.4129],[99.4424,12.41],[99.4452,12.4071],[99.4469,12.4041],[99.4447,12.4019],[99.4434,12.3968],[99.4441,12.3897],[99.4435,12.3823],[99.4387,12.3732],[99.4388,12.3718],[99.4377,12.3685],[99.4344,12.3671],[99.4333,12.3652],[99.4345,12.3623],[99.4442,12.3551],[99.4452,12.3553],[99.4446,12.3524],[99.437,12.3457],[99.4357,12.3402],[99.4456,12.3331],[99.4472,12.3303],[99.4442,12.3264],[99.4453,12.323],[99.4473,12.3201],[99.446,12.3159],[99.4474,12.3125],[99.4542,12.3108],[99.4556,12.305],[99.4574,12.3027],[99.4586,12.2984],[99.463,12.2964],[99.4626,12.2909],[99.4659,12.2832],[99.4746,12.2825],[99.4843,12.2769],[99.4834,12.2746],[99.4861,12.2725],[99.4828,12.2695],[99.482,12.2641],[99.4825,12.2583],[99.4817,12.254],[99.4825,12.251],[99.4723,12.2392],[99.4727,12.2343],[99.4791,12.2299],[99.4823,12.2229],[99.4869,12.219],[99.4922,12.2041],[99.4954,12.2007],[99.4998,12.1916],[99.4975,12.1843],[99.4944,12.1831],[99.4903,12.1833],[99.4885,12.1778],[99.4897,12.173],[99.4886,12.1691],[99.4812,12.1626],[99.4786,12.1618],[99.4827,12.1579],[99.4803,12.1498],[99.4806,12.1469],[99.4796,12.1446],[99.4771,12.1426],[99.474,12.1415],[99.4736,12.1344],[99.4741,12.1306],[99.4764,12.1302],[99.4792,12.1322],[99.484,12.1316],[99.501,12.1412],[99.5051,12.1424],[99.5092,12.1423],[99.5134,12.1445],[99.5172,12.1474],[99.5188,12.1468],[99.5228,12.1473],[99.5248,12.1436],[99.5282,12.1462],[99.5338,12.1484],[99.5331,12.1522],[99.5354,12.1566],[99.5381,12.1583],[99.5421,12.1567],[99.543,12.1557],[99.5473,12.1555],[99.5494,12.153],[99.5494,12.1508],[99.5509,12.1503],[99.5549,12.1499],[99.5637,12.1509],[99.5648,12.1413],[99.5642,12.1377],[99.5602,12.126],[99.5601,12.1194],[99.5579,12.1152],[99.5557,12.1127],[99.5555,12.1031],[99.5568,12.0972],[99.5568,12.0936],[99.5545,12.0903],[99.552,12.089],[99.5497,12.0802],[99.5463,12.0756],[99.5417,12.0723],[99.5367,12.0674],[99.5348,12.0626],[99.5332,12.0524],[99.5357,12.0475],[99.536,12.0423],[99.5388,12.0398],[99.5416,12.0386],[99.5429,12.0333],[99.5425,12.0308],[99.539,12.0248],[99.5371,12.0162],[99.5397,12.014],[99.5505,12.0124],[99.5578,12.0103],[99.5624,12.0103],[99.5692,12.0084],[99.5716,12.0104],[99.5786,12.0058],[99.5802,12.004],[99.5831,11.998],[99.5901,11.9951],[99.5937,11.9887],[99.5911,11.9824],[99.5944,11.9746],[99.5916,11.9618],[99.5941,11.9538],[99.5934,11.95],[99.5858,11.9455],[99.5816,11.9442],[99.58,11.9415],[99.5833,11.9367],[99.5874,11.9165],[99.5802,11.9034],[99.5824,11.8939],[99.5818,11.8876],[99.5843,11.884],[99.5846,11.8826],[99.5835,11.8793],[99.5759,11.8721],[99.5716,11.8706],[99.5706,11.8688],[99.5714,11.8658],[99.5728,11.8647],[99.5737,11.8614],[99.5748,11.86],[99.5835,11.8695],[99.5882,11.8713],[99.5928,11.8709],[99.5971,11.8726],[99.5992,11.8756],[99.6003,11.8752],[99.6032,11.8722],[99.6105,11.8682],[99.6144,11.8613],[99.6152,11.8583],[99.6198,11.8554],[99.6271,11.8486],[99.6258,11.8462],[99.6242,11.8402],[99.6257,11.8356],[99.6237,11.8332],[99.627,11.8304],[99.6279,11.82],[99.6341,11.8206],[99.6381,11.8192],[99.6436,11.8194],[99.6483,11.8184],[99.6484,11.8194],[99.6507,11.8198],[99.6497,11.8249],[99.6566,11.829],[99.6613,11.8264],[99.6653,11.8225],[99.662,11.8189],[99.6609,11.8141],[99.6585,11.8106],[99.655,11.8122],[99.6521,11.8113],[99.6491,11.802],[99.6464,11.7896],[99.6426,11.7907],[99.6404,11.7896],[99.6408,11.7869],[99.6436,11.7831],[99.6427,11.778],[99.645,11.7729],[99.6443,11.7666],[99.641,11.7627],[99.6414,11.7576],[99.6399,11.742],[99.6369,11.7394],[99.6393,11.7327],[99.6355,11.7256],[99.6318,11.7207],[99.6229,11.7201],[99.6186,11.7232],[99.6181,11.7179],[99.6102,11.7099],[99.6027,11.7055],[99.5984,11.7021],[99.5942,11.7015],[99.5934,11.7008],[99.5984,11.6958],[99.5983,11.6945],[99.5965,11.6943],[99.5908,11.6909],[99.5875,11.6844],[99.5867,11.6811],[99.5829,11.6764],[99.5863,11.6702],[99.5875,11.6646],[99.5868,11.6596],[99.5834,11.6526],[99.5705,11.6449],[99.5718,11.6398],[99.5691,11.631],[99.5652,11.6258],[99.5607,11.6233],[99.5553,11.6258],[99.5489,11.6263],[99.5466,11.6258],[99.5415,11.6218],[99.5329,11.6191],[99.5286,11.6213],[99.5246,11.6266],[99.5204,11.6293],[99.5177,11.6301],[99.5159,11.6324],[99.5162,11.6354],[99.5131,11.6357],[99.5095,11.6355],[99.5025,11.6337],[99.4973,11.6347],[99.4957,11.6305],[99.4975,11.6282],[99.497,11.6256],[99.4868,11.6255],[99.4848,11.626],[99.4796,11.6236],[99.4751,11.6237],[99.4727,11.619],[99.4683,11.6134],[99.4684,11.6063],[99.4624,11.5947],[99.4641,11.5896],[99.4617,11.5853],[99.4583,11.5813],[99.4663,11.5735],[99.4679,11.5696],[99.4689,11.5657],[99.4634,11.557],[99.4639,11.55],[99.4691,11.5486],[99.4721,11.5414],[99.4749,11.5375],[99.4743,11.5319],[99.4673,11.5259],[99.463,11.5181],[99.4593,11.5134],[99.4542,11.5097],[99.4527,11.5094],[99.4508,11.5042],[99.4479,11.5032],[99.4474,11.5013],[99.4498,11.5002],[99.4468,11.4931],[99.4446,11.4911],[99.435,11.4899],[99.431,11.478],[99.4253,11.4788],[99.4134,11.4739],[99.4036,11.4716],[99.402,11.4687],[99.4018,11.4657],[99.3977,11.4638],[99.3981,11.4577],[99.3975,11.4536],[99.3982,11.4492],[99.4006,11.4456],[99.4009,11.4438],[99.3977,11.4351],[99.4031,11.423],[99.4029,11.4163],[99.402,11.4115],[99.4041,11.4065],[99.4002,11.4012],[99.4026,11.3888],[99.3971,11.3832],[99.3938,11.3819],[99.3867,11.3817],[99.3781,11.3724],[99.3708,11.3702],[99.3668,11.3701],[99.364,11.3684],[99.3559,11.358],[99.3428,11.3483],[99.3405,11.3385],[99.3356,11.3338],[99.3324,11.3358],[99.3299,11.3362],[99.3278,11.3348],[99.325,11.3258],[99.3188,11.3214],[99.3182,11.3191],[99.3125,11.3165],[99.3065,11.3171],[99.3021,11.3256],[99.2988,11.3303],[99.2852,11.3344],[99.2779,11.3311],[99.268,11.3351],[99.2584,11.3248],[99.2481,11.3226],[99.2397,11.3259],[99.2327,11.3355],[99.2327,11.348],[99.2187,11.341],[99.2099,11.3461],[99.2033,11.3392],[99.2,11.3425],[99.1948,11.3414],[99.1879,11.3417],[99.1846,11.3539],[99.1849,11.3601],[99.1702,11.3656],[99.1636,11.3788],[99.1574,11.3851],[99.1625,11.3917],[99.1576,11.4045],[99.161,11.4082],[99.1565,11.4127],[99.1588,11.4248],[99.1504,11.4303],[99.1464,11.439],[99.1508,11.4453],[99.1504,11.4508],[99.1463,11.4567],[99.1445,11.4644],[99.1386,11.4615],[99.132,11.4652],[99.1184,11.478],[99.121,11.4872],[99.1173,11.5053],[99.121,11.5181],[99.1123,11.5245],[99.1128,11.5279],[99.117,11.5342],[99.1126,11.5452],[99.1159,11.5592],[99.1181,11.5721],[99.1269,11.5684],[99.1309,11.5651],[99.1423,11.5651],[99.1462,11.5697],[99.1444,11.5701],[99.1421,11.5735],[99.1425,11.5751],[99.1478,11.5881],[99.154,11.596],[99.1592,11.6089],[99.1589,11.6194],[99.1534,11.6238],[99.1449,11.6326],[99.1371,11.6359],[99.1294,11.6342],[99.128,11.64],[99.1209,11.6442],[99.1156,11.6513],[99.1179,11.6568],[99.1184,11.6621],[99.1046,11.6767],[99.1046,11.6827],[99.1071,11.6951],[99.103,11.7028],[99.1035,11.707],[99.1024,11.7158],[99.0862,11.7315],[99.0834,11.7387],[99.0779,11.7467],[99.0705,11.7478],[99.0674,11.7552],[99.0627,11.7591],[99.0633,11.7687],[99.0578,11.772],[99.0506,11.7836],[99.0446,11.7968],[99.0366,11.8034],[99.0305,11.8111],[99.0222,11.8158],[99.0165,11.8227],[99.0153,11.8307],[99.0076,11.8321],[98.9922,11.8445],[98.9867,11.853],[98.9823,11.8538],[98.9696,11.8627],[98.9685,11.8762],[98.9613,11.8762],[98.9536,11.8781],[98.9462,11.8855],[98.9382,11.8789],[98.9327,11.8654],[98.9225,11.8651],[98.9123,11.8767],[98.9088,11.8846],[98.9082,11.8924],[98.9098,11.8963],[98.913,11.8989],[98.9117,11.9073],[98.9094,11.9127],[98.9106,11.9145],[98.9112,11.9189],[98.9057,11.9285],[98.8993,11.9318],[98.8963,11.9417],[98.8955,11.9519],[98.8913,11.9571],[98.89,11.9641],[98.8872,11.9676],[98.8834,11.9632],[98.8784,11.9657],[98.8733,11.9826],[98.8736,11.9934],[98.8712,12.0094],[98.873,12.0127],[98.8724,12.0174],[98.8705,12.0187],[98.8678,12.023],[98.8678,12.0315],[98.8651,12.0399],[98.8629,12.0412],[98.8558,12.0404],[98.8499,12.0377],[98.8453,12.0331],[98.8412,12.0323],[98.8354,12.0339],[98.8339,12.043],[98.8304,12.0511],[98.8313,12.0544],[98.8313,12.0604],[98.8215,12.0687],[98.8137,12.0786],[98.8038,12.0881],[98.7955,12.0933],[98.7883,12.0931],[98.7792,12.0883],[98.7748,12.0889],[98.7701,12.0951],[98.7676,12.0945],[98.7593,12.0964],[98.7549,12.1024],[98.7576,12.1129],[98.7571,12.1185],[98.7587,12.1279],[98.7667,12.129],[98.7703,12.1361],[98.7752,12.1372],[98.7781,12.1413],[98.7828,12.1527],[98.7844,12.1545],[98.7903,12.1541],[98.792,12.1546],[98.7936,12.1595],[98.7964,12.1621],[98.7998,12.1601],[98.8028,12.1604],[98.806,12.1656],[98.8087,12.168],[98.8161,12.1678],[98.8172,12.1694],[98.8116,12.1738],[98.8082,12.18],[98.8108,12.1837],[98.812,12.1918],[98.8116,12.195],[98.807,12.1978],[98.8061,12.2024],[98.8039,12.2043],[98.8052,12.2093],[98.8079,12.2151],[98.8093,12.22],[98.8151,12.2206],[98.8213,12.2204],[98.8271,12.2231],[98.8316,12.22],[98.8384,12.221],[98.8418,12.2194],[98.8444,12.219],[98.8504,12.2198],[98.8575,12.2144],[98.8622,12.2173],[98.8665,12.2225],[98.869,12.2277],[98.8794,12.2332],[98.8866,12.2388],[98.8891,12.2452],[98.89,12.253],[98.8881,12.2575],[98.8905,12.2619],[98.8899,12.2649],[98.8938,12.2706],[98.8969,12.2735],[98.9021,12.2756],[98.9108,12.2843],[98.917,12.2875],[98.9178,12.2933],[98.919,12.2946],[98.9151,12.3167],[98.9112,12.3327],[98.915,12.3508],[98.9146,12.3514],[98.9182,12.3554],[98.9118,12.3616],[98.9049,12.367],[98.9054,12.3717],[98.9099,12.3767],[98.9125,12.3779],[98.9122,12.3795],[98.9141,12.3837],[98.9143,12.3884],[98.9099,12.397],[98.9094,12.4057],[98.9075,12.4094],[98.9069,12.4166],[98.9031,12.4198],[98.8937,12.4245],[98.8916,12.4281],[98.8892,12.4479],[98.884,12.4614],[98.8852,12.4641],[98.8997,12.468],[98.9001,12.4731],[98.9023,12.4832],[98.9041,12.4883],[98.9172,12.4921],[98.9186,12.4991],[98.9213,12.5049],[98.9245,12.51],[98.922,12.5113],[98.9146,12.5218],[98.9119,12.5313],[98.9012,12.5336],[98.8937,12.5377],[98.8896,12.5466],[98.8809,12.5587],[98.8809,12.5614],[98.8865,12.5664],[98.8854,12.5732],[98.8829,12.5757],[98.8831,12.5796],[98.8803,12.585],[98.8803,12.5883],[98.8851,12.6005],[98.884,12.6049],[98.8797,12.6096],[98.8735,12.6148],[98.8662,12.6157],[98.8658,12.6175],[98.8702,12.6318],[98.8704,12.6578],[98.8672,12.7004],[98.8638,12.7055],[98.8651,12.712],[98.8698,12.7183],[98.8568,12.7216],[98.8488,12.7208],[98.8375,12.7142],[98.8276,12.7155],[98.8203,12.7201],[98.8201,12.7247],[98.8168,12.73],[98.8137,12.7288],[98.8075,12.7278],[98.8019,12.7303],[98.7942,12.7373],[98.7957,12.7424],[98.7973,12.7438],[98.7982,12.7492],[98.8021,12.7582],[98.8024,12.7657],[98.8002,12.7751],[98.8023,12.7849],[98.8019,12.786],[98.8048,12.7895],[98.8021,12.7975],[98.7974,12.8038],[98.7982,12.8123],[98.7965,12.817],[98.7929,12.8232],[98.7916,12.8273],[98.8073,12.8246],[98.8161,12.8279],[98.826,12.8419],[98.8285,12.8389],[98.8296,12.8334],[98.8287,12.8282],[98.8312,12.8218],[98.8378,12.8119],[98.8446,12.8067],[98.8438,12.8141],[98.8463,12.8181],[98.8447,12.824],[98.8469,12.8304],[98.856,12.8361],[98.8649,12.8438],[98.8693,12.8491],[98.8676,12.8665],[98.864,12.8769],[98.8596,12.8797],[98.8571,12.8849],[98.8577,12.891],[98.85,12.8987],[98.8503,12.9011],[98.8547,12.913],[98.8613,12.9161],[98.8654,12.9216],[98.8679,12.9301],[98.8731,12.9381],[98.8796,12.94],[98.8797,12.9519],[98.8785,12.9578],[98.8823,12.9643],[98.8866,12.9662],[98.8852,12.9724],[98.8806,12.9871],[98.8733,12.9955],[98.8721,13.0005],[98.8682,13.0028],[98.8668,13.005],[98.8671,13.0123],[98.8584,13.0146],[98.8539,13.0199],[98.8547,13.0241],[98.8448,13.0326],[98.8484,13.0362],[98.8478,13.0388],[98.8453,13.0404],[98.8464,13.044],[98.8455,13.0479],[98.8407,13.0565],[98.8415,13.0629],[98.8446,13.0643],[98.8481,13.0646],[98.8547,13.0707],[98.8563,13.0743],[98.8569,13.0788],[98.8565,13.0817],[98.8547,13.0854],[98.8558,13.0909],[98.8583,13.0944],[98.8538,13.1057],[98.8527,13.1108],[98.855,13.1119],[98.8564,13.116],[98.8643,13.1239],[98.8625,13.1311],[98.8638,13.1339],[98.8631,13.1396],[98.8682,13.1426],[98.8691,13.1466],[98.8637,13.156],[98.8659,13.1632],[98.8617,13.17],[98.8607,13.1736],[98.8607,13.1781],[98.862,13.1834],[98.8622,13.1883],[98.8634,13.1922],[98.8634,13.1972],[98.8458,13.212],[98.8462,13.2147],[98.8491,13.2211],[98.8505,13.2304],[98.8477,13.2343],[98.844,13.2436],[98.8391,13.2466],[98.8396,13.2585],[98.8388,13.2688],[98.8373,13.2692],[98.8356,13.2674],[98.8341,13.2716],[98.8243,13.2696],[98.8153,13.2724],[98.8114,13.2764],[98.8069,13.2789],[98.7981,13.2775],[98.7892,13.2913],[98.7849,13.2935],[98.7788,13.2941],[98.7757,13.2997],[98.7737,13.3059],[98.7737,13.3143],[98.7762,13.3185],[98.7816,13.321],[98.7813,13.3283],[98.7798,13.3333],[98.7829,13.3393],[98.781,13.3486],[98.7774,13.3567],[98.7763,13.3611],[98.7776,13.3638],[98.7765,13.3731],[98.7776,13.3734],[98.781,13.3706],[98.7848,13.3657],[98.7877,13.3646],[98.7917,13.3716],[98.7917,13.3803],[98.7897,13.3837],[98.7905,13.387],[98.789,13.3914],[98.7925,13.3994],[98.7945,13.4062],[98.794,13.4089],[98.7949,13.4093],[98.7953,13.4129],[98.8029,13.4177],[98.808,13.4233],[98.812,13.4302],[98.8107,13.433],[98.8102,13.4362],[98.8156,13.4533],[98.819,13.4473],[98.8211,13.4456],[98.8277,13.4488],[98.8352,13.4461],[98.838,13.4414],[98.847,13.4381],[98.8477,13.4328],[98.861,13.422],[98.8742,13.4199],[98.8814,13.4128],[98.8926,13.4102],[98.8955,13.4046],[98.901,13.405],[98.9088,13.4029],[98.911,13.3976],[98.9286,13.3879],[98.9432,13.3858],[98.9563,13.3823],[98.9625,13.3768],[98.9752,13.3685],[98.9818,13.3606],[98.981,13.3569],[98.9824,13.3555],[98.989,13.3561],[98.9972,13.3471],[98.9929,13.3403],[98.9873,13.3338],[98.9821,13.3247],[98.9793,13.3156],[98.9812,13.309],[98.9953,13.3121],[99.0024,13.3142],[99.0043,13.3129],[99.0074,13.3132],[99.0201,13.311],[99.0231,13.3112],[99.0262,13.3159],[99.0314,13.3129],[99.0442,13.3227],[99.0428,13.3241],[99.0412,13.329],[99.0507,13.3254],[99.0566,13.3258],[99.0659,13.3243],[99.0716,13.3308],[99.0915,13.3388],[99.0964,13.3396],[99.1006,13.333],[99.108,13.3308],[99.1163,13.3272],[99.124,13.3325],[99.135,13.3363],[99.1427,13.3214],[99.1526,13.3181],[99.1601,13.2991],[99.1637,13.295],[99.1714,13.295],[99.1777,13.2914],[99.1816,13.2939],[99.1885,13.292]]]}},{"type":"Feature","properties":{"TS":"Dawei","TS_MMR":"ထားဝယ်","TS_PCODE":"MMR006001","DT":"Dawei","area_km2":6824.0,"lx":98.744,"ly":13.947,"sites":20},"geometry":{"type":"Polygon","coordinates":[[[98.1899,14.0414],[98.1871,14.0414],[98.1874,14.046],[98.1852,14.0663],[98.1819,14.0761],[98.1758,14.0881],[98.1751,14.0883],[98.1746,14.0934],[98.1756,14.0954],[98.1856,14.1074],[98.1881,14.1091],[98.194,14.1155],[98.1936,14.1211],[98.1901,14.1379],[98.1871,14.1646],[98.1907,14.1718],[98.1911,14.1747],[98.1969,14.1709],[98.2041,14.1735],[98.2083,14.1774],[98.2096,14.1827],[98.2099,14.1875],[98.2135,14.1892],[98.2255,14.1846],[98.2298,14.184],[98.2371,14.1813],[98.2411,14.1902],[98.2453,14.1934],[98.2497,14.1934],[98.255,14.1862],[98.2569,14.1874],[98.2567,14.1934],[98.2587,14.1984],[98.2613,14.1984],[98.2648,14.2019],[98.2709,14.2045],[98.2727,14.2091],[98.2773,14.2136],[98.2769,14.2147],[98.2817,14.219],[98.2831,14.2262],[98.2871,14.2296],[98.2887,14.233],[98.2933,14.2397],[98.2991,14.2385],[98.3085,14.2347],[98.3096,14.2434],[98.3061,14.2446],[98.3026,14.2557],[98.3015,14.2632],[98.301,14.2714],[98.2988,14.2751],[98.2977,14.2795],[98.3041,14.2801],[98.3076,14.283],[98.3111,14.2827],[98.3119,14.2795],[98.3145,14.2792],[98.3183,14.281],[98.3198,14.2783],[98.3244,14.2751],[98.3337,14.2786],[98.3355,14.2766],[98.3401,14.2747],[98.3421,14.2765],[98.3441,14.2706],[98.3398,14.2642],[98.3415,14.2589],[98.3461,14.2556],[98.3513,14.2587],[98.3509,14.2547],[98.3528,14.2515],[98.3519,14.243],[98.3548,14.2382],[98.3598,14.2377],[98.3597,14.2371],[98.3672,14.2334],[98.3733,14.2323],[98.3738,14.2347],[98.3829,14.234],[98.3888,14.2318],[98.3919,14.2371],[98.4046,14.2444],[98.4045,14.251],[98.4065,14.2545],[98.4056,14.2589],[98.3997,14.2609],[98.3977,14.2633],[98.3947,14.2687],[98.3925,14.2701],[98.3922,14.274],[98.3893,14.276],[98.3864,14.2804],[98.3838,14.2885],[98.3794,14.2943],[98.3757,14.2948],[98.3736,14.2997],[98.3733,14.3015],[98.3753,14.3042],[98.3753,14.3129],[98.3774,14.3249],[98.3744,14.3263],[98.368,14.3316],[98.3663,14.3388],[98.3695,14.3449],[98.3686,14.3496],[98.3619,14.3569],[98.3619,14.3612],[98.3582,14.367],[98.3486,14.3746],[98.342,14.3748],[98.3348,14.3854],[98.3347,14.3894],[98.3364,14.3907],[98.3449,14.406],[98.3467,14.4225],[98.3521,14.4261],[98.356,14.4254],[98.3597,14.4284],[98.3621,14.4343],[98.3626,14.4402],[98.3593,14.4463],[98.3595,14.4516],[98.3586,14.4577],[98.351,14.4592],[98.3453,14.4636],[98.3403,14.4646],[98.3375,14.4686],[98.336,14.474],[98.3336,14.4762],[98.329,14.4745],[98.3264,14.4782],[98.3294,14.4897],[98.3325,14.4923],[98.3329,14.4958],[98.3312,14.5017],[98.3341,14.51],[98.3341,14.5161],[98.3316,14.5212],[98.3283,14.5231],[98.3309,14.5268],[98.3316,14.536],[98.3351,14.5432],[98.3338,14.5473],[98.3342,14.5532],[98.3368,14.5592],[98.3348,14.5662],[98.3394,14.5689],[98.3403,14.5715],[98.3434,14.5754],[98.3493,14.5718],[98.3541,14.5774],[98.3575,14.5774],[98.3682,14.5855],[98.3722,14.5835],[98.3733,14.5814],[98.3787,14.5811],[98.38,14.5837],[98.3796,14.587],[98.3881,14.5907],[98.3972,14.5857],[98.4077,14.5942],[98.4133,14.5904],[98.4225,14.5931],[98.4247,14.5951],[98.4308,14.5964],[98.4392,14.6035],[98.4397,14.6014],[98.453,14.5827],[98.458,14.5812],[98.4591,14.579],[98.4601,14.5725],[98.4585,14.559],[98.462,14.5309],[98.4634,14.5292],[98.4745,14.5362],[98.4783,14.5357],[98.4835,14.5327],[98.4864,14.533],[98.4889,14.5379],[98.4924,14.5387],[98.4944,14.5352],[98.4986,14.5164],[98.4985,14.5086],[98.5031,14.5079],[98.5061,14.5065],[98.504,14.5027],[98.5041,14.5006],[98.5058,14.4947],[98.5092,14.4906],[98.5112,14.4869],[98.512,14.478],[98.5154,14.4751],[98.5193,14.4743],[98.5231,14.4649],[98.5254,14.4534],[98.5329,14.4464],[98.5364,14.4402],[98.5419,14.4405],[98.5491,14.4328],[98.5483,14.4276],[98.5487,14.4217],[98.5559,14.4197],[98.5587,14.4129],[98.5583,14.4052],[98.5569,14.402],[98.5647,14.3934],[98.5661,14.3843],[98.5762,14.3765],[98.5775,14.3704],[98.5806,14.3684],[98.5882,14.3688],[98.5927,14.3706],[98.5938,14.3779],[98.5948,14.3755],[98.5958,14.3695],[98.5989,14.3675],[98.5948,14.359],[98.5951,14.3491],[98.5941,14.3419],[98.5975,14.3351],[98.5979,14.3275],[98.6049,14.3187],[98.6115,14.3157],[98.618,14.3157],[98.623,14.3141],[98.6294,14.3166],[98.6376,14.3096],[98.6395,14.3038],[98.6514,14.2966],[98.66,14.2906],[98.6633,14.2905],[98.6848,14.2733],[98.6886,14.2718],[98.695,14.2754],[98.7,14.2741],[98.7047,14.2753],[98.709,14.278],[98.7145,14.2765],[98.7194,14.2677],[98.7258,14.2604],[98.7313,14.2567],[98.7334,14.2481],[98.7328,14.2421],[98.7342,14.2384],[98.7364,14.2352],[98.7381,14.2342],[98.7451,14.2324],[98.745,14.2271],[98.7521,14.222],[98.7586,14.2156],[98.7647,14.214],[98.7702,14.2065],[98.7735,14.208],[98.7758,14.2069],[98.7777,14.2019],[98.7801,14.1992],[98.7859,14.1962],[98.792,14.1956],[98.7966,14.1936],[98.8055,14.1871],[98.8155,14.178],[98.8196,14.1762],[98.8239,14.1762],[98.8284,14.1773],[98.8318,14.1789],[98.8343,14.1761],[98.8426,14.1618],[98.8503,14.1584],[98.8637,14.1493],[98.8692,14.1472],[98.8709,14.1413],[98.8751,14.1319],[98.8797,14.1246],[98.8867,14.1208],[98.9003,14.1068],[98.9018,14.1071],[98.9065,14.1099],[98.9104,14.1083],[98.92,14.1102],[98.9234,14.1094],[98.9273,14.1054],[98.9364,14.0997],[98.9393,14.0954],[98.944,14.0939],[98.9479,14.0948],[98.9504,14.0994],[98.9549,14.1027],[98.9672,14.0894],[98.9682,14.0808],[98.9679,14.0755],[98.9701,14.0686],[98.9709,14.061],[98.9698,14.0542],[98.9698,14.0499],[98.9723,14.0414],[98.9736,14.0393],[98.9719,14.0333],[98.9792,14.0319],[98.9841,14.0278],[98.9905,14.0238],[98.9961,14.0231],[98.9972,14.02],[98.9961,14.0143],[98.9963,14.0111],[98.9998,14.0068],[99.0077,13.9997],[99.0096,13.994],[99.0141,13.9767],[99.0157,13.9669],[99.0157,13.9585],[99.0207,13.9519],[99.0211,13.9454],[99.0235,13.9439],[99.0284,13.9445],[99.045,13.9408],[99.0512,13.9368],[99.0559,13.9303],[99.0613,13.927],[99.0638,13.9207],[99.0685,13.913],[99.0728,13.9096],[99.079,13.8954],[99.0918,13.8902],[99.0967,13.8908],[99.1043,13.8966],[99.1066,13.8954],[99.1093,13.8924],[99.1101,13.8807],[99.1116,13.876],[99.1117,13.8664],[99.1062,13.8603],[99.1021,13.8545],[99.1005,13.8418],[99.1005,13.8372],[99.1041,13.8325],[99.1092,13.8304],[99.1154,13.8302],[99.1173,13.815],[99.1218,13.8108],[99.1226,13.8014],[99.1187,13.7954],[99.1188,13.7916],[99.1201,13.7874],[99.118,13.7824],[99.1213,13.7828],[99.1221,13.7745],[99.1193,13.7725],[99.1194,13.7715],[99.1205,13.7713],[99.1213,13.7721],[99.1307,13.765],[99.1388,13.7611],[99.1376,13.7513],[99.1392,13.7426],[99.1523,13.7443],[99.1543,13.7417],[99.1558,13.7349],[99.1601,13.7304],[99.1648,13.7282],[99.1682,13.7284],[99.1691,13.7102],[99.1707,13.7058],[99.1692,13.703],[99.1688,13.6935],[99.1723,13.6927],[99.1723,13.6876],[99.1706,13.6851],[99.1657,13.6812],[99.1659,13.6796],[99.1681,13.6771],[99.1683,13.6717],[99.1708,13.6711],[99.1718,13.667],[99.1715,13.6613],[99.1671,13.6535],[99.1719,13.6461],[99.1706,13.6409],[99.1704,13.6372],[99.1726,13.6284],[99.1667,13.6179],[99.1628,13.6184],[99.1613,13.617],[99.1661,13.6132],[99.1699,13.6047],[99.1763,13.5933],[99.179,13.5835],[99.175,13.5805],[99.1682,13.577],[99.1659,13.5734],[99.1668,13.5715],[99.1691,13.5697],[99.1727,13.5632],[99.1777,13.5612],[99.1796,13.5591],[99.1808,13.5536],[99.1846,13.5497],[99.1879,13.5493],[99.1893,13.5459],[99.1929,13.5463],[99.193,13.5407],[99.1919,13.5344],[99.1897,13.527],[99.1911,13.5214],[99.1913,13.5165],[99.19,13.5121],[99.1851,13.508],[99.1894,13.5008],[99.1897,13.4961],[99.1936,13.4877],[99.1965,13.4856],[99.198,13.4822],[99.2046,13.4828],[99.2059,13.4815],[99.204,13.4748],[99.2054,13.4714],[99.2077,13.4685],[99.2056,13.4608],[99.2067,13.4576],[99.2017,13.4564],[99.1989,13.4542],[99.1973,13.4492],[99.2052,13.4361],[99.2012,13.4259],[99.2068,13.4231],[99.2088,13.4202],[99.2077,13.4169],[99.209,13.4101],[99.2055,13.401],[99.202,13.3943],[99.202,13.388],[99.2004,13.384],[99.201,13.3785],[99.1994,13.3747],[99.1994,13.371],[99.1971,13.3691],[99.2057,13.3655],[99.2076,13.3617],[99.2047,13.3548],[99.2059,13.3501],[99.207,13.3411],[99.2063,13.3372],[99.2033,13.3355],[99.2008,13.3313],[99.1993,13.327],[99.1931,13.322],[99.1904,13.3186],[99.1927,13.3151],[99.1929,13.3092],[99.1955,13.3034],[99.1914,13.2995],[99.1905,13.2945],[99.1885,13.292],[99.1816,13.2939],[99.1777,13.2914],[99.1714,13.295],[99.1637,13.295],[99.1601,13.2991],[99.1526,13.3181],[99.1427,13.3214],[99.135,13.3363],[99.124,13.3325],[99.1163,13.3272],[99.108,13.3308],[99.1006,13.333],[99.0964,13.3396],[99.0915,13.3388],[99.0716,13.3308],[99.0659,13.3243],[99.0566,13.3258],[99.0507,13.3254],[99.0412,13.329],[99.0428,13.3241],[99.0442,13.3227],[99.0314,13.3129],[99.0262,13.3159],[99.0231,13.3112],[99.0201,13.311],[99.0074,13.3132],[99.0043,13.3129],[99.0024,13.3142],[98.9953,13.3121],[98.9812,13.309],[98.9793,13.3156],[98.9821,13.3247],[98.9873,13.3338],[98.9929,13.3403],[98.9972,13.3471],[98.989,13.3561],[98.9824,13.3555],[98.981,13.3569],[98.9818,13.3606],[98.9752,13.3685],[98.9625,13.3768],[98.9563,13.3823],[98.9432,13.3858],[98.9286,13.3879],[98.911,13.3976],[98.9088,13.4029],[98.901,13.405],[98.8955,13.4046],[98.8926,13.4102],[98.8814,13.4128],[98.8742,13.4199],[98.861,13.422],[98.8477,13.4328],[98.847,13.4381],[98.838,13.4414],[98.8352,13.4461],[98.8277,13.4488],[98.8211,13.4456],[98.819,13.4473],[98.8154,13.4537],[98.8163,13.4589],[98.8131,13.4646],[98.8066,13.4676],[98.8019,13.4688],[98.7963,13.4657],[98.7878,13.4673],[98.7809,13.4711],[98.7701,13.484],[98.7636,13.4827],[98.7577,13.48],[98.751,13.4838],[98.7375,13.4844],[98.7278,13.4943],[98.7219,13.4992],[98.72,13.4975],[98.7156,13.5017],[98.7086,13.5011],[98.705,13.4975],[98.6991,13.4998],[98.6993,13.5059],[98.6905,13.516],[98.6755,13.52],[98.6713,13.524],[98.6669,13.5238],[98.6567,13.5287],[98.6536,13.5311],[98.6525,13.538],[98.6552,13.5466],[98.6589,13.5495],[98.6549,13.5521],[98.6547,13.5546],[98.6559,13.5605],[98.6557,13.5668],[98.6475,13.5729],[98.6418,13.5725],[98.6374,13.5776],[98.6342,13.5832],[98.6259,13.5888],[98.6275,13.5964],[98.6295,13.616],[98.6335,13.6204],[98.6331,13.6252],[98.6316,13.6298],[98.6331,13.6341],[98.6342,13.6412],[98.6295,13.6471],[98.6274,13.6549],[98.6173,13.661],[98.6101,13.6714],[98.6066,13.6852],[98.6121,13.7012],[98.6117,13.7052],[98.6108,13.7068],[98.6154,13.7116],[98.612,13.7175],[98.6125,13.7228],[98.6095,13.7394],[98.6062,13.7441],[98.6087,13.7503],[98.6088,13.7544],[98.61,13.7566],[98.61,13.7626],[98.6009,13.7732],[98.5896,13.7754],[98.5855,13.7743],[98.5801,13.7772],[98.5758,13.7773],[98.5742,13.7795],[98.5693,13.7833],[98.566,13.7892],[98.5652,13.792],[98.5576,13.7936],[98.5553,13.8006],[98.5484,13.8016],[98.5477,13.8034],[98.5483,13.8056],[98.5475,13.8104],[98.5461,13.8142],[98.5431,13.8153],[98.5403,13.8178],[98.5375,13.8183],[98.5412,13.8204],[98.5436,13.8228],[98.5428,13.8266],[98.5361,13.8345],[98.532,13.8367],[98.53,13.8347],[98.5298,13.833],[98.5248,13.8347],[98.5212,13.8437],[98.5185,13.845],[98.5187,13.8514],[98.5198,13.8567],[98.5193,13.8624],[98.5208,13.8642],[98.5197,13.8741],[98.5141,13.874],[98.5098,13.8766],[98.5077,13.8825],[98.5054,13.8846],[98.4995,13.8844],[98.4949,13.9036],[98.4885,13.9107],[98.489,13.9206],[98.4845,13.9276],[98.4805,13.9306],[98.478,13.9253],[98.4738,13.9253],[98.4759,13.9335],[98.4687,13.9466],[98.4641,13.9478],[98.4628,13.9489],[98.458,13.9506],[98.4548,13.9489],[98.4531,13.955],[98.4487,13.9554],[98.4458,13.955],[98.4441,13.962],[98.442,13.9641],[98.439,13.9651],[98.4359,13.9628],[98.4323,13.9651],[98.4314,13.9695],[98.4266,13.97],[98.4243,13.9733],[98.423,13.979],[98.419,13.979],[98.4123,13.9752],[98.4072,13.9761],[98.4046,13.9783],[98.4062,13.9816],[98.4032,13.9877],[98.3984,13.9925],[98.3952,13.9912],[98.3878,13.991],[98.3832,13.9885],[98.3753,13.9885],[98.3741,13.9934],[98.3663,13.9963],[98.3625,14.0001],[98.3594,13.9996],[98.3565,14.0013],[98.3543,14.0014],[98.3435,14.0045],[98.3368,14.0137],[98.3309,14.017],[98.3276,14.0148],[98.3204,14.0184],[98.316,14.007],[98.3126,14.0075],[98.3103,14.0203],[98.3075,14.0256],[98.299,14.0297],[98.2903,14.0424],[98.2779,14.0415],[98.2714,14.0367],[98.2652,14.0336],[98.2557,14.0259],[98.2515,14.0184],[98.2477,14.0143],[98.251,14.0088],[98.2492,14.0064],[98.2462,14.0048],[98.2457,14.0063],[98.2446,14.0061],[98.2433,14.0035],[98.2421,13.9977],[98.2388,13.9969],[98.238,13.9961],[98.2385,13.9942],[98.2379,13.9935],[98.2356,13.9927],[98.2345,13.993],[98.2345,13.9982],[98.232,14.0017],[98.2298,14.0018],[98.2278,13.9992],[98.2281,13.9934],[98.2266,13.9925],[98.2246,13.9962],[98.2214,13.997],[98.221,14.0033],[98.2203,14.0036],[98.2217,14.0062],[98.2219,14.0084],[98.2209,14.0114],[98.2104,14.0132],[98.2054,14.0152],[98.2,14.0146],[98.197,14.0167],[98.1983,14.0212],[98.1961,14.0249],[98.1961,14.0271],[98.1993,14.0331],[98.1994,14.0369],[98.1988,14.0386],[98.1974,14.0396],[98.1899,14.0414]]]}},{"type":"Feature","properties":{"TS":"Launglon","TS_MMR":"လောင်းလုံး","TS_PCODE":"MMR006002","DT":"Dawei","area_km2":789.0,"lx":98.152,"ly":13.876,"sites":39},"geometry":{"type":"MultiPolygon","coordinates":[[[[98.1322,13.5315],[98.1306,13.5294],[98.1298,13.5296],[98.1284,13.5314],[98.1278,13.5335],[98.1309,13.5346],[98.1323,13.5341],[98.1322,13.5315]]],[[[98.2001,13.5977],[98.1996,13.5979],[98.1996,13.6002],[98.202,13.6043],[98.2037,13.6096],[98.2045,13.6146],[98.2067,13.6129],[98.2082,13.6094],[98.2082,13.6073],[98.2061,13.6033],[98.2064,13.6005],[98.2055,13.5994],[98.2031,13.5993],[98.2001,13.5977]]],[[[98.1924,13.6342],[98.1941,13.6332],[98.1956,13.6344],[98.1979,13.6328],[98.1961,13.6294],[98.1957,13.6253],[98.1938,13.6221],[98.1949,13.6189],[98.1929,13.6174],[98.1923,13.6133],[98.1904,13.6131],[98.1887,13.612],[98.1886,13.6134],[98.1871,13.6147],[98.1874,13.6175],[98.1859,13.6198],[98.1847,13.6194],[98.1835,13.6202],[98.1824,13.6223],[98.1824,13.6242],[98.181,13.6251],[98.1796,13.6281],[98.1795,13.6337],[98.1802,13.6358],[98.1826,13.6398],[98.1856,13.6425],[98.1872,13.6453],[98.193,13.6497],[98.1934,13.648],[98.1914,13.644],[98.19,13.6426],[98.1896,13.6393],[98.1899,13.6375],[98.191,13.6367],[98.1924,13.6342]]],[[[98.1945,13.6692],[98.1934,13.6622],[98.1919,13.6607],[98.1924,13.6572],[98.192,13.6564],[98.1913,13.6563],[98.1871,13.6587],[98.1873,13.66],[98.1843,13.6678],[98.1846,13.6684],[98.1889,13.6686],[98.1907,13.6694],[98.1945,13.6692]]],[[[98.2232,13.7651],[98.2224,13.7647],[98.2206,13.7669],[98.2201,13.771],[98.2256,13.7896],[98.2298,13.8094],[98.231,13.8111],[98.2315,13.8102],[98.2317,13.7968],[98.2304,13.7832],[98.2269,13.7726],[98.2232,13.7651]]],[[[98.0628,13.8116],[98.0676,13.8115],[98.0677,13.8105],[98.0669,13.8079],[98.0607,13.8024],[98.058,13.8045],[98.0605,13.8082],[98.06,13.8108],[98.0622,13.8126],[98.0628,13.8116]]],[[[98.2304,13.8176],[98.2288,13.8148],[98.2284,13.8151],[98.2281,13.8191],[98.2287,13.8213],[98.2309,13.8235],[98.2304,13.8176]]],[[[98.2288,13.8279],[98.228,13.8274],[98.2283,13.8343],[98.2299,13.8384],[98.2309,13.8389],[98.2317,13.8348],[98.2312,13.8315],[98.2288,13.8279]]],[[[98.196,13.8344],[98.1958,13.8319],[98.1956,13.8327],[98.1951,13.8317],[98.1944,13.8288],[98.1913,13.825],[98.1921,13.8285],[98.1982,13.8418],[98.2008,13.8505],[98.2038,13.8562],[98.2057,13.8571],[98.206,13.856],[98.2049,13.8527],[98.2017,13.8448],[98.1992,13.8401],[98.1981,13.8394],[98.1986,13.8385],[98.1976,13.8359],[98.196,13.8344]]],[[[98.2018,13.7557],[98.198,13.7518],[98.1974,13.752],[98.196,13.7546],[98.1933,13.7559],[98.1907,13.7587],[98.1884,13.7631],[98.1858,13.7736],[98.1853,13.7847],[98.1944,13.8073],[98.2103,13.8513],[98.2175,13.8653],[98.2196,13.8679],[98.2259,13.8611],[98.2267,13.8527],[98.2264,13.8487],[98.2233,13.838],[98.2216,13.8293],[98.22,13.8148],[98.2186,13.8079],[98.2152,13.7965],[98.2098,13.7843],[98.2034,13.7595],[98.2018,13.7557]]],[[[98.2069,13.8589],[98.2054,13.8583],[98.2049,13.8589],[98.2078,13.8672],[98.2108,13.8693],[98.2107,13.8671],[98.2069,13.8589]]],[[[97.9139,13.8743],[97.918,13.8739],[97.9164,13.8685],[97.9182,13.8653],[97.92,13.8646],[97.9231,13.8668],[97.9259,13.8611],[97.9266,13.8602],[97.9281,13.8603],[97.9266,13.8583],[97.9282,13.8524],[97.9266,13.8453],[97.926,13.8442],[97.9244,13.8438],[97.9223,13.8398],[97.9236,13.8386],[97.9256,13.8398],[97.9269,13.8355],[97.925,13.8342],[97.9245,13.8311],[97.9252,13.8298],[97.9251,13.8278],[97.9267,13.8268],[97.9259,13.8241],[97.9269,13.8203],[97.9254,13.8183],[97.9243,13.8184],[97.9221,13.8204],[97.9194,13.8191],[97.9199,13.8169],[97.9216,13.8135],[97.9209,13.8128],[97.9167,13.8127],[97.9158,13.8111],[97.9161,13.8066],[97.9137,13.8048],[97.9137,13.8016],[97.9125,13.7992],[97.9147,13.7936],[97.9115,13.7877],[97.9103,13.787],[97.9092,13.7874],[97.9036,13.7946],[97.9029,13.799],[97.9009,13.8029],[97.9016,13.8051],[97.9024,13.8056],[97.9041,13.8046],[97.9054,13.8026],[97.9083,13.8022],[97.9094,13.8011],[97.9101,13.8018],[97.9083,13.8051],[97.9069,13.8063],[97.9074,13.8091],[97.9065,13.8104],[97.9041,13.8118],[97.9019,13.8178],[97.9026,13.8194],[97.905,13.8187],[97.9054,13.8201],[97.9041,13.8229],[97.9009,13.8254],[97.9041,13.8284],[97.9068,13.8273],[97.9082,13.8274],[97.9089,13.8281],[97.9063,13.8332],[97.9067,13.8374],[97.9058,13.8396],[97.9083,13.8446],[97.9071,13.8474],[97.9096,13.8544],[97.9089,13.8562],[97.9092,13.8578],[97.9084,13.8595],[97.9084,13.8614],[97.9071,13.8635],[97.9073,13.8647],[97.9095,13.8633],[97.9108,13.8598],[97.9104,13.8563],[97.9116,13.8547],[97.9124,13.8592],[97.9114,13.865],[97.9121,13.8657],[97.9133,13.865],[97.9121,13.8684],[97.9118,13.8713],[97.9139,13.8743]]],[[[98.2302,13.8687],[98.2292,13.8644],[98.2249,13.8699],[98.2243,13.8714],[98.224,13.8796],[98.2248,13.8845],[98.2257,13.8854],[98.2279,13.8845],[98.2289,13.8816],[98.2302,13.8753],[98.2302,13.8687]]],[[[97.9119,13.8864],[97.9139,13.8837],[97.9137,13.8817],[97.9129,13.8806],[97.9117,13.8828],[97.912,13.8836],[97.9113,13.8841],[97.9115,13.8851],[97.9099,13.8859],[97.9086,13.8855],[97.9074,13.889],[97.9059,13.8901],[97.9056,13.8944],[97.9062,13.8953],[97.91,13.8899],[97.9114,13.889],[97.9119,13.8864]]],[[[98.2232,13.9168],[98.2256,13.9142],[98.227,13.9097],[98.2275,13.8982],[98.2268,13.8944],[98.2248,13.8966],[98.2238,13.901],[98.2225,13.9139],[98.2226,13.9161],[98.2232,13.9168]]],[[[98.2365,13.8905],[98.2354,13.8899],[98.2338,13.893],[98.23,13.9224],[98.2273,13.9307],[98.2273,13.9343],[98.2282,13.9359],[98.229,13.9352],[98.2286,13.9316],[98.2301,13.9258],[98.2313,13.9241],[98.2371,13.9194],[98.2394,13.9141],[98.2405,13.9062],[98.2402,13.9027],[98.2365,13.8905]]],[[[97.9166,13.9314],[97.9182,13.9273],[97.9184,13.9212],[97.9194,13.9185],[97.9197,13.9146],[97.9194,13.9131],[97.9173,13.9105],[97.9182,13.9072],[97.917,13.9056],[97.9158,13.8977],[97.9169,13.8961],[97.9173,13.8904],[97.9132,13.8909],[97.9128,13.8915],[97.9144,13.8948],[97.9141,13.8966],[97.9152,13.8994],[97.9133,13.9015],[97.9124,13.9073],[97.9158,13.9145],[97.9141,13.9159],[97.9113,13.9146],[97.9084,13.9151],[97.9092,13.9217],[97.9088,13.9241],[97.9076,13.9255],[97.9079,13.9278],[97.9067,13.9284],[97.905,13.9279],[97.904,13.929],[97.9047,13.9312],[97.9062,13.9304],[97.9082,13.9323],[97.9076,13.9357],[97.9086,13.9378],[97.9075,13.9414],[97.9084,13.944],[97.9099,13.9452],[97.9109,13.945],[97.9124,13.9421],[97.9125,13.9387],[97.9136,13.9351],[97.9166,13.9314]]],[[[98.2161,13.9292],[98.2146,13.9304],[98.2126,13.935],[98.2113,13.9392],[98.2109,13.9458],[98.2096,13.9509],[98.2041,13.9596],[98.2033,13.9631],[98.2033,13.9648],[98.2047,13.9662],[98.2053,13.9679],[98.2099,13.9706],[98.2131,13.9693],[98.2154,13.9666],[98.2215,13.9511],[98.2174,13.9315],[98.2161,13.9292]]],[[[98.2,14.0146],[98.2054,14.0152],[98.2104,14.0132],[98.2209,14.0114],[98.2219,14.0084],[98.2211,14.0046],[98.2203,14.0036],[98.219,14.0042],[98.207,14.0024],[98.2049,14.0069],[98.2028,14.0092],[98.2001,14.0108],[98.1961,14.0151],[98.1882,14.0214],[98.1899,14.0287],[98.1905,14.0345],[98.1899,14.0414],[98.1974,14.0396],[98.1988,14.0386],[98.1994,14.0369],[98.1993,14.0331],[98.1961,14.0271],[98.1961,14.0249],[98.1983,14.0212],[98.197,14.0167],[98.2,14.0146]]],[[[98.0993,14.2155],[98.1238,14.211],[98.1315,14.2116],[98.1393,14.2044],[98.1501,14.2035],[98.1579,14.2009],[98.1625,14.1954],[98.1661,14.1893],[98.1719,14.1859],[98.1759,14.1865],[98.1802,14.1836],[98.185,14.1842],[98.1876,14.1811],[98.192,14.1797],[98.1907,14.1718],[98.1871,14.1646],[98.1901,14.1379],[98.1936,14.1211],[98.194,14.1155],[98.1881,14.1091],[98.1856,14.1074],[98.1756,14.0954],[98.1746,14.0934],[98.1751,14.0883],[98.1758,14.0881],[98.1819,14.0761],[98.1852,14.0663],[98.1858,14.062],[98.1874,14.046],[98.1871,14.0414],[98.1848,14.0414],[98.1857,14.0342],[98.1844,14.0323],[98.185,14.0312],[98.1847,14.0287],[98.1831,14.0236],[98.1854,14.0153],[98.1842,14.0124],[98.1845,14.0102],[98.1878,14.0076],[98.1889,14.0079],[98.1923,14.0042],[98.1944,14.0008],[98.2005,13.9832],[98.2036,13.9791],[98.2092,13.9747],[98.2086,13.9728],[98.2044,13.971],[98.2008,13.9631],[98.2023,13.9561],[98.2057,13.9513],[98.2074,13.9469],[98.2078,13.9362],[98.211,13.9286],[98.216,13.9072],[98.2154,13.8864],[98.2148,13.8842],[98.2078,13.8745],[98.2023,13.863],[98.1974,13.8545],[98.192,13.8392],[98.1899,13.8365],[98.1807,13.8181],[98.1786,13.8156],[98.1732,13.7967],[98.171,13.7726],[98.1711,13.7597],[98.1715,13.7528],[98.1724,13.7498],[98.172,13.7489],[98.173,13.7479],[98.1749,13.7384],[98.1772,13.7328],[98.1796,13.7206],[98.1803,13.7195],[98.1815,13.7195],[98.1804,13.7176],[98.1793,13.7172],[98.1787,13.7156],[98.1794,13.7133],[98.179,13.707],[98.1801,13.7025],[98.1816,13.6996],[98.1814,13.6984],[98.1804,13.6976],[98.1793,13.6978],[98.1786,13.6987],[98.1787,13.6955],[98.1803,13.6948],[98.181,13.692],[98.1823,13.6903],[98.1877,13.6858],[98.1853,13.6819],[98.1862,13.6784],[98.1859,13.6722],[98.1835,13.6705],[98.1822,13.668],[98.1843,13.6616],[98.1841,13.6571],[98.1849,13.6515],[98.184,13.6489],[98.1747,13.6401],[98.17,13.6388],[98.1692,13.6392],[98.1686,13.6408],[98.164,13.638],[98.1634,13.6346],[98.1652,13.6315],[98.1639,13.626],[98.1625,13.6243],[98.1603,13.6252],[98.1552,13.6194],[98.1569,13.6177],[98.1567,13.6115],[98.1553,13.6078],[98.1524,13.6055],[98.1513,13.6033],[98.1526,13.5962],[98.1534,13.5949],[98.1537,13.5898],[98.1534,13.5876],[98.152,13.5849],[98.1518,13.5815],[98.1523,13.5788],[98.1546,13.5755],[98.1556,13.5763],[98.1598,13.572],[98.1603,13.5672],[98.1597,13.5634],[98.1603,13.5619],[98.1625,13.5615],[98.1648,13.5594],[98.1661,13.5598],[98.1677,13.5593],[98.1716,13.5556],[98.1738,13.5545],[98.1754,13.5508],[98.1754,13.5476],[98.1722,13.5414],[98.1696,13.5394],[98.1691,13.5371],[98.168,13.5359],[98.1619,13.5365],[98.1612,13.5375],[98.1593,13.5382],[98.1601,13.5405],[98.1605,13.546],[98.1599,13.5485],[98.1585,13.5508],[98.1601,13.5537],[98.1564,13.5574],[98.153,13.5587],[98.1458,13.56],[98.1371,13.5591],[98.1335,13.5564],[98.1341,13.554],[98.1325,13.55],[98.1349,13.547],[98.1341,13.5446],[98.1264,13.5489],[98.1254,13.5507],[98.1223,13.5531],[98.1245,13.5567],[98.1277,13.558],[98.1279,13.5588],[98.1267,13.5599],[98.1268,13.5608],[98.13,13.5617],[98.132,13.5649],[98.1313,13.5667],[98.1294,13.5672],[98.1303,13.5704],[98.13,13.5717],[98.1273,13.5716],[98.1263,13.5728],[98.1271,13.5758],[98.1262,13.5774],[98.1269,13.5817],[98.1263,13.5831],[98.1243,13.5831],[98.1236,13.5857],[98.1251,13.5874],[98.1234,13.5897],[98.1195,13.5902],[98.1169,13.5929],[98.1229,13.5967],[98.1246,13.5969],[98.1257,13.6003],[98.1274,13.599],[98.1297,13.5996],[98.1307,13.6017],[98.1302,13.6035],[98.1311,13.6051],[98.1324,13.6049],[98.1331,13.6025],[98.1349,13.602],[98.136,13.6007],[98.1409,13.6043],[98.1379,13.6033],[98.1368,13.6041],[98.1359,13.6072],[98.1382,13.6088],[98.1397,13.6106],[98.139,13.6151],[98.1373,13.6172],[98.1355,13.6161],[98.1344,13.6163],[98.1345,13.6197],[98.1333,13.6226],[98.1336,13.6246],[98.128,13.6294],[98.1291,13.6308],[98.1292,13.6325],[98.1276,13.6345],[98.1292,13.6354],[98.1302,13.635],[98.1307,13.6317],[98.1323,13.631],[98.139,13.6316],[98.1428,13.6359],[98.1444,13.6348],[98.1462,13.6352],[98.1477,13.639],[98.1481,13.6422],[98.148,13.6464],[98.1472,13.6479],[98.1484,13.649],[98.1514,13.6489],[98.1509,13.6545],[98.1479,13.6642],[98.1449,13.6706],[98.1404,13.6777],[98.1287,13.6881],[98.1232,13.6914],[98.1199,13.6924],[98.115,13.6927],[98.1132,13.6922],[98.1118,13.69],[98.112,13.6856],[98.1114,13.684],[98.1092,13.6816],[98.1079,13.678],[98.1067,13.6778],[98.1059,13.6784],[98.1047,13.6813],[98.1051,13.6823],[98.1046,13.6854],[98.1058,13.6879],[98.1094,13.689],[98.1095,13.6916],[98.1087,13.6937],[98.1051,13.6981],[98.1036,13.699],[98.1014,13.6989],[98.0996,13.6965],[98.0981,13.6965],[98.0968,13.6976],[98.0963,13.6989],[98.0969,13.7017],[98.0951,13.7041],[98.0935,13.7084],[98.0958,13.7106],[98.0956,13.7124],[98.0939,13.7132],[98.0902,13.7131],[98.0883,13.7149],[98.0888,13.7155],[98.0942,13.7161],[98.0972,13.7174],[98.1011,13.7177],[98.1028,13.7165],[98.1041,13.7168],[98.1055,13.7191],[98.1049,13.7242],[98.1044,13.7251],[98.1019,13.7265],[98.0976,13.7236],[98.0954,13.7239],[98.093,13.7226],[98.0902,13.7229],[98.0854,13.7218],[98.0816,13.7225],[98.0814,13.7235],[98.0836,13.7258],[98.0849,13.726],[98.0871,13.725],[98.0886,13.7265],[98.0884,13.7287],[98.0864,13.7299],[98.0857,13.7318],[98.0887,13.7333],[98.0893,13.7354],[98.0879,13.7369],[98.0851,13.7381],[98.0854,13.7412],[98.0833,13.7426],[98.0838,13.7451],[98.0822,13.7456],[98.0802,13.7443],[98.0788,13.7447],[98.0787,13.7497],[98.0765,13.7518],[98.0779,13.7537],[98.0781,13.7562],[98.0772,13.7576],[98.0752,13.7587],[98.0733,13.7571],[98.0702,13.7575],[98.068,13.7571],[98.0663,13.7614],[98.0712,13.7608],[98.0722,13.7613],[98.073,13.7635],[98.0725,13.7653],[98.0669,13.7653],[98.0662,13.7656],[98.0662,13.7664],[98.0681,13.7684],[98.068,13.7717],[98.0721,13.7721],[98.0768,13.7755],[98.0746,13.7781],[98.0751,13.7809],[98.0723,13.7842],[98.0714,13.7875],[98.0688,13.7886],[98.0671,13.7908],[98.0679,13.7917],[98.0699,13.7922],[98.0704,13.794],[98.0765,13.7986],[98.0771,13.8022],[98.0783,13.8051],[98.086,13.8022],[98.0894,13.7997],[98.0953,13.7981],[98.0977,13.7984],[98.0986,13.8],[98.0981,13.8031],[98.0954,13.8068],[98.0927,13.8094],[98.0896,13.8106],[98.0883,13.8127],[98.0889,13.8144],[98.091,13.8166],[98.0911,13.8253],[98.0925,13.8281],[98.0914,13.8318],[98.0866,13.8363],[98.0877,13.839],[98.0873,13.8421],[98.0884,13.8448],[98.0874,13.8493],[98.0886,13.8544],[98.0917,13.8561],[98.0924,13.8574],[98.0907,13.8608],[98.0889,13.8618],[98.0864,13.8646],[98.0894,13.8655],[98.09,13.8683],[98.0919,13.8694],[98.0938,13.869],[98.0947,13.8698],[98.0954,13.8783],[98.094,13.8801],[98.0938,13.8813],[98.0951,13.8827],[98.0948,13.8848],[98.0983,13.8873],[98.0984,13.8897],[98.0974,13.8923],[98.0946,13.896],[98.0844,13.9065],[98.0766,13.9126],[98.0727,13.9135],[98.0739,13.9146],[98.074,13.9167],[98.0718,13.9224],[98.0738,13.9239],[98.0759,13.9233],[98.0772,13.9244],[98.0777,13.9302],[98.0763,13.9328],[98.0771,13.9341],[98.0775,13.9374],[98.0754,13.9402],[98.0736,13.9409],[98.0725,13.9407],[98.0724,13.9394],[98.0697,13.9388],[98.0691,13.9392],[98.0696,13.9413],[98.0711,13.9426],[98.0713,13.9458],[98.0725,13.9471],[98.0719,13.949],[98.0688,13.9519],[98.0691,13.958],[98.0677,13.9628],[98.069,13.9649],[98.0643,13.9765],[98.0632,13.9781],[98.0591,13.9812],[98.0595,13.9855],[98.0586,13.9878],[98.0608,13.9886],[98.061,13.9897],[98.0605,14.0037],[98.0594,14.0119],[98.0582,14.0168],[98.0566,14.0199],[98.0566,14.0237],[98.0575,14.0251],[98.0566,14.0299],[98.0556,14.0319],[98.0559,14.0337],[98.0572,14.0352],[98.0571,14.0393],[98.058,14.0416],[98.0604,14.0416],[98.0617,14.0431],[98.0629,14.0418],[98.0638,14.0394],[98.0655,14.0396],[98.0682,14.0413],[98.0702,14.0439],[98.0733,14.0448],[98.0754,14.0495],[98.0763,14.0561],[98.0776,14.058],[98.077,14.0681],[98.0751,14.0784],[98.0738,14.0801],[98.072,14.0801],[98.0714,14.0807],[98.0711,14.0862],[98.0727,14.0849],[98.0753,14.0856],[98.0766,14.0843],[98.0775,14.082],[98.0804,14.0812],[98.085,14.0839],[98.0882,14.0871],[98.0912,14.0931],[98.0926,14.1004],[98.0952,14.1063],[98.0986,14.106],[98.1002,14.1069],[98.1002,14.1144],[98.0976,14.1277],[98.0963,14.1294],[98.0854,14.1559],[98.0829,14.1606],[98.0818,14.1646],[98.082,14.1712],[98.0831,14.1765],[98.0843,14.177],[98.0882,14.1821],[98.0916,14.1845],[98.0941,14.1917],[98.0946,14.1966],[98.0954,14.198],[98.0943,14.2033],[98.0846,14.214],[98.0848,14.2175],[98.0844,14.2186],[98.0833,14.2193],[98.0853,14.2201],[98.0935,14.2194],[98.0993,14.2155]]]]}},{"type":"Feature","properties":{"TS":"Thayetchaung","TS_MMR":"သရက်ချောင်း","TS_PCODE":"MMR006003","DT":"Dawei","area_km2":2100.0,"lx":98.459,"ly":13.659,"sites":26},"geometry":{"type":"Polygon","coordinates":[[[98.207,14.0024],[98.219,14.0042],[98.221,14.0033],[98.2214,13.997],[98.2246,13.9962],[98.2261,13.9929],[98.2271,13.9925],[98.2281,13.9934],[98.2276,13.9981],[98.2281,14.0001],[98.2292,14.0015],[98.2315,14.002],[98.2345,13.9982],[98.2345,13.993],[98.2356,13.9927],[98.2379,13.9935],[98.2385,13.9942],[98.238,13.9961],[98.2388,13.9969],[98.2421,13.9977],[98.2433,14.0035],[98.2446,14.0061],[98.2457,14.0063],[98.2462,14.0048],[98.2492,14.0064],[98.251,14.0088],[98.2477,14.0143],[98.2515,14.0184],[98.2557,14.0259],[98.2652,14.0336],[98.2714,14.0367],[98.2779,14.0415],[98.2903,14.0424],[98.299,14.0297],[98.3075,14.0256],[98.3103,14.0203],[98.3126,14.0075],[98.316,14.007],[98.3204,14.0184],[98.3276,14.0148],[98.3309,14.017],[98.3368,14.0137],[98.3435,14.0045],[98.3543,14.0014],[98.3565,14.0013],[98.3594,13.9996],[98.3625,14.0001],[98.3663,13.9963],[98.3741,13.9934],[98.3753,13.9885],[98.3832,13.9885],[98.3878,13.991],[98.3952,13.9912],[98.3984,13.9925],[98.4032,13.9877],[98.4062,13.9816],[98.4046,13.9783],[98.4072,13.9761],[98.4123,13.9752],[98.419,13.979],[98.423,13.979],[98.4243,13.9733],[98.4266,13.97],[98.4314,13.9695],[98.4323,13.9651],[98.4359,13.9628],[98.439,13.9651],[98.442,13.9641],[98.4441,13.962],[98.4458,13.955],[98.4487,13.9554],[98.4531,13.955],[98.4548,13.9489],[98.458,13.9506],[98.4628,13.9489],[98.4641,13.9478],[98.4687,13.9466],[98.4759,13.9335],[98.4738,13.9253],[98.478,13.9253],[98.4805,13.9306],[98.4845,13.9276],[98.489,13.9206],[98.4885,13.9107],[98.4949,13.9036],[98.4995,13.8844],[98.5054,13.8846],[98.5077,13.8825],[98.5098,13.8766],[98.5141,13.874],[98.5197,13.8741],[98.5208,13.8642],[98.5193,13.8624],[98.5198,13.8567],[98.5187,13.8514],[98.5185,13.845],[98.5212,13.8437],[98.5248,13.8347],[98.5298,13.833],[98.53,13.8347],[98.532,13.8367],[98.5361,13.8345],[98.5428,13.8266],[98.5436,13.8228],[98.5412,13.8204],[98.5375,13.8183],[98.5403,13.8178],[98.5431,13.8153],[98.5461,13.8142],[98.5475,13.8104],[98.5483,13.8056],[98.5477,13.8034],[98.5484,13.8016],[98.5553,13.8006],[98.5576,13.7936],[98.5652,13.792],[98.566,13.7892],[98.5693,13.7833],[98.5742,13.7795],[98.5758,13.7773],[98.5801,13.7772],[98.5855,13.7743],[98.5896,13.7754],[98.6009,13.7732],[98.61,13.7626],[98.61,13.7566],[98.6088,13.7544],[98.6087,13.7503],[98.6062,13.7441],[98.6095,13.7394],[98.6125,13.7228],[98.612,13.7175],[98.6154,13.7116],[98.6108,13.7068],[98.6117,13.7052],[98.6121,13.7012],[98.6066,13.6852],[98.6101,13.6714],[98.6173,13.661],[98.6274,13.6549],[98.6295,13.6471],[98.6342,13.6412],[98.6331,13.6341],[98.6316,13.6298],[98.6331,13.6252],[98.6335,13.6204],[98.6295,13.616],[98.6275,13.5964],[98.6259,13.5888],[98.6342,13.5832],[98.6374,13.5776],[98.6418,13.5725],[98.6475,13.5729],[98.6557,13.5668],[98.6559,13.5605],[98.6547,13.5546],[98.6549,13.5521],[98.6589,13.5495],[98.6552,13.5466],[98.6525,13.538],[98.6536,13.5311],[98.6567,13.5287],[98.6568,13.5276],[98.6629,13.5207],[98.6598,13.5135],[98.6468,13.4967],[98.646,13.4878],[98.6438,13.4804],[98.6442,13.4763],[98.6366,13.4675],[98.635,13.4628],[98.633,13.4616],[98.6314,13.4586],[98.6313,13.4523],[98.626,13.445],[98.617,13.4409],[98.6155,13.4385],[98.6133,13.4312],[98.6095,13.4285],[98.6072,13.4204],[98.6117,13.4175],[98.6134,13.4155],[98.6114,13.4137],[98.6065,13.402],[98.6086,13.3994],[98.6076,13.3906],[98.6009,13.3848],[98.5955,13.3787],[98.5919,13.366],[98.5877,13.3648],[98.5852,13.3684],[98.5797,13.3727],[98.5676,13.3745],[98.564,13.3768],[98.5612,13.3777],[98.5583,13.3777],[98.5546,13.3695],[98.5549,13.3545],[98.5535,13.3487],[98.5507,13.3461],[98.5453,13.3453],[98.5429,13.3424],[98.5444,13.339],[98.543,13.3373],[98.5411,13.3323],[98.5425,13.3287],[98.5411,13.3258],[98.5347,13.325],[98.5339,13.3286],[98.5304,13.3286],[98.5287,13.3256],[98.5253,13.3228],[98.5233,13.3187],[98.5223,13.3146],[98.5189,13.312],[98.5174,13.3089],[98.5168,13.3043],[98.5126,13.3005],[98.5088,13.3002],[98.5088,13.3021],[98.5067,13.3036],[98.5059,13.3025],[98.5054,13.2994],[98.5014,13.2988],[98.5021,13.2979],[98.4988,13.2987],[98.495,13.2978],[98.4926,13.2951],[98.4911,13.2947],[98.4875,13.3015],[98.4838,13.302],[98.4831,13.3008],[98.483,13.2986],[98.4835,13.2954],[98.4767,13.2858],[98.4771,13.2826],[98.4804,13.2768],[98.4754,13.2796],[98.4755,13.2905],[98.4749,13.2935],[98.4739,13.2945],[98.4723,13.2982],[98.4693,13.2999],[98.4682,13.3176],[98.4639,13.3423],[98.459,13.3533],[98.4571,13.3596],[98.4549,13.3634],[98.4551,13.3664],[98.4583,13.3677],[98.4611,13.3715],[98.4617,13.3735],[98.4615,13.3797],[98.4646,13.3834],[98.4674,13.3889],[98.461,13.3927],[98.4545,13.3777],[98.4553,13.3762],[98.4522,13.3768],[98.4503,13.3766],[98.4493,13.3783],[98.4474,13.3879],[98.4407,13.4085],[98.4297,13.4344],[98.4282,13.4367],[98.4269,13.4374],[98.4249,13.4374],[98.4229,13.4399],[98.4191,13.4431],[98.4147,13.4426],[98.4141,13.443],[98.4173,13.4476],[98.4175,13.4487],[98.4126,13.4592],[98.4123,13.4635],[98.4135,13.4641],[98.4142,13.4687],[98.4194,13.4715],[98.4215,13.475],[98.4209,13.479],[98.4159,13.4887],[98.3959,13.5168],[98.3968,13.5196],[98.3961,13.5213],[98.3943,13.523],[98.3859,13.5339],[98.3851,13.536],[98.3816,13.5405],[98.3768,13.5454],[98.3709,13.5536],[98.3683,13.5558],[98.3671,13.5593],[98.3657,13.5611],[98.3656,13.5631],[98.3672,13.5658],[98.3669,13.5679],[98.3675,13.5691],[98.3684,13.5696],[98.3714,13.5695],[98.3727,13.5688],[98.375,13.5717],[98.3744,13.5726],[98.3743,13.5778],[98.3754,13.5795],[98.3742,13.584],[98.3721,13.5874],[98.3661,13.5942],[98.3663,13.5968],[98.3677,13.5975],[98.3678,13.5982],[98.3623,13.6033],[98.3559,13.6151],[98.3493,13.6206],[98.3476,13.6235],[98.3458,13.6246],[98.3404,13.6302],[98.3024,13.6549],[98.2957,13.6614],[98.2829,13.6713],[98.2798,13.6773],[98.2797,13.6891],[98.2822,13.692],[98.2943,13.6942],[98.2995,13.6911],[98.3024,13.6824],[98.3041,13.675],[98.3108,13.6692],[98.3129,13.6732],[98.3113,13.6737],[98.3089,13.6772],[98.3072,13.6819],[98.3066,13.6852],[98.3062,13.6946],[98.3017,13.6995],[98.2963,13.7002],[98.2863,13.6997],[98.2824,13.7075],[98.2826,13.7122],[98.2794,13.7126],[98.2777,13.7094],[98.2719,13.708],[98.2669,13.7082],[98.2625,13.7096],[98.2584,13.7091],[98.2479,13.7054],[98.2435,13.7061],[98.2376,13.711],[98.2349,13.7146],[98.2311,13.7366],[98.2319,13.7399],[98.2371,13.7491],[98.2399,13.7577],[98.2408,13.7589],[98.2427,13.7802],[98.2425,13.7836],[98.2442,13.7975],[98.246,13.8062],[98.2449,13.813],[98.2448,13.822],[98.2434,13.8366],[98.2396,13.8475],[98.2394,13.8533],[98.2422,13.8664],[98.2416,13.8726],[98.239,13.8793],[98.2387,13.8852],[98.2409,13.8943],[98.2428,13.9078],[98.2405,13.9161],[98.2368,13.9222],[98.2319,13.9253],[98.2314,13.9272],[98.2307,13.9269],[98.2303,13.9277],[98.2297,13.9326],[98.2302,13.9361],[98.2285,13.9427],[98.2302,13.9487],[98.2313,13.9607],[98.2291,13.9686],[98.2254,13.975],[98.2163,13.9842],[98.2119,13.9929],[98.2097,13.9957],[98.2068,13.998],[98.207,14.0024]]]}},{"type":"Feature","properties":{"TS":"Yebyu","TS_MMR":"ရေဖြူ","TS_PCODE":"MMR006004","DT":"Dawei","area_km2":4061.0,"lx":98.15,"ly":14.636,"sites":1},"geometry":{"type":"MultiPolygon","coordinates":[[[[97.8062,14.1367],[97.8091,14.137],[97.8124,14.1363],[97.8144,14.1376],[97.8131,14.1345],[97.8132,14.1326],[97.8156,14.1308],[97.8202,14.1305],[97.8219,14.1272],[97.8217,14.1255],[97.8188,14.1235],[97.818,14.1212],[97.8131,14.123],[97.8097,14.1215],[97.8083,14.1187],[97.8087,14.1177],[97.8106,14.1165],[97.8097,14.1143],[97.8076,14.1127],[97.8061,14.1129],[97.8042,14.1101],[97.802,14.1084],[97.8012,14.1104],[97.8019,14.1134],[97.8018,14.1189],[97.7978,14.1221],[97.7967,14.1244],[97.7972,14.1266],[97.7989,14.1295],[97.7995,14.1326],[97.8028,14.1368],[97.8039,14.1368],[97.8054,14.1381],[97.8062,14.1367]]],[[[97.8229,14.1531],[97.8181,14.1484],[97.817,14.1485],[97.8185,14.1503],[97.8214,14.1562],[97.8227,14.1563],[97.8233,14.1551],[97.8229,14.1531]]],[[[97.8222,14.1909],[97.8246,14.1883],[97.8247,14.1867],[97.823,14.1858],[97.8211,14.1824],[97.8177,14.1825],[97.8163,14.181],[97.8169,14.1766],[97.8161,14.1747],[97.8144,14.1734],[97.8149,14.1715],[97.8134,14.1686],[97.8132,14.1653],[97.8121,14.1635],[97.8115,14.1598],[97.8097,14.1585],[97.8089,14.1564],[97.8064,14.1564],[97.8027,14.1547],[97.8022,14.1536],[97.8027,14.1515],[97.7989,14.151],[97.7975,14.1466],[97.7928,14.1443],[97.7901,14.1393],[97.7889,14.1386],[97.7861,14.1394],[97.7847,14.1475],[97.782,14.1469],[97.781,14.1485],[97.7793,14.1492],[97.7777,14.1509],[97.7786,14.153],[97.7782,14.1546],[97.7801,14.1584],[97.7809,14.1588],[97.7819,14.157],[97.7849,14.1593],[97.7863,14.1623],[97.7854,14.1634],[97.7853,14.1646],[97.7857,14.1662],[97.7871,14.1668],[97.7871,14.1691],[97.7856,14.1695],[97.7836,14.1736],[97.7846,14.1766],[97.7879,14.1792],[97.7889,14.1824],[97.79,14.1834],[97.7941,14.1834],[97.7953,14.1824],[97.797,14.1823],[97.7997,14.1855],[97.8017,14.1864],[97.8022,14.1858],[97.8017,14.1832],[97.8042,14.1821],[97.8059,14.1829],[97.8075,14.1849],[97.8107,14.1861],[97.8123,14.186],[97.8137,14.1883],[97.8159,14.1896],[97.8185,14.1907],[97.8222,14.1909]]],[[[97.7887,14.2007],[97.7852,14.1974],[97.7848,14.1978],[97.7854,14.2042],[97.7907,14.2068],[97.7908,14.2018],[97.7887,14.2007]]],[[[97.8116,14.2678],[97.8067,14.2663],[97.8033,14.2676],[97.8028,14.2698],[97.8009,14.2714],[97.7996,14.2745],[97.7994,14.2789],[97.8014,14.2826],[97.8038,14.2855],[97.8051,14.2862],[97.8079,14.2859],[97.8101,14.2842],[97.8122,14.2836],[97.8139,14.2789],[97.8157,14.2764],[97.8152,14.2742],[97.8136,14.2732],[97.8134,14.2713],[97.8116,14.2678]]],[[[97.8196,14.2845],[97.8192,14.2836],[97.8185,14.2839],[97.8152,14.2866],[97.8154,14.2896],[97.8159,14.2902],[97.8168,14.2903],[97.8192,14.2881],[97.8196,14.2845]]],[[[97.8176,14.2936],[97.8172,14.2931],[97.8158,14.2936],[97.8139,14.2952],[97.8149,14.2973],[97.8176,14.2936]]],[[[97.7868,14.308],[97.7854,14.3076],[97.7851,14.3083],[97.7857,14.3103],[97.7868,14.3109],[97.7876,14.3092],[97.7868,14.308]]],[[[97.7902,14.3164],[97.7879,14.3154],[97.7886,14.3179],[97.7882,14.3244],[97.7888,14.3247],[97.7899,14.3235],[97.7907,14.3196],[97.7902,14.3164]]],[[[97.791,14.3301],[97.7894,14.3276],[97.7881,14.3281],[97.7878,14.3291],[97.7884,14.3327],[97.7897,14.3339],[97.791,14.3301]]],[[[97.7844,14.4116],[97.7818,14.4114],[97.7806,14.4104],[97.7802,14.4051],[97.7785,14.4039],[97.778,14.4021],[97.7784,14.4001],[97.7809,14.3969],[97.7812,14.3951],[97.7789,14.3938],[97.78,14.3917],[97.7746,14.3919],[97.7737,14.3933],[97.7707,14.3955],[97.7696,14.3956],[97.769,14.3941],[97.7679,14.3938],[97.7682,14.3968],[97.7669,14.3985],[97.7663,14.401],[97.7667,14.4052],[97.7674,14.4064],[97.7671,14.4094],[97.7676,14.4101],[97.7706,14.4108],[97.7719,14.4127],[97.7748,14.4144],[97.7745,14.4182],[97.7789,14.4187],[97.781,14.421],[97.7817,14.4203],[97.7821,14.4182],[97.7853,14.416],[97.7857,14.413],[97.7844,14.4116]]],[[[97.7822,14.4223],[97.7812,14.422],[97.7803,14.4246],[97.7809,14.4279],[97.7795,14.4316],[97.7808,14.4325],[97.782,14.432],[97.7823,14.43],[97.7839,14.4286],[97.7821,14.4241],[97.7822,14.4223]]],[[[97.7729,14.4418],[97.7743,14.4416],[97.7765,14.4424],[97.7736,14.4365],[97.769,14.4362],[97.7651,14.4343],[97.7634,14.435],[97.7634,14.4376],[97.7661,14.4419],[97.7703,14.4448],[97.7719,14.4445],[97.7729,14.4418]]],[[[97.7721,14.4605],[97.7771,14.4602],[97.7771,14.4575],[97.7747,14.4575],[97.7732,14.4555],[97.7702,14.4541],[97.769,14.4556],[97.7708,14.4567],[97.7721,14.4605]]],[[[98.0253,15.0965],[98.0277,15.0898],[98.0275,15.0824],[98.0282,15.0805],[98.029,15.0801],[98.0321,15.0815],[98.0354,15.082],[98.0399,15.0809],[98.0423,15.0783],[98.0431,15.0763],[98.0432,15.0731],[98.0442,15.0705],[98.0442,15.0632],[98.0416,15.0538],[98.0401,15.0512],[98.0432,15.0493],[98.045,15.0469],[98.0469,15.0426],[98.05,15.0394],[98.0509,15.0392],[98.0523,15.0419],[98.0553,15.0426],[98.0563,15.0448],[98.0571,15.0445],[98.0572,15.0417],[98.0584,15.04],[98.0607,15.0388],[98.0629,15.0392],[98.0635,15.0388],[98.0598,15.0344],[98.0597,15.0331],[98.0638,15.0302],[98.0641,15.0268],[98.0652,15.0242],[98.0717,15.02],[98.0734,15.0167],[98.076,15.0155],[98.0777,15.0118],[98.0785,15.0067],[98.0803,15.0041],[98.0829,15.0046],[98.0863,15.0022],[98.0894,15.001],[98.0928,14.998],[98.0936,14.994],[98.0966,14.9927],[98.0986,14.9908],[98.1012,14.9905],[98.105,14.9922],[98.1093,14.993],[98.112,14.9905],[98.1132,14.9903],[98.1158,14.9909],[98.121,14.9953],[98.1263,14.9939],[98.1284,14.9942],[98.1378,14.9877],[98.1428,14.9859],[98.1525,14.9876],[98.1534,14.9873],[98.1546,14.9865],[98.1554,14.9842],[98.1585,14.9815],[98.1627,14.9796],[98.1644,14.9802],[98.1667,14.9829],[98.1705,14.9841],[98.175,14.9783],[98.1789,14.9753],[98.1807,14.9727],[98.1812,14.9708],[98.1835,14.9698],[98.1854,14.9701],[98.1881,14.9732],[98.1919,14.9758],[98.195,14.9803],[98.2012,14.9807],[98.2031,14.9819],[98.2082,14.9819],[98.2109,14.9794],[98.2123,14.9798],[98.2192,14.9769],[98.2294,14.9687],[98.2318,14.9688],[98.2337,14.9672],[98.2294,14.9481],[98.2326,14.9437],[98.2431,14.9411],[98.2438,14.9372],[98.2433,14.9319],[98.2441,14.9251],[98.2465,14.9201],[98.2515,14.9167],[98.2496,14.9144],[98.2476,14.9097],[98.2465,14.9089],[98.2398,14.8983],[98.2355,14.8972],[98.234,14.8953],[98.2361,14.8923],[98.2318,14.8928],[98.2311,14.8892],[98.2335,14.8854],[98.2335,14.8839],[98.2406,14.8776],[98.245,14.8719],[98.2574,14.8633],[98.2587,14.8592],[98.2587,14.8524],[98.2595,14.848],[98.258,14.8416],[98.2529,14.8382],[98.252,14.8359],[98.2464,14.8323],[98.2461,14.8305],[98.2502,14.8255],[98.2551,14.8129],[98.2602,14.8112],[98.2638,14.807],[98.2661,14.8055],[98.2709,14.7991],[98.2766,14.7976],[98.2762,14.7937],[98.2816,14.7828],[98.2826,14.7756],[98.2858,14.7736],[98.2904,14.7736],[98.2943,14.7647],[98.2958,14.7552],[98.2979,14.7484],[98.303,14.7417],[98.3055,14.737],[98.3061,14.7326],[98.3169,14.7232],[98.3274,14.7066],[98.3306,14.7052],[98.3338,14.7087],[98.3366,14.7097],[98.3394,14.7085],[98.3421,14.7039],[98.3489,14.6995],[98.3496,14.6982],[98.3586,14.6932],[98.3619,14.6895],[98.3626,14.6849],[98.3626,14.678],[98.3654,14.6732],[98.3685,14.6696],[98.3671,14.6663],[98.3746,14.6632],[98.3784,14.6576],[98.3804,14.6529],[98.386,14.6513],[98.3909,14.6486],[98.3967,14.6427],[98.4011,14.6399],[98.4056,14.6379],[98.4078,14.6341],[98.4134,14.632],[98.4182,14.6287],[98.4214,14.6237],[98.4256,14.6225],[98.4318,14.6173],[98.4358,14.6135],[98.4392,14.6035],[98.4308,14.5964],[98.4247,14.5951],[98.4225,14.5931],[98.4133,14.5904],[98.4077,14.5942],[98.3972,14.5857],[98.3881,14.5907],[98.3796,14.587],[98.38,14.5837],[98.3787,14.5811],[98.3733,14.5814],[98.3722,14.5835],[98.3682,14.5855],[98.3575,14.5774],[98.3541,14.5774],[98.3493,14.5718],[98.3434,14.5754],[98.3403,14.5715],[98.3394,14.5689],[98.3348,14.5662],[98.3368,14.5592],[98.3342,14.5532],[98.3338,14.5473],[98.3351,14.5432],[98.3316,14.536],[98.3309,14.5268],[98.3283,14.5231],[98.3316,14.5212],[98.3341,14.5161],[98.3341,14.51],[98.3312,14.5017],[98.3329,14.4958],[98.3325,14.4923],[98.3294,14.4897],[98.3264,14.4782],[98.329,14.4745],[98.3336,14.4762],[98.336,14.474],[98.3375,14.4686],[98.3403,14.4646],[98.3453,14.4636],[98.351,14.4592],[98.3586,14.4577],[98.3595,14.4516],[98.3593,14.4463],[98.3626,14.4402],[98.3621,14.4343],[98.3597,14.4284],[98.356,14.4254],[98.3521,14.4261],[98.3467,14.4225],[98.3449,14.406],[98.3364,14.3907],[98.3347,14.3894],[98.3348,14.3854],[98.342,14.3748],[98.3486,14.3746],[98.3582,14.367],[98.3619,14.3612],[98.3619,14.3569],[98.3686,14.3496],[98.3695,14.3449],[98.3663,14.3388],[98.368,14.3316],[98.3744,14.3263],[98.3774,14.3249],[98.3753,14.3129],[98.3753,14.3042],[98.3733,14.3015],[98.3736,14.2997],[98.3757,14.2948],[98.3794,14.2943],[98.3838,14.2885],[98.3864,14.2804],[98.3893,14.276],[98.3922,14.274],[98.3925,14.2701],[98.3947,14.2687],[98.3977,14.2633],[98.3997,14.2609],[98.4056,14.2589],[98.4065,14.2545],[98.4045,14.251],[98.4046,14.2444],[98.3919,14.2371],[98.3888,14.2318],[98.3829,14.234],[98.3738,14.2347],[98.3733,14.2323],[98.3672,14.2334],[98.3597,14.2371],[98.3598,14.2377],[98.3548,14.2382],[98.3519,14.243],[98.3528,14.2515],[98.3509,14.2547],[98.3513,14.2587],[98.3461,14.2556],[98.3415,14.2589],[98.3398,14.2642],[98.3441,14.2706],[98.3421,14.2765],[98.3401,14.2747],[98.3355,14.2766],[98.3337,14.2786],[98.3244,14.2751],[98.3198,14.2783],[98.3183,14.281],[98.3145,14.2792],[98.3119,14.2795],[98.3111,14.2827],[98.3076,14.283],[98.3041,14.2801],[98.2977,14.2795],[98.2988,14.2751],[98.301,14.2714],[98.3015,14.2632],[98.3026,14.2557],[98.3061,14.2446],[98.3096,14.2434],[98.3085,14.2347],[98.2991,14.2385],[98.2933,14.2397],[98.2887,14.233],[98.2871,14.2296],[98.2831,14.2262],[98.2817,14.219],[98.2769,14.2147],[98.2773,14.2136],[98.2727,14.2091],[98.2709,14.2045],[98.2648,14.2019],[98.2613,14.1984],[98.2587,14.1984],[98.2567,14.1934],[98.2569,14.1874],[98.255,14.1862],[98.2497,14.1934],[98.2453,14.1934],[98.2411,14.1902],[98.2371,14.1813],[98.2298,14.184],[98.2255,14.1846],[98.2135,14.1892],[98.2099,14.1875],[98.2096,14.1827],[98.2083,14.1774],[98.2041,14.1735],[98.1969,14.1709],[98.1911,14.1747],[98.192,14.1797],[98.1876,14.1811],[98.185,14.1842],[98.1802,14.1836],[98.1759,14.1865],[98.1719,14.1859],[98.1661,14.1893],[98.1625,14.1954],[98.1579,14.2009],[98.1501,14.2035],[98.1393,14.2044],[98.1315,14.2116],[98.1238,14.211],[98.0993,14.2155],[98.0935,14.2194],[98.0853,14.2201],[98.0833,14.2193],[98.0822,14.2199],[98.0802,14.2191],[98.0804,14.2165],[98.0813,14.2165],[98.0856,14.2078],[98.0886,14.2055],[98.0898,14.2025],[98.0912,14.2013],[98.0922,14.1974],[98.0898,14.193],[98.0882,14.1914],[98.0864,14.191],[98.0854,14.1901],[98.085,14.1873],[98.0807,14.1808],[98.0786,14.1801],[98.0758,14.1813],[98.0721,14.1891],[98.0649,14.2009],[98.0493,14.2238],[98.043,14.235],[98.0414,14.2365],[98.0323,14.2512],[98.0219,14.2652],[98.0109,14.2779],[98.0064,14.2839],[97.9979,14.2932],[97.9966,14.2972],[97.9941,14.3018],[97.9948,14.3068],[97.9957,14.3083],[97.9951,14.3113],[97.9956,14.3141],[97.9879,14.3276],[97.9838,14.333],[97.9826,14.3336],[97.9802,14.342],[97.9687,14.3644],[97.9696,14.3658],[97.9694,14.3671],[97.9706,14.3707],[97.972,14.3724],[97.9734,14.3728],[97.9738,14.3757],[97.9732,14.3787],[97.9694,14.3852],[97.9689,14.3873],[97.9702,14.3879],[97.9693,14.39],[97.9709,14.3923],[97.971,14.3938],[97.9704,14.3972],[97.9684,14.4003],[97.9704,14.4026],[97.971,14.4076],[97.9702,14.4145],[97.9671,14.4249],[97.9672,14.4266],[97.9696,14.4289],[97.9716,14.433],[97.9711,14.4384],[97.9746,14.4416],[97.9756,14.4486],[97.9798,14.4542],[97.9822,14.4599],[97.9786,14.4616],[97.9697,14.4473],[97.9681,14.4469],[97.9645,14.4438],[97.964,14.4398],[97.9647,14.4395],[97.965,14.4357],[97.9648,14.4351],[97.9641,14.4353],[97.9597,14.4452],[97.9543,14.4537],[97.9564,14.4603],[97.9565,14.4622],[97.9553,14.4654],[97.9549,14.4696],[97.9531,14.4744],[97.9532,14.4787],[97.9526,14.4814],[97.9537,14.4854],[97.9538,14.4891],[97.9547,14.4908],[97.9538,14.4925],[97.9532,14.4968],[97.9429,14.5124],[97.9422,14.5144],[97.9361,14.5239],[97.9345,14.5279],[97.9336,14.5281],[97.9299,14.5342],[97.9269,14.5373],[97.9252,14.5414],[97.9066,14.5716],[97.9031,14.5788],[97.9026,14.581],[97.9044,14.5839],[97.9048,14.5863],[97.9044,14.5906],[97.9034,14.5925],[97.9052,14.5954],[97.9035,14.6],[97.9043,14.6007],[97.9054,14.6005],[97.9059,14.6018],[97.9036,14.6065],[97.9012,14.6154],[97.8988,14.6201],[97.8981,14.624],[97.8965,14.6264],[97.8966,14.6279],[97.895,14.6306],[97.8942,14.6341],[97.895,14.6356],[97.8931,14.6373],[97.8927,14.6392],[97.8936,14.6391],[97.8932,14.6399],[97.8924,14.6401],[97.8916,14.6392],[97.8906,14.6397],[97.8893,14.6422],[97.8786,14.6541],[97.876,14.6588],[97.8758,14.6614],[97.8768,14.6644],[97.8764,14.6682],[97.8743,14.6708],[97.8721,14.6705],[97.8719,14.6719],[97.8729,14.6738],[97.8734,14.6776],[97.8745,14.68],[97.8762,14.6783],[97.8789,14.679],[97.8837,14.6887],[97.8869,14.6906],[97.8892,14.6958],[97.8897,14.6988],[97.892,14.7006],[97.8939,14.6998],[97.8949,14.7008],[97.8954,14.7026],[97.8953,14.7076],[97.8979,14.7154],[97.8993,14.716],[97.9039,14.7159],[97.9047,14.7176],[97.9066,14.7185],[97.919,14.7199],[97.926,14.7238],[97.9351,14.7251],[97.9417,14.7218],[97.9466,14.7137],[97.9488,14.7083],[97.9518,14.7053],[97.9724,14.6912],[97.9733,14.6922],[97.977,14.6887],[97.9784,14.6837],[97.9786,14.6761],[97.9797,14.6687],[97.981,14.665],[97.9852,14.6594],[97.9883,14.6565],[97.9991,14.6499],[98.0008,14.654],[97.9972,14.6582],[97.9886,14.6633],[97.9858,14.6658],[97.9845,14.6684],[97.9838,14.6717],[97.984,14.6738],[97.985,14.6741],[97.9855,14.676],[97.9865,14.6767],[97.9851,14.6787],[97.9845,14.6823],[97.9858,14.6843],[97.9878,14.6857],[97.9846,14.6841],[97.9834,14.6846],[97.9806,14.6918],[97.9772,14.6952],[97.9694,14.7049],[97.9675,14.7139],[97.9638,14.7218],[97.9589,14.7251],[97.9561,14.7315],[97.9518,14.7337],[97.9488,14.7369],[97.9499,14.745],[97.9492,14.7517],[97.9499,14.7558],[97.9473,14.7603],[97.9402,14.7866],[97.9414,14.7949],[97.9412,14.7968],[97.9382,14.8047],[97.9384,14.8106],[97.9356,14.8106],[97.9355,14.8002],[97.937,14.793],[97.9365,14.7866],[97.9346,14.7861],[97.9329,14.7905],[97.9301,14.8056],[97.9269,14.8051],[97.9264,14.8012],[97.9271,14.7908],[97.9327,14.7744],[97.9385,14.7641],[97.9381,14.7566],[97.9351,14.7558],[97.9353,14.7497],[97.9297,14.7394],[97.9237,14.7387],[97.919,14.7403],[97.9089,14.7513],[97.8971,14.7686],[97.8954,14.7805],[97.8982,14.7877],[97.9047,14.7968],[97.9106,14.8079],[97.913,14.8141],[97.9138,14.8195],[97.9132,14.8241],[97.9117,14.8281],[97.9028,14.8412],[97.8955,14.8363],[97.9006,14.8296],[97.9065,14.8192],[97.907,14.8147],[97.9058,14.8114],[97.8968,14.7992],[97.8909,14.7951],[97.8886,14.7926],[97.8871,14.7891],[97.8855,14.7734],[97.8898,14.7626],[97.8975,14.7487],[97.8997,14.7375],[97.8971,14.7344],[97.8945,14.7336],[97.8926,14.7319],[97.8916,14.7261],[97.8869,14.7206],[97.8851,14.7198],[97.8832,14.7169],[97.8788,14.7151],[97.8711,14.7148],[97.8652,14.7078],[97.8618,14.7073],[97.8598,14.7086],[97.8519,14.7107],[97.8371,14.7118],[97.8355,14.713],[97.8343,14.7155],[97.8325,14.7283],[97.8267,14.7458],[97.8257,14.7466],[97.8251,14.7499],[97.8218,14.7551],[97.8216,14.7582],[97.8244,14.7617],[97.8189,14.7749],[97.8168,14.7754],[97.8165,14.776],[97.8176,14.7775],[97.8184,14.7808],[97.8172,14.7838],[97.8195,14.7871],[97.818,14.7916],[97.8164,14.7933],[97.8168,14.7941],[97.8181,14.7942],[97.8189,14.7953],[97.8192,14.798],[97.8154,14.8064],[97.8134,14.8086],[97.8121,14.809],[97.8112,14.8084],[97.8096,14.8096],[97.8107,14.8134],[97.8077,14.8201],[97.8092,14.8212],[97.8111,14.8241],[97.8063,14.8323],[97.8071,14.8345],[97.8023,14.8439],[97.8015,14.8471],[97.7993,14.8483],[97.8013,14.8513],[97.8009,14.8561],[97.7948,14.8683],[97.7926,14.8681],[97.7892,14.8692],[97.7885,14.8738],[97.7895,14.8767],[97.7924,14.8779],[97.7914,14.883],[97.7895,14.8854],[97.7937,14.8841],[97.7951,14.8843],[97.7975,14.8855],[97.798,14.8877],[97.8,14.8876],[97.8008,14.8863],[97.8028,14.887],[97.8062,14.8909],[97.8082,14.8903],[97.8069,14.8888],[97.8071,14.8881],[97.8084,14.8884],[97.8091,14.8873],[97.8105,14.8874],[97.8107,14.8863],[97.8099,14.8856],[97.8104,14.8851],[97.8121,14.8851],[97.8123,14.8859],[97.8137,14.8848],[97.8153,14.8848],[97.8175,14.8837],[97.8193,14.8843],[97.8233,14.8827],[97.8249,14.8832],[97.8293,14.8803],[97.8329,14.8803],[97.8359,14.8812],[97.8391,14.8868],[97.8388,14.8877],[97.8345,14.89],[97.8313,14.8938],[97.8284,14.8999],[97.8276,14.9046],[97.8307,14.9122],[97.8318,14.9131],[97.8354,14.9134],[97.836,14.9142],[97.8382,14.9221],[97.835,14.9282],[97.8357,14.9297],[97.8386,14.9315],[97.8471,14.9314],[97.8537,14.9302],[97.8574,14.9287],[97.8609,14.9316],[97.8656,14.9334],[97.8676,14.9367],[97.8659,14.9437],[97.8664,14.9492],[97.8668,14.9507],[97.87,14.9511],[97.8703,14.9565],[97.8664,14.9619],[97.8653,14.9654],[97.8668,14.9706],[97.8686,14.9721],[97.8699,14.9782],[97.8695,14.9804],[97.8656,14.986],[97.8643,14.9901],[97.8647,14.992],[97.8673,14.9939],[97.8677,14.995],[97.8674,15.0011],[97.8659,15.0038],[97.8659,15.007],[97.868,15.0126],[97.8717,15.0163],[97.8737,15.0201],[97.8713,15.0281],[97.8714,15.0297],[97.8725,15.033],[97.8734,15.0394],[97.8759,15.0426],[97.8767,15.0451],[97.8768,15.0511],[97.8794,15.0556],[97.8794,15.0627],[97.8818,15.0672],[97.8795,15.0724],[97.8796,15.074],[97.8826,15.0801],[97.8848,15.0807],[97.8964,15.0749],[97.8992,15.0717],[97.9026,15.0704],[97.9083,15.0694],[97.9122,15.0764],[97.9132,15.0771],[97.916,15.0764],[97.92,15.0769],[97.9217,15.0763],[97.9248,15.0736],[97.9275,15.0672],[97.9331,15.0661],[97.9354,15.0619],[97.9378,15.0602],[97.9389,15.0562],[97.9427,15.0581],[97.9438,15.0614],[97.949,15.0589],[97.95,15.0608],[97.9478,15.0739],[97.9541,15.0754],[97.9585,15.082],[97.9633,15.0846],[97.9673,15.0855],[97.97,15.0851],[97.9778,15.0878],[97.9792,15.0871],[97.9796,15.0858],[97.9805,15.0857],[97.9877,15.0902],[97.9905,15.0913],[98.0015,15.093],[98.0043,15.0927],[98.0058,15.0934],[98.0065,15.0958],[98.01,15.0992],[98.0181,15.1034],[98.0228,15.0993],[98.0253,15.0965]]]]}},{"type":"Feature","properties":{"TS":"Bokpyin","TS_MMR":"ဘုတ်ပြင်း","TS_PCODE":"MMR006010","DT":"Kawthoung","area_km2":5827.0,"lx":99.005,"ly":11.223,"sites":1},"geometry":{"type":"MultiPolygon","coordinates":[[[[98.3384,10.6826],[98.3372,10.6819],[98.3365,10.6824],[98.3361,10.6856],[98.3376,10.6869],[98.3385,10.6888],[98.3456,10.6896],[98.3476,10.6887],[98.3474,10.6876],[98.346,10.6866],[98.3404,10.6856],[98.3384,10.6826]]],[[[98.5477,10.7619],[98.5456,10.7565],[98.5439,10.7597],[98.5421,10.7614],[98.5406,10.7641],[98.5407,10.7653],[98.5423,10.7674],[98.5436,10.7667],[98.5439,10.7645],[98.5473,10.764],[98.5477,10.7619]]],[[[98.2046,10.8002],[98.2061,10.797],[98.2046,10.7941],[98.2026,10.7941],[98.2016,10.7953],[98.2001,10.7954],[98.2001,10.7983],[98.2018,10.798],[98.2038,10.8002],[98.2046,10.8002]]],[[[98.5464,10.7831],[98.5447,10.7834],[98.5432,10.7855],[98.5441,10.7897],[98.5469,10.7943],[98.548,10.799],[98.5508,10.8013],[98.553,10.8061],[98.5545,10.806],[98.5554,10.8054],[98.5556,10.8039],[98.5539,10.7961],[98.5512,10.7932],[98.5496,10.7894],[98.5503,10.7865],[98.5464,10.7831]]],[[[98.5942,10.8249],[98.5942,10.8238],[98.5917,10.8197],[98.5895,10.8193],[98.5877,10.82],[98.5888,10.8215],[98.5887,10.8228],[98.5904,10.8246],[98.5922,10.8243],[98.5942,10.8249]]],[[[98.2004,10.8127],[98.2004,10.8112],[98.1982,10.812],[98.198,10.8146],[98.1958,10.8155],[98.1936,10.8287],[98.1939,10.8299],[98.1953,10.8311],[98.1979,10.8301],[98.1984,10.8292],[98.1985,10.8186],[98.2004,10.8127]]],[[[98.2079,10.8301],[98.2068,10.8252],[98.2063,10.8254],[98.2059,10.8285],[98.2042,10.8294],[98.2038,10.8305],[98.2039,10.8336],[98.2057,10.8346],[98.2097,10.8333],[98.2097,10.8309],[98.2079,10.8301]]],[[[98.2031,10.8461],[98.2052,10.8427],[98.2049,10.8388],[98.2008,10.8369],[98.1999,10.834],[98.1985,10.8325],[98.1963,10.8321],[98.1959,10.8335],[98.1965,10.8342],[98.1956,10.8369],[98.1928,10.8397],[98.1922,10.8431],[98.1927,10.8436],[98.194,10.8434],[98.1981,10.8412],[98.1997,10.8445],[98.2012,10.8443],[98.2031,10.8461]]],[[[98.1957,10.8607],[98.1953,10.8549],[98.1962,10.8496],[98.1959,10.8473],[98.1953,10.8457],[98.1915,10.8444],[98.19,10.8363],[98.1904,10.8332],[98.1921,10.8304],[98.1914,10.8284],[98.192,10.8257],[98.1891,10.8242],[98.1885,10.8303],[98.1872,10.8329],[98.1861,10.8388],[98.1853,10.8398],[98.1854,10.8477],[98.1844,10.8499],[98.1799,10.8526],[98.1777,10.8571],[98.176,10.8587],[98.1766,10.8594],[98.1781,10.8581],[98.1795,10.8583],[98.1824,10.8597],[98.1844,10.8599],[98.1868,10.8618],[98.19,10.8632],[98.1957,10.8607]]],[[[98.627,10.8611],[98.6265,10.851],[98.6237,10.8491],[98.6142,10.8466],[98.6119,10.848],[98.6114,10.8524],[98.6097,10.8552],[98.6051,10.8581],[98.6016,10.8566],[98.6032,10.8589],[98.6058,10.8604],[98.6102,10.8642],[98.6137,10.8654],[98.6241,10.8649],[98.6265,10.863],[98.627,10.8611]]],[[[98.0749,10.8832],[98.0724,10.8794],[98.0701,10.8784],[98.0688,10.8763],[98.068,10.8764],[98.067,10.8738],[98.0677,10.8734],[98.0688,10.8741],[98.0711,10.8779],[98.0726,10.8772],[98.0729,10.8752],[98.0759,10.8757],[98.0781,10.8739],[98.0787,10.875],[98.0792,10.8749],[98.079,10.8728],[98.0805,10.8713],[98.0795,10.8693],[98.0805,10.8686],[98.0839,10.8686],[98.0872,10.8642],[98.0856,10.8587],[98.0861,10.8566],[98.0874,10.8561],[98.0868,10.853],[98.0886,10.8521],[98.089,10.8513],[98.088,10.8465],[98.0887,10.8441],[98.0881,10.8431],[98.0859,10.8426],[98.0825,10.8403],[98.0795,10.8411],[98.0779,10.8405],[98.0788,10.8389],[98.0813,10.8378],[98.081,10.8349],[98.0816,10.8327],[98.0803,10.8312],[98.0787,10.8306],[98.0776,10.8312],[98.0785,10.8335],[98.0779,10.8359],[98.0768,10.839],[98.0752,10.8397],[98.0744,10.8436],[98.0718,10.847],[98.0688,10.849],[98.0656,10.8487],[98.0662,10.8497],[98.0657,10.8539],[98.0629,10.8559],[98.0591,10.8565],[98.0571,10.8556],[98.0563,10.8537],[98.0554,10.8545],[98.0551,10.8571],[98.0517,10.8592],[98.0491,10.8584],[98.0474,10.8589],[98.0455,10.8556],[98.0427,10.8582],[98.0404,10.8581],[98.0389,10.8589],[98.0365,10.856],[98.0346,10.8563],[98.0323,10.8587],[98.03,10.8566],[98.0281,10.8561],[98.0292,10.8583],[98.0298,10.8618],[98.0322,10.8655],[98.0342,10.8662],[98.0392,10.8703],[98.0405,10.8724],[98.0442,10.8722],[98.0488,10.8736],[98.0498,10.8747],[98.0525,10.8741],[98.0546,10.8758],[98.0565,10.879],[98.0574,10.879],[98.0589,10.8804],[98.0608,10.8804],[98.0614,10.8816],[98.0638,10.8818],[98.0652,10.8834],[98.0746,10.8861],[98.0749,10.8832]]],[[[98.4979,10.8856],[98.5009,10.8831],[98.5039,10.8834],[98.5052,10.8841],[98.507,10.8873],[98.51,10.8887],[98.5116,10.8907],[98.5127,10.8909],[98.514,10.8879],[98.5239,10.88],[98.5296,10.8699],[98.5308,10.8701],[98.5302,10.8741],[98.5311,10.8761],[98.5324,10.876],[98.5358,10.8732],[98.5393,10.8737],[98.5419,10.8717],[98.5425,10.8677],[98.5431,10.8672],[98.5449,10.8681],[98.5463,10.8669],[98.5512,10.8647],[98.5559,10.861],[98.5576,10.8606],[98.5605,10.858],[98.5601,10.8574],[98.5616,10.856],[98.5617,10.8542],[98.5608,10.8521],[98.5577,10.8501],[98.5585,10.8486],[98.5582,10.8463],[98.5534,10.837],[98.5531,10.8353],[98.5507,10.833],[98.5489,10.8324],[98.5496,10.8318],[98.5493,10.8312],[98.5499,10.8294],[98.5522,10.8287],[98.5535,10.8254],[98.5549,10.8245],[98.5557,10.8227],[98.556,10.8151],[98.5571,10.8113],[98.5544,10.8084],[98.5515,10.8076],[98.5507,10.8027],[98.5473,10.7991],[98.5457,10.7939],[98.5427,10.7909],[98.5421,10.7878],[98.5359,10.7836],[98.5332,10.7833],[98.5304,10.7846],[98.5281,10.7817],[98.5264,10.781],[98.5243,10.7817],[98.522,10.7802],[98.5196,10.781],[98.5174,10.7805],[98.5166,10.7799],[98.516,10.7774],[98.5092,10.7752],[98.5061,10.7759],[98.5056,10.7774],[98.5059,10.7814],[98.5051,10.7829],[98.5092,10.7843],[98.5104,10.7853],[98.5111,10.7867],[98.5112,10.7903],[98.5087,10.7905],[98.5049,10.788],[98.5024,10.7894],[98.5006,10.7895],[98.4994,10.7877],[98.4956,10.7918],[98.4932,10.7907],[98.4923,10.7939],[98.4965,10.7969],[98.4984,10.8017],[98.499,10.8052],[98.5004,10.8041],[98.5021,10.8046],[98.5044,10.8078],[98.5053,10.811],[98.5087,10.8107],[98.5098,10.8115],[98.5095,10.8135],[98.5132,10.8145],[98.5136,10.8164],[98.5155,10.8165],[98.5159,10.818],[98.5172,10.819],[98.5173,10.8199],[98.5163,10.8198],[98.5161,10.8208],[98.5143,10.8211],[98.5093,10.8254],[98.5032,10.8269],[98.5007,10.8258],[98.4991,10.8259],[98.5,10.8279],[98.5024,10.8291],[98.5036,10.8319],[98.5043,10.8365],[98.5053,10.8381],[98.5049,10.8416],[98.5045,10.8432],[98.5037,10.8436],[98.5033,10.8508],[98.5014,10.8521],[98.4973,10.8527],[98.4951,10.857],[98.4954,10.8593],[98.4972,10.8615],[98.4969,10.8651],[98.4996,10.867],[98.4999,10.8698],[98.4992,10.8742],[98.4961,10.8751],[98.4949,10.8817],[98.4921,10.8843],[98.4911,10.8864],[98.4903,10.8901],[98.4906,10.8915],[98.4914,10.8922],[98.4939,10.8926],[98.4956,10.89],[98.4972,10.8897],[98.4979,10.8856]]],[[[98.0133,10.8933],[98.0112,10.8913],[98.006,10.8891],[98.0037,10.8888],[98.0038,10.8846],[98.0048,10.8835],[98.006,10.8836],[98.0068,10.8808],[98.0101,10.8774],[98.0118,10.8766],[98.0134,10.8764],[98.0156,10.8781],[98.0201,10.8783],[98.0165,10.8745],[98.0174,10.8734],[98.0197,10.8746],[98.0206,10.8742],[98.021,10.8699],[98.0199,10.8689],[98.0173,10.8701],[98.0156,10.8696],[98.0128,10.8707],[98.0092,10.8709],[98.0083,10.8724],[98.0065,10.8736],[98.0067,10.8754],[98.0046,10.8768],[98.0043,10.8813],[97.9984,10.8819],[97.9967,10.8829],[97.9987,10.8845],[97.999,10.8868],[98.0009,10.8887],[97.9989,10.8915],[97.9992,10.8926],[98.0054,10.8934],[98.0133,10.8933]]],[[[98.5417,10.8763],[98.5353,10.8763],[98.5321,10.8786],[98.5308,10.8805],[98.5311,10.8816],[98.534,10.8825],[98.5354,10.8836],[98.5371,10.8903],[98.5354,10.8918],[98.5357,10.8948],[98.5367,10.8959],[98.54,10.8938],[98.5415,10.8916],[98.5419,10.8893],[98.5403,10.8846],[98.5416,10.8799],[98.5417,10.8763]]],[[[98.4808,10.8981],[98.4855,10.8988],[98.4856,10.8981],[98.4796,10.8968],[98.4791,10.8928],[98.4766,10.8894],[98.4761,10.8868],[98.4747,10.8863],[98.4733,10.8824],[98.4696,10.8801],[98.4691,10.8804],[98.4684,10.8882],[98.4668,10.8914],[98.4671,10.8936],[98.4681,10.8942],[98.4697,10.8934],[98.4722,10.8938],[98.4751,10.8971],[98.4761,10.8994],[98.4797,10.8989],[98.4808,10.8981]]],[[[98.247,10.9214],[98.2491,10.9204],[98.2511,10.9204],[98.2519,10.9194],[98.2525,10.9141],[98.252,10.911],[98.2504,10.9106],[98.2481,10.9116],[98.2484,10.9185],[98.247,10.9214]]],[[[97.9188,10.9328],[97.9225,10.9309],[97.9281,10.9306],[97.9289,10.9298],[97.9289,10.9275],[97.9298,10.9271],[97.9379,10.9304],[97.9404,10.929],[97.9453,10.9288],[97.9473,10.9307],[97.9492,10.93],[97.9493,10.9279],[97.9473,10.9265],[97.9483,10.9238],[97.9449,10.921],[97.9443,10.919],[97.9449,10.9154],[97.9473,10.9107],[97.9464,10.9086],[97.9471,10.9047],[97.9489,10.9028],[97.9489,10.9018],[97.9472,10.8991],[97.9451,10.9002],[97.9437,10.8996],[97.9432,10.8958],[97.9417,10.8933],[97.9412,10.8912],[97.9362,10.89],[97.9343,10.8878],[97.9334,10.8851],[97.9339,10.8835],[97.9351,10.883],[97.9352,10.8814],[97.9339,10.8789],[97.9323,10.8777],[97.932,10.8746],[97.9301,10.8728],[97.923,10.8719],[97.9202,10.8708],[97.9154,10.8729],[97.9145,10.8726],[97.9142,10.8707],[97.9178,10.8679],[97.9201,10.8652],[97.9186,10.8636],[97.917,10.8632],[97.9164,10.8612],[97.9133,10.8611],[97.9083,10.8629],[97.9061,10.8619],[97.9048,10.8595],[97.9049,10.858],[97.9029,10.856],[97.9027,10.8536],[97.8998,10.8545],[97.8973,10.8533],[97.8951,10.8539],[97.8926,10.8529],[97.8888,10.8534],[97.8862,10.8524],[97.8858,10.8514],[97.8867,10.8503],[97.8855,10.849],[97.886,10.8463],[97.8854,10.8445],[97.8827,10.8423],[97.8802,10.8423],[97.879,10.8429],[97.8792,10.8455],[97.8845,10.8501],[97.8841,10.856],[97.886,10.8605],[97.8839,10.8644],[97.885,10.865],[97.8857,10.8663],[97.8902,10.8638],[97.893,10.8647],[97.8952,10.8664],[97.8976,10.8654],[97.8996,10.8669],[97.8993,10.8693],[97.9007,10.8714],[97.8982,10.8752],[97.896,10.8754],[97.8955,10.8762],[97.8962,10.8779],[97.8981,10.8792],[97.8967,10.8806],[97.8983,10.8817],[97.9005,10.8851],[97.8958,10.8869],[97.8918,10.8858],[97.8869,10.8873],[97.8848,10.8916],[97.8851,10.893],[97.8868,10.8937],[97.8879,10.8971],[97.8918,10.8968],[97.8928,10.8976],[97.8927,10.8988],[97.8888,10.9016],[97.8893,10.903],[97.8911,10.9043],[97.8897,10.907],[97.8938,10.9092],[97.8973,10.9079],[97.8956,10.9104],[97.8949,10.9134],[97.8975,10.9159],[97.8996,10.916],[97.9033,10.9141],[97.9047,10.9143],[97.9061,10.9183],[97.9057,10.9201],[97.9063,10.9212],[97.9121,10.9224],[97.9119,10.9237],[97.9102,10.9261],[97.9116,10.9284],[97.9121,10.9305],[97.9155,10.9332],[97.9188,10.9328]]],[[[98.4351,10.9272],[98.4332,10.9284],[98.4338,10.9294],[98.4334,10.9314],[98.4313,10.9327],[98.4318,10.9337],[98.4362,10.9357],[98.4379,10.9334],[98.4382,10.9319],[98.4351,10.9272]]],[[[98.6957,10.9418],[98.6937,10.9404],[98.6949,10.94],[98.6953,10.9409],[98.6964,10.9398],[98.6967,10.9405],[98.6976,10.9404],[98.6996,10.9387],[98.6996,10.936],[98.7011,10.9376],[98.7023,10.9369],[98.7019,10.9358],[98.7032,10.9348],[98.7036,10.9324],[98.7023,10.932],[98.6991,10.9326],[98.6983,10.9335],[98.6977,10.9329],[98.6939,10.9343],[98.6881,10.934],[98.6784,10.9318],[98.6731,10.9316],[98.6711,10.9324],[98.6691,10.9319],[98.6671,10.934],[98.6674,10.9346],[98.6692,10.9349],[98.672,10.9344],[98.6726,10.9355],[98.6759,10.9356],[98.6786,10.9369],[98.6853,10.9386],[98.6877,10.9415],[98.6891,10.9419],[98.6904,10.9415],[98.6899,10.9429],[98.691,10.9442],[98.6928,10.9439],[98.6957,10.9418]]],[[[98.5589,10.9498],[98.5577,10.9501],[98.5576,10.9519],[98.5561,10.9537],[98.5577,10.9561],[98.5586,10.9556],[98.5602,10.9517],[98.56,10.9506],[98.5589,10.9498]]],[[[98.6695,10.9889],[98.6724,10.9876],[98.6811,10.9881],[98.6817,10.9872],[98.6807,10.9836],[98.6796,10.9821],[98.6746,10.9791],[98.669,10.9778],[98.6663,10.9793],[98.6637,10.984],[98.6641,10.9851],[98.6695,10.9889]]],[[[98.1912,10.9903],[98.197,10.9875],[98.1972,10.9832],[98.1962,10.9822],[98.1943,10.9826],[98.1932,10.9853],[98.1915,10.9852],[98.1897,10.983],[98.1885,10.9834],[98.1852,10.9872],[98.1854,10.9893],[98.1875,10.9899],[98.189,10.989],[98.1912,10.9903]]],[[[98.1763,10.9908],[98.1775,10.9876],[98.1792,10.9868],[98.1818,10.9867],[98.1806,10.9835],[98.1853,10.978],[98.1879,10.9785],[98.1863,10.9764],[98.188,10.9735],[98.1889,10.9731],[98.1901,10.9739],[98.1917,10.9734],[98.1932,10.9756],[98.1966,10.9749],[98.1969,10.9735],[98.196,10.9715],[98.1966,10.9677],[98.1989,10.9655],[98.1993,10.9628],[98.2008,10.9631],[98.2023,10.9621],[98.2036,10.9632],[98.2062,10.9627],[98.206,10.9602],[98.2083,10.9588],[98.209,10.9568],[98.21,10.957],[98.212,10.9598],[98.2119,10.958],[98.2124,10.9572],[98.2136,10.9579],[98.2169,10.9577],[98.2184,10.9566],[98.2189,10.9536],[98.2207,10.9501],[98.2194,10.948],[98.2172,10.947],[98.2171,10.9455],[98.2176,10.9452],[98.2198,10.9462],[98.2223,10.9442],[98.2249,10.9373],[98.2246,10.9314],[98.2272,10.928],[98.2288,10.9277],[98.2292,10.9267],[98.2272,10.9218],[98.2281,10.9168],[98.2273,10.9123],[98.2284,10.9067],[98.2304,10.9049],[98.2326,10.9011],[98.233,10.8994],[98.2327,10.8976],[98.2304,10.897],[98.2301,10.896],[98.2337,10.8933],[98.2344,10.8893],[98.2386,10.8826],[98.2386,10.8803],[98.2401,10.8794],[98.2401,10.8774],[98.2429,10.8721],[98.2427,10.871],[98.2403,10.8681],[98.2442,10.8661],[98.2462,10.8676],[98.2479,10.8644],[98.2479,10.8617],[98.2467,10.8584],[98.2473,10.8539],[98.2491,10.8537],[98.2503,10.8547],[98.2506,10.8575],[98.2522,10.8593],[98.2519,10.8611],[98.2524,10.862],[98.2553,10.8596],[98.2562,10.8619],[98.2575,10.8624],[98.2592,10.8596],[98.2639,10.8602],[98.266,10.8582],[98.2679,10.8584],[98.2687,10.8578],[98.2691,10.8562],[98.2679,10.8545],[98.268,10.8532],[98.2698,10.8516],[98.2694,10.8495],[98.2716,10.8469],[98.2734,10.8415],[98.2746,10.8399],[98.2749,10.8373],[98.2761,10.8349],[98.2763,10.8308],[98.2797,10.8261],[98.2786,10.8228],[98.28,10.8207],[98.2774,10.8194],[98.2758,10.8166],[98.2772,10.8125],[98.2766,10.8102],[98.2772,10.8086],[98.2767,10.8066],[98.2777,10.8052],[98.2781,10.8028],[98.2776,10.7999],[98.2766,10.7987],[98.276,10.7965],[98.2773,10.7938],[98.2791,10.7929],[98.2809,10.7934],[98.2794,10.7901],[98.28,10.787],[98.2795,10.7844],[98.2803,10.7817],[98.2826,10.7801],[98.2858,10.7814],[98.2885,10.7839],[98.2916,10.7839],[98.2932,10.7825],[98.2943,10.7857],[98.2958,10.7862],[98.2937,10.7871],[98.2937,10.7878],[98.2961,10.7886],[98.2983,10.791],[98.2987,10.7899],[98.3029,10.7857],[98.3038,10.7816],[98.3028,10.7755],[98.303,10.7728],[98.3021,10.7731],[98.3009,10.7752],[98.2976,10.7767],[98.2949,10.7767],[98.2928,10.7759],[98.2903,10.7736],[98.2865,10.7742],[98.2865,10.7732],[98.2891,10.7702],[98.2875,10.7676],[98.2859,10.7671],[98.2838,10.7682],[98.2827,10.7726],[98.2813,10.7716],[98.2788,10.7726],[98.2791,10.7695],[98.2769,10.7688],[98.2779,10.7672],[98.2769,10.7655],[98.2768,10.7638],[98.2784,10.7599],[98.283,10.7569],[98.2836,10.7559],[98.2823,10.7514],[98.2826,10.7478],[98.2847,10.7458],[98.287,10.7449],[98.2886,10.7451],[98.2909,10.7386],[98.2982,10.7359],[98.2976,10.7353],[98.2956,10.7351],[98.2931,10.7366],[98.2907,10.7372],[98.2873,10.7362],[98.2864,10.7351],[98.2851,10.7323],[98.2858,10.7307],[98.2838,10.7293],[98.2834,10.7271],[98.2821,10.7254],[98.2818,10.723],[98.2836,10.7181],[98.2869,10.7172],[98.2895,10.7176],[98.2899,10.7146],[98.2872,10.7127],[98.2859,10.7105],[98.2859,10.7085],[98.2852,10.7073],[98.2824,10.7064],[98.2743,10.698],[98.2736,10.6934],[98.2681,10.6931],[98.2679,10.6907],[98.2674,10.6903],[98.2626,10.6914],[98.2611,10.6901],[98.2601,10.6877],[98.2563,10.6914],[98.2522,10.6941],[98.2504,10.6931],[98.2485,10.6931],[98.2426,10.6896],[98.2415,10.6902],[98.2411,10.6925],[98.2366,10.6957],[98.2348,10.6954],[98.2336,10.6931],[98.2315,10.6936],[98.2293,10.692],[98.2279,10.6921],[98.2275,10.6942],[98.2316,10.7],[98.2338,10.6998],[98.2354,10.6979],[98.2379,10.7001],[98.2397,10.7035],[98.2389,10.7057],[98.239,10.7079],[98.2397,10.7096],[98.2423,10.7112],[98.2417,10.7194],[98.2396,10.7259],[98.2374,10.7284],[98.2354,10.7297],[98.2322,10.7293],[98.2319,10.7272],[98.2308,10.726],[98.2299,10.7262],[98.2291,10.7285],[98.2295,10.7309],[98.2303,10.7317],[98.2323,10.7312],[98.2337,10.7317],[98.2366,10.7354],[98.2372,10.74],[98.2359,10.7465],[98.2344,10.7483],[98.2351,10.75],[98.2395,10.758],[98.2435,10.7577],[98.2449,10.7545],[98.2467,10.7541],[98.2482,10.7529],[98.2508,10.7549],[98.2534,10.7539],[98.2539,10.7552],[98.2534,10.7579],[98.2544,10.7591],[98.2548,10.7611],[98.2512,10.7653],[98.2521,10.7693],[98.2499,10.7754],[98.2467,10.7782],[98.2456,10.7778],[98.2425,10.7748],[98.2368,10.7748],[98.236,10.7777],[98.2361,10.7794],[98.2372,10.7811],[98.2399,10.781],[98.2423,10.7818],[98.2445,10.7839],[98.2472,10.7842],[98.248,10.7854],[98.2472,10.793],[98.2461,10.796],[98.2452,10.797],[98.2457,10.7995],[98.2448,10.8041],[98.2454,10.8069],[98.2483,10.8106],[98.2465,10.8138],[98.2485,10.8156],[98.251,10.8164],[98.2523,10.8193],[98.2479,10.8259],[98.2487,10.8284],[98.2486,10.8314],[98.2512,10.8348],[98.2533,10.8357],[98.2538,10.838],[98.252,10.8395],[98.2517,10.8416],[98.2475,10.8407],[98.2468,10.8398],[98.2467,10.8372],[98.2456,10.8356],[98.2426,10.8333],[98.2409,10.8328],[98.2395,10.8344],[98.2401,10.8386],[98.2379,10.8407],[98.2369,10.8411],[98.2342,10.8381],[98.233,10.8378],[98.2327,10.8391],[98.2269,10.8431],[98.2261,10.8454],[98.2263,10.8475],[98.2228,10.8521],[98.2218,10.8546],[98.2192,10.8576],[98.2194,10.8595],[98.2176,10.8623],[98.2182,10.8641],[98.2226,10.8671],[98.221,10.8692],[98.2226,10.8708],[98.2229,10.8726],[98.2242,10.8737],[98.2242,10.8761],[98.2231,10.8771],[98.2228,10.8786],[98.2215,10.8784],[98.2204,10.8803],[98.2193,10.8802],[98.2191,10.8765],[98.2207,10.8743],[98.2186,10.8707],[98.2191,10.8675],[98.2157,10.8652],[98.2142,10.8658],[98.2126,10.8726],[98.2106,10.8743],[98.2096,10.8834],[98.2084,10.8866],[98.2056,10.8889],[98.2031,10.8897],[98.1989,10.8878],[98.1974,10.8876],[98.1957,10.8882],[98.1971,10.8901],[98.1951,10.8913],[98.1946,10.8954],[98.1913,10.8974],[98.1883,10.8977],[98.1852,10.8975],[98.1817,10.8957],[98.181,10.8935],[98.1807,10.886],[98.178,10.8841],[98.1759,10.8843],[98.1739,10.882],[98.1733,10.8837],[98.1759,10.8898],[98.1749,10.8927],[98.1713,10.8943],[98.1712,10.8952],[98.1725,10.8964],[98.1724,10.8978],[98.173,10.8985],[98.1774,10.9003],[98.1779,10.9025],[98.1771,10.9032],[98.1755,10.9027],[98.1742,10.904],[98.1726,10.9036],[98.1699,10.9049],[98.1683,10.9098],[98.169,10.9114],[98.1701,10.9121],[98.1702,10.9133],[98.1681,10.9156],[98.1683,10.9176],[98.1649,10.9235],[98.1548,10.9264],[98.1508,10.9246],[98.1472,10.9245],[98.1466,10.9184],[98.1434,10.9176],[98.1399,10.9126],[98.1392,10.9086],[98.14,10.8989],[98.1391,10.8958],[98.1384,10.8957],[98.1381,10.8972],[98.1371,10.898],[98.1347,10.898],[98.1344,10.9004],[98.1334,10.9012],[98.1284,10.9025],[98.1237,10.9024],[98.1228,10.9003],[98.1209,10.8997],[98.1176,10.895],[98.1163,10.8952],[98.1105,10.8926],[98.1106,10.8891],[98.1126,10.8873],[98.1081,10.8837],[98.1057,10.8838],[98.1046,10.8823],[98.1029,10.8828],[98.102,10.8858],[98.1014,10.8861],[98.1003,10.8844],[98.1,10.8823],[98.0967,10.8813],[98.0954,10.8776],[98.0944,10.8778],[98.0931,10.8769],[98.0929,10.8749],[98.0917,10.8728],[98.0907,10.8736],[98.0886,10.8732],[98.0875,10.8739],[98.0864,10.8735],[98.0847,10.8706],[98.0835,10.8706],[98.0828,10.8716],[98.0862,10.8801],[98.0844,10.8823],[98.0833,10.8822],[98.0823,10.8833],[98.0809,10.8834],[98.0795,10.8846],[98.0789,10.8893],[98.0799,10.8923],[98.0826,10.8968],[98.0847,10.8979],[98.0852,10.8994],[98.0885,10.9006],[98.0898,10.9024],[98.0933,10.9038],[98.0926,10.9058],[98.0948,10.9072],[98.0946,10.9098],[98.0958,10.9101],[98.0978,10.9093],[98.0999,10.9097],[98.1016,10.9124],[98.1039,10.9236],[98.1092,10.9249],[98.1111,10.9275],[98.1134,10.9282],[98.1156,10.9269],[98.1157,10.9234],[98.1193,10.9231],[98.1203,10.9247],[98.1199,10.9272],[98.1215,10.9279],[98.1229,10.9267],[98.1257,10.9308],[98.1258,10.9319],[98.1244,10.9328],[98.1233,10.9349],[98.1254,10.9387],[98.1245,10.9409],[98.1268,10.9398],[98.1294,10.9406],[98.1307,10.9436],[98.1327,10.9462],[98.1329,10.9486],[98.1355,10.9481],[98.1368,10.9466],[98.1386,10.9484],[98.14,10.9487],[98.1404,10.9511],[98.1434,10.9563],[98.1422,10.9589],[98.1436,10.9599],[98.1464,10.9603],[98.1493,10.9665],[98.1484,10.9698],[98.1461,10.9698],[98.1448,10.9709],[98.1448,10.9747],[98.1454,10.9759],[98.1444,10.9797],[98.1461,10.9807],[98.1474,10.9833],[98.1481,10.9827],[98.1492,10.9773],[98.1519,10.9755],[98.1552,10.9753],[98.157,10.9768],[98.1622,10.9774],[98.1646,10.9798],[98.1668,10.9834],[98.166,10.9855],[98.1694,10.9849],[98.1703,10.9861],[98.1704,10.9879],[98.1725,10.9888],[98.1727,10.9903],[98.1751,10.9901],[98.1763,10.9908]]],[[[98.7046,10.9696],[98.7016,10.9688],[98.6983,10.9693],[98.6938,10.9709],[98.6882,10.9752],[98.6876,10.9801],[98.6882,10.9823],[98.688,10.9849],[98.6901,10.9894],[98.6904,10.9922],[98.6934,10.9944],[98.699,10.9937],[98.7007,10.9927],[98.704,10.9925],[98.7104,10.9906],[98.7112,10.9876],[98.7112,10.9846],[98.7104,10.9801],[98.7082,10.9744],[98.7061,10.9709],[98.7046,10.9696]]],[[[98.4648,11.0064],[98.4655,11.0047],[98.4642,11.0028],[98.4646,11.0008],[98.4621,10.9964],[98.4633,10.9935],[98.4651,10.9919],[98.4658,10.9902],[98.4618,10.9881],[98.4602,10.9918],[98.4592,10.9879],[98.4608,10.9866],[98.4612,10.9844],[98.4587,10.983],[98.4593,10.9808],[98.4585,10.9803],[98.4547,10.9808],[98.4534,10.9827],[98.4526,10.9806],[98.4525,10.9764],[98.4566,10.9787],[98.4579,10.9784],[98.4584,10.9771],[98.4562,10.9762],[98.4549,10.9738],[98.4525,10.9736],[98.451,10.9749],[98.4489,10.9741],[98.4476,10.9707],[98.4499,10.9681],[98.4499,10.9669],[98.4473,10.9669],[98.4439,10.9657],[98.4426,10.9643],[98.4434,10.9623],[98.4432,10.9612],[98.4419,10.9596],[98.4404,10.9596],[98.44,10.961],[98.4388,10.9608],[98.4374,10.962],[98.4387,10.9672],[98.4386,10.9683],[98.4377,10.969],[98.4385,10.972],[98.4376,10.9754],[98.4353,10.9775],[98.4356,10.9789],[98.4347,10.9824],[98.4355,10.985],[98.4335,10.9901],[98.4347,10.9945],[98.4349,11.0023],[98.4383,11.0038],[98.4402,11.0077],[98.4435,11.0061],[98.4447,11.0048],[98.4467,11.0053],[98.448,11.0066],[98.4499,11.0062],[98.4514,11.0084],[98.4533,11.0089],[98.4544,11.0104],[98.4559,11.0176],[98.4578,11.0201],[98.459,11.0159],[98.4611,11.0146],[98.4606,11.0131],[98.4617,11.0115],[98.4617,11.0098],[98.4633,11.0088],[98.4634,11.0076],[98.4648,11.0064]]],[[[98.31,11.0383],[98.312,11.0381],[98.3139,11.0396],[98.3154,11.038],[98.3159,11.0287],[98.3178,11.0271],[98.3199,11.0268],[98.3195,11.0233],[98.3207,11.0198],[98.3199,11.0158],[98.3184,11.0125],[98.3191,11.011],[98.317,11.01],[98.3154,11.0083],[98.3085,11.0105],[98.3031,11.0084],[98.2996,11.0083],[98.3006,11.0093],[98.3001,11.0108],[98.3005,11.012],[98.2962,11.0159],[98.296,11.0191],[98.2941,11.0215],[98.2946,11.0231],[98.2941,11.0249],[98.2946,11.0255],[98.2964,11.0259],[98.297,11.0275],[98.3016,11.0321],[98.3038,11.0383],[98.3064,11.0407],[98.3084,11.0412],[98.31,11.0383]]],[[[98.6735,11.0637],[98.6772,11.058],[98.6778,11.0557],[98.6769,11.0535],[98.6758,11.0528],[98.6764,11.0505],[98.6732,11.0495],[98.6733,11.0489],[98.6737,11.0481],[98.6762,11.0474],[98.6774,11.0462],[98.6765,11.0433],[98.6768,11.0421],[98.6786,11.0422],[98.6779,11.0411],[98.6783,11.0397],[98.6843,11.0414],[98.6854,11.0402],[98.6845,11.039],[98.6854,11.0377],[98.6845,11.0363],[98.684,11.0253],[98.6829,11.0171],[98.6819,11.0144],[98.6776,11.0101],[98.6765,11.0103],[98.6756,11.0116],[98.6714,11.0098],[98.6654,11.0152],[98.6622,11.0159],[98.662,11.0182],[98.6601,11.021],[98.6638,11.0273],[98.6633,11.0303],[98.6647,11.0331],[98.6637,11.0336],[98.6624,11.0318],[98.6614,11.0272],[98.6604,11.0265],[98.6608,11.0256],[98.6582,11.0215],[98.6564,11.0168],[98.655,11.0152],[98.6532,11.015],[98.6524,11.0156],[98.6521,11.0175],[98.6503,11.0206],[98.6444,11.0255],[98.6424,11.0244],[98.641,11.0223],[98.6398,11.0226],[98.6397,11.0245],[98.641,11.0257],[98.6364,11.0299],[98.6358,11.0318],[98.6361,11.0338],[98.6392,11.0382],[98.6449,11.0397],[98.6476,11.0392],[98.6476,11.0409],[98.6464,11.0412],[98.6459,11.0421],[98.6503,11.0497],[98.6516,11.0559],[98.6529,11.0578],[98.6529,11.061],[98.6584,11.0576],[98.6604,11.0556],[98.6653,11.0539],[98.6641,11.0581],[98.6641,11.0619],[98.6658,11.0625],[98.6694,11.0619],[98.6716,11.0636],[98.6735,11.0637]]],[[[98.7025,11.0613],[98.7003,11.0617],[98.6992,11.0634],[98.6997,11.0648],[98.7005,11.0649],[98.7043,11.0622],[98.7025,11.0613]]],[[[98.6113,11.065],[98.6117,11.063],[98.6134,11.0614],[98.6136,11.0602],[98.6164,11.0588],[98.6174,11.0553],[98.6189,11.0545],[98.6193,11.0528],[98.6152,11.048],[98.6224,11.0459],[98.6241,11.044],[98.6249,11.0378],[98.6245,11.0353],[98.6252,11.0326],[98.6251,11.0298],[98.6233,11.0257],[98.6208,11.0236],[98.6184,11.024],[98.6176,11.0252],[98.6174,11.0247],[98.6187,11.0229],[98.6217,11.0219],[98.6229,11.0193],[98.6183,11.0172],[98.6158,11.0144],[98.6136,11.0135],[98.6127,11.0173],[98.6091,11.0225],[98.6077,11.0237],[98.6004,11.0269],[98.5997,11.0286],[98.5972,11.0295],[98.5976,11.0306],[98.6001,11.0311],[98.6018,11.0303],[98.6034,11.032],[98.6027,11.0336],[98.5996,11.035],[98.6006,11.0418],[98.5996,11.0447],[98.5996,11.0477],[98.597,11.0484],[98.5966,11.0491],[98.5977,11.0506],[98.5977,11.0522],[98.5995,11.0552],[98.6006,11.0556],[98.6046,11.054],[98.6055,11.0549],[98.6055,11.0562],[98.6027,11.0595],[98.6031,11.0612],[98.6039,11.0615],[98.6071,11.0598],[98.606,11.0646],[98.6113,11.065]]],[[[98.6747,11.071],[98.6702,11.0699],[98.6681,11.0711],[98.6675,11.0722],[98.6705,11.0735],[98.6751,11.0724],[98.6747,11.071]]],[[[98.6218,11.0743],[98.622,11.0727],[98.6206,11.0709],[98.6182,11.0694],[98.6174,11.0679],[98.6141,11.0663],[98.6118,11.0703],[98.6122,11.0731],[98.615,11.0716],[98.6181,11.0736],[98.6218,11.0743]]],[[[98.6729,11.0784],[98.6738,11.0763],[98.6732,11.0759],[98.6697,11.0766],[98.6669,11.078],[98.668,11.0787],[98.67,11.0781],[98.6717,11.079],[98.6729,11.0784]]],[[[98.695,11.0819],[98.6919,11.0793],[98.6898,11.0794],[98.6871,11.0806],[98.6868,11.0814],[98.6881,11.0852],[98.6906,11.0892],[98.6937,11.0902],[98.6944,11.089],[98.695,11.0819]]],[[[98.5345,11.0696],[98.5363,11.0695],[98.5359,11.066],[98.5376,11.0622],[98.535,11.0602],[98.5349,11.0582],[98.5368,11.0563],[98.5383,11.0566],[98.5391,11.0554],[98.5393,11.0529],[98.5381,11.047],[98.5388,11.0456],[98.5411,11.0447],[98.5401,11.0418],[98.5422,11.038],[98.5424,11.0358],[98.545,11.0305],[98.5448,11.0291],[98.5453,11.0284],[98.5461,11.0225],[98.5476,11.0199],[98.5494,11.0128],[98.5464,11.0031],[98.547,10.999],[98.5458,10.9941],[98.5473,10.9899],[98.5467,10.9873],[98.5459,10.9864],[98.5471,10.9835],[98.545,10.9819],[98.5414,10.9771],[98.5395,10.976],[98.538,10.9733],[98.5394,10.9721],[98.5396,10.9695],[98.5411,10.9683],[98.5403,10.965],[98.5413,10.9615],[98.5424,10.9603],[98.5415,10.9596],[98.5396,10.9608],[98.5376,10.9591],[98.5376,10.9579],[98.5391,10.9555],[98.5416,10.9554],[98.5419,10.9533],[98.5412,10.9516],[98.5382,10.9486],[98.5348,10.9499],[98.5334,10.9521],[98.5332,10.9549],[98.5339,10.9607],[98.5326,10.9654],[98.5329,10.967],[98.5288,10.9701],[98.5277,10.9716],[98.5237,10.973],[98.5233,10.9738],[98.5216,10.9739],[98.5215,10.9727],[98.5208,10.9729],[98.5206,10.9757],[98.5193,10.979],[98.5195,10.9825],[98.5185,10.9858],[98.5211,10.9893],[98.5211,10.9907],[98.5176,10.9861],[98.5182,10.9804],[98.517,10.9774],[98.5158,10.977],[98.5143,10.9782],[98.5131,10.978],[98.5144,10.9768],[98.5132,10.9768],[98.5129,10.9738],[98.5164,10.9679],[98.5164,10.9646],[98.511,10.9622],[98.5106,10.9614],[98.5109,10.9583],[98.5097,10.956],[98.5082,10.9548],[98.5045,10.9542],[98.5031,10.9522],[98.5027,10.9496],[98.5054,10.9472],[98.5048,10.9432],[98.5067,10.9413],[98.5065,10.9401],[98.5051,10.9392],[98.5042,10.9407],[98.503,10.9413],[98.5019,10.9443],[98.4996,10.9461],[98.4998,10.9482],[98.499,10.95],[98.4997,10.9543],[98.5022,10.9561],[98.5034,10.9583],[98.5031,10.9598],[98.4998,10.9578],[98.497,10.9595],[98.4948,10.9597],[98.4918,10.9562],[98.488,10.9556],[98.4866,10.952],[98.4876,10.9501],[98.4873,10.9496],[98.4827,10.9529],[98.4797,10.9526],[98.4811,10.9534],[98.4812,10.9542],[98.4781,10.9571],[98.478,10.9584],[98.4835,10.963],[98.483,10.9655],[98.4809,10.9655],[98.4826,10.9671],[98.4847,10.9677],[98.486,10.9697],[98.4775,10.9737],[98.4792,10.9762],[98.4771,10.9809],[98.4765,10.9846],[98.4746,10.9842],[98.4729,10.9824],[98.4713,10.9823],[98.4702,10.9809],[98.4688,10.9816],[98.4687,10.9822],[98.4709,10.9835],[98.4696,10.986],[98.47,10.9891],[98.4689,10.991],[98.4715,10.9917],[98.4722,10.9928],[98.4719,10.9949],[98.4791,10.9983],[98.4796,11.0002],[98.4791,11.0019],[98.4811,11.004],[98.4815,11.007],[98.4882,11.0125],[98.4899,11.0168],[98.4896,11.0195],[98.4907,11.0216],[98.4898,11.0248],[98.4929,11.0268],[98.4941,11.0257],[98.4938,11.0231],[98.4947,11.0213],[98.4962,11.0206],[98.5004,11.0213],[98.5094,11.0258],[98.5146,11.0337],[98.5145,11.0348],[98.5179,11.0414],[98.5192,11.0503],[98.5181,11.0567],[98.5153,11.0598],[98.5146,11.0638],[98.5188,11.0797],[98.5227,11.0852],[98.5255,11.0926],[98.5258,11.0991],[98.5264,11.0999],[98.5281,11.0994],[98.5288,11.0976],[98.5306,11.0961],[98.5303,11.0934],[98.5319,11.0845],[98.5321,11.079],[98.5338,11.0761],[98.5374,11.073],[98.5354,11.0714],[98.5345,11.0696]]],[[[98.5285,11.1117],[98.5265,11.1115],[98.5251,11.1136],[98.5258,11.1176],[98.5251,11.124],[98.5267,11.125],[98.5283,11.1223],[98.5288,11.1182],[98.5301,11.114],[98.5285,11.1117]]],[[[98.2534,11.1863],[98.2546,11.1854],[98.2577,11.1862],[98.2613,11.1849],[98.2601,11.1832],[98.26,11.1818],[98.2621,11.1787],[98.2614,11.177],[98.2621,11.1751],[98.2618,11.1724],[98.2548,11.1679],[98.2537,11.1686],[98.2539,11.171],[98.2556,11.1724],[98.2597,11.1733],[98.2596,11.1754],[98.2602,11.1767],[98.2582,11.1789],[98.2544,11.1773],[98.2525,11.1773],[98.2494,11.1797],[98.2499,11.1833],[98.2495,11.1846],[98.2504,11.1855],[98.2534,11.1863]]],[[[98.2524,11.2617],[98.2545,11.2601],[98.2584,11.26],[98.2667,11.2578],[98.2694,11.2576],[98.2719,11.2587],[98.2734,11.2587],[98.2736,11.2581],[98.2728,11.257],[98.2731,11.2558],[98.2748,11.2537],[98.2782,11.2518],[98.2777,11.2504],[98.2763,11.2504],[98.2744,11.2527],[98.2725,11.2537],[98.2676,11.2541],[98.2653,11.2531],[98.2625,11.2534],[98.2606,11.2554],[98.2589,11.2547],[98.259,11.2541],[98.2612,11.2531],[98.2632,11.2509],[98.2654,11.2499],[98.264,11.2466],[98.2642,11.2437],[98.271,11.2414],[98.2712,11.2407],[98.2677,11.2363],[98.2638,11.2345],[98.2618,11.2343],[98.2587,11.2307],[98.2593,11.2302],[98.2647,11.2304],[98.2665,11.2288],[98.2723,11.2263],[98.2744,11.2277],[98.2792,11.2283],[98.2807,11.2292],[98.2815,11.2312],[98.2836,11.2323],[98.2863,11.2319],[98.2898,11.2303],[98.2912,11.2306],[98.2923,11.2293],[98.2926,11.2259],[98.2895,11.2249],[98.2869,11.221],[98.2874,11.2194],[98.2886,11.2184],[98.288,11.2149],[98.2886,11.212],[98.2857,11.21],[98.2851,11.2086],[98.2854,11.2071],[98.2838,11.2061],[98.2797,11.2097],[98.2766,11.2104],[98.2732,11.2126],[98.2689,11.2134],[98.2659,11.2101],[98.2706,11.2096],[98.2719,11.2086],[98.272,11.2066],[98.2661,11.2042],[98.2634,11.2021],[98.26,11.2015],[98.2583,11.2021],[98.2582,11.2043],[98.2573,11.2052],[98.2513,11.2052],[98.2489,11.2045],[98.2476,11.2034],[98.2468,11.2017],[98.2466,11.1994],[98.2477,11.198],[98.2469,11.1967],[98.2467,11.1947],[98.2452,11.1938],[98.2431,11.195],[98.244,11.1983],[98.2418,11.1991],[98.2409,11.2004],[98.2377,11.2016],[98.2389,11.2028],[98.2406,11.2024],[98.2434,11.2035],[98.2442,11.2051],[98.2454,11.2056],[98.245,11.2081],[98.2444,11.2086],[98.2418,11.2078],[98.2413,11.2103],[98.2389,11.2106],[98.2365,11.2119],[98.2312,11.2118],[98.2299,11.2123],[98.232,11.2152],[98.2343,11.2154],[98.236,11.2146],[98.2368,11.2149],[98.2377,11.2176],[98.2377,11.2222],[98.2357,11.2296],[98.2344,11.232],[98.2314,11.2324],[98.2298,11.2341],[98.2269,11.2349],[98.2282,11.2381],[98.2267,11.2419],[98.2253,11.243],[98.2167,11.2416],[98.2137,11.2423],[98.2121,11.2406],[98.2108,11.2403],[98.2079,11.2405],[98.2071,11.2417],[98.2121,11.243],[98.2127,11.2441],[98.2124,11.2469],[98.2164,11.2477],[98.2182,11.2468],[98.2219,11.2466],[98.227,11.2441],[98.2292,11.2449],[98.2328,11.248],[98.2349,11.2486],[98.2375,11.2513],[98.2401,11.2509],[98.2435,11.2555],[98.2451,11.2566],[98.2459,11.2583],[98.2497,11.2589],[98.2524,11.2617]]],[[[97.9248,11.2767],[97.9242,11.2737],[97.9228,11.2739],[97.922,11.2766],[97.9197,11.2784],[97.92,11.2801],[97.9239,11.2829],[97.9256,11.2857],[97.9275,11.2838],[97.9261,11.2784],[97.9248,11.2767]]],[[[98.0123,11.3217],[98.0135,11.3202],[98.0151,11.3208],[98.0165,11.3201],[98.02,11.3224],[98.0199,11.32],[98.0205,11.3192],[98.0219,11.3191],[98.0224,11.316],[98.0204,11.3168],[98.0195,11.3154],[98.0173,11.3163],[98.0143,11.3153],[98.0124,11.3179],[98.0076,11.3179],[98.0061,11.3167],[98.0056,11.3141],[98.0028,11.3146],[98.0012,11.3174],[98.0021,11.3189],[98.0008,11.3209],[98.0016,11.3223],[98.0023,11.3214],[98.0056,11.3229],[98.0074,11.3214],[98.0086,11.3213],[98.0096,11.3218],[98.0103,11.3233],[98.0117,11.3239],[98.0123,11.3217]]],[[[98.5404,11.3107],[98.5441,11.3067],[98.5452,11.3067],[98.5463,11.3044],[98.5462,11.3035],[98.5471,11.3031],[98.548,11.301],[98.5476,11.2989],[98.5489,11.2951],[98.5494,11.2903],[98.5509,11.2892],[98.5528,11.2858],[98.5532,11.2803],[98.5519,11.2752],[98.5461,11.2619],[98.5439,11.2642],[98.5421,11.265],[98.5407,11.2692],[98.5381,11.2717],[98.5375,11.2748],[98.5363,11.2764],[98.5374,11.2778],[98.5372,11.2795],[98.5359,11.2811],[98.5343,11.2852],[98.534,11.2933],[98.5269,11.3041],[98.5264,11.307],[98.5236,11.3119],[98.5223,11.3155],[98.5222,11.3189],[98.5237,11.3206],[98.5245,11.3233],[98.5258,11.3244],[98.5266,11.3241],[98.5301,11.3196],[98.5321,11.318],[98.5327,11.3162],[98.5353,11.3128],[98.5404,11.3107]]],[[[98.2733,11.3297],[98.275,11.3282],[98.2775,11.3284],[98.2768,11.3269],[98.2778,11.3248],[98.2812,11.3238],[98.2843,11.3187],[98.2836,11.3173],[98.2841,11.3155],[98.2833,11.3146],[98.2831,11.3123],[98.2795,11.3107],[98.2797,11.3092],[98.2817,11.3084],[98.2821,11.3076],[98.2795,11.3064],[98.2795,11.3027],[98.2766,11.2985],[98.277,11.2976],[98.2758,11.2963],[98.2741,11.2909],[98.2722,11.2903],[98.2641,11.2985],[98.2609,11.3004],[98.2574,11.3006],[98.2552,11.2991],[98.2506,11.2986],[98.2496,11.2956],[98.2475,11.2945],[98.2474,11.2938],[98.2496,11.2934],[98.2537,11.294],[98.2573,11.2927],[98.2586,11.2903],[98.2542,11.2871],[98.2535,11.2854],[98.2543,11.2843],[98.2568,11.2835],[98.2574,11.2815],[98.2588,11.2807],[98.2589,11.2799],[98.2578,11.2787],[98.2561,11.2781],[98.2544,11.2761],[98.2517,11.2751],[98.2503,11.2759],[98.2492,11.2757],[98.2456,11.2734],[98.2448,11.2703],[98.2421,11.2684],[98.2411,11.2655],[98.2411,11.2634],[98.2396,11.2604],[98.2381,11.2593],[98.2366,11.2598],[98.2355,11.2625],[98.2335,11.2619],[98.2316,11.2634],[98.2317,11.2665],[98.2342,11.2669],[98.2346,11.2678],[98.2342,11.2697],[98.2326,11.2719],[98.2301,11.2737],[98.2166,11.2756],[98.2134,11.2725],[98.2147,11.2699],[98.2166,11.269],[98.2158,11.2663],[98.2174,11.2649],[98.2149,11.2634],[98.2133,11.2634],[98.2131,11.2674],[98.2098,11.2683],[98.2077,11.2681],[98.2069,11.269],[98.2071,11.2715],[98.2099,11.276],[98.2104,11.2802],[98.2133,11.2812],[98.2168,11.2843],[98.2169,11.2859],[98.2161,11.2875],[98.2183,11.2889],[98.2198,11.2929],[98.2231,11.2942],[98.2278,11.2934],[98.2289,11.2941],[98.229,11.2953],[98.2262,11.2978],[98.2324,11.2989],[98.2327,11.3],[98.2312,11.3011],[98.2313,11.3024],[98.2352,11.3035],[98.2384,11.303],[98.2407,11.3048],[98.243,11.3034],[98.2464,11.303],[98.2494,11.3044],[98.2515,11.3036],[98.2536,11.3036],[98.2554,11.3048],[98.2572,11.3074],[98.2562,11.3106],[98.258,11.3115],[98.2584,11.3123],[98.2577,11.3174],[98.2597,11.3207],[98.2629,11.3216],[98.2655,11.3246],[98.2652,11.3281],[98.2685,11.3295],[98.2708,11.3328],[98.2711,11.335],[98.272,11.3367],[98.2729,11.336],[98.2723,11.3326],[98.2733,11.3297]]],[[[98.0009,11.3499],[98.002,11.3491],[98.0033,11.3493],[98.0036,11.3486],[98.0002,11.345],[97.9998,11.3431],[98.0004,11.3419],[98.0022,11.3414],[98.0036,11.3426],[98.0059,11.3424],[98.0067,11.3433],[98.0082,11.3429],[98.0086,11.342],[98.0056,11.3379],[98.0055,11.3341],[98.0039,11.3331],[98.0016,11.3298],[98.0022,11.3284],[98.0047,11.3286],[98.0051,11.3279],[98.0006,11.3246],[97.9996,11.3257],[98.0001,11.3279],[97.9997,11.3296],[97.9986,11.3305],[97.9988,11.3378],[97.9976,11.3398],[97.9983,11.3429],[97.9977,11.345],[97.9983,11.3461],[97.9979,11.3478],[97.9984,11.3489],[98.0009,11.3499]]],[[[98.0088,11.363],[98.0101,11.3611],[98.0124,11.3614],[98.0137,11.3595],[98.0151,11.3594],[98.0159,11.357],[98.016,11.3529],[98.014,11.3529],[98.014,11.3542],[98.0128,11.3554],[98.0118,11.3556],[98.0099,11.3547],[98.0078,11.3559],[98.0061,11.3575],[98.0052,11.3596],[98.0033,11.3574],[98.0028,11.3573],[98.002,11.3583],[98.0018,11.3597],[98.0031,11.3617],[98.0046,11.3624],[98.0054,11.3643],[98.0069,11.3631],[98.0088,11.363]]],[[[98.2608,11.378],[98.2636,11.3772],[98.2609,11.3756],[98.2574,11.3717],[98.2554,11.3724],[98.2545,11.3716],[98.2526,11.3671],[98.2508,11.3652],[98.2499,11.3595],[98.2519,11.3558],[98.2516,11.3521],[98.2505,11.3505],[98.2466,11.3485],[98.2468,11.3457],[98.245,11.3449],[98.2443,11.3436],[98.2431,11.3433],[98.2426,11.3422],[98.2411,11.3413],[98.2409,11.3446],[98.2393,11.3455],[98.2394,11.3479],[98.2377,11.3496],[98.2374,11.3513],[98.2362,11.3526],[98.2384,11.3534],[98.2399,11.3557],[98.2364,11.3575],[98.2367,11.3617],[98.2362,11.3635],[98.2374,11.3637],[98.2381,11.3651],[98.2397,11.365],[98.2404,11.3657],[98.2421,11.3694],[98.2423,11.3711],[98.2444,11.3704],[98.2459,11.3681],[98.2475,11.3682],[98.2487,11.3691],[98.2496,11.3711],[98.2491,11.3734],[98.2501,11.3745],[98.2504,11.3766],[98.2523,11.3746],[98.257,11.3761],[98.2579,11.3774],[98.2579,11.3791],[98.2587,11.3795],[98.2599,11.3793],[98.2608,11.378]]],[[[98.2287,11.3805],[98.2273,11.3806],[98.2262,11.3819],[98.2243,11.3825],[98.2223,11.3863],[98.2196,11.3883],[98.2182,11.3919],[98.2196,11.3928],[98.2206,11.3946],[98.219,11.3962],[98.219,11.3972],[98.2218,11.3971],[98.2222,11.3956],[98.2254,11.3913],[98.2266,11.3879],[98.2281,11.3861],[98.2279,11.3836],[98.2303,11.3823],[98.2287,11.3805]]],[[[98.2735,11.4041],[98.2753,11.3994],[98.2798,11.3985],[98.2819,11.3949],[98.278,11.3941],[98.2776,11.3934],[98.2779,11.3913],[98.2709,11.3912],[98.2677,11.3899],[98.2646,11.3939],[98.2636,11.3976],[98.2618,11.3984],[98.2614,11.3992],[98.2649,11.3992],[98.2668,11.4034],[98.2696,11.4028],[98.2716,11.4039],[98.2735,11.4041]]],[[[98.1062,11.4139],[98.1114,11.4136],[98.1146,11.4114],[98.1183,11.4106],[98.1176,11.4049],[98.1185,11.4043],[98.1226,11.4058],[98.1231,11.4084],[98.124,11.4089],[98.1252,11.408],[98.1259,11.4062],[98.1286,11.4045],[98.13,11.4046],[98.1316,11.4059],[98.1337,11.4051],[98.1348,11.4053],[98.1359,11.4065],[98.1359,11.4079],[98.1309,11.412],[98.1327,11.4137],[98.1352,11.4118],[98.1381,11.4125],[98.1458,11.4109],[98.1437,11.4041],[98.1412,11.3988],[98.1381,11.3985],[98.1407,11.3955],[98.1405,11.3921],[98.1415,11.3882],[98.1386,11.3784],[98.1398,11.3737],[98.1387,11.3703],[98.1394,11.3665],[98.1381,11.3632],[98.1373,11.3638],[98.1367,11.368],[98.1345,11.3674],[98.1336,11.3697],[98.1324,11.3703],[98.1325,11.3684],[98.1299,11.3681],[98.129,11.3686],[98.1282,11.3772],[98.1263,11.377],[98.1258,11.3775],[98.1273,11.3817],[98.1251,11.3858],[98.1241,11.3864],[98.124,11.3845],[98.125,11.3819],[98.1239,11.381],[98.1231,11.3785],[98.1225,11.3782],[98.1206,11.3797],[98.1198,11.3788],[98.1224,11.3729],[98.1239,11.3724],[98.1244,11.3694],[98.1237,11.3667],[98.1204,11.3677],[98.1194,11.3704],[98.1196,11.3721],[98.1186,11.3729],[98.1189,11.3749],[98.1174,11.3786],[98.1194,11.3816],[98.1185,11.383],[98.1189,11.3851],[98.1172,11.3854],[98.1156,11.3878],[98.1156,11.393],[98.1125,11.395],[98.1109,11.3946],[98.1092,11.3932],[98.107,11.3964],[98.1039,11.3974],[98.0994,11.4005],[98.0987,11.4024],[98.0947,11.4058],[98.0947,11.4071],[98.0973,11.4071],[98.0984,11.4079],[98.1021,11.4074],[98.1054,11.4077],[98.1059,11.4102],[98.1034,11.4114],[98.103,11.4122],[98.1062,11.4139]]],[[[98.2754,11.4059],[98.2735,11.4063],[98.2723,11.4073],[98.2711,11.4112],[98.2727,11.4144],[98.2742,11.415],[98.2752,11.4148],[98.278,11.4124],[98.2794,11.4095],[98.2779,11.4074],[98.2754,11.4059]]],[[[97.9958,11.4166],[97.9967,11.4157],[97.9984,11.4158],[97.9994,11.4122],[97.9982,11.4102],[97.9984,11.4081],[97.9976,11.4061],[97.9964,11.4054],[97.9966,11.4048],[98.0042,11.404],[98.0046,11.4021],[98.0024,11.4011],[98.0018,11.3987],[98.001,11.3985],[98.0013,11.3979],[98.0021,11.3976],[98.0034,11.3988],[98.0075,11.398],[98.0097,11.399],[98.0096,11.3956],[98.0075,11.3942],[98.007,11.3918],[98.0104,11.3922],[98.0117,11.3909],[98.0125,11.3884],[98.0142,11.3886],[98.0154,11.388],[98.0141,11.3846],[98.0127,11.3839],[98.0122,11.3824],[98.008,11.3826],[98.0069,11.3811],[98.0051,11.3804],[98.0046,11.3821],[98.0032,11.3837],[98.0009,11.3839],[98.0013,11.3863],[97.9985,11.3868],[97.9951,11.3885],[97.9944,11.3882],[97.9938,11.3866],[97.9929,11.388],[97.9929,11.3894],[97.9938,11.3898],[97.9933,11.3916],[97.9944,11.3927],[97.9944,11.3937],[97.9929,11.3952],[97.9923,11.3975],[97.9884,11.3987],[97.9878,11.4002],[97.9885,11.402],[97.9915,11.4055],[97.9933,11.4093],[97.9952,11.4111],[97.9959,11.4134],[97.9955,11.4145],[97.9958,11.4166]]],[[[98.5081,11.4423],[98.5118,11.4399],[98.5162,11.4391],[98.5191,11.439],[98.5211,11.44],[98.5237,11.4396],[98.5232,11.4295],[98.524,11.4231],[98.5264,11.4192],[98.5262,11.4181],[98.5229,11.417],[98.5222,11.4173],[98.5204,11.4198],[98.5202,11.4227],[98.5165,11.4242],[98.5116,11.4248],[98.5076,11.424],[98.5063,11.4228],[98.5055,11.4181],[98.503,11.4135],[98.5007,11.4136],[98.4988,11.4123],[98.4984,11.4113],[98.492,11.4077],[98.4909,11.4057],[98.4881,11.4043],[98.4855,11.4048],[98.484,11.406],[98.4824,11.4105],[98.4827,11.412],[98.4817,11.4153],[98.4799,11.4167],[98.4796,11.4181],[98.4808,11.4184],[98.4822,11.4168],[98.484,11.4168],[98.4866,11.4192],[98.4858,11.4239],[98.4888,11.4256],[98.4927,11.4264],[98.4942,11.4284],[98.502,11.4296],[98.5036,11.4331],[98.5042,11.4376],[98.5037,11.4403],[98.5023,11.4417],[98.5014,11.445],[98.502,11.4472],[98.5015,11.4496],[98.502,11.4513],[98.5008,11.456],[98.5018,11.4579],[98.4996,11.4611],[98.5016,11.4638],[98.5032,11.4626],[98.5065,11.4537],[98.5079,11.4521],[98.5077,11.4498],[98.5069,11.4482],[98.5079,11.4468],[98.5073,11.4437],[98.5081,11.4423]]],[[[98.6854,11.4991],[98.6851,11.4975],[98.6791,11.506],[98.6794,11.5103],[98.6784,11.5137],[98.6788,11.5142],[98.6801,11.5142],[98.6824,11.5112],[98.6833,11.5086],[98.6852,11.5072],[98.6852,11.5033],[98.6844,11.5018],[98.6854,11.4991]]],[[[98.8325,11.7149],[98.8454,11.7084],[98.8467,11.7062],[98.8456,11.7023],[98.846,11.6988],[98.8442,11.6958],[98.841,11.6933],[98.8369,11.6912],[98.833,11.6903],[98.8273,11.6836],[98.8251,11.6833],[98.8186,11.685],[98.8169,11.6846],[98.814,11.6851],[98.8122,11.6862],[98.8072,11.692],[98.8052,11.6926],[98.8049,11.6939],[98.8057,11.6946],[98.8058,11.6957],[98.8045,11.6977],[98.8106,11.7009],[98.8109,11.7015],[98.8102,11.7014],[98.8117,11.7027],[98.8138,11.7039],[98.8148,11.7038],[98.8151,11.705],[98.82,11.7095],[98.8238,11.7148],[98.826,11.7159],[98.8285,11.7162],[98.8325,11.7149]]],[[[98.9536,11.8781],[98.9613,11.8762],[98.9685,11.8762],[98.9696,11.8627],[98.9823,11.8538],[98.9867,11.853],[98.9922,11.8445],[99.0076,11.8321],[99.0153,11.8307],[99.0165,11.8227],[99.0222,11.8158],[99.0305,11.8111],[99.0366,11.8034],[99.0446,11.7968],[99.0506,11.7836],[99.0578,11.772],[99.0633,11.7687],[99.0627,11.7591],[99.0674,11.7552],[99.0705,11.7478],[99.0779,11.7467],[99.0834,11.7387],[99.0862,11.7315],[99.1024,11.7158],[99.1035,11.707],[99.103,11.7028],[99.1071,11.6951],[99.1046,11.6827],[99.1046,11.6767],[99.1184,11.6621],[99.1179,11.6568],[99.1156,11.6513],[99.1209,11.6442],[99.128,11.64],[99.1294,11.6342],[99.1371,11.6359],[99.1449,11.6326],[99.1534,11.6238],[99.1589,11.6194],[99.1592,11.6089],[99.154,11.596],[99.1478,11.5881],[99.1425,11.5751],[99.1421,11.5735],[99.1444,11.5701],[99.1462,11.5697],[99.1423,11.5651],[99.1309,11.5651],[99.1269,11.5684],[99.1181,11.5721],[99.1159,11.5592],[99.1126,11.5452],[99.117,11.5342],[99.1128,11.5279],[99.1123,11.5245],[99.121,11.5181],[99.1173,11.5053],[99.121,11.4872],[99.1184,11.478],[99.132,11.4652],[99.1386,11.4615],[99.1445,11.4644],[99.1463,11.4567],[99.1504,11.4508],[99.1508,11.4453],[99.1464,11.439],[99.1504,11.4303],[99.1588,11.4248],[99.1565,11.4127],[99.161,11.4082],[99.1576,11.4045],[99.1625,11.3917],[99.1574,11.3851],[99.1636,11.3788],[99.1702,11.3656],[99.1849,11.3601],[99.1846,11.3539],[99.1879,11.3417],[99.1948,11.3414],[99.2,11.3425],[99.2033,11.3392],[99.2099,11.3461],[99.2187,11.341],[99.2327,11.348],[99.2327,11.3355],[99.2397,11.3259],[99.2481,11.3226],[99.2584,11.3248],[99.268,11.3351],[99.2779,11.3311],[99.2852,11.3344],[99.2988,11.3303],[99.3021,11.3256],[99.3065,11.3171],[99.3125,11.3165],[99.315,11.3109],[99.3117,11.3053],[99.3087,11.3016],[99.3108,11.3006],[99.314,11.295],[99.3211,11.2903],[99.3245,11.2843],[99.3248,11.2818],[99.3223,11.2809],[99.3153,11.273],[99.3118,11.2667],[99.3102,11.2614],[99.3032,11.2537],[99.2994,11.2499],[99.2947,11.2468],[99.2909,11.2473],[99.2847,11.2445],[99.2694,11.2246],[99.2646,11.214],[99.2653,11.2074],[99.2626,11.1963],[99.2568,11.1789],[99.2538,11.1728],[99.2537,11.1664],[99.2446,11.155],[99.2406,11.1534],[99.2329,11.1447],[99.2297,11.1428],[99.2254,11.1413],[99.2259,11.1355],[99.2306,11.1288],[99.2295,11.1144],[99.2252,11.1093],[99.2187,11.106],[99.212,11.099],[99.2064,11.0996],[99.2028,11.0986],[99.1993,11.0892],[99.1943,11.0874],[99.1907,11.0835],[99.1871,11.0826],[99.1823,11.0837],[99.1775,11.0803],[99.1771,11.0749],[99.1783,11.0698],[99.1778,11.0692],[99.179,11.0659],[99.1799,11.0603],[99.1732,11.0585],[99.1715,11.0547],[99.1708,11.0496],[99.1721,11.0469],[99.1713,11.0438],[99.1675,11.0425],[99.1594,11.035],[99.1547,11.0324],[99.1507,11.033],[99.1489,11.0313],[99.1455,11.03],[99.1413,11.0297],[99.1364,11.0307],[99.1305,11.0301],[99.1163,11.0196],[99.1123,11.0156],[99.1054,11.0126],[99.1025,11.0105],[99.1018,11.0025],[99.0995,10.9904],[99.0989,10.9805],[99.0936,10.9739],[99.0939,10.9701],[99.085,10.9612],[99.0828,10.9531],[99.0805,10.9522],[99.0739,10.9537],[99.0699,10.9516],[99.0688,10.9461],[99.07,10.9396],[99.0692,10.9383],[99.065,10.9423],[99.0578,10.9461],[99.0524,10.9507],[99.0505,10.9555],[99.0507,10.9614],[99.0501,10.9623],[99.0457,10.9643],[99.039,10.9647],[99.029,10.9696],[99.0246,10.9698],[99.0209,10.9674],[99.0175,10.9611],[99.0141,10.9476],[99.01,10.9408],[99.0033,10.9348],[99.003,10.9292],[98.9995,10.924],[98.9993,10.918],[99.0045,10.9047],[99.0038,10.8984],[99.0007,10.8915],[99.0015,10.8853],[99.0009,10.8839],[99.003,10.8792],[99.0075,10.8787],[99.0093,10.8776],[99.0091,10.8725],[99.0122,10.8578],[99.008,10.8513],[99.0015,10.8475],[98.9993,10.8474],[98.9902,10.8414],[98.9862,10.8351],[98.983,10.8317],[98.976,10.8314],[98.9661,10.8243],[98.964,10.8198],[98.9641,10.817],[98.9508,10.8161],[98.9417,10.8149],[98.9379,10.8154],[98.9252,10.8246],[98.9243,10.8265],[98.9181,10.8297],[98.916,10.8357],[98.9146,10.8374],[98.909,10.835],[98.906,10.8364],[98.9033,10.8408],[98.9058,10.8466],[98.9104,10.8509],[98.9098,10.8622],[98.9062,10.8688],[98.9076,10.8719],[98.9051,10.8745],[98.9074,10.8791],[98.9058,10.8844],[98.8998,10.8934],[98.8922,10.9004],[98.8838,10.8952],[98.8775,10.8957],[98.8739,10.902],[98.8715,10.9031],[98.8732,10.9075],[98.8699,10.9071],[98.8604,10.9145],[98.8572,10.9219],[98.857,10.9296],[98.8516,10.93],[98.8475,10.9291],[98.8426,10.927],[98.8382,10.921],[98.8387,10.9181],[98.8342,10.9146],[98.8315,10.9087],[98.8273,10.9099],[98.8238,10.9133],[98.8231,10.9113],[98.8189,10.9099],[98.8173,10.9084],[98.8118,10.908],[98.8097,10.9011],[98.8049,10.9024],[98.7956,10.9078],[98.7974,10.9061],[98.7977,10.9027],[98.7963,10.9015],[98.7928,10.9013],[98.7918,10.889],[98.7881,10.8855],[98.7846,10.8838],[98.7805,10.8869],[98.7742,10.8853],[98.7639,10.8811],[98.7675,10.8751],[98.7684,10.875],[98.7677,10.8748],[98.7691,10.8709],[98.7668,10.8651],[98.765,10.864],[98.763,10.8562],[98.7647,10.8519],[98.7654,10.8478],[98.761,10.8446],[98.7559,10.8472],[98.7546,10.8456],[98.7497,10.8487],[98.7469,10.8515],[98.7411,10.8524],[98.7346,10.8489],[98.7298,10.8401],[98.729,10.8365],[98.7293,10.8334],[98.7273,10.819],[98.7249,10.8072],[98.7263,10.7922],[98.7277,10.7843],[98.7208,10.7755],[98.7179,10.7752],[98.7174,10.7746],[98.7148,10.7753],[98.7069,10.7794],[98.7045,10.778],[98.7045,10.773],[98.6966,10.7756],[98.6922,10.7783],[98.6881,10.7701],[98.6843,10.775],[98.6778,10.7756],[98.6714,10.7686],[98.6682,10.7701],[98.6644,10.7671],[98.6644,10.7613],[98.6673,10.7563],[98.6627,10.7512],[98.6558,10.7498],[98.6488,10.7519],[98.6408,10.7522],[98.6385,10.7466],[98.6435,10.7328],[98.6446,10.7234],[98.6432,10.7046],[98.6397,10.6949],[98.6338,10.6849],[98.6303,10.6761],[98.6279,10.6652],[98.63,10.6585],[98.6355,10.6549],[98.6373,10.6479],[98.6382,10.6402],[98.6379,10.6332],[98.635,10.6229],[98.6361,10.6179],[98.6364,10.6123],[98.6341,10.6073],[98.6335,10.6006],[98.63,10.5797],[98.627,10.5736],[98.6235,10.5703],[98.6206,10.57],[98.6111,10.5743],[98.6067,10.5785],[98.598,10.5767],[98.5952,10.5736],[98.5909,10.5719],[98.5874,10.5754],[98.583,10.5758],[98.5804,10.5721],[98.5786,10.5665],[98.5739,10.5682],[98.5684,10.5607],[98.5665,10.5603],[98.5569,10.5741],[98.5546,10.5785],[98.5483,10.5764],[98.5403,10.5771],[98.5363,10.5825],[98.5312,10.5795],[98.528,10.5827],[98.516,10.5915],[98.5139,10.609],[98.5119,10.6095],[98.5103,10.6125],[98.511,10.6175],[98.5098,10.6236],[98.5065,10.6304],[98.5075,10.6325],[98.5129,10.6343],[98.513,10.6361],[98.5069,10.6496],[98.5066,10.6535],[98.5131,10.6653],[98.5049,10.6663],[98.5,10.6639],[98.487,10.6633],[98.4854,10.6667],[98.4852,10.6698],[98.4772,10.6804],[98.4699,10.6886],[98.4662,10.6893],[98.4662,10.6923],[98.4624,10.693],[98.4616,10.6949],[98.4621,10.6985],[98.4644,10.7023],[98.4664,10.7027],[98.4663,10.7036],[98.4634,10.7042],[98.4613,10.7036],[98.4567,10.7049],[98.455,10.7066],[98.4537,10.7097],[98.4552,10.7102],[98.4581,10.7081],[98.4616,10.7071],[98.4632,10.7076],[98.465,10.7116],[98.4632,10.713],[98.4616,10.7166],[98.4632,10.7169],[98.4637,10.7177],[98.465,10.7175],[98.4684,10.723],[98.4684,10.7246],[98.4642,10.7312],[98.4639,10.7358],[98.4626,10.7381],[98.4613,10.7447],[98.4619,10.7467],[98.4642,10.7484],[98.4648,10.7503],[98.4664,10.7471],[98.4668,10.7442],[98.4681,10.7437],[98.4677,10.7423],[98.4711,10.7405],[98.4729,10.7351],[98.4744,10.7338],[98.4792,10.7351],[98.48,10.7365],[98.4809,10.7359],[98.4826,10.7369],[98.4836,10.74],[98.4858,10.7407],[98.4871,10.7427],[98.4875,10.7456],[98.4884,10.7461],[98.4899,10.7446],[98.4894,10.7415],[98.4909,10.7396],[98.4916,10.7373],[98.4906,10.7351],[98.4929,10.7344],[98.4949,10.7321],[98.4952,10.731],[98.4946,10.7298],[98.5011,10.7287],[98.502,10.7299],[98.5035,10.7305],[98.5101,10.7296],[98.5123,10.7299],[98.5139,10.7281],[98.5161,10.7271],[98.5184,10.7233],[98.5203,10.723],[98.5237,10.7211],[98.5267,10.71],[98.5294,10.7065],[98.5319,10.6986],[98.5349,10.6935],[98.5382,10.6907],[98.5393,10.6877],[98.5404,10.6868],[98.5449,10.6857],[98.5454,10.6824],[98.5472,10.6793],[98.5475,10.6774],[98.5507,10.673],[98.5505,10.6709],[98.5483,10.6677],[98.5487,10.6669],[98.5518,10.6663],[98.5527,10.6682],[98.5539,10.6685],[98.5551,10.6701],[98.5545,10.6723],[98.5506,10.6782],[98.5513,10.6877],[98.546,10.6907],[98.5393,10.6958],[98.5378,10.6973],[98.536,10.7012],[98.5359,10.7098],[98.5343,10.719],[98.535,10.7262],[98.5335,10.7308],[98.5318,10.7319],[98.5287,10.7367],[98.5273,10.7404],[98.5287,10.7409],[98.5255,10.7424],[98.5234,10.7444],[98.5167,10.7446],[98.5143,10.7454],[98.5141,10.7464],[98.5157,10.7464],[98.5192,10.7476],[98.5206,10.7488],[98.5217,10.7543],[98.5208,10.7587],[98.5226,10.7594],[98.5236,10.7608],[98.5251,10.7607],[98.5287,10.7629],[98.5309,10.7616],[98.5337,10.7611],[98.5343,10.7596],[98.5336,10.7556],[98.538,10.7538],[98.5374,10.7518],[98.5378,10.7504],[98.5413,10.7501],[98.5436,10.7486],[98.5457,10.7484],[98.5472,10.7472],[98.55,10.7405],[98.5514,10.7387],[98.5539,10.7374],[98.5554,10.7352],[98.5565,10.7356],[98.558,10.7346],[98.5559,10.7386],[98.5558,10.7399],[98.5565,10.7401],[98.5607,10.7348],[98.5622,10.73],[98.5622,10.7254],[98.5619,10.7187],[98.5607,10.7134],[98.56,10.7127],[98.562,10.7117],[98.5628,10.7134],[98.5638,10.7137],[98.5646,10.7173],[98.5665,10.7204],[98.5667,10.7225],[98.5634,10.7411],[98.5647,10.7436],[98.5635,10.7451],[98.5638,10.7507],[98.5677,10.7596],[98.5683,10.7645],[98.5697,10.7658],[98.5689,10.7665],[98.5688,10.7685],[98.5702,10.773],[98.5732,10.7777],[98.5757,10.7779],[98.5809,10.7744],[98.5832,10.7697],[98.5885,10.7633],[98.5897,10.7638],[98.5898,10.7665],[98.5891,10.7678],[98.5875,10.7684],[98.5864,10.7699],[98.585,10.7749],[98.5822,10.7792],[98.5837,10.7803],[98.5849,10.7879],[98.5832,10.7908],[98.5837,10.7921],[98.5846,10.7919],[98.5855,10.7925],[98.586,10.7963],[98.5884,10.7962],[98.5903,10.7978],[98.5931,10.7979],[98.5988,10.8011],[98.6025,10.8012],[98.6038,10.8023],[98.6039,10.803],[98.5973,10.8064],[98.5956,10.8087],[98.5963,10.8138],[98.5978,10.8143],[98.5974,10.8261],[98.5988,10.8278],[98.599,10.8289],[98.5961,10.8292],[98.5939,10.8282],[98.5921,10.8299],[98.5932,10.8314],[98.5938,10.835],[98.5948,10.8368],[98.598,10.84],[98.5999,10.8408],[98.5988,10.8413],[98.5938,10.8404],[98.5931,10.8387],[98.5904,10.8375],[98.5882,10.8351],[98.5873,10.8352],[98.5876,10.8363],[98.5919,10.8391],[98.5936,10.8439],[98.5935,10.8476],[98.5961,10.8499],[98.6006,10.8522],[98.6014,10.8523],[98.602,10.8515],[98.6026,10.8529],[98.6042,10.8539],[98.6068,10.8541],[98.6079,10.8531],[98.6105,10.8457],[98.6176,10.8448],[98.625,10.8473],[98.6263,10.8471],[98.628,10.8458],[98.6305,10.8414],[98.631,10.8366],[98.6301,10.8312],[98.6307,10.8293],[98.6333,10.8266],[98.6376,10.826],[98.6384,10.826],[98.6395,10.8284],[98.6325,10.8311],[98.6342,10.8332],[98.6331,10.8368],[98.6326,10.8416],[98.6335,10.8436],[98.6332,10.8478],[98.632,10.8493],[98.6304,10.8544],[98.6283,10.8652],[98.6268,10.8663],[98.6167,10.8695],[98.6108,10.8706],[98.6054,10.8691],[98.604,10.8683],[98.6026,10.8661],[98.6005,10.8651],[98.5979,10.8626],[98.5965,10.8599],[98.5934,10.8566],[98.5874,10.8532],[98.5889,10.8577],[98.5864,10.8598],[98.588,10.8609],[98.5898,10.8609],[98.5898,10.862],[98.5885,10.8629],[98.5868,10.8626],[98.5811,10.8633],[98.574,10.8669],[98.5715,10.8709],[98.5718,10.8735],[98.5733,10.8759],[98.5759,10.8784],[98.579,10.8784],[98.5816,10.8797],[98.5844,10.8827],[98.5873,10.8839],[98.5888,10.8856],[98.5914,10.8869],[98.5944,10.887],[98.6016,10.8913],[98.6059,10.892],[98.6067,10.8937],[98.6105,10.8949],[98.6118,10.8966],[98.6174,10.8959],[98.6218,10.8987],[98.6283,10.8997],[98.6331,10.8977],[98.6387,10.8927],[98.6428,10.8882],[98.6458,10.8834],[98.6482,10.8813],[98.6516,10.8811],[98.6533,10.8819],[98.6547,10.8819],[98.6596,10.8761],[98.6613,10.875],[98.662,10.8755],[98.6624,10.8763],[98.6606,10.8777],[98.6589,10.8813],[98.6577,10.8825],[98.6523,10.8849],[98.6482,10.8855],[98.6447,10.8913],[98.6369,10.8984],[98.6352,10.9009],[98.6317,10.9031],[98.6259,10.9046],[98.6254,10.9085],[98.6267,10.9088],[98.6281,10.9112],[98.632,10.9116],[98.6308,10.9128],[98.628,10.9132],[98.6272,10.916],[98.626,10.9173],[98.6257,10.9194],[98.6278,10.921],[98.6287,10.9206],[98.6378,10.9224],[98.6418,10.9221],[98.6482,10.9199],[98.6539,10.9169],[98.6573,10.9131],[98.6602,10.9117],[98.6656,10.9072],[98.682,10.8971],[98.684,10.8973],[98.6939,10.8945],[98.6969,10.893],[98.6988,10.8907],[98.7034,10.877],[98.6936,10.861],[98.692,10.8566],[98.6909,10.8553],[98.6938,10.8539],[98.6965,10.8614],[98.6977,10.8612],[98.7008,10.8648],[98.7019,10.8674],[98.7046,10.8707],[98.7051,10.8736],[98.7071,10.8746],[98.7065,10.8808],[98.7043,10.8834],[98.705,10.8858],[98.7056,10.8857],[98.7061,10.8843],[98.7109,10.8834],[98.7169,10.8857],[98.7197,10.8859],[98.7219,10.8849],[98.7255,10.8851],[98.7278,10.8861],[98.7278,10.887],[98.7265,10.8879],[98.7252,10.8874],[98.722,10.8878],[98.7204,10.8905],[98.718,10.8912],[98.7174,10.8904],[98.7144,10.8896],[98.7103,10.8868],[98.7086,10.8865],[98.7074,10.8871],[98.7061,10.8889],[98.7061,10.8901],[98.7071,10.8919],[98.7061,10.8928],[98.7042,10.8931],[98.7044,10.8961],[98.7038,10.8978],[98.7019,10.8994],[98.6929,10.9038],[98.6792,10.9083],[98.6731,10.9119],[98.6724,10.9129],[98.6706,10.9134],[98.6643,10.9172],[98.6658,10.9181],[98.67,10.9188],[98.6753,10.9207],[98.6756,10.9221],[98.6728,10.9246],[98.673,10.9264],[98.678,10.9261],[98.6848,10.9268],[98.6898,10.9288],[98.6933,10.929],[98.6975,10.9286],[98.7041,10.9267],[98.7092,10.9236],[98.7119,10.9211],[98.7123,10.9199],[98.7152,10.9183],[98.7203,10.9175],[98.7222,10.9158],[98.7241,10.9157],[98.7248,10.9166],[98.7267,10.9165],[98.7301,10.9149],[98.7309,10.9174],[98.7304,10.9178],[98.7227,10.9206],[98.7276,10.9257],[98.7256,10.9273],[98.7204,10.9213],[98.7177,10.9213],[98.7151,10.9236],[98.7151,10.9264],[98.7134,10.9288],[98.7145,10.9314],[98.7114,10.9342],[98.7123,10.9401],[98.7143,10.9412],[98.7141,10.9425],[98.712,10.9429],[98.7088,10.9419],[98.707,10.9454],[98.7069,10.9494],[98.7107,10.9499],[98.7114,10.9517],[98.7142,10.9533],[98.7172,10.9543],[98.7184,10.9539],[98.7205,10.9544],[98.7217,10.9538],[98.7243,10.9552],[98.7269,10.9555],[98.7281,10.9574],[98.7315,10.9542],[98.7331,10.956],[98.7318,10.9566],[98.7309,10.9583],[98.7289,10.9594],[98.7233,10.96],[98.72,10.9633],[98.7159,10.9657],[98.7156,10.9688],[98.7161,10.9708],[98.714,10.9766],[98.7138,10.9873],[98.7125,10.9901],[98.7192,10.9905],[98.732,10.9887],[98.737,10.9892],[98.7519,10.987],[98.7558,10.9871],[98.7594,10.9887],[98.7628,10.9886],[98.7644,10.9874],[98.7662,10.9795],[98.7693,10.9747],[98.7689,10.9793],[98.7694,10.9844],[98.7748,10.9865],[98.7781,10.9888],[98.7811,10.9932],[98.7821,10.9967],[98.782,10.9973],[98.7813,10.9967],[98.7797,10.994],[98.777,10.9941],[98.777,10.9974],[98.7765,10.9977],[98.7754,10.9955],[98.7754,10.9916],[98.7738,10.99],[98.765,10.9931],[98.7567,10.9928],[98.7526,10.9937],[98.7381,10.9948],[98.7364,10.9952],[98.7358,10.996],[98.743,10.9998],[98.7466,11.0009],[98.7542,11.0008],[98.7536,11.0019],[98.7492,11.0031],[98.745,11.0022],[98.7339,10.9969],[98.71,10.9978],[98.705,10.9986],[98.6958,11.0033],[98.6858,10.9993],[98.6836,10.9968],[98.6813,10.9968],[98.6792,10.9983],[98.6788,11.0006],[98.6806,11.0016],[98.6825,11.0038],[98.6832,11.0081],[98.6844,11.0098],[98.6887,11.0127],[98.6961,11.016],[98.6983,11.0182],[98.6975,11.02],[98.6921,11.0156],[98.6896,11.0151],[98.6877,11.0159],[98.6872,11.0176],[98.6887,11.019],[98.6879,11.0209],[98.69,11.0273],[98.69,11.0328],[98.6916,11.0352],[98.6931,11.0359],[98.698,11.0358],[98.7044,11.0344],[98.7083,11.0313],[98.711,11.0304],[98.7173,11.0301],[98.7204,11.0315],[98.7251,11.0322],[98.7252,11.0344],[98.7282,11.0352],[98.7363,11.0335],[98.7408,11.0303],[98.7428,11.0303],[98.7412,11.031],[98.7376,11.0345],[98.7339,11.036],[98.7315,11.0378],[98.7244,11.0374],[98.7195,11.0348],[98.7135,11.0336],[98.712,11.0338],[98.7077,11.0392],[98.6999,11.0459],[98.7001,11.0484],[98.7011,11.0485],[98.7013,11.0497],[98.7029,11.0507],[98.7052,11.0508],[98.7055,11.0521],[98.7036,11.0532],[98.7041,11.0549],[98.7081,11.0571],[98.7089,11.0587],[98.7105,11.0599],[98.7158,11.0596],[98.7196,11.0605],[98.722,11.0598],[98.725,11.0577],[98.7282,11.0566],[98.7289,11.057],[98.7286,11.0577],[98.7265,11.0581],[98.7233,11.0614],[98.7204,11.0626],[98.7199,11.0634],[98.7215,11.0647],[98.7195,11.067],[98.7152,11.0641],[98.7102,11.0639],[98.7056,11.0658],[98.7029,11.0686],[98.6985,11.0688],[98.6975,11.0702],[98.6974,11.0723],[98.6997,11.0732],[98.6992,11.0762],[98.701,11.0775],[98.7031,11.0778],[98.7028,11.079],[98.7011,11.0799],[98.7013,11.0834],[98.7002,11.0845],[98.6996,11.0885],[98.6979,11.0903],[98.6978,11.0923],[98.7008,11.0965],[98.7034,11.0978],[98.7061,11.1033],[98.7082,11.1058],[98.7135,11.1082],[98.7153,11.1105],[98.715,11.1113],[98.7132,11.1097],[98.7088,11.1082],[98.6999,11.1004],[98.6928,11.0962],[98.6892,11.0913],[98.6883,11.0905],[98.6871,11.0907],[98.6859,11.084],[98.6852,11.0829],[98.6831,11.0821],[98.6787,11.0838],[98.6765,11.0866],[98.6764,11.09],[98.6774,11.0919],[98.6749,11.0971],[98.6757,11.0978],[98.6754,11.0994],[98.6735,11.0989],[98.6719,11.1034],[98.6717,11.1095],[98.6706,11.1116],[98.6715,11.1132],[98.6736,11.1142],[98.6723,11.1162],[98.67,11.114],[98.6681,11.1138],[98.6622,11.1212],[98.6601,11.1218],[98.6583,11.1213],[98.655,11.1219],[98.6543,11.125],[98.6529,11.1259],[98.6521,11.1277],[98.6499,11.1286],[98.6495,11.1313],[98.6509,11.1319],[98.6521,11.1316],[98.6539,11.1305],[98.6553,11.1279],[98.6606,11.1251],[98.6627,11.1259],[98.6645,11.1254],[98.6666,11.1261],[98.6676,11.1272],[98.6672,11.1283],[98.6679,11.1292],[98.6678,11.1307],[98.6698,11.136],[98.6694,11.138],[98.6675,11.1388],[98.669,11.1398],[98.6657,11.1428],[98.6707,11.145],[98.673,11.1439],[98.6738,11.1458],[98.6775,11.1462],[98.679,11.1461],[98.6807,11.1445],[98.6809,11.1426],[98.6829,11.1412],[98.6848,11.1378],[98.6868,11.1376],[98.6883,11.1363],[98.69,11.1384],[98.6934,11.1379],[98.6954,11.1357],[98.696,11.1327],[98.6967,11.1328],[98.6989,11.1368],[98.6995,11.1391],[98.6994,11.1406],[98.6978,11.1438],[98.6981,11.1455],[98.6993,11.1464],[98.7025,11.1466],[98.7043,11.1486],[98.7095,11.1513],[98.7106,11.159],[98.7137,11.1606],[98.7151,11.1632],[98.7174,11.1641],[98.7209,11.1676],[98.7236,11.1668],[98.7262,11.1677],[98.728,11.1674],[98.7258,11.172],[98.7289,11.1746],[98.7304,11.1776],[98.7354,11.1754],[98.7371,11.1758],[98.7355,11.1789],[98.7331,11.1807],[98.733,11.182],[98.7348,11.1844],[98.7392,11.1878],[98.7393,11.1889],[98.7376,11.1914],[98.7386,11.1934],[98.7378,11.1958],[98.7385,11.1973],[98.7411,11.1983],[98.7381,11.2001],[98.7357,11.2028],[98.7362,11.2064],[98.7354,11.211],[98.736,11.2121],[98.734,11.2135],[98.7338,11.2163],[98.7359,11.2192],[98.7374,11.2196],[98.7383,11.2238],[98.7392,11.2241],[98.7395,11.2232],[98.7403,11.2235],[98.7414,11.2227],[98.7414,11.224],[98.7425,11.2242],[98.742,11.2256],[98.74,11.2266],[98.7392,11.2279],[98.7406,11.2295],[98.7409,11.2312],[98.7403,11.2319],[98.7427,11.2328],[98.7432,11.2351],[98.7447,11.2361],[98.7472,11.2399],[98.7465,11.2414],[98.749,11.2426],[98.7482,11.2443],[98.7512,11.2462],[98.7511,11.2477],[98.7497,11.2497],[98.7497,11.2519],[98.7503,11.2551],[98.7511,11.2561],[98.7513,11.2629],[98.7534,11.2651],[98.7565,11.2663],[98.7564,11.2682],[98.7594,11.2736],[98.7585,11.2751],[98.7568,11.2755],[98.7559,11.275],[98.7511,11.2773],[98.7474,11.2829],[98.7438,11.2858],[98.7394,11.288],[98.7376,11.293],[98.7359,11.2949],[98.7337,11.3004],[98.7296,11.3063],[98.729,11.3091],[98.7259,11.3126],[98.7238,11.3172],[98.7228,11.3179],[98.7226,11.3191],[98.7236,11.3213],[98.725,11.3222],[98.7271,11.322],[98.7263,11.324],[98.7262,11.3267],[98.728,11.3309],[98.7275,11.3357],[98.7223,11.34],[98.718,11.352],[98.7193,11.3561],[98.7185,11.3584],[98.7171,11.3722],[98.7207,11.3739],[98.7227,11.3762],[98.7224,11.3774],[98.7209,11.3784],[98.7191,11.3812],[98.7186,11.3867],[98.7158,11.388],[98.7127,11.3876],[98.7073,11.3854],[98.7032,11.3825],[98.6989,11.3759],[98.6963,11.3804],[98.6974,11.3811],[98.6999,11.3813],[98.7009,11.3821],[98.7017,11.3865],[98.6976,11.3971],[98.696,11.3979],[98.6906,11.3944],[98.6892,11.3941],[98.6886,11.3945],[98.6902,11.3965],[98.6921,11.3976],[98.6935,11.4092],[98.6957,11.4152],[98.701,11.4221],[98.7033,11.4229],[98.7058,11.4323],[98.7078,11.4369],[98.7099,11.4406],[98.7128,11.4441],[98.7135,11.4462],[98.7131,11.4504],[98.7147,11.4519],[98.7181,11.4579],[98.7191,11.458],[98.7298,11.4545],[98.7335,11.4548],[98.7442,11.4526],[98.7555,11.4523],[98.7582,11.4506],[98.7663,11.4502],[98.7701,11.449],[98.7722,11.4478],[98.7728,11.4466],[98.7706,11.4291],[98.7727,11.4228],[98.7768,11.4202],[98.7794,11.4196],[98.7899,11.4204],[98.8034,11.4094],[98.8049,11.4111],[98.8006,11.4163],[98.7992,11.4189],[98.791,11.4244],[98.7882,11.4257],[98.7789,11.4275],[98.7788,11.4309],[98.7808,11.4344],[98.7818,11.4399],[98.7817,11.4452],[98.7804,11.4506],[98.7771,11.4549],[98.7741,11.4569],[98.7663,11.4608],[98.7637,11.4612],[98.7598,11.4636],[98.7526,11.4735],[98.7493,11.4751],[98.7482,11.4766],[98.7485,11.4779],[98.7558,11.4781],[98.7616,11.4812],[98.7602,11.4847],[98.7579,11.4833],[98.7564,11.4837],[98.7518,11.4927],[98.75,11.5013],[98.7503,11.5066],[98.7527,11.5136],[98.7521,11.5212],[98.7537,11.5256],[98.7534,11.5268],[98.7486,11.5341],[98.7459,11.5353],[98.7454,11.5321],[98.7467,11.5263],[98.7416,11.5236],[98.7363,11.5234],[98.7319,11.5254],[98.7289,11.5245],[98.7249,11.5193],[98.7218,11.5168],[98.7187,11.5156],[98.7178,11.5161],[98.717,11.5187],[98.7159,11.5191],[98.7131,11.5186],[98.7115,11.5199],[98.7117,11.522],[98.7102,11.5295],[98.7086,11.5323],[98.7094,11.5332],[98.7125,11.5331],[98.7165,11.5361],[98.7177,11.5397],[98.7176,11.5516],[98.7198,11.5534],[98.72,11.5545],[98.7164,11.5655],[98.7113,11.5726],[98.7119,11.5734],[98.7131,11.5734],[98.7142,11.573],[98.7149,11.5716],[98.717,11.5711],[98.7244,11.5738],[98.7259,11.575],[98.7297,11.575],[98.7315,11.5743],[98.7324,11.5758],[98.7318,11.5791],[98.7297,11.5821],[98.7292,11.5848],[98.7302,11.5903],[98.7297,11.5924],[98.7311,11.5943],[98.7331,11.5947],[98.7389,11.5923],[98.7393,11.5941],[98.7369,11.5967],[98.7325,11.599],[98.7311,11.6015],[98.7281,11.6035],[98.7248,11.6081],[98.7244,11.611],[98.7229,11.6131],[98.7255,11.615],[98.728,11.6147],[98.7326,11.6174],[98.7325,11.6182],[98.7301,11.6204],[98.7301,11.625],[98.7342,11.6266],[98.7359,11.6282],[98.7352,11.6309],[98.7357,11.6334],[98.7369,11.6347],[98.738,11.6408],[98.7376,11.6504],[98.7366,11.6518],[98.7358,11.6556],[98.7344,11.6572],[98.7344,11.659],[98.7288,11.6558],[98.7271,11.6566],[98.7258,11.6583],[98.7311,11.6614],[98.7326,11.6632],[98.7349,11.6644],[98.7353,11.6689],[98.7367,11.6704],[98.7367,11.6711],[98.7388,11.6741],[98.7432,11.6764],[98.7481,11.6775],[98.7561,11.6773],[98.7633,11.6797],[98.7644,11.6789],[98.7659,11.6791],[98.769,11.6818],[98.7759,11.6817],[98.7795,11.6794],[98.7814,11.6808],[98.7802,11.6849],[98.7825,11.6855],[98.7872,11.6849],[98.792,11.6832],[98.7945,11.6814],[98.8006,11.6733],[98.803,11.6664],[98.8037,11.6585],[98.8045,11.6562],[98.8059,11.6539],[98.8144,11.6455],[98.8175,11.6413],[98.8197,11.6357],[98.8226,11.631],[98.8242,11.6317],[98.8188,11.6439],[98.8136,11.6511],[98.8089,11.6553],[98.8072,11.6584],[98.8069,11.662],[98.8076,11.6639],[98.8099,11.6665],[98.8101,11.6699],[98.8113,11.6706],[98.8112,11.6714],[98.8134,11.6744],[98.8132,11.6799],[98.8165,11.6806],[98.8179,11.6817],[98.8249,11.6803],[98.8329,11.6808],[98.8374,11.682],[98.8397,11.6851],[98.8401,11.6906],[98.8447,11.6934],[98.8479,11.6979],[98.848,11.7031],[98.8488,11.7046],[98.8516,11.7049],[98.8581,11.7037],[98.869,11.7031],[98.8738,11.702],[98.8755,11.7083],[98.8697,11.7112],[98.8663,11.7119],[98.8616,11.715],[98.854,11.7182],[98.8518,11.7198],[98.8488,11.7236],[98.8439,11.7258],[98.8469,11.7311],[98.8538,11.7342],[98.8568,11.7495],[98.8552,11.757],[98.8571,11.7632],[98.8615,11.7667],[98.8634,11.7724],[98.8616,11.7779],[98.8626,11.7828],[98.8658,11.7836],[98.8627,11.7899],[98.8586,11.7946],[98.858,11.7968],[98.8624,11.796],[98.8693,11.7921],[98.8745,11.7924],[98.8809,11.8012],[98.8798,11.8034],[98.885,11.8144],[98.8867,11.8219],[98.8922,11.8233],[98.893,11.8299],[98.8996,11.8368],[98.9079,11.8431],[98.917,11.8434],[98.9173,11.8456],[98.9203,11.85],[98.923,11.8508],[98.9327,11.8654],[98.9382,11.8789],[98.9462,11.8855],[98.9536,11.8781]]]]}},{"type":"Feature","properties":{"TS":"Palaw","TS_MMR":"ပုလော","TS_PCODE":"MMR006007","DT":"Myeik","area_km2":2413.0,"lx":98.714,"ly":13.114,"sites":3},"geometry":{"type":"MultiPolygon","coordinates":[[[[98.6214,12.7099],[98.6199,12.7079],[98.619,12.7081],[98.6176,12.7113],[98.6178,12.7121],[98.6202,12.7117],[98.6214,12.7099]]],[[[98.6264,12.7193],[98.6246,12.7174],[98.6219,12.7187],[98.6216,12.723],[98.6233,12.7242],[98.6227,12.7254],[98.6238,12.726],[98.6264,12.7234],[98.6264,12.7193]]],[[[98.6012,12.7372],[98.5986,12.7337],[98.5981,12.7342],[98.5981,12.7388],[98.6005,12.7399],[98.6012,12.7392],[98.6012,12.7372]]],[[[98.6314,12.7571],[98.6325,12.7563],[98.6335,12.7567],[98.6354,12.756],[98.6359,12.7555],[98.6358,12.7536],[98.6325,12.7526],[98.6295,12.7547],[98.6295,12.7564],[98.6314,12.7571]]],[[[98.6276,12.7449],[98.6311,12.7448],[98.6311,12.7435],[98.629,12.7414],[98.6302,12.7392],[98.6314,12.7382],[98.6326,12.7396],[98.633,12.7415],[98.6358,12.7435],[98.6439,12.7425],[98.6456,12.743],[98.6433,12.744],[98.6432,12.7447],[98.649,12.7449],[98.6566,12.7465],[98.6604,12.7479],[98.6653,12.7483],[98.6702,12.7499],[98.6719,12.7499],[98.6737,12.7417],[98.681,12.7383],[98.6854,12.7306],[98.6877,12.7231],[98.6869,12.7184],[98.6855,12.7171],[98.6837,12.717],[98.6791,12.7206],[98.6766,12.7215],[98.6753,12.7226],[98.6727,12.7232],[98.67,12.7247],[98.6649,12.7255],[98.6628,12.7267],[98.6619,12.7313],[98.661,12.7312],[98.661,12.7301],[98.66,12.7293],[98.6587,12.7295],[98.6568,12.7279],[98.6522,12.7288],[98.6484,12.7304],[98.644,12.7295],[98.6392,12.7307],[98.6345,12.7289],[98.6315,12.7284],[98.6282,12.7263],[98.627,12.7263],[98.6266,12.7284],[98.625,12.7294],[98.6237,12.7316],[98.6242,12.733],[98.6253,12.7329],[98.6274,12.7341],[98.6266,12.7357],[98.6276,12.7365],[98.6278,12.7377],[98.6252,12.7394],[98.6229,12.7394],[98.6207,12.7366],[98.6182,12.7386],[98.6187,12.7409],[98.6195,12.7416],[98.6179,12.7432],[98.6206,12.7439],[98.6214,12.7486],[98.6201,12.7514],[98.6183,12.7526],[98.618,12.7541],[98.6166,12.7552],[98.6168,12.7581],[98.6178,12.7596],[98.6209,12.7559],[98.6229,12.755],[98.6228,12.7527],[98.6242,12.7521],[98.6254,12.7493],[98.6266,12.7484],[98.6266,12.7465],[98.6276,12.7449]]],[[[98.6676,12.7568],[98.6657,12.7571],[98.6666,12.7589],[98.6701,12.7603],[98.6691,12.7576],[98.6676,12.7568]]],[[[98.6483,12.766],[98.6457,12.7603],[98.644,12.7586],[98.6426,12.759],[98.6403,12.7618],[98.6357,12.7631],[98.6321,12.7623],[98.6241,12.7618],[98.6193,12.7652],[98.6182,12.7653],[98.6175,12.7642],[98.6162,12.7641],[98.6155,12.7659],[98.6136,12.7662],[98.6122,12.7675],[98.6129,12.7687],[98.6121,12.7701],[98.6126,12.7749],[98.6118,12.7762],[98.6124,12.7778],[98.611,12.7795],[98.6119,12.7808],[98.6109,12.7819],[98.6099,12.7872],[98.6087,12.7884],[98.6098,12.7884],[98.6118,12.7863],[98.6131,12.7859],[98.6318,12.7839],[98.6376,12.7821],[98.6401,12.7781],[98.6419,12.771],[98.645,12.7681],[98.6479,12.7671],[98.6483,12.766]]],[[[98.6944,12.7816],[98.6899,12.7811],[98.6871,12.7794],[98.6794,12.7708],[98.6771,12.7698],[98.672,12.7657],[98.6657,12.7621],[98.6589,12.7571],[98.6545,12.7556],[98.6495,12.7556],[98.6458,12.7569],[98.6511,12.7674],[98.6544,12.7708],[98.6566,12.7756],[98.6586,12.7777],[98.662,12.7784],[98.6686,12.7768],[98.6718,12.7778],[98.6737,12.7805],[98.6761,12.786],[98.6834,12.7911],[98.6896,12.7929],[98.6923,12.792],[98.6963,12.7883],[98.7,12.7863],[98.6995,12.7852],[98.6944,12.7816]]],[[[98.5184,12.7911],[98.5167,12.7817],[98.5146,12.7838],[98.5143,12.7853],[98.5156,12.7899],[98.5153,12.7931],[98.5166,12.7952],[98.5166,12.7972],[98.5174,12.7986],[98.5182,12.797],[98.5184,12.7911]]],[[[98.6081,12.821],[98.6071,12.8188],[98.6036,12.8189],[98.6042,12.8229],[98.6049,12.8238],[98.607,12.8234],[98.6081,12.821]]],[[[98.2231,12.8149],[98.2194,12.813],[98.2139,12.8208],[98.2149,12.8233],[98.2181,12.8247],[98.2194,12.8223],[98.2252,12.8194],[98.2231,12.8149]]],[[[98.3218,12.8464],[98.3248,12.837],[98.3238,12.838],[98.3199,12.8469],[98.3218,12.8464]]],[[[98.3162,12.8726],[98.3141,12.8691],[98.313,12.8693],[98.3111,12.8718],[98.3103,12.8764],[98.3093,12.8786],[98.3088,12.8815],[98.3092,12.8876],[98.3077,12.8908],[98.3055,12.9018],[98.3067,12.9104],[98.3076,12.9092],[98.3079,12.9064],[98.3133,12.8884],[98.3152,12.887],[98.3141,12.8841],[98.3151,12.8822],[98.3145,12.8801],[98.3161,12.8789],[98.3167,12.8775],[98.3156,12.8754],[98.3162,12.8726]]],[[[98.5577,12.9085],[98.5579,12.9034],[98.5563,12.9056],[98.5548,12.9059],[98.5521,12.9083],[98.5526,12.9111],[98.5521,12.9131],[98.5531,12.9164],[98.5549,12.9147],[98.5577,12.9085]]],[[[98.5461,12.9337],[98.5474,12.9334],[98.5487,12.9344],[98.5502,12.9342],[98.5468,12.9307],[98.5453,12.9309],[98.5466,12.93],[98.5501,12.9308],[98.5513,12.93],[98.551,12.9283],[98.552,12.9231],[98.5512,12.9215],[98.5482,12.9207],[98.5459,12.9242],[98.5441,12.9253],[98.5417,12.9312],[98.5394,12.933],[98.5391,12.9355],[98.5396,12.9361],[98.5414,12.9361],[98.5454,12.9346],[98.5461,12.9337]]],[[[98.1822,12.9424],[98.1869,12.9424],[98.1877,12.9419],[98.1902,12.9382],[98.1909,12.9352],[98.1905,12.933],[98.1925,12.9312],[98.1949,12.9308],[98.1954,12.9283],[98.1976,12.9263],[98.1961,12.9218],[98.1967,12.9158],[98.1954,12.914],[98.1951,12.9115],[98.1929,12.9091],[98.1917,12.9095],[98.1902,12.9119],[98.1888,12.9128],[98.1889,12.9136],[98.1908,12.9153],[98.1875,12.9185],[98.1857,12.9193],[98.1846,12.9219],[98.1808,12.9242],[98.1773,12.9249],[98.1761,12.9261],[98.1809,12.9323],[98.1815,12.9358],[98.1799,12.9374],[98.1796,12.9388],[98.1822,12.9424]]],[[[98.3227,13.0194],[98.3226,13.0175],[98.3212,13.0163],[98.3202,13.0164],[98.3182,13.0183],[98.3158,13.0177],[98.3152,13.0165],[98.316,13.0142],[98.3156,13.0134],[98.3144,13.0136],[98.313,13.0162],[98.3124,13.0228],[98.3113,13.0261],[98.3112,13.0304],[98.3121,13.0319],[98.3128,13.0324],[98.3142,13.0317],[98.3163,13.0291],[98.3197,13.0284],[98.3196,13.0257],[98.3208,13.0244],[98.3227,13.0194]]],[[[98.3131,13.0481],[98.3113,13.0481],[98.3091,13.0493],[98.3067,13.0536],[98.3121,13.0542],[98.3153,13.052],[98.3154,13.0499],[98.3131,13.0481]]],[[[98.3123,13.1133],[98.3094,13.1124],[98.3079,13.1135],[98.3067,13.1175],[98.3043,13.1191],[98.3033,13.1207],[98.3029,13.1229],[98.3045,13.1246],[98.3074,13.1245],[98.3104,13.1219],[98.3109,13.1186],[98.3127,13.1148],[98.3123,13.1133]]],[[[98.3132,13.1274],[98.3118,13.1249],[98.3106,13.1248],[98.3059,13.1271],[98.3026,13.1269],[98.3027,13.1305],[98.3034,13.1324],[98.3073,13.1347],[98.3096,13.1346],[98.3103,13.1327],[98.3121,13.1321],[98.3127,13.1313],[98.3132,13.1274]]],[[[98.2964,13.14],[98.2995,13.138],[98.3006,13.139],[98.3013,13.1387],[98.3007,13.1375],[98.302,13.1361],[98.3003,13.1345],[98.2996,13.1308],[98.3016,13.1286],[98.3006,13.1278],[98.2996,13.1252],[98.2967,13.1238],[98.2948,13.1291],[98.2953,13.1424],[98.2964,13.14]]],[[[98.5204,13.1659],[98.5211,13.165],[98.5252,13.1652],[98.5309,13.1644],[98.5332,13.163],[98.5339,13.1613],[98.5364,13.1594],[98.5383,13.1558],[98.5382,13.1496],[98.5361,13.1455],[98.5349,13.1409],[98.5354,13.1391],[98.5321,13.1374],[98.5297,13.1278],[98.5282,13.1265],[98.5267,13.1235],[98.5258,13.1257],[98.5268,13.1293],[98.5307,13.1344],[98.5306,13.1408],[98.5296,13.1436],[98.5299,13.1451],[98.5221,13.1551],[98.5201,13.1595],[98.5193,13.1628],[98.5204,13.1659]]],[[[98.5339,13.1675],[98.526,13.1666],[98.5238,13.1673],[98.5236,13.168],[98.5251,13.1707],[98.527,13.1714],[98.5277,13.1727],[98.5316,13.1751],[98.5332,13.1725],[98.5339,13.1675]]],[[[98.5685,13.1876],[98.5635,13.1873],[98.5625,13.1882],[98.563,13.1916],[98.5656,13.1908],[98.5694,13.1907],[98.5716,13.1889],[98.5685,13.1876]]],[[[98.5538,13.1943],[98.5593,13.193],[98.5612,13.1934],[98.562,13.1919],[98.5618,13.1883],[98.5634,13.1869],[98.5676,13.1862],[98.5704,13.1877],[98.5719,13.1875],[98.5732,13.1849],[98.5738,13.1789],[98.5753,13.1725],[98.5772,13.1683],[98.5764,13.1646],[98.5721,13.1609],[98.5693,13.1574],[98.5681,13.1533],[98.5684,13.1508],[98.5603,13.1498],[98.5531,13.1531],[98.5486,13.1565],[98.5488,13.1573],[98.5452,13.1594],[98.5386,13.1651],[98.5361,13.1685],[98.5363,13.1702],[98.5356,13.1705],[98.5348,13.1725],[98.5351,13.174],[98.5341,13.1743],[98.5325,13.1775],[98.5349,13.1904],[98.5376,13.1952],[98.5426,13.197],[98.5468,13.1969],[98.5538,13.1943]]],[[[98.2569,13.2175],[98.2578,13.2102],[98.2599,13.2075],[98.2609,13.2019],[98.2601,13.2006],[98.2601,13.1966],[98.2614,13.1938],[98.2629,13.1924],[98.2631,13.1905],[98.2669,13.1871],[98.2695,13.1803],[98.2698,13.1752],[98.271,13.1725],[98.271,13.1694],[98.2701,13.1664],[98.2745,13.1591],[98.2729,13.1564],[98.2728,13.155],[98.2752,13.1525],[98.2755,13.1465],[98.2766,13.1444],[98.2789,13.1421],[98.2799,13.1398],[98.2802,13.137],[98.2796,13.135],[98.281,13.1303],[98.2801,13.1282],[98.2801,13.1252],[98.2847,13.1193],[98.2849,13.1155],[98.2885,13.1151],[98.2904,13.1107],[98.2903,13.104],[98.2919,13.1011],[98.2894,13.0984],[98.2894,13.0947],[98.2899,13.0937],[98.2899,13.0915],[98.2941,13.0803],[98.2974,13.0777],[98.3003,13.0796],[98.3018,13.0792],[98.3026,13.0851],[98.3049,13.0874],[98.3016,13.0894],[98.3003,13.0885],[98.3003,13.0914],[98.3023,13.0944],[98.3063,13.096],[98.3135,13.0926],[98.3215,13.0908],[98.3223,13.0902],[98.3219,13.0889],[98.3223,13.0884],[98.3244,13.088],[98.3301,13.0847],[98.3316,13.0816],[98.3332,13.0803],[98.333,13.0765],[98.33,13.0746],[98.3239,13.0754],[98.3211,13.0771],[98.3203,13.0764],[98.3181,13.077],[98.3167,13.0724],[98.3209,13.0679],[98.3234,13.0662],[98.3237,13.0641],[98.3215,13.0633],[98.3192,13.0636],[98.3157,13.063],[98.3149,13.0624],[98.3151,13.0613],[98.3143,13.0598],[98.3118,13.0581],[98.3088,13.0573],[98.306,13.0576],[98.3043,13.0585],[98.3053,13.0571],[98.3075,13.0562],[98.3059,13.0538],[98.3032,13.0543],[98.3014,13.0531],[98.2995,13.053],[98.2988,13.0521],[98.2965,13.0524],[98.2953,13.0512],[98.2959,13.05],[98.295,13.049],[98.2953,13.0474],[98.2932,13.0468],[98.2917,13.0453],[98.2921,13.0412],[98.2907,13.0388],[98.2908,13.0345],[98.2928,13.0268],[98.2946,13.0247],[98.2929,13.0202],[98.2936,13.0186],[98.2938,13.0134],[98.2947,13.0104],[98.2926,13.007],[98.2932,13.0043],[98.2925,13.0018],[98.2931,12.9979],[98.2946,12.9953],[98.2938,12.9927],[98.2948,12.9867],[98.2957,12.985],[98.2951,12.9811],[98.2957,12.9796],[98.2951,12.9781],[98.2962,12.9759],[98.2955,12.9734],[98.2971,12.9676],[98.2989,12.9664],[98.2984,12.9645],[98.3022,12.9561],[98.3026,12.9536],[98.3036,12.9522],[98.3039,12.9499],[98.305,12.9485],[98.3042,12.947],[98.3052,12.9456],[98.3047,12.9434],[98.3055,12.9405],[98.3048,12.9398],[98.3029,12.9405],[98.304,12.9387],[98.3039,12.9375],[98.303,12.9364],[98.3039,12.9337],[98.3031,12.9315],[98.3031,12.9292],[98.302,12.9272],[98.3062,12.9184],[98.3056,12.9148],[98.3062,12.913],[98.3057,12.9124],[98.3037,12.9133],[98.3023,12.9156],[98.3024,12.9191],[98.3001,12.9209],[98.3001,12.9219],[98.3015,12.9234],[98.3003,12.9254],[98.2986,12.9351],[98.2956,12.9424],[98.2931,12.9443],[98.2926,12.9471],[98.2916,12.949],[98.2912,12.9525],[98.2884,12.9554],[98.2858,12.9563],[98.2838,12.9583],[98.2837,12.9595],[98.2857,12.9627],[98.2844,12.9658],[98.2858,12.967],[98.2857,12.972],[98.2863,12.9736],[98.2877,12.9742],[98.2888,12.976],[98.2894,12.9797],[98.287,12.9865],[98.2887,12.9905],[98.2846,12.9948],[98.2852,13.0008],[98.2829,13.0058],[98.2824,13.0124],[98.2769,13.0183],[98.276,13.0221],[98.2764,13.024],[98.2749,13.026],[98.275,13.0288],[98.2729,13.033],[98.2726,13.0379],[98.2698,13.0421],[98.2694,13.0458],[98.2661,13.0506],[98.2656,13.0531],[98.2623,13.0566],[98.2602,13.0622],[98.2579,13.0651],[98.2565,13.0729],[98.2536,13.078],[98.2536,13.0812],[98.2542,13.0828],[98.2529,13.084],[98.2532,13.0858],[98.2513,13.0874],[98.2506,13.0929],[98.251,13.0966],[98.2501,13.101],[98.2484,13.1052],[98.2468,13.1073],[98.247,13.1086],[98.2487,13.1094],[98.2492,13.1104],[98.2464,13.1151],[98.2466,13.1208],[98.2486,13.1217],[98.2487,13.1232],[98.247,13.1255],[98.2447,13.1266],[98.2447,13.13],[98.2408,13.1333],[98.2411,13.1352],[98.2434,13.1366],[98.2434,13.1385],[98.2417,13.1397],[98.2394,13.1399],[98.2396,13.144],[98.2377,13.1455],[98.2369,13.1472],[98.2395,13.1498],[98.2398,13.1527],[98.2412,13.1551],[98.2412,13.1567],[98.2401,13.1579],[98.2397,13.1601],[98.2416,13.1651],[98.2403,13.1671],[98.2421,13.1693],[98.2463,13.1699],[98.2472,13.1727],[98.2438,13.1761],[98.2447,13.1787],[98.244,13.1807],[98.2449,13.1863],[98.2442,13.1882],[98.2342,13.1903],[98.2331,13.1915],[98.2319,13.1918],[98.2329,13.1938],[98.2349,13.1946],[98.2359,13.1958],[98.2382,13.2014],[98.2384,13.2042],[98.2374,13.2077],[98.2361,13.2097],[98.2369,13.214],[98.2386,13.2164],[98.2397,13.2147],[98.2425,13.2126],[98.244,13.2123],[98.245,13.2134],[98.2469,13.2132],[98.2499,13.2146],[98.2507,13.2162],[98.2511,13.2198],[98.2532,13.2196],[98.2545,13.2183],[98.2569,13.2175]]],[[[98.5024,13.2439],[98.506,13.2439],[98.5086,13.2431],[98.5116,13.2405],[98.5134,13.2404],[98.5205,13.2353],[98.5218,13.2331],[98.5244,13.2307],[98.5291,13.222],[98.5333,13.2182],[98.5341,13.213],[98.5365,13.2075],[98.5364,13.2064],[98.5339,13.2014],[98.5338,13.1992],[98.5321,13.1989],[98.5311,13.1964],[98.5288,13.1937],[98.5269,13.1901],[98.5242,13.1807],[98.523,13.1789],[98.5183,13.1752],[98.5098,13.1735],[98.5059,13.1722],[98.5035,13.1731],[98.5034,13.1741],[98.5009,13.1746],[98.4998,13.1719],[98.4976,13.1716],[98.4954,13.1726],[98.4945,13.1724],[98.4926,13.1738],[98.4901,13.1787],[98.4899,13.1812],[98.4924,13.19],[98.4925,13.199],[98.4933,13.2014],[98.4927,13.2027],[98.4935,13.2041],[98.4936,13.2091],[98.492,13.2111],[98.4905,13.2115],[98.4897,13.2152],[98.4908,13.2199],[98.4905,13.2213],[98.4915,13.2234],[98.4909,13.2261],[98.4921,13.2268],[98.4932,13.229],[98.4951,13.231],[98.4957,13.2331],[98.4967,13.234],[98.499,13.2425],[98.5024,13.2439]]],[[[98.6567,13.5287],[98.6669,13.5238],[98.6713,13.524],[98.6755,13.52],[98.6905,13.516],[98.6993,13.5059],[98.6991,13.4998],[98.705,13.4975],[98.7086,13.5011],[98.7156,13.5017],[98.72,13.4975],[98.7219,13.4992],[98.7278,13.4943],[98.7375,13.4844],[98.751,13.4838],[98.7577,13.48],[98.7636,13.4827],[98.7701,13.484],[98.7809,13.4711],[98.7878,13.4673],[98.7963,13.4657],[98.8019,13.4688],[98.8066,13.4676],[98.8131,13.4646],[98.8163,13.4589],[98.8156,13.4533],[98.8102,13.4362],[98.8107,13.433],[98.812,13.4302],[98.808,13.4233],[98.8029,13.4177],[98.7953,13.4129],[98.7949,13.4093],[98.794,13.4089],[98.7945,13.4062],[98.7925,13.3994],[98.789,13.3914],[98.7905,13.387],[98.7897,13.3837],[98.7917,13.3803],[98.7917,13.3716],[98.7877,13.3646],[98.7848,13.3657],[98.781,13.3706],[98.7776,13.3734],[98.7765,13.3731],[98.7776,13.3638],[98.7763,13.3611],[98.7774,13.3567],[98.781,13.3486],[98.7829,13.3393],[98.7798,13.3333],[98.7813,13.3283],[98.7816,13.321],[98.7762,13.3185],[98.7737,13.3143],[98.7737,13.3059],[98.7757,13.2997],[98.7788,13.2941],[98.7849,13.2935],[98.7892,13.2913],[98.7981,13.2775],[98.8069,13.2789],[98.8114,13.2764],[98.8153,13.2724],[98.8243,13.2696],[98.8341,13.2716],[98.8356,13.2674],[98.8373,13.2692],[98.8388,13.2688],[98.8396,13.2585],[98.8391,13.2466],[98.844,13.2436],[98.8477,13.2343],[98.8505,13.2304],[98.8491,13.2211],[98.8462,13.2147],[98.8458,13.212],[98.8634,13.1972],[98.8634,13.1922],[98.8622,13.1883],[98.862,13.1834],[98.8607,13.1781],[98.8607,13.1736],[98.8617,13.17],[98.8659,13.1632],[98.8637,13.156],[98.8691,13.1466],[98.8682,13.1426],[98.8631,13.1396],[98.8638,13.1339],[98.8625,13.1311],[98.8643,13.1239],[98.8564,13.116],[98.855,13.1119],[98.8527,13.1108],[98.8538,13.1057],[98.8583,13.0944],[98.8558,13.0909],[98.8547,13.0854],[98.8565,13.0817],[98.8569,13.0788],[98.8563,13.0743],[98.8547,13.0707],[98.8481,13.0646],[98.8446,13.0643],[98.8415,13.0629],[98.8407,13.0565],[98.8455,13.0479],[98.8464,13.044],[98.8453,13.0404],[98.8478,13.0388],[98.8484,13.0362],[98.8448,13.0326],[98.8547,13.0241],[98.8539,13.0199],[98.8584,13.0146],[98.8671,13.0123],[98.8668,13.005],[98.8682,13.0028],[98.8721,13.0005],[98.8733,12.9955],[98.8806,12.9871],[98.8852,12.9724],[98.8866,12.9662],[98.8823,12.9643],[98.8785,12.9578],[98.8797,12.9519],[98.8796,12.94],[98.8731,12.9381],[98.8679,12.9301],[98.8654,12.9216],[98.8613,12.9161],[98.8547,12.913],[98.8503,12.9011],[98.85,12.8987],[98.8577,12.891],[98.8571,12.8849],[98.8596,12.8797],[98.864,12.8769],[98.8676,12.8665],[98.8693,12.8491],[98.8649,12.8438],[98.856,12.8361],[98.8469,12.8304],[98.8447,12.824],[98.8463,12.8181],[98.8438,12.8141],[98.8446,12.8067],[98.8378,12.8119],[98.8312,12.8218],[98.8287,12.8282],[98.8296,12.8334],[98.8285,12.8389],[98.826,12.8419],[98.8161,12.8279],[98.8073,12.8246],[98.7916,12.8273],[98.7929,12.8232],[98.7965,12.817],[98.7982,12.8123],[98.7974,12.8038],[98.8021,12.7975],[98.8048,12.7895],[98.8019,12.786],[98.8023,12.7849],[98.8002,12.7751],[98.8024,12.7657],[98.8021,12.7582],[98.7982,12.7492],[98.7973,12.7438],[98.7957,12.7424],[98.7954,12.7407],[98.7812,12.7282],[98.7568,12.7325],[98.7497,12.7227],[98.7515,12.7028],[98.7452,12.7026],[98.7342,12.7007],[98.7306,12.7037],[98.7202,12.7045],[98.712,12.7038],[98.7039,12.704],[98.6987,12.7089],[98.6944,12.7087],[98.6938,12.7102],[98.6917,12.7094],[98.6906,12.71],[98.6903,12.711],[98.6927,12.7136],[98.6934,12.7157],[98.6937,12.7267],[98.693,12.7276],[98.6905,12.7287],[98.6886,12.7316],[98.6846,12.7349],[98.6824,12.7395],[98.6762,12.7416],[98.674,12.7437],[98.6744,12.7493],[98.675,12.7494],[98.6755,12.7521],[98.6778,12.7563],[98.6793,12.7574],[98.6801,12.7609],[98.6843,12.7694],[98.6899,12.7762],[98.6988,12.7801],[98.7016,12.7832],[98.7058,12.7849],[98.7105,12.7885],[98.713,12.7918],[98.7133,12.7986],[98.7109,12.7983],[98.7107,12.7949],[98.7085,12.7917],[98.7059,12.7899],[98.7024,12.7885],[98.6983,12.7888],[98.6925,12.7937],[98.6859,12.7936],[98.6836,12.7927],[98.6743,12.7863],[98.6714,12.7801],[98.6699,12.7784],[98.6679,12.7784],[98.6641,12.7806],[98.6581,12.7794],[98.6549,12.7766],[98.6505,12.7699],[98.6482,12.769],[98.6458,12.7698],[98.6434,12.7758],[98.6439,12.7799],[98.6437,12.7853],[98.6431,12.7865],[98.6434,12.7887],[98.6408,12.7927],[98.6446,12.7974],[98.6458,12.8004],[98.6472,12.8013],[98.6476,12.805],[98.6469,12.8083],[98.6459,12.8122],[98.6443,12.8128],[98.6418,12.8113],[98.6388,12.8116],[98.6363,12.8132],[98.6354,12.8158],[98.6374,12.8269],[98.6361,12.8348],[98.635,12.8373],[98.6356,12.8392],[98.6346,12.8447],[98.6352,12.8513],[98.6339,12.8542],[98.6342,12.8554],[98.6356,12.8563],[98.6353,12.8605],[98.6376,12.8631],[98.6377,12.8667],[98.6335,12.8692],[98.6304,12.8702],[98.6304,12.8742],[98.6274,12.8852],[98.6253,12.8867],[98.6226,12.8864],[98.6201,12.887],[98.6197,12.8903],[98.6184,12.8916],[98.6183,12.8927],[98.6198,12.8933],[98.6207,12.8925],[98.6229,12.8944],[98.6227,12.8968],[98.6237,12.9],[98.6234,12.9023],[98.6206,12.9038],[98.6197,12.9058],[98.6154,12.9085],[98.614,12.9104],[98.6115,12.9114],[98.6115,12.9126],[98.6086,12.9148],[98.6084,12.9187],[98.6062,12.9193],[98.6041,12.9178],[98.6017,12.9192],[98.5978,12.9238],[98.5949,12.9249],[98.5921,12.9268],[98.5901,12.93],[98.5895,12.9325],[98.5898,12.9377],[98.5905,12.9389],[98.5923,12.9389],[98.5927,12.9405],[98.5921,12.942],[98.5934,12.9487],[98.5971,12.9557],[98.5984,12.9567],[98.6025,12.9579],[98.6055,12.9565],[98.6074,12.9538],[98.6087,12.953],[98.6105,12.9528],[98.6136,12.9539],[98.62,12.9579],[98.6286,12.9666],[98.6302,12.9686],[98.6328,12.9755],[98.635,12.9782],[98.6335,12.9795],[98.6326,12.9789],[98.6267,12.9692],[98.6241,12.9663],[98.6158,12.9594],[98.6134,12.9585],[98.6127,12.9571],[98.6108,12.9558],[98.6084,12.9566],[98.6076,12.9576],[98.6059,12.9611],[98.6069,12.9633],[98.6065,12.9641],[98.6035,12.9645],[98.5976,12.9681],[98.5935,12.9681],[98.5906,12.9693],[98.5913,12.9723],[98.5936,12.9745],[98.5943,12.9778],[98.5958,12.9799],[98.5954,12.981],[98.5963,12.9823],[98.5964,12.9844],[98.598,12.9856],[98.5983,12.9877],[98.5994,12.9895],[98.5984,12.9914],[98.598,12.9947],[98.5989,13.0002],[98.5964,13.0018],[98.5982,13.0041],[98.596,13.0069],[98.5927,13.0071],[98.5914,13.0094],[98.5887,13.0073],[98.5869,13.0073],[98.5861,13.0081],[98.5831,13.0157],[98.5832,13.0186],[98.5821,13.0248],[98.5826,13.0287],[98.5833,13.0297],[98.5848,13.0311],[98.5891,13.0319],[98.5911,13.0337],[98.5911,13.0352],[98.5896,13.0361],[98.5908,13.0375],[98.5913,13.0395],[98.5927,13.0406],[98.593,13.0424],[98.5941,13.0428],[98.5947,13.046],[98.5958,13.0466],[98.5941,13.0474],[98.5926,13.0491],[98.597,13.0516],[98.5967,13.0529],[98.5973,13.0535],[98.5939,13.0561],[98.5928,13.0564],[98.5893,13.0554],[98.5874,13.0571],[98.5878,13.0581],[98.5896,13.0593],[98.5892,13.0614],[98.5913,13.0648],[98.5925,13.0658],[98.5939,13.0652],[98.5952,13.0661],[98.5934,13.0682],[98.5924,13.0686],[98.5879,13.0682],[98.5846,13.0666],[98.5827,13.0647],[98.5791,13.0681],[98.5781,13.0681],[98.5768,13.0671],[98.5759,13.0677],[98.5761,13.0705],[98.5771,13.0715],[98.5791,13.0713],[98.5814,13.0732],[98.5837,13.0728],[98.5864,13.0734],[98.5891,13.0783],[98.5895,13.0814],[98.5896,13.0841],[98.5886,13.0882],[98.5889,13.0901],[98.588,13.0912],[98.5883,13.092],[98.5873,13.0941],[98.588,13.0954],[98.5868,13.0977],[98.5838,13.0982],[98.5828,13.1011],[98.5808,13.1019],[98.5804,13.103],[98.5812,13.1057],[98.5774,13.1092],[98.577,13.1107],[98.5739,13.1104],[98.5734,13.1122],[98.5721,13.1134],[98.5716,13.1179],[98.5729,13.1188],[98.5718,13.1201],[98.5722,13.1238],[98.5711,13.1261],[98.5693,13.1274],[98.5685,13.1288],[98.5694,13.1321],[98.5714,13.135],[98.5759,13.1393],[98.5753,13.1406],[98.5737,13.1403],[98.5732,13.1409],[98.5736,13.1427],[98.5754,13.145],[98.5762,13.148],[98.5759,13.15],[98.574,13.1528],[98.574,13.1542],[98.5782,13.1562],[98.5829,13.1563],[98.5831,13.1581],[98.5796,13.1607],[98.5813,13.1647],[98.5813,13.1671],[98.5787,13.1765],[98.5771,13.1795],[98.5762,13.185],[98.5748,13.1891],[98.5716,13.1915],[98.5649,13.1928],[98.5635,13.1942],[98.5677,13.2072],[98.5703,13.2245],[98.5739,13.2307],[98.5745,13.2334],[98.5742,13.2374],[98.577,13.2449],[98.5762,13.2481],[98.5746,13.2477],[98.5726,13.2441],[98.5684,13.2298],[98.5638,13.2231],[98.5625,13.2182],[98.5633,13.2102],[98.5625,13.205],[98.5617,13.2029],[98.5591,13.1993],[98.558,13.1988],[98.555,13.1994],[98.5542,13.2003],[98.5524,13.2001],[98.5412,13.2035],[98.5402,13.2088],[98.5377,13.2136],[98.5377,13.2154],[98.5358,13.2198],[98.535,13.2214],[98.5311,13.2243],[98.5299,13.2275],[98.528,13.2283],[98.5248,13.2357],[98.508,13.2465],[98.5003,13.248],[98.4944,13.247],[98.4901,13.2503],[98.4892,13.2555],[98.4873,13.2593],[98.4914,13.2694],[98.4925,13.2734],[98.492,13.2774],[98.4929,13.2822],[98.4928,13.2864],[98.4919,13.2875],[98.4903,13.2868],[98.4898,13.2892],[98.4899,13.2905],[98.4913,13.2921],[98.4911,13.2947],[98.4926,13.2951],[98.495,13.2978],[98.4988,13.2987],[98.5021,13.2979],[98.5014,13.2988],[98.5054,13.2994],[98.5059,13.3025],[98.5067,13.3036],[98.5088,13.3021],[98.5088,13.3002],[98.5126,13.3005],[98.5168,13.3043],[98.5174,13.3089],[98.5189,13.312],[98.5223,13.3146],[98.5233,13.3187],[98.5253,13.3228],[98.5287,13.3256],[98.5304,13.3286],[98.5339,13.3286],[98.5347,13.325],[98.5411,13.3258],[98.5425,13.3287],[98.5411,13.3323],[98.543,13.3373],[98.5444,13.339],[98.5429,13.3424],[98.5453,13.3453],[98.5507,13.3461],[98.5535,13.3487],[98.5549,13.3545],[98.5546,13.3695],[98.5583,13.3777],[98.5612,13.3777],[98.564,13.3768],[98.5676,13.3745],[98.5797,13.3727],[98.5852,13.3684],[98.5877,13.3648],[98.5919,13.366],[98.5955,13.3787],[98.6009,13.3848],[98.6076,13.3906],[98.6086,13.3994],[98.6065,13.402],[98.6114,13.4137],[98.6134,13.4155],[98.6117,13.4175],[98.6072,13.4204],[98.6095,13.4285],[98.6133,13.4312],[98.6155,13.4385],[98.617,13.4409],[98.626,13.445],[98.6294,13.4492],[98.6313,13.4523],[98.6314,13.4586],[98.633,13.4616],[98.635,13.4628],[98.6366,13.4675],[98.6442,13.4763],[98.6438,13.4804],[98.646,13.4878],[98.6468,13.4967],[98.6598,13.5135],[98.6629,13.5207],[98.6568,13.5276],[98.6567,13.5287]]]]}}]}