{"type":"FeatureCollection","features":[{"type":"Feature","properties":{"VILLAGE":"Ah Lel Man","VLG_MMR":"အလယ်မန်","TS":"Bokpyin","VT":"Ah Lel Man","rep":0},"geometry":{"type":"Point","coordinates":[98.54791,11.29608]}},{"type":"Feature","properties":{"VILLAGE":"La Ngan","VLG_MMR":"လငန်း","TS":"Bokpyin","VT":"Ah Lel Man","rep":0},"geometry":{"type":"Point","coordinates":[98.00792,11.32077]}},{"type":"Feature","properties":{"VILLAGE":"Pale Kyun","VLG_MMR":"ပုလဲကျွန်း","TS":"Bokpyin","VT":"Ah Lel Man","rep":0},"geometry":{"type":"Point","coordinates":[98.21367,11.27423]}},{"type":"Feature","properties":{"VILLAGE":"Ah Twin Boke Pyin","VLG_MMR":"အတွင်းဘုတ်ပြင်း","TS":"Bokpyin","VT":"Ah Twin Boke Pyin","rep":0},"geometry":{"type":"Point","coordinates":[98.79269,11.2184]}},{"type":"Feature","properties":{"VILLAGE":"Htaung Mun","VLG_MMR":"ထောင်မွန်","TS":"Bokpyin","VT":"Ah Twin Boke Pyin","rep":0},"geometry":{"type":"Point","coordinates":[98.79585,11.24168]}},{"type":"Feature","properties":{"VILLAGE":"Ka Yaing Taing","VLG_MMR":"ကရိုင်တိုင်","TS":"Bokpyin","VT":"Ah Twin Boke Pyin","rep":0},"geometry":{"type":"Point","coordinates":[98.79401,11.21091]}},{"type":"Feature","properties":{"VILLAGE":"Ban Ga Lar","VLG_MMR":"ဘန်ဂလား","TS":"Bokpyin","VT":"Ban Ga Lar","rep":0},"geometry":{"type":"Point","coordinates":[98.99572,11.44992]}},{"type":"Feature","properties":{"VILLAGE":"Chaung Son","VLG_MMR":"ချောင်းဆုံ","TS":"Bokpyin","VT":"Ban Ga Lar","rep":0},"geometry":{"type":"Point","coordinates":[98.98025,11.41271]}},{"type":"Feature","properties":{"VILLAGE":"Htaung Khaw","VLG_MMR":"ထောင်ခေါ်","TS":"Bokpyin","VT":"Ban Ga Lar","rep":0},"geometry":{"type":"Point","coordinates":[99.03258,11.4983]}},{"type":"Feature","properties":{"VILLAGE":"Ya Da Nar Pon Maing","VLG_MMR":"ရတနာပုံမိုင်း","TS":"Bokpyin","VT":"Ban Ga Lar","rep":0},"geometry":{"type":"Point","coordinates":[99.26763,11.29777]}},{"type":"Feature","properties":{"VILLAGE":"Na Ka Pa Raung","VLG_MMR":"နကပရောင်း","TS":"Bokpyin","VT":"Bon Khun","rep":0},"geometry":{"type":"Point","coordinates":[98.97727,11.2612]}},{"type":"Feature","properties":{"VILLAGE":"Chaung Ka Hpet","VLG_MMR":"ချောင်းကဖက်","TS":"Bokpyin","VT":"Chaung Ka Hpet","rep":0},"geometry":{"type":"Point","coordinates":[98.99698,11.49659]}},{"type":"Feature","properties":{"VILLAGE":"Chaung Nyi Ko","VLG_MMR":"ချောင်းညီကို","TS":"Bokpyin","VT":"Chaung Ka Hpet","rep":0},"geometry":{"type":"Point","coordinates":[99.0479,11.55169]}},{"type":"Feature","properties":{"VILLAGE":"Hin Laing","VLG_MMR":"ဟင်းလိုင်း","TS":"Bokpyin","VT":"Chaung Ka Hpet","rep":0},"geometry":{"type":"Point","coordinates":[98.99771,11.42305]}},{"type":"Feature","properties":{"VILLAGE":"Htaung Ka Than","VLG_MMR":"ထောင်ကသန်","TS":"Bokpyin","VT":"Chaung Ka Hpet","rep":0},"geometry":{"type":"Point","coordinates":[99.01351,11.45494]}},{"type":"Feature","properties":{"VILLAGE":"Htin Mei","VLG_MMR":"ထင်းမယ်","TS":"Bokpyin","VT":"Chaung Ka Hpet","rep":0},"geometry":{"type":"Point","coordinates":[99.05014,11.52879]}},{"type":"Feature","properties":{"VILLAGE":"Htin Mei (Shan)","VLG_MMR":"ထင်းမယ်(ရှမ်း)","TS":"Bokpyin","VT":"Chaung Ka Hpet","rep":0},"geometry":{"type":"Point","coordinates":[99.05507,11.5103]}},{"type":"Feature","properties":{"VILLAGE":"Nan Taung","VLG_MMR":"နန်းတောင်","TS":"Bokpyin","VT":"Chaung Ka Hpet","rep":0},"geometry":{"type":"Point","coordinates":[99.06339,11.56016]}},{"type":"Feature","properties":{"VILLAGE":"Auk Leik","VLG_MMR":"အောက်လိပ်","TS":"Bokpyin","VT":"Chaung Ka Shet (a) Htaung Kha Met","rep":0},"geometry":{"type":"Point","coordinates":[98.72461,11.1575]}},{"type":"Feature","properties":{"VILLAGE":"Chaung Ka Shet","VLG_MMR":"ချောင်းကရှက်","TS":"Bokpyin","VT":"Chaung Ka Shet (a) Htaung Kha Met","rep":0},"geometry":{"type":"Point","coordinates":[98.72762,11.1664]}},{"type":"Feature","properties":{"VILLAGE":"Htaung Kha Met","VLG_MMR":"ထောင်ခမက်","TS":"Bokpyin","VT":"Chaung Ka Shet (a) Htaung Kha Met","rep":0},"geometry":{"type":"Point","coordinates":[98.71773,11.11268]}},{"type":"Feature","properties":{"VILLAGE":"Ka Lan Chaung","VLG_MMR":"ကလန်းချောင်း","TS":"Bokpyin","VT":"Chaung Ka Shet (a) Htaung Kha Met","rep":0},"geometry":{"type":"Point","coordinates":[98.70907,11.14821]}},{"type":"Feature","properties":{"VILLAGE":"4 maing","VLG_MMR":"လေးမိုင်","TS":"Bokpyin","VT":"Han Ka Pyu","rep":0},"geometry":{"type":"Point","coordinates":[98.82996,11.01516]}},{"type":"Feature","properties":{"VILLAGE":"Han Ka Pyu","VLG_MMR":"ဟန်ကပြု","TS":"Bokpyin","VT":"Han Ka Pyu","rep":0},"geometry":{"type":"Point","coordinates":[98.78324,11.02157]}},{"type":"Feature","properties":{"VILLAGE":"Kyein Me Taung","VLG_MMR":"ကြိမ်မဲတောင်","TS":"Bokpyin","VT":"Han Ka Pyu","rep":0},"geometry":{"type":"Point","coordinates":[98.67151,10.98624]}},{"type":"Feature","properties":{"VILLAGE":"Yae Hpyu Chaung","VLG_MMR":"ရေဖြူချောင်း","TS":"Bokpyin","VT":"Han Ka Pyu","rep":0},"geometry":{"type":"Point","coordinates":[98.73459,11.07268]}},{"type":"Feature","properties":{"VILLAGE":"Yae Twin Kan","VLG_MMR":"ရေတွင်းကမ်း","TS":"Bokpyin","VT":"Han Ka Pyu","rep":0},"geometry":{"type":"Point","coordinates":[98.79478,11.01118]}},{"type":"Feature","properties":{"VILLAGE":"Ywar Hayt Lu","VLG_MMR":"ရွာဟေ့လူ","TS":"Bokpyin","VT":"Han Ka Pyu","rep":0},"geometry":{"type":"Point","coordinates":[98.97388,10.87424]}},{"type":"Feature","properties":{"VILLAGE":"Chaung Mon","VLG_MMR":"ချောင်းမုံ","TS":"Bokpyin","VT":"Htaung Ngar Thaing (a) Kyauk Tan","rep":0},"geometry":{"type":"Point","coordinates":[98.93798,11.41128]}},{"type":"Feature","properties":{"VILLAGE":"Htaung Hpyu","VLG_MMR":"ထောင်ဖြူ","TS":"Bokpyin","VT":"Htaung Ngar Thaing (a) Kyauk Tan","rep":0},"geometry":{"type":"Point","coordinates":[98.96755,11.44734]}},{"type":"Feature","properties":{"VILLAGE":"Htaung Ngar Thaing","VLG_MMR":"ထောင်ငါးသိုင်း","TS":"Bokpyin","VT":"Htaung Ngar Thaing (a) Kyauk Tan","rep":0},"geometry":{"type":"Point","coordinates":[98.9912,11.42361]}},{"type":"Feature","properties":{"VILLAGE":"Ye Nauk Chaung","VLG_MMR":"ရေနောက်ချောင်း","TS":"Bokpyin","VT":"Htaung Ngar Thaing (a) Kyauk Tan","rep":0},"geometry":{"type":"Point","coordinates":[99.00329,11.39677]}},{"type":"Feature","properties":{"VILLAGE":"Htaung Tin","VLG_MMR":"ထောင်တင်","TS":"Bokpyin","VT":"Htaung Yaik","rep":0},"geometry":{"type":"Point","coordinates":[98.97417,11.48549]}},{"type":"Feature","properties":{"VILLAGE":"Htaung Yaik","VLG_MMR":"ထောင်ရိုက်","TS":"Bokpyin","VT":"Htaung Yaik","rep":0},"geometry":{"type":"Point","coordinates":[98.96876,11.50577]}},{"type":"Feature","properties":{"VILLAGE":"Khauk Hpan","VLG_MMR":"ခေါက်ဖန်","TS":"Bokpyin","VT":"Htaung Yaik","rep":0},"geometry":{"type":"Point","coordinates":[98.99023,11.50711]}},{"type":"Feature","properties":{"VILLAGE":"Lay Nyar","VLG_MMR":"လေညာ","TS":"Bokpyin","VT":"Htaung Yaik","rep":1},"geometry":{"type":"Point","coordinates":[98.99214,11.45732]}},{"type":"Feature","properties":{"VILLAGE":"San Da Ri","VLG_MMR":"စန္ဒရီး","TS":"Bokpyin","VT":"Htaung Yaik","rep":0},"geometry":{"type":"Point","coordinates":[98.98974,11.49194]}},{"type":"Feature","properties":{"VILLAGE":"Chaung Ka Tone","VLG_MMR":"ချောင်းကတုံး","TS":"Bokpyin","VT":"Htuang Son Ma Het (a) Chaung Ka Ton","rep":0},"geometry":{"type":"Point","coordinates":[98.81598,11.28182]}},{"type":"Feature","properties":{"VILLAGE":"Htaung Son Ma Het","VLG_MMR":"ထောင်စုံမဟက်","TS":"Bokpyin","VT":"Htuang Son Ma Het (a) Chaung Ka Ton","rep":0},"geometry":{"type":"Point","coordinates":[98.77974,11.29134]}},{"type":"Feature","properties":{"VILLAGE":"Htaung Yun","VLG_MMR":"ထောင်ယွန်း","TS":"Bokpyin","VT":"Htuang Son Ma Het (a) Chaung Ka Ton","rep":0},"geometry":{"type":"Point","coordinates":[98.81422,11.26588]}},{"type":"Feature","properties":{"VILLAGE":"Wet Chan","VLG_MMR":"ဝက်ခြံ","TS":"Bokpyin","VT":"Htuang Son Ma Het (a) Chaung Ka Ton","rep":0},"geometry":{"type":"Point","coordinates":[98.7952,11.31815]}},{"type":"Feature","properties":{"VILLAGE":"Aye Chan Myaing (2)","VLG_MMR":"အေးချမ်းမြိုင်(၂)","TS":"Bokpyin","VT":"Ka Mar Chaung","rep":0},"geometry":{"type":"Point","coordinates":[98.75229,11.20263]}},{"type":"Feature","properties":{"VILLAGE":"Ka Mar Chaung","VLG_MMR":"ကမာချောင်း","TS":"Bokpyin","VT":"Ka Mar Chaung","rep":0},"geometry":{"type":"Point","coordinates":[98.74929,11.23992]}},{"type":"Feature","properties":{"VILLAGE":"Kyway Chaung","VLG_MMR":"ကြွေးချောင်း","TS":"Bokpyin","VT":"Ka Mar Chaung","rep":0},"geometry":{"type":"Point","coordinates":[98.74185,11.22198]}},{"type":"Feature","properties":{"VILLAGE":"Thea Hpyu","VLG_MMR":"သဲဖြူ","TS":"Bokpyin","VT":"Ka Mar Chaung","rep":0},"geometry":{"type":"Point","coordinates":[98.73738,11.20631]}},{"type":"Feature","properties":{"VILLAGE":"Aye Mya Thar (Ka Din)","VLG_MMR":"အေးမြသာ (ကဒင်)","TS":"Bokpyin","VT":"Kawt Ba Mar","rep":0},"geometry":{"type":"Point","coordinates":[98.69026,10.82904]}},{"type":"Feature","properties":{"VILLAGE":"Han Ka Chin","VLG_MMR":"ဟံကချင်း","TS":"Bokpyin","VT":"Kawt Ba Mar","rep":0},"geometry":{"type":"Point","coordinates":[98.59727,10.8501]}},{"type":"Feature","properties":{"VILLAGE":"Kawt Bamar","VLG_MMR":"ကော့ဗမာ","TS":"Bokpyin","VT":"Kawt Ba Mar","rep":0},"geometry":{"type":"Point","coordinates":[98.67835,10.95293]}},{"type":"Feature","properties":{"VILLAGE":"Kyat Mee","VLG_MMR":"ကြပ်မီး","TS":"Bokpyin","VT":"Kawt Ba Mar","rep":0},"geometry":{"type":"Point","coordinates":[98.62749,10.90429]}},{"type":"Feature","properties":{"VILLAGE":"Naung Soe Taung","VLG_MMR":"နောင်စိုးတောင်","TS":"Bokpyin","VT":"Kawt Ba Mar","rep":0},"geometry":{"type":"Point","coordinates":[98.66464,10.90781]}},{"type":"Feature","properties":{"VILLAGE":"Kawt But","VLG_MMR":"ကော့ဘွတ်","TS":"Bokpyin","VT":"Kawt But","rep":0},"geometry":{"type":"Point","coordinates":[98.99899,11.56594]}},{"type":"Feature","properties":{"VILLAGE":"Chaung Su","VLG_MMR":"ချောင်းစု","TS":"Bokpyin","VT":"Ma Noe Yone","rep":0},"geometry":{"type":"Point","coordinates":[99.05924,11.64163]}},{"type":"Feature","properties":{"VILLAGE":"Hlwa Sar Kone","VLG_MMR":"လွှစာကုန်း","TS":"Bokpyin","VT":"Ma Noe Yone","rep":0},"geometry":{"type":"Point","coordinates":[99.05503,11.68015]}},{"type":"Feature","properties":{"VILLAGE":"Kyan Chaung","VLG_MMR":"ကျန်ချောင်း","TS":"Bokpyin","VT":"Ma Noe Yone","rep":0},"geometry":{"type":"Point","coordinates":[99.05841,11.64495]}},{"type":"Feature","properties":{"VILLAGE":"Kyar Chaung","VLG_MMR":"ကျားချောင်း","TS":"Bokpyin","VT":"Ma Noe Yone","rep":0},"geometry":{"type":"Point","coordinates":[99.06458,11.60744]}},{"type":"Feature","properties":{"VILLAGE":"Lan Pun Ngan","VLG_MMR":"လန်ပွန်ငန်း","TS":"Bokpyin","VT":"Ma Noe Yone","rep":0},"geometry":{"type":"Point","coordinates":[99.05594,11.58505]}},{"type":"Feature","properties":{"VILLAGE":"Ma Noe Yone","VLG_MMR":"မနိုးရုံး","TS":"Bokpyin","VT":"Ma Noe Yone","rep":0},"geometry":{"type":"Point","coordinates":[99.06422,11.63115]}},{"type":"Feature","properties":{"VILLAGE":"Taung Nge","VLG_MMR":"တောင်ငယ်","TS":"Bokpyin","VT":"Ma Noe Yone","rep":0},"geometry":{"type":"Point","coordinates":[99.02108,11.57483]}},{"type":"Feature","properties":{"VILLAGE":"Ywar Thar Ywar","VLG_MMR":"ရွာသာရွာ","TS":"Bokpyin","VT":"Ma Noe Yone","rep":0},"geometry":{"type":"Point","coordinates":[99.06057,11.68621]}},{"type":"Feature","properties":{"VILLAGE":"Han Ka Daing","VLG_MMR":"ဟံကဒိုင်း","TS":"Bokpyin","VT":"Ma Thay","rep":0},"geometry":{"type":"Point","coordinates":[98.59762,10.74102]}},{"type":"Feature","properties":{"VILLAGE":"Kan Maw Gyi","VLG_MMR":"ကံမော်ကြီး","TS":"Bokpyin","VT":"Ma Thay","rep":0},"geometry":{"type":"Point","coordinates":[98.46619,10.74539]}},{"type":"Feature","properties":{"VILLAGE":"Kan Taw","VLG_MMR":"ကမ်းတော","TS":"Bokpyin","VT":"Ma Thay","rep":0},"geometry":{"type":"Point","coordinates":[98.54008,10.88593]}},{"type":"Feature","properties":{"VILLAGE":"Ko Hpawt","VLG_MMR":"ကိုဖော့","TS":"Bokpyin","VT":"Ma Thay","rep":0},"geometry":{"type":"Point","coordinates":[98.19132,10.82881]}},{"type":"Feature","properties":{"VILLAGE":"Kyar Kaik Aw","VLG_MMR":"ကျားကိုက်အော်","TS":"Bokpyin","VT":"Ma Thay","rep":0},"geometry":{"type":"Point","coordinates":[98.47326,10.70878]}},{"type":"Feature","properties":{"VILLAGE":"Ma Thay","VLG_MMR":"မသေ","TS":"Bokpyin","VT":"Ma Thay","rep":0},"geometry":{"type":"Point","coordinates":[98.50301,10.73491]}},{"type":"Feature","properties":{"VILLAGE":"Taw Waing Maw","VLG_MMR":"တောဝိုင်းမော်","TS":"Bokpyin","VT":"Ma Thay","rep":0},"geometry":{"type":"Point","coordinates":[98.54055,10.68641]}},{"type":"Feature","properties":{"VILLAGE":"War Kyun","VLG_MMR":"ဝါးကျွန်း","TS":"Bokpyin","VT":"Ma Thay","rep":0},"geometry":{"type":"Point","coordinates":[98.24874,10.91276]}},{"type":"Feature","properties":{"VILLAGE":"Chaung Ka Hpee","VLG_MMR":"ချောင်းကဖီး","TS":"Bokpyin","VT":"Noet Ngwar","rep":0},"geometry":{"type":"Point","coordinates":[98.67198,11.07285]}},{"type":"Feature","properties":{"VILLAGE":"Hnget Pyaw Kyun","VLG_MMR":"ငှက်ပျောကျွန်း","TS":"Bokpyin","VT":"Noet Ngwar","rep":0},"geometry":{"type":"Point","coordinates":[98.55857,10.95483]}},{"type":"Feature","properties":{"VILLAGE":"Kawt Ye Gyi","VLG_MMR":"ကော့ရဲကြီး","TS":"Bokpyin","VT":"Noet Ngwar","rep":0},"geometry":{"type":"Point","coordinates":[98.54626,10.98727]}},{"type":"Feature","properties":{"VILLAGE":"Kawt Ye Nge","VLG_MMR":"ကော့ရဲငယ်","TS":"Bokpyin","VT":"Noet Ngwar","rep":0},"geometry":{"type":"Point","coordinates":[98.44825,10.96902]}},{"type":"Feature","properties":{"VILLAGE":"Kyein Ni Taung","VLG_MMR":"ကြိမ်နီတောင်","TS":"Bokpyin","VT":"Noet Ngwar","rep":0},"geometry":{"type":"Point","coordinates":[98.61774,11.06921]}},{"type":"Feature","properties":{"VILLAGE":"Kyun Pauk","VLG_MMR":"ကျွန်းပေါက်","TS":"Bokpyin","VT":"Noet Ngwar","rep":0},"geometry":{"type":"Point","coordinates":[98.68306,11.08242]}},{"type":"Feature","properties":{"VILLAGE":"Noet Ngwar","VLG_MMR":"နို့ငွါး","TS":"Bokpyin","VT":"Noet Ngwar","rep":0},"geometry":{"type":"Point","coordinates":[98.66131,11.14429]}},{"type":"Feature","properties":{"VILLAGE":"Nyaung Pin Aw","VLG_MMR":"ညောင်ပင်အော်","TS":"Bokpyin","VT":"Noet Ngwar","rep":0},"geometry":{"type":"Point","coordinates":[98.46169,11.00898]}},{"type":"Feature","properties":{"VILLAGE":"Sa Kawt Kyun","VLG_MMR":"စကော့ကျွန်း","TS":"Bokpyin","VT":"Noet Ngwar","rep":0},"geometry":{"type":"Point","coordinates":[98.4363,10.93447]}},{"type":"Feature","properties":{"VILLAGE":"Shwe Kyar Khon","VLG_MMR":"ရွှေကျားခုန်","TS":"Bokpyin","VT":"Noet Ngwar","rep":0},"geometry":{"type":"Point","coordinates":[98.46979,10.99071]}},{"type":"Feature","properties":{"VILLAGE":"Leik U Chaung","VLG_MMR":"လိပ်ဥချောင်း","TS":"Bokpyin","VT":"Ohn Taw Kan","rep":0},"geometry":{"type":"Point","coordinates":[98.72943,11.3244]}},{"type":"Feature","properties":{"VILLAGE":"Ni Par","VLG_MMR":"နီပါး","TS":"Bokpyin","VT":"Ohn Taw Kan","rep":0},"geometry":{"type":"Point","coordinates":[98.72728,11.31865]}},{"type":"Feature","properties":{"VILLAGE":"Ohn Taw Kan","VLG_MMR":"အုန်းတောကမ်း","TS":"Bokpyin","VT":"Ohn Taw Kan","rep":0},"geometry":{"type":"Point","coordinates":[98.75368,11.27652]}},{"type":"Feature","properties":{"VILLAGE":"Par Sat Kone","VLG_MMR":"ပါစပ်ကုန်း","TS":"Bokpyin","VT":"Ohn Taw Kan","rep":0},"geometry":{"type":"Point","coordinates":[98.74644,11.2919]}},{"type":"Feature","properties":{"VILLAGE":"Htaung Wi","VLG_MMR":"ထောင်ဝိ","TS":"Bokpyin","VT":"Sa Tein","rep":0},"geometry":{"type":"Point","coordinates":[98.72601,11.35844]}},{"type":"Feature","properties":{"VILLAGE":"Htaung Yeik","VLG_MMR":"ထောင်ရိပ်","TS":"Bokpyin","VT":"Sa Tein","rep":0},"geometry":{"type":"Point","coordinates":[98.71483,11.40811]}},{"type":"Feature","properties":{"VILLAGE":"Kayin Su","VLG_MMR":"ကရင်စု","TS":"Bokpyin","VT":"Sa Tein","rep":0},"geometry":{"type":"Point","coordinates":[98.80758,11.37204]}},{"type":"Feature","properties":{"VILLAGE":"Mee Kyaung Chaung","VLG_MMR":"မီးကျောင်းချောင်း","TS":"Bokpyin","VT":"Sa Tein","rep":0},"geometry":{"type":"Point","coordinates":[98.70696,11.42273]}},{"type":"Feature","properties":{"VILLAGE":"Pa Dan Ma Sin","VLG_MMR":"ပဒန်းမဆင်း","TS":"Bokpyin","VT":"Sa Tein","rep":0},"geometry":{"type":"Point","coordinates":[98.74357,11.39111]}},{"type":"Feature","properties":{"VILLAGE":"Sa Tein Chaung Hpyar","VLG_MMR":"စတိန်ချောင်းဖျား","TS":"Bokpyin","VT":"Sa Tein","rep":0},"geometry":{"type":"Point","coordinates":[98.77355,11.37208]}},{"type":"Feature","properties":{"VILLAGE":"Sa Tein Ohn Taw","VLG_MMR":"စတိန်အုန်းတော","TS":"Bokpyin","VT":"Sa Tein","rep":0},"geometry":{"type":"Point","coordinates":[98.76887,11.38665]}},{"type":"Feature","properties":{"VILLAGE":"Sa Tein Thea Tan","VLG_MMR":"စတိန်သဲတန်း","TS":"Bokpyin","VT":"Sa Tein","rep":0},"geometry":{"type":"Point","coordinates":[98.70187,11.38267]}},{"type":"Feature","properties":{"VILLAGE":"Su Nge Ni Par","VLG_MMR":"စူငယ်နီပါး","TS":"Bokpyin","VT":"Sa Tein","rep":0},"geometry":{"type":"Point","coordinates":[98.78351,11.35872]}},{"type":"Feature","properties":{"VILLAGE":"Tan Zone","VLG_MMR":"တန်ဇုံး","TS":"Bokpyin","VT":"Sa Tein","rep":0},"geometry":{"type":"Point","coordinates":[98.69633,11.39959]}},{"type":"Feature","properties":{"VILLAGE":"Ywar Thit","VLG_MMR":"ရွာသစ်","TS":"Bokpyin","VT":"Sa Tein","rep":0},"geometry":{"type":"Point","coordinates":[98.76863,11.3785]}},{"type":"Feature","properties":{"VILLAGE":"Ga Let To","VLG_MMR":"ဂလက်တို","TS":"Bokpyin","VT":"Shwe Ge Nyo","rep":0},"geometry":{"type":"Point","coordinates":[98.73927,11.64338]}},{"type":"Feature","properties":{"VILLAGE":"Hpa Yar Taung Kan","VLG_MMR":"ဘုရားတောင်ကမ်း","TS":"Bokpyin","VT":"Shwe Ge Nyo","rep":0},"geometry":{"type":"Point","coordinates":[98.77948,11.67827]}},{"type":"Feature","properties":{"VILLAGE":"Kan Sauk","VLG_MMR":"ကမ်းစောက်","TS":"Bokpyin","VT":"Shwe Ge Nyo","rep":0},"geometry":{"type":"Point","coordinates":[98.75198,11.67687]}},{"type":"Feature","properties":{"VILLAGE":"Shwe Ge Nyo","VLG_MMR":"ရွှေဂဲညို","TS":"Bokpyin","VT":"Shwe Ge Nyo","rep":0},"geometry":{"type":"Point","coordinates":[98.78336,11.68264]}},{"type":"Feature","properties":{"VILLAGE":"Ah Nyin Son","VLG_MMR":"အညင်းဆုံ","TS":"Bokpyin","VT":"Yae Ngan Gyi","rep":0},"geometry":{"type":"Point","coordinates":[98.71586,11.57677]}},{"type":"Feature","properties":{"VILLAGE":"Ka Bya","VLG_MMR":"ကဗျ","TS":"Bokpyin","VT":"Yae Ngan Gyi","rep":0},"geometry":{"type":"Point","coordinates":[98.71981,11.45749]}},{"type":"Feature","properties":{"VILLAGE":"Ka Bya Chaung","VLG_MMR":"ကဗျချောင်း","TS":"Bokpyin","VT":"Yae Ngan Gyi","rep":0},"geometry":{"type":"Point","coordinates":[98.71711,11.44412]}},{"type":"Feature","properties":{"VILLAGE":"Kun Taung","VLG_MMR":"ကွန်တောင်","TS":"Bokpyin","VT":"Yae Ngan Gyi","rep":0},"geometry":{"type":"Point","coordinates":[98.76986,11.43024]}},{"type":"Feature","properties":{"VILLAGE":"Nyaung Pin Kone","VLG_MMR":"ညောင်ပင်ကုန်း","TS":"Bokpyin","VT":"Yae Ngan Gyi","rep":0},"geometry":{"type":"Point","coordinates":[98.74286,11.44194]}},{"type":"Feature","properties":{"VILLAGE":"Pan Pon Chaung","VLG_MMR":"ပန်ပုံချောင်း","TS":"Bokpyin","VT":"Yae Ngan Gyi","rep":0},"geometry":{"type":"Point","coordinates":[98.82676,11.39673]}},{"type":"Feature","properties":{"VILLAGE":"War Chaung","VLG_MMR":"ဝါးချောင်း","TS":"Bokpyin","VT":"Yae Ngan Gyi","rep":0},"geometry":{"type":"Point","coordinates":[98.849,11.39398]}},{"type":"Feature","properties":{"VILLAGE":"Wet Kyun","VLG_MMR":"ဝက်ကျွန်း","TS":"Bokpyin","VT":"Yae Ngan Gyi","rep":0},"geometry":{"type":"Point","coordinates":[98.68486,11.50733]}},{"type":"Feature","properties":{"VILLAGE":"Yae Ngan Gyi","VLG_MMR":"ရေငံကြီး","TS":"Bokpyin","VT":"Yae Ngan Gyi","rep":0},"geometry":{"type":"Point","coordinates":[98.76398,11.46244]}},{"type":"Feature","properties":{"VILLAGE":"Yae Ngan Taung Nge","VLG_MMR":"ရေငံတောင်ငယ်","TS":"Bokpyin","VT":"Yae Ngan Gyi","rep":0},"geometry":{"type":"Point","coordinates":[98.76536,11.46556]}},{"type":"Feature","properties":{"VILLAGE":"Ywar Thit","VLG_MMR":"ရွာသစ်","TS":"Bokpyin","VT":"Yae Ngan Gyi","rep":0},"geometry":{"type":"Point","coordinates":[98.75644,11.5345]}},{"type":"Feature","properties":{"VILLAGE":"Ah Mo","VLG_MMR":"အမို","TS":"Dawei","VT":"Ah Myar","rep":0},"geometry":{"type":"Point","coordinates":[98.9652,13.9493]}},{"type":"Feature","properties":{"VILLAGE":"Ah Myar","VLG_MMR":"အမြား","TS":"Dawei","VT":"Ah Myar","rep":0},"geometry":{"type":"Point","coordinates":[99.00068,13.81971]}},{"type":"Feature","properties":{"VILLAGE":"Ah Yu","VLG_MMR":"အယူ","TS":"Dawei","VT":"Ah Myar","rep":0},"geometry":{"type":"Point","coordinates":[99.04538,13.64315]}},{"type":"Feature","properties":{"VILLAGE":"Htee Hta","VLG_MMR":"ထီးထ","TS":"Dawei","VT":"Ah Myar","rep":0},"geometry":{"type":"Point","coordinates":[98.99482,13.86087]}},{"type":"Feature","properties":{"VILLAGE":"Htee Khee","VLG_MMR":"ထီးခီး","TS":"Dawei","VT":"Ah Myar","rep":0},"geometry":{"type":"Point","coordinates":[99.08019,13.88729]}},{"type":"Feature","properties":{"VILLAGE":"Kat Ta Yar Khee","VLG_MMR":"ကတ္တရာခီး","TS":"Dawei","VT":"Ah Myar","rep":0},"geometry":{"type":"Point","coordinates":[99.01062,13.92636]}},{"type":"Feature","properties":{"VILLAGE":"Maw Hta","VLG_MMR":"မောထ","TS":"Dawei","VT":"Ah Myar","rep":0},"geometry":{"type":"Point","coordinates":[99.04341,13.62743]}},{"type":"Feature","properties":{"VILLAGE":"Ah Nyar Hpyar","VLG_MMR":"အညာဖျား","TS":"Dawei","VT":"Ah Nyar Hpyar","rep":0},"geometry":{"type":"Point","coordinates":[98.32878,14.06227]}},{"type":"Feature","properties":{"VILLAGE":"Dar Thway Kyauk","VLG_MMR":"ဒါးသွေးကျောက်","TS":"Dawei","VT":"Ah Nyar Hpyar","rep":0},"geometry":{"type":"Point","coordinates":[98.3312,14.07846]}},{"type":"Feature","properties":{"VILLAGE":"Nyaung Chaung","VLG_MMR":"ညောင်ချောင်း","TS":"Dawei","VT":"Ah Nyar Hpyar","rep":0},"geometry":{"type":"Point","coordinates":[98.36758,14.04158]}},{"type":"Feature","properties":{"VILLAGE":"Seik Chaung","VLG_MMR":"ဆိပ်ချောင်း","TS":"Dawei","VT":"Ah Nyar Hpyar","rep":0},"geometry":{"type":"Point","coordinates":[98.35712,14.04609]}},{"type":"Feature","properties":{"VILLAGE":"U Yin Gyi","VLG_MMR":"ဥယျာဉ်ကြီး","TS":"Dawei","VT":"Ah Nyar Hpyar","rep":0},"geometry":{"type":"Point","coordinates":[98.30152,14.06767]}},{"type":"Feature","properties":{"VILLAGE":"Dar Pyauk Chaung","VLG_MMR":"ဒါးပျောက်ချောင်း","TS":"Dawei","VT":"Har Myin Gyi","rep":0},"geometry":{"type":"Point","coordinates":[98.35125,14.21888]}},{"type":"Feature","properties":{"VILLAGE":"Har Myin Gyi","VLG_MMR":"ဟာမြင်းကြီး","TS":"Dawei","VT":"Har Myin Gyi","rep":0},"geometry":{"type":"Point","coordinates":[98.34207,14.24848]}},{"type":"Feature","properties":{"VILLAGE":"Kyet Taw Aing","VLG_MMR":"ကြက်တောအိုင်","TS":"Dawei","VT":"Har Myin Gyi","rep":0},"geometry":{"type":"Point","coordinates":[98.31969,14.21485]}},{"type":"Feature","properties":{"VILLAGE":"Myay Khan Ti","VLG_MMR":"မြေးခန္တီ","TS":"Dawei","VT":"Har Myin Gyi","rep":0},"geometry":{"type":"Point","coordinates":[98.34337,14.25019]}},{"type":"Feature","properties":{"VILLAGE":"Myin Mat Tat","VLG_MMR":"မြင်းမတ်တပ်","TS":"Dawei","VT":"Har Myin Gyi","rep":0},"geometry":{"type":"Point","coordinates":[98.30177,14.18648]}},{"type":"Feature","properties":{"VILLAGE":"Pein Hne Chaung","VLG_MMR":"ပိန္နဲချောင်း","TS":"Dawei","VT":"Har Myin Gyi","rep":0},"geometry":{"type":"Point","coordinates":[98.30946,14.21029]}},{"type":"Feature","properties":{"VILLAGE":"Shwe Aing","VLG_MMR":"ရွှေအိုင်","TS":"Dawei","VT":"Har Myin Gyi","rep":0},"geometry":{"type":"Point","coordinates":[98.27812,14.16933]}},{"type":"Feature","properties":{"VILLAGE":"Taung Hpi Lar","VLG_MMR":"တောင်ဖီလာ","TS":"Dawei","VT":"Har Myin Gyi","rep":0},"geometry":{"type":"Point","coordinates":[98.41613,14.28976]}},{"type":"Feature","properties":{"VILLAGE":"Bu Tar Kone","VLG_MMR":"ဘူတာကုန်း","TS":"Dawei","VT":"Hein Dar","rep":0},"geometry":{"type":"Point","coordinates":[98.49844,14.09937]}},{"type":"Feature","properties":{"VILLAGE":"Hein Dar","VLG_MMR":"ဟိန္ဒား","TS":"Dawei","VT":"Hein Dar","rep":0},"geometry":{"type":"Point","coordinates":[98.43605,14.12613]}},{"type":"Feature","properties":{"VILLAGE":"Hein Dar Pyin","VLG_MMR":"ဟိန္ဒားပြင်","TS":"Dawei","VT":"Hein Dar","rep":0},"geometry":{"type":"Point","coordinates":[98.49403,14.11642]}},{"type":"Feature","properties":{"VILLAGE":"Hput Let To","VLG_MMR":"ဖွတ်လက်တို","TS":"Dawei","VT":"Hein Dar","rep":0},"geometry":{"type":"Point","coordinates":[98.49925,14.10588]}},{"type":"Feature","properties":{"VILLAGE":"Myaung Byo","VLG_MMR":"မြောင်းဗြို","TS":"Dawei","VT":"Hein Dar","rep":0},"geometry":{"type":"Point","coordinates":[98.45199,14.15507]}},{"type":"Feature","properties":{"VILLAGE":"Wa Zum Chaung","VLG_MMR":"ဝဇွမ်းချောင်း","TS":"Dawei","VT":"Hein Dar","rep":0},"geometry":{"type":"Point","coordinates":[98.47104,14.05342]}},{"type":"Feature","properties":{"VILLAGE":"Yay Pu Wa","VLG_MMR":"ရေပူ၀","TS":"Dawei","VT":"Hein Dar","rep":0},"geometry":{"type":"Point","coordinates":[98.46768,14.10632]}},{"type":"Feature","properties":{"VILLAGE":"Hpaung Taw Gyi","VLG_MMR":"ဖောင်းတောကြီး","TS":"Dawei","VT":"Hpaung Taw Gyi","rep":0},"geometry":{"type":"Point","coordinates":[98.54844,14.00669]}},{"type":"Feature","properties":{"VILLAGE":"Hpaung Taw Mee Set","VLG_MMR":"ဖောင်းတောမီးစက်","TS":"Dawei","VT":"Hpaung Taw Gyi","rep":0},"geometry":{"type":"Point","coordinates":[98.49899,14.00265]}},{"type":"Feature","properties":{"VILLAGE":"Aing Waing","VLG_MMR":"အိုင်ဝိုင်း","TS":"Dawei","VT":"Ka Lit Gyi","rep":0},"geometry":{"type":"Point","coordinates":[98.7261,14.16088]}},{"type":"Feature","properties":{"VILLAGE":"Ka Lit Gyi","VLG_MMR":"ကလစ်ကြီး","TS":"Dawei","VT":"Ka Lit Gyi","rep":0},"geometry":{"type":"Point","coordinates":[98.46282,14.16634]}},{"type":"Feature","properties":{"VILLAGE":"Ah Lel Kone","VLG_MMR":"အလယ်ကုန်း","TS":"Dawei","VT":"Ka Naing Dar","rep":0},"geometry":{"type":"Point","coordinates":[98.22171,14.04194]}},{"type":"Feature","properties":{"VILLAGE":"Ka Din Wa","VLG_MMR":"ကဒင်ဝ","TS":"Dawei","VT":"Ka Naing Dar","rep":0},"geometry":{"type":"Point","coordinates":[98.22945,14.02915]}},{"type":"Feature","properties":{"VILLAGE":"Ka Naing Dar","VLG_MMR":"ကနိုင်းဒါ","TS":"Dawei","VT":"Ka Naing Dar","rep":0},"geometry":{"type":"Point","coordinates":[98.22311,14.03404]}},{"type":"Feature","properties":{"VILLAGE":"Ku Toet","VLG_MMR":"ကူးတို့","TS":"Dawei","VT":"Ku Toet","rep":0},"geometry":{"type":"Point","coordinates":[98.22047,14.04642]}},{"type":"Feature","properties":{"VILLAGE":"Saung Nan Pyin","VLG_MMR":"ဆောင်နန်းပြင်","TS":"Dawei","VT":"Ku Toet","rep":0},"geometry":{"type":"Point","coordinates":[98.22405,14.04987]}},{"type":"Feature","properties":{"VILLAGE":"Shwe Taung","VLG_MMR":"ရွှေတောင်","TS":"Dawei","VT":"Ku Toet","rep":0},"geometry":{"type":"Point","coordinates":[98.22301,14.05779]}},{"type":"Feature","properties":{"VILLAGE":"Kyauk Me Taung","VLG_MMR":"ကျောက်မဲတောင်","TS":"Dawei","VT":"Kyauk Me Taung","rep":0},"geometry":{"type":"Point","coordinates":[98.43485,14.16768]}},{"type":"Feature","properties":{"VILLAGE":"Pyin Thar Taw","VLG_MMR":"ပျဉ်းသားတော","TS":"Dawei","VT":"Kyauk Me Taung","rep":0},"geometry":{"type":"Point","coordinates":[98.43016,14.20907]}},{"type":"Feature","properties":{"VILLAGE":"Kyauk Yat","VLG_MMR":"ကျောက်ရပ်","TS":"Dawei","VT":"Kyauk Yat","rep":0},"geometry":{"type":"Point","coordinates":[98.22398,14.06783]}},{"type":"Feature","properties":{"VILLAGE":"Pauk Taing","VLG_MMR":"ပေါက်တိုင်း","TS":"Dawei","VT":"Kyauk Yat","rep":0},"geometry":{"type":"Point","coordinates":[98.23237,14.0711]}},{"type":"Feature","properties":{"VILLAGE":"Wa Maw","VLG_MMR":"ဝမော်","TS":"Dawei","VT":"Kyauk Yat","rep":0},"geometry":{"type":"Point","coordinates":[98.23183,14.06656]}},{"type":"Feature","properties":{"VILLAGE":"Khaung Taing Pyin","VLG_MMR":"ခေါင်တိုင်ပြင်","TS":"Dawei","VT":"Maung Mei Shaung","rep":0},"geometry":{"type":"Point","coordinates":[98.25765,14.19682]}},{"type":"Feature","properties":{"VILLAGE":"Kin Kone","VLG_MMR":"ကင်းကုန်း","TS":"Dawei","VT":"Maung Mei Shaung","rep":0},"geometry":{"type":"Point","coordinates":[98.26457,14.17552]}},{"type":"Feature","properties":{"VILLAGE":"Maung Mei Shaung","VLG_MMR":"မောင်မယ်ရှောင်","TS":"Dawei","VT":"Maung Mei Shaung","rep":0},"geometry":{"type":"Point","coordinates":[98.20664,14.15623]}},{"type":"Feature","properties":{"VILLAGE":"Pa Daing Chaung","VLG_MMR":"ပဒိုင်းချောင်း","TS":"Dawei","VT":"Maung Mei Shaung","rep":0},"geometry":{"type":"Point","coordinates":[98.23623,14.16636]}},{"type":"Feature","properties":{"VILLAGE":"Pa Khat Inn","VLG_MMR":"ပခပ်အင်း","TS":"Dawei","VT":"Maung Mei Shaung","rep":0},"geometry":{"type":"Point","coordinates":[98.259,14.17823]}},{"type":"Feature","properties":{"VILLAGE":"Ye Aing","VLG_MMR":"ရဲအိုင်","TS":"Dawei","VT":"Maung Mei Shaung","rep":0},"geometry":{"type":"Point","coordinates":[98.22526,14.17526]}},{"type":"Feature","properties":{"VILLAGE":"Hnan Pa Yoke","VLG_MMR":"နှမ်းပရုပ်","TS":"Dawei","VT":"Myay Khan Baw","rep":0},"geometry":{"type":"Point","coordinates":[98.43583,14.26376]}},{"type":"Feature","properties":{"VILLAGE":"Ka Meik","VLG_MMR":"ကမိတ်","TS":"Dawei","VT":"Myay Khan Baw","rep":0},"geometry":{"type":"Point","coordinates":[98.46447,14.2815]}},{"type":"Feature","properties":{"VILLAGE":"Myay Khan Baw","VLG_MMR":"မြေးခံဘော်","TS":"Dawei","VT":"Myay Khan Baw","rep":0},"geometry":{"type":"Point","coordinates":[98.4499,14.31111]}},{"type":"Feature","properties":{"VILLAGE":"Nyaungdon","VLG_MMR":"ညောင်တုံး","TS":"Dawei","VT":"Myay Khan Baw","rep":0},"geometry":{"type":"Point","coordinates":[98.45512,14.2645]}},{"type":"Feature","properties":{"VILLAGE":"Seik Hpyone","VLG_MMR":"ဆိပ်ဖြုံး","TS":"Dawei","VT":"Myay Khan Baw","rep":0},"geometry":{"type":"Point","coordinates":[98.44093,14.32615]}},{"type":"Feature","properties":{"VILLAGE":"Tha Byu Chaung","VLG_MMR":"သဗြုချောင်း","TS":"Dawei","VT":"Myay Khan Baw","rep":0},"geometry":{"type":"Point","coordinates":[98.43973,14.2459]}},{"type":"Feature","properties":{"VILLAGE":"Leik Kyei Pyaung","VLG_MMR":"လိပ်ကြယ်ပြောင်","TS":"Dawei","VT":"Pa Kar Ri","rep":1},"geometry":{"type":"Point","coordinates":[98.34433,14.16175]}},{"type":"Feature","properties":{"VILLAGE":"Pa Kar Ri","VLG_MMR":"ပကာရီ","TS":"Dawei","VT":"Pa Kar Ri","rep":1},"geometry":{"type":"Point","coordinates":[98.30409,14.10837]}},{"type":"Feature","properties":{"VILLAGE":"Pa Khat","VLG_MMR":"ပခပ်","TS":"Dawei","VT":"Pa Kar Ri","rep":0},"geometry":{"type":"Point","coordinates":[98.32208,14.12337]}},{"type":"Feature","properties":{"VILLAGE":"San Chi","VLG_MMR":"ဆန်းချီ","TS":"Dawei","VT":"Pa Kar Ri","rep":1},"geometry":{"type":"Point","coordinates":[98.30524,14.10326]}},{"type":"Feature","properties":{"VILLAGE":"Tha Yet Ngoke","VLG_MMR":"သရက်ငုတ်","TS":"Dawei","VT":"Pa Kar Ri","rep":1},"geometry":{"type":"Point","coordinates":[98.33459,14.15217]}},{"type":"Feature","properties":{"VILLAGE":"Thin Gan Tone","VLG_MMR":"သင်္ဃန်းတုံး","TS":"Dawei","VT":"Pa Kar Ri","rep":0},"geometry":{"type":"Point","coordinates":[98.35183,14.17419]}},{"type":"Feature","properties":{"VILLAGE":"Yam Ma Zu","VLG_MMR":"ရမ္မဇူ","TS":"Dawei","VT":"Pa Kar Ri","rep":1},"geometry":{"type":"Point","coordinates":[98.32667,14.14489]}},{"type":"Feature","properties":{"VILLAGE":"Gyi Gaw","VLG_MMR":"ကြီးဂေါ","TS":"Dawei","VT":"Pyar Thar Chaung","rep":0},"geometry":{"type":"Point","coordinates":[98.99943,13.39771]}},{"type":"Feature","properties":{"VILLAGE":"Hin Ka Pi","VLG_MMR":"ဟင်းကပိ","TS":"Dawei","VT":"Pyar Thar Chaung","rep":0},"geometry":{"type":"Point","coordinates":[98.55867,13.98772]}},{"type":"Feature","properties":{"VILLAGE":"Ka Htaung Ni","VLG_MMR":"ကထောင်းနီ","TS":"Dawei","VT":"Pyar Thar Chaung","rep":0},"geometry":{"type":"Point","coordinates":[98.656,13.84659]}},{"type":"Feature","properties":{"VILLAGE":"Kyauk Htone","VLG_MMR":"ကျောက်ထုံး","TS":"Dawei","VT":"Pyar Thar Chaung","rep":0},"geometry":{"type":"Point","coordinates":[98.7126,13.78028]}},{"type":"Feature","properties":{"VILLAGE":"Kyauk Twin","VLG_MMR":"ကျောက်တွင်း","TS":"Dawei","VT":"Pyar Thar Chaung","rep":0},"geometry":{"type":"Point","coordinates":[98.53992,14.08742]}},{"type":"Feature","properties":{"VILLAGE":"Man Ma Htu","VLG_MMR":"မန်မထူး","TS":"Dawei","VT":"Pyar Thar Chaung","rep":0},"geometry":{"type":"Point","coordinates":[98.62509,13.85323]}},{"type":"Feature","properties":{"VILLAGE":"Pyar Thar Chaung","VLG_MMR":"ပျားသားချောင်း","TS":"Dawei","VT":"Pyar Thar Chaung","rep":1},"geometry":{"type":"Point","coordinates":[98.56489,13.96679]}},{"type":"Feature","properties":{"VILLAGE":"Tha Byu Chaung","VLG_MMR":"သဗြုချောင်း","TS":"Dawei","VT":"Pyar Thar Chaung","rep":0},"geometry":{"type":"Point","coordinates":[98.67874,13.78117]}},{"type":"Feature","properties":{"VILLAGE":"Pi Tauk Gyi","VLG_MMR":"ပိတောက်ကြီး","TS":"Dawei","VT":"Shan Ma Twin","rep":0},"geometry":{"type":"Point","coordinates":[98.25248,14.05216]}},{"type":"Feature","properties":{"VILLAGE":"Pu Lway Shaung","VLG_MMR":"ပုလွေရှောင်","TS":"Dawei","VT":"Shan Ma Twin","rep":0},"geometry":{"type":"Point","coordinates":[98.24619,14.06477]}},{"type":"Feature","properties":{"VILLAGE":"Shan Ma Twin","VLG_MMR":"ရှမ္မတွင်း","TS":"Dawei","VT":"Shan Ma Twin","rep":0},"geometry":{"type":"Point","coordinates":[98.25489,14.04525]}},{"type":"Feature","properties":{"VILLAGE":"Taw Nar Tan","VLG_MMR":"တောနားတန်း","TS":"Dawei","VT":"Shan Ma Twin","rep":0},"geometry":{"type":"Point","coordinates":[98.24176,14.0609]}},{"type":"Feature","properties":{"VILLAGE":"Saw Wa","VLG_MMR":"စော်ဝ","TS":"Dawei","VT":"Shin Moke Tee","rep":0},"geometry":{"type":"Point","coordinates":[98.22368,14.00439]}},{"type":"Feature","properties":{"VILLAGE":"Shin Moke Tee","VLG_MMR":"ရှင်မုတ္တီး","TS":"Dawei","VT":"Shin Moke Tee","rep":1},"geometry":{"type":"Point","coordinates":[98.22566,14.01457]}},{"type":"Feature","properties":{"VILLAGE":"Shwe Gu Taung","VLG_MMR":"ရွှေဂူတောင်","TS":"Dawei","VT":"Shin Moke Tee","rep":0},"geometry":{"type":"Point","coordinates":[98.22817,14.00293]}},{"type":"Feature","properties":{"VILLAGE":"Sin Hpyu Taing","VLG_MMR":"ဆင်ဖြူတိုင်","TS":"Dawei","VT":"Sin Hpyu Taing","rep":0},"geometry":{"type":"Point","coordinates":[98.8911,14.04099]}},{"type":"Feature","properties":{"VILLAGE":"Ka Than","VLG_MMR":"ကသန်း","TS":"Dawei","VT":"Ta Laing Taung","rep":0},"geometry":{"type":"Point","coordinates":[98.25106,14.0823]}},{"type":"Feature","properties":{"VILLAGE":"Ta Laing Taung","VLG_MMR":"တလိုင်းတောင်","TS":"Dawei","VT":"Ta Laing Taung","rep":1},"geometry":{"type":"Point","coordinates":[98.24163,14.08339]}},{"type":"Feature","properties":{"VILLAGE":"Ka Htaung Ni","VLG_MMR":"ကထောင်းနီ","TS":"Dawei","VT":"Taung Thone Lone","rep":0},"geometry":{"type":"Point","coordinates":[98.46537,14.1663]}},{"type":"Feature","properties":{"VILLAGE":"Shwe Chaung","VLG_MMR":"ရွှေချောင်း","TS":"Dawei","VT":"Taung Thone Lone","rep":0},"geometry":{"type":"Point","coordinates":[98.46796,14.1643]}},{"type":"Feature","properties":{"VILLAGE":"Taung Thone Lone","VLG_MMR":"တောင်သုံးလုံး","TS":"Dawei","VT":"Taung Thone Lone","rep":0},"geometry":{"type":"Point","coordinates":[98.45651,14.16649]}},{"type":"Feature","properties":{"VILLAGE":"Me Chaung","VLG_MMR":"မဲချောင်း","TS":"Dawei","VT":"Tha Byar","rep":0},"geometry":{"type":"Point","coordinates":[98.29696,14.09607]}},{"type":"Feature","properties":{"VILLAGE":"Taung Poet","VLG_MMR":"တောင်ပို့","TS":"Dawei","VT":"Tha Byar","rep":0},"geometry":{"type":"Point","coordinates":[98.25885,14.06876]}},{"type":"Feature","properties":{"VILLAGE":"Tha Byar","VLG_MMR":"သဗျာ","TS":"Dawei","VT":"Tha Byar","rep":0},"geometry":{"type":"Point","coordinates":[98.26778,14.07041]}},{"type":"Feature","properties":{"VILLAGE":"Pu Lu Kone","VLG_MMR":"ပုလုကုန်း","TS":"Dawei","VT":"Tha Pyay Chaung","rep":0},"geometry":{"type":"Point","coordinates":[98.21759,14.11971]}},{"type":"Feature","properties":{"VILLAGE":"Tha Byay Chaung","VLG_MMR":"သဗြေချောင်း","TS":"Dawei","VT":"Tha Pyay Chaung","rep":0},"geometry":{"type":"Point","coordinates":[98.22066,14.11269]}},{"type":"Feature","properties":{"VILLAGE":"23-Maing","VLG_MMR":"၂၃-မိုင်","TS":"Dawei","VT":"Wa Kone","rep":0},"geometry":{"type":"Point","coordinates":[98.40397,14.17647]}},{"type":"Feature","properties":{"VILLAGE":"Ba Wa Pin","VLG_MMR":"ဘဝပင်","TS":"Dawei","VT":"Wa Kone","rep":0},"geometry":{"type":"Point","coordinates":[98.39843,14.1608]}},{"type":"Feature","properties":{"VILLAGE":"Wa Kone","VLG_MMR":"ဝကုန်း","TS":"Dawei","VT":"Wa Kone","rep":0},"geometry":{"type":"Point","coordinates":[98.38567,14.18589]}},{"type":"Feature","properties":{"VILLAGE":"Wa Kone Chaung Hpyar","VLG_MMR":"ဝကုန်းချောင်းဖျား","TS":"Dawei","VT":"Wa Kone","rep":0},"geometry":{"type":"Point","coordinates":[98.40525,14.18947]}},{"type":"Feature","properties":{"VILLAGE":"Yaung Maw","VLG_MMR":"ရောင်းမော်","TS":"Dawei","VT":"Yaung Maw","rep":1},"geometry":{"type":"Point","coordinates":[98.24176,14.01211]}},{"type":"Feature","properties":{"VILLAGE":"Za Har","VLG_MMR":"ဇဟာ","TS":"Dawei","VT":"Za Har","rep":0},"geometry":{"type":"Point","coordinates":[98.2178,14.13052]}},{"type":"Feature","properties":{"VILLAGE":"Za Lun","VLG_MMR":"ဇလွန်း","TS":"Dawei","VT":"Za Lun","rep":1},"geometry":{"type":"Point","coordinates":[98.22845,14.08448]}},{"type":"Feature","properties":{"VILLAGE":"Auk Kyauk Wut","VLG_MMR":"အောက်ကျောက်ဝပ်","TS":"Launglon","VT":"Auk Kyauk Wut","rep":1},"geometry":{"type":"Point","coordinates":[98.15599,13.62282]}},{"type":"Feature","properties":{"VILLAGE":"Nyaw Pyin","VLG_MMR":"ညောပြင်","TS":"Launglon","VT":"Auk Kyauk Wut","rep":1},"geometry":{"type":"Point","coordinates":[98.14722,13.63473]}},{"type":"Feature","properties":{"VILLAGE":"Auk Yae Hpyu","VLG_MMR":"အောက်ရေဖြူ","TS":"Launglon","VT":"Auk Yae Hpyu","rep":1},"geometry":{"type":"Point","coordinates":[98.14082,13.89859]}},{"type":"Feature","properties":{"VILLAGE":"Gawt Inn","VLG_MMR":"ဂေါ့အင်း","TS":"Launglon","VT":"Auk Yae Hpyu","rep":1},"geometry":{"type":"Point","coordinates":[98.14296,13.91931]}},{"type":"Feature","properties":{"VILLAGE":"Htein Gyi","VLG_MMR":"ထိန်ကြီး","TS":"Launglon","VT":"Auk Yae Hpyu","rep":0},"geometry":{"type":"Point","coordinates":[98.13529,13.90514]}},{"type":"Feature","properties":{"VILLAGE":"Ka Det Nge Htein","VLG_MMR":"ကဒက်ငယ်ထိန်","TS":"Launglon","VT":"Auk Yae Hpyu","rep":1},"geometry":{"type":"Point","coordinates":[98.13469,13.88634]}},{"type":"Feature","properties":{"VILLAGE":"Kyauk Hpyu","VLG_MMR":"ကျောက်ဖြူ","TS":"Launglon","VT":"Auk Yae Hpyu","rep":0},"geometry":{"type":"Point","coordinates":[98.14824,13.89351]}},{"type":"Feature","properties":{"VILLAGE":"Pein Hne Taw","VLG_MMR":"ပိန္နဲတော","TS":"Launglon","VT":"Auk Yae Hpyu","rep":0},"geometry":{"type":"Point","coordinates":[98.13263,13.90934]}},{"type":"Feature","properties":{"VILLAGE":"Wun Twin","VLG_MMR":"ဝံတွင်း","TS":"Launglon","VT":"Auk Yae Hpyu","rep":0},"geometry":{"type":"Point","coordinates":[98.1488,13.89831]}},{"type":"Feature","properties":{"VILLAGE":"Inn Zauk","VLG_MMR":"အင်းဇောက်","TS":"Launglon","VT":"Inn Zauk","rep":0},"geometry":{"type":"Point","coordinates":[98.15511,14.01904]}},{"type":"Feature","properties":{"VILLAGE":"Kone Za Yat","VLG_MMR":"ကုန်းဇရပ်","TS":"Launglon","VT":"Inn Zauk","rep":0},"geometry":{"type":"Point","coordinates":[98.15917,14.00022]}},{"type":"Feature","properties":{"VILLAGE":"Ma Kyun Maw","VLG_MMR":"မကျွန်းမော်","TS":"Launglon","VT":"Inn Zauk","rep":0},"geometry":{"type":"Point","coordinates":[98.15504,13.9968]}},{"type":"Feature","properties":{"VILLAGE":"Nyin Wa","VLG_MMR":"ညင်းဝ","TS":"Launglon","VT":"Inn Zauk","rep":0},"geometry":{"type":"Point","coordinates":[98.14372,14.01337]}},{"type":"Feature","properties":{"VILLAGE":"Ya Pyaw","VLG_MMR":"ရပြော","TS":"Launglon","VT":"Inn Zauk","rep":0},"geometry":{"type":"Point","coordinates":[98.15576,14.01161]}},{"type":"Feature","properties":{"VILLAGE":"Ka Det Gyi","VLG_MMR":"ကဒက်ကြီး","TS":"Launglon","VT":"Ka Det Gyi (Khun Hnit Thein)","rep":1},"geometry":{"type":"Point","coordinates":[98.1524,13.8798]}},{"type":"Feature","properties":{"VILLAGE":"Nyaungdon","VLG_MMR":"ညောင်တုန်း","TS":"Launglon","VT":"Ka Det Gyi (Khun Hnit Thein)","rep":0},"geometry":{"type":"Point","coordinates":[98.15495,13.87689]}},{"type":"Feature","properties":{"VILLAGE":"Wet Thar Kin","VLG_MMR":"ဝက်သားကင်","TS":"Launglon","VT":"Ka Det Gyi (Khun Hnit Thein)","rep":0},"geometry":{"type":"Point","coordinates":[98.13977,13.88196]}},{"type":"Feature","properties":{"VILLAGE":"Ka Det Nge Seik","VLG_MMR":"ကဒက်ငယ်ဆိပ်","TS":"Launglon","VT":"Ka Det Nge Seik","rep":1},"geometry":{"type":"Point","coordinates":[98.17364,13.90269]}},{"type":"Feature","properties":{"VILLAGE":"Ka Htaung Ni","VLG_MMR":"ကထောင်းနီ","TS":"Launglon","VT":"Ka Htaung Ni","rep":1},"geometry":{"type":"Point","coordinates":[98.17161,13.92955]}},{"type":"Feature","properties":{"VILLAGE":"Ah Bu","VLG_MMR":"အဘူ","TS":"Launglon","VT":"Ka Myaw Gyi","rep":0},"geometry":{"type":"Point","coordinates":[98.17035,14.09018]}},{"type":"Feature","properties":{"VILLAGE":"Ka Myaw Gyi","VLG_MMR":"ကမြောကြီး","TS":"Launglon","VT":"Ka Myaw Gyi","rep":1},"geometry":{"type":"Point","coordinates":[98.16753,14.08399]}},{"type":"Feature","properties":{"VILLAGE":"Seik Pin Inn","VLG_MMR":"ဆိပ်ပင်အင်း","TS":"Launglon","VT":"Ka Myaw Gyi","rep":0},"geometry":{"type":"Point","coordinates":[98.1543,14.08941]}},{"type":"Feature","properties":{"VILLAGE":"Sin Ku","VLG_MMR":"ဆင်ကူး","TS":"Launglon","VT":"Ka Myaw Gyi","rep":0},"geometry":{"type":"Point","coordinates":[98.16103,14.09504]}},{"type":"Feature","properties":{"VILLAGE":"Htein Thit","VLG_MMR":"ထိန်သစ်","TS":"Launglon","VT":"Ka Myaw Kin","rep":0},"geometry":{"type":"Point","coordinates":[98.17142,14.10408]}},{"type":"Feature","properties":{"VILLAGE":"Inn Gyi","VLG_MMR":"အင်းကြီး","TS":"Launglon","VT":"Ka Myaw Kin","rep":0},"geometry":{"type":"Point","coordinates":[98.15213,14.10872]}},{"type":"Feature","properties":{"VILLAGE":"Ka Myaw Kin","VLG_MMR":"ကမြောကင်း","TS":"Launglon","VT":"Ka Myaw Kin","rep":0},"geometry":{"type":"Point","coordinates":[98.17076,14.10041]}},{"type":"Feature","properties":{"VILLAGE":"Thauk Kyar Pyin","VLG_MMR":"သောကြာပြင်","TS":"Launglon","VT":"Ka Myaw Kin","rep":0},"geometry":{"type":"Point","coordinates":[98.15393,14.11305]}},{"type":"Feature","properties":{"VILLAGE":"Ka Nyon Kyun","VLG_MMR":"ကညုံကျွန်း","TS":"Launglon","VT":"Ka Nyon Kyun","rep":1},"geometry":{"type":"Point","coordinates":[98.19874,13.92397]}},{"type":"Feature","properties":{"VILLAGE":"Htein Twin","VLG_MMR":"ထိန်တွင်း","TS":"Launglon","VT":"Kha Maung Taung","rep":0},"geometry":{"type":"Point","coordinates":[98.1888,14.1325]}},{"type":"Feature","properties":{"VILLAGE":"Kha Maung Taung","VLG_MMR":"ခမောင်းတောင်","TS":"Launglon","VT":"Kha Maung Taung","rep":0},"geometry":{"type":"Point","coordinates":[98.17629,14.12757]}},{"type":"Feature","properties":{"VILLAGE":"Me Oh Nauk","VLG_MMR":"မဲအိုနောက်","TS":"Launglon","VT":"Kha Maung Taung","rep":0},"geometry":{"type":"Point","coordinates":[98.16602,14.13306]}},{"type":"Feature","properties":{"VILLAGE":"Kyauk Mat Tat","VLG_MMR":"ကျောက်မတ်တတ်","TS":"Launglon","VT":"Kyauk Mat Tat","rep":0},"geometry":{"type":"Point","coordinates":[98.15102,13.58211]}},{"type":"Feature","properties":{"VILLAGE":"Kyet Hlut","VLG_MMR":"ကြက်လွှတ်","TS":"Launglon","VT":"Kyauk Mat Tat","rep":1},"geometry":{"type":"Point","coordinates":[98.15916,13.56178]}},{"type":"Feature","properties":{"VILLAGE":"Inn Ga Ni Twin","VLG_MMR":"အင်းဂနီတွင်း","TS":"Launglon","VT":"Kyauk Ni Maw","rep":0},"geometry":{"type":"Point","coordinates":[98.18146,13.66845]}},{"type":"Feature","properties":{"VILLAGE":"Kyauk Ni Maw","VLG_MMR":"ကျောက်နီမော်","TS":"Launglon","VT":"Kyauk Ni Maw","rep":1},"geometry":{"type":"Point","coordinates":[98.18098,13.65575]}},{"type":"Feature","properties":{"VILLAGE":"Kan Pa Ni","VLG_MMR":"ကမ်းပနီ","TS":"Launglon","VT":"Kyauk Sin","rep":1},"geometry":{"type":"Point","coordinates":[98.08086,14.06129]}},{"type":"Feature","properties":{"VILLAGE":"Kayin Gyi","VLG_MMR":"ကရင်ကြီး","TS":"Launglon","VT":"Kyauk Sin","rep":1},"geometry":{"type":"Point","coordinates":[98.09908,14.07111]}},{"type":"Feature","properties":{"VILLAGE":"Kyauk Sin","VLG_MMR":"ကျောက်ဆင်","TS":"Launglon","VT":"Kyauk Sin","rep":0},"geometry":{"type":"Point","coordinates":[98.10548,14.12338]}},{"type":"Feature","properties":{"VILLAGE":"Maw Yit","VLG_MMR":"မော်ရစ်","TS":"Launglon","VT":"Kyauk Sin","rep":0},"geometry":{"type":"Point","coordinates":[98.07412,14.08038]}},{"type":"Feature","properties":{"VILLAGE":"Pyin Gyi","VLG_MMR":"ပြင်ကြီး","TS":"Launglon","VT":"Kyauk Sin","rep":0},"geometry":{"type":"Point","coordinates":[98.09627,14.09404]}},{"type":"Feature","properties":{"VILLAGE":"Tha Bawt Seik","VLG_MMR":"သဘော့ဆိပ်","TS":"Launglon","VT":"Kyauk Sin","rep":1},"geometry":{"type":"Point","coordinates":[98.10413,14.10215]}},{"type":"Feature","properties":{"VILLAGE":"Chaung Hpyar Gyi","VLG_MMR":"ချောင်းဖျားကြီး","TS":"Launglon","VT":"Kyauk Twin","rep":0},"geometry":{"type":"Point","coordinates":[98.11456,13.73677]}},{"type":"Feature","properties":{"VILLAGE":"Kyauk Twin","VLG_MMR":"ကျောက်တွင်း","TS":"Launglon","VT":"Kyauk Twin","rep":0},"geometry":{"type":"Point","coordinates":[98.11498,13.71817]}},{"type":"Feature","properties":{"VILLAGE":"Sin Htauk","VLG_MMR":"ဆင်ထောက်","TS":"Launglon","VT":"Kyauk Twin","rep":0},"geometry":{"type":"Point","coordinates":[98.10919,13.70507]}},{"type":"Feature","properties":{"VILLAGE":"Sun Gyi","VLG_MMR":"စွန်ကြီး","TS":"Launglon","VT":"Kyauk Twin","rep":0},"geometry":{"type":"Point","coordinates":[98.12504,13.71329]}},{"type":"Feature","properties":{"VILLAGE":"Wea Ma Kaik","VLG_MMR":"ဝဲမကိုက်","TS":"Launglon","VT":"Kyauk Twin","rep":0},"geometry":{"type":"Point","coordinates":[98.11603,13.70291]}},{"type":"Feature","properties":{"VILLAGE":"Kyauk Wut Pyin","VLG_MMR":"ကျောက်ဝပ်ပြင်","TS":"Launglon","VT":"Kyauk Wut Pyin","rep":1},"geometry":{"type":"Point","coordinates":[98.16692,13.64218]}},{"type":"Feature","properties":{"VILLAGE":"Nga Ye Chaung","VLG_MMR":"ငရဲချောင်း","TS":"Launglon","VT":"Kyauk Wut Pyin","rep":0},"geometry":{"type":"Point","coordinates":[98.1677,13.6442]}},{"type":"Feature","properties":{"VILLAGE":"Thin Pone Kyun","VLG_MMR":"သင်ပုန်းကျွန်း","TS":"Launglon","VT":"Kyauk Wut Pyin","rep":0},"geometry":{"type":"Point","coordinates":[98.19228,13.63334]}},{"type":"Feature","properties":{"VILLAGE":"Kyet Yet Twin","VLG_MMR":"ကြက်ယက်တွင်း","TS":"Launglon","VT":"Kyet Yet Twin","rep":0},"geometry":{"type":"Point","coordinates":[98.16823,13.85606]}},{"type":"Feature","properties":{"VILLAGE":"Mein Ma Chaw","VLG_MMR":"မိန်းမချော","TS":"Launglon","VT":"Kyet Yet Twin","rep":0},"geometry":{"type":"Point","coordinates":[98.16544,13.86257]}},{"type":"Feature","properties":{"VILLAGE":"Lay Thun Khan","VLG_MMR":"လေးသွန်းခံ","TS":"Launglon","VT":"Lay Thun Khan","rep":0},"geometry":{"type":"Point","coordinates":[98.14377,13.93135]}},{"type":"Feature","properties":{"VILLAGE":"Maung Ma Kan","VLG_MMR":"မောင်းမကန်","TS":"Launglon","VT":"Maung Ma Kan","rep":1},"geometry":{"type":"Point","coordinates":[98.10566,14.14622]}},{"type":"Feature","properties":{"VILLAGE":"Pin Lel Sa Khan","VLG_MMR":"ပင်လယ်စခန်း","TS":"Launglon","VT":"Maung Ma Kan","rep":0},"geometry":{"type":"Point","coordinates":[98.09729,14.15319]}},{"type":"Feature","properties":{"VILLAGE":"Htein Lel","VLG_MMR":"ထိန်လယ်","TS":"Launglon","VT":"Min Yat","rep":0},"geometry":{"type":"Point","coordinates":[98.15107,14.06101]}},{"type":"Feature","properties":{"VILLAGE":"Min Yat","VLG_MMR":"မင်းရပ်","TS":"Launglon","VT":"Min Yat","rep":1},"geometry":{"type":"Point","coordinates":[98.14902,14.0517]}},{"type":"Feature","properties":{"VILLAGE":"Ta Laing Maw","VLG_MMR":"တလိုင်းမော်","TS":"Launglon","VT":"Min Yat","rep":0},"geometry":{"type":"Point","coordinates":[98.15504,14.04503]}},{"type":"Feature","properties":{"VILLAGE":"Daung Shaung","VLG_MMR":"ဒေါင်းရှောင်","TS":"Launglon","VT":"Myo Haung","rep":0},"geometry":{"type":"Point","coordinates":[98.15054,14.19302]}},{"type":"Feature","properties":{"VILLAGE":"Myo Haung","VLG_MMR":"မြို့ဟောင်း","TS":"Launglon","VT":"Myo Haung","rep":0},"geometry":{"type":"Point","coordinates":[98.16628,14.17421]}},{"type":"Feature","properties":{"VILLAGE":"Sin Pu Nit","VLG_MMR":"ဆင်ပုနစ်","TS":"Launglon","VT":"Myo Haung","rep":0},"geometry":{"type":"Point","coordinates":[98.16436,14.1854]}},{"type":"Feature","properties":{"VILLAGE":"Na Khan Taw","VLG_MMR":"နခံတော","TS":"Launglon","VT":"Na Khan Taw","rep":0},"geometry":{"type":"Point","coordinates":[98.17473,14.10872]}},{"type":"Feature","properties":{"VILLAGE":"Inn Bu","VLG_MMR":"အင်းဘူး","TS":"Launglon","VT":"Nyin Maw","rep":0},"geometry":{"type":"Point","coordinates":[98.12211,13.94922]}},{"type":"Feature","properties":{"VILLAGE":"Nyin Maw","VLG_MMR":"ညင်းမော်","TS":"Launglon","VT":"Nyin Maw","rep":1},"geometry":{"type":"Point","coordinates":[98.12589,13.9416]}},{"type":"Feature","properties":{"VILLAGE":"Yin Boke","VLG_MMR":"ရင်ဘုတ်","TS":"Launglon","VT":"Nyin Maw","rep":0},"geometry":{"type":"Point","coordinates":[98.12622,13.93131]}},{"type":"Feature","properties":{"VILLAGE":"Pa Nyit","VLG_MMR":"ပညစ်","TS":"Launglon","VT":"Pa Nyit","rep":1},"geometry":{"type":"Point","coordinates":[98.06927,14.00735]}},{"type":"Feature","properties":{"VILLAGE":"Shan Maw","VLG_MMR":"ရှမ်းမော်","TS":"Launglon","VT":"Pa Nyit","rep":1},"geometry":{"type":"Point","coordinates":[98.06092,13.98017]}},{"type":"Feature","properties":{"VILLAGE":"Kyay Noke Pyin","VLG_MMR":"ကြေးနုတ်ပြင်","TS":"Launglon","VT":"Pan Da Le","rep":0},"geometry":{"type":"Point","coordinates":[98.16103,14.03145]}},{"type":"Feature","properties":{"VILLAGE":"Myaung Pauk","VLG_MMR":"မြောင်းပေါက်","TS":"Launglon","VT":"Pan Da Le","rep":0},"geometry":{"type":"Point","coordinates":[98.16996,14.02652]}},{"type":"Feature","properties":{"VILLAGE":"Pan Da Le","VLG_MMR":"ပန်းဒလဲ","TS":"Launglon","VT":"Pan Da Le","rep":0},"geometry":{"type":"Point","coordinates":[98.1579,14.02591]}},{"type":"Feature","properties":{"VILLAGE":"Nga Pi Tet Sa Khan","VLG_MMR":"ငပိတက်စခန်း","TS":"Launglon","VT":"Pan Det Inn","rep":0},"geometry":{"type":"Point","coordinates":[98.09397,14.17722]}},{"type":"Feature","properties":{"VILLAGE":"Nyaung Pin Seik","VLG_MMR":"ညောင်ပင်ဆိပ်","TS":"Launglon","VT":"Pan Det Inn","rep":0},"geometry":{"type":"Point","coordinates":[98.09529,14.21567]}},{"type":"Feature","properties":{"VILLAGE":"Pan Det Inn","VLG_MMR":"ပန်းဒက်အင်း","TS":"Launglon","VT":"Pan Det Inn","rep":0},"geometry":{"type":"Point","coordinates":[98.10205,14.17374]}},{"type":"Feature","properties":{"VILLAGE":"Pyin Gyi Kyun","VLG_MMR":"ပြင်ကြီးကျွန်း","TS":"Launglon","VT":"Pyin Gyi Kyun","rep":0},"geometry":{"type":"Point","coordinates":[98.21,13.79434]}},{"type":"Feature","properties":{"VILLAGE":"Pyin Htein","VLG_MMR":"ပြင်းထိန်","TS":"Launglon","VT":"Pyin Htein","rep":0},"geometry":{"type":"Point","coordinates":[98.13394,13.97661]}},{"type":"Feature","properties":{"VILLAGE":"Mya Khar Pat","VLG_MMR":"မြခါးပတ်","TS":"Launglon","VT":"Pyin Kyaung","rep":0},"geometry":{"type":"Point","coordinates":[98.15047,13.86777]}},{"type":"Feature","properties":{"VILLAGE":"Nat Sin Shaung","VLG_MMR":"နတ်စင်ရှောင်","TS":"Launglon","VT":"Pyin Kyaung","rep":0},"geometry":{"type":"Point","coordinates":[98.15715,13.86635]}},{"type":"Feature","properties":{"VILLAGE":"Pyin Kyaung","VLG_MMR":"ပြင်ကျောင်း","TS":"Launglon","VT":"Pyin Kyaung","rep":0},"geometry":{"type":"Point","coordinates":[98.16103,13.86832]}},{"type":"Feature","properties":{"VILLAGE":"Hpwar Boke Pyin","VLG_MMR":"ဖွားဘုတ်ပြင်","TS":"Launglon","VT":"Sa Khan Gyi","rep":0},"geometry":{"type":"Point","coordinates":[98.14331,14.16585]}},{"type":"Feature","properties":{"VILLAGE":"Pan Seik","VLG_MMR":"ပန်းစိပ်","TS":"Launglon","VT":"Sa Khan Gyi","rep":0},"geometry":{"type":"Point","coordinates":[98.15823,14.14587]}},{"type":"Feature","properties":{"VILLAGE":"Sa Khan Gyi","VLG_MMR":"စခန်းကြီး","TS":"Launglon","VT":"Sa Khan Gyi","rep":0},"geometry":{"type":"Point","coordinates":[98.15942,14.1386]}},{"type":"Feature","properties":{"VILLAGE":"Sun Taung Maw","VLG_MMR":"စွန်တောင်မော်","TS":"Launglon","VT":"Sa Khan Gyi","rep":0},"geometry":{"type":"Point","coordinates":[98.15619,14.14591]}},{"type":"Feature","properties":{"VILLAGE":"Taw Shey","VLG_MMR":"တောရှည်","TS":"Launglon","VT":"Sa Khan Gyi","rep":0},"geometry":{"type":"Point","coordinates":[98.12532,14.12799]}},{"type":"Feature","properties":{"VILLAGE":"Kyone Ga Nan","VLG_MMR":"ကျုံးဂဏန်း","TS":"Launglon","VT":"San Hlan","rep":1},"geometry":{"type":"Point","coordinates":[98.06963,13.95211]}},{"type":"Feature","properties":{"VILLAGE":"Pin Lel Kan","VLG_MMR":"ပင်လယ်ကမ်း","TS":"Launglon","VT":"San Hlan","rep":0},"geometry":{"type":"Point","coordinates":[98.07189,13.94258]}},{"type":"Feature","properties":{"VILLAGE":"San Hlan","VLG_MMR":"စမ်းလှမ်း","TS":"Launglon","VT":"San Hlan","rep":0},"geometry":{"type":"Point","coordinates":[98.07759,13.93941]}},{"type":"Feature","properties":{"VILLAGE":"Pein Shaung","VLG_MMR":"ပိန်းရှောင်","TS":"Launglon","VT":"Sit Pyea","rep":0},"geometry":{"type":"Point","coordinates":[98.13841,13.95686]}},{"type":"Feature","properties":{"VILLAGE":"Shey Hpet Kar","VLG_MMR":"ရှေ့ဖက္ကာ","TS":"Launglon","VT":"Sit Pyea","rep":0},"geometry":{"type":"Point","coordinates":[98.14223,13.95488]}},{"type":"Feature","properties":{"VILLAGE":"Sit Pyea","VLG_MMR":"စစ်ပြဲ","TS":"Launglon","VT":"Sit Pyea","rep":1},"geometry":{"type":"Point","coordinates":[98.13905,13.94553]}},{"type":"Feature","properties":{"VILLAGE":"Taung Min Pyaung","VLG_MMR":"တောင်မင်းပြောင်","TS":"Launglon","VT":"Taung Min Pyaung","rep":0},"geometry":{"type":"Point","coordinates":[98.17576,14.14479]}},{"type":"Feature","properties":{"VILLAGE":"Taw Kye","VLG_MMR":"တောကျဲ","TS":"Launglon","VT":"Taw Kye","rep":1},"geometry":{"type":"Point","coordinates":[98.1596,13.79993]}},{"type":"Feature","properties":{"VILLAGE":"Tha Win","VLG_MMR":"သဝင်","TS":"Launglon","VT":"Taw Kye","rep":1},"geometry":{"type":"Point","coordinates":[98.15587,13.77758]}},{"type":"Feature","properties":{"VILLAGE":"Me Maw","VLG_MMR":"မဲမော်","TS":"Launglon","VT":"Tha Byar","rep":0},"geometry":{"type":"Point","coordinates":[98.14484,13.99725]}},{"type":"Feature","properties":{"VILLAGE":"Pyin Sa Thi Maw","VLG_MMR":"ပဉ္စသီမော်","TS":"Launglon","VT":"Tha Byar","rep":1},"geometry":{"type":"Point","coordinates":[98.14023,14.01025]}},{"type":"Feature","properties":{"VILLAGE":"Tha Byar","VLG_MMR":"သဗျာ","TS":"Launglon","VT":"Tha Byar","rep":1},"geometry":{"type":"Point","coordinates":[98.12913,14.00968]}},{"type":"Feature","properties":{"VILLAGE":"Kyauk Pon","VLG_MMR":"ကျောက်ပုံ","TS":"Launglon","VT":"Tha Kyet Taw","rep":0},"geometry":{"type":"Point","coordinates":[98.14897,13.7354]}},{"type":"Feature","properties":{"VILLAGE":"Lel Hla","VLG_MMR":"လယ်လှ","TS":"Launglon","VT":"Tha Kyet Taw","rep":0},"geometry":{"type":"Point","coordinates":[98.15368,13.75663]}},{"type":"Feature","properties":{"VILLAGE":"Ra Be","VLG_MMR":"ရဘဲ","TS":"Launglon","VT":"Tha Kyet Taw","rep":1},"geometry":{"type":"Point","coordinates":[98.15237,13.72573]}},{"type":"Feature","properties":{"VILLAGE":"Tha Kyet Taw","VLG_MMR":"သကျက်တော","TS":"Launglon","VT":"Tha Kyet Taw","rep":1},"geometry":{"type":"Point","coordinates":[98.15047,13.75109]}},{"type":"Feature","properties":{"VILLAGE":"Ywar Thit Kone","VLG_MMR":"ရွာသစ်ကုန်း","TS":"Launglon","VT":"Tha Kyet Taw","rep":0},"geometry":{"type":"Point","coordinates":[98.14371,13.74532]}},{"type":"Feature","properties":{"VILLAGE":"Hin Cho Taw","VLG_MMR":"ဟင်းချိုတော","TS":"Launglon","VT":"Tha Pyay Shaung","rep":0},"geometry":{"type":"Point","coordinates":[98.16243,13.83975]}},{"type":"Feature","properties":{"VILLAGE":"Tha Pyay Shaung","VLG_MMR":"သပြေရှောင်","TS":"Launglon","VT":"Tha Pyay Shaung","rep":1},"geometry":{"type":"Point","coordinates":[98.16515,13.82825]}},{"type":"Feature","properties":{"VILLAGE":"Than Hlyin","VLG_MMR":"သံလျှင်","TS":"Launglon","VT":"Tha Pyay Shaung","rep":0},"geometry":{"type":"Point","coordinates":[98.16091,13.83311]}},{"type":"Feature","properties":{"VILLAGE":"Ya Be Inn","VLG_MMR":"ရဘဲအင်း","TS":"Launglon","VT":"Tha Pyay Shaung","rep":0},"geometry":{"type":"Point","coordinates":[98.161,13.81904]}},{"type":"Feature","properties":{"VILLAGE":"Inn Wun","VLG_MMR":"အင်းဝန်း","TS":"Launglon","VT":"Thar Yar Kone","rep":1},"geometry":{"type":"Point","coordinates":[98.16529,14.0752]}},{"type":"Feature","properties":{"VILLAGE":"Thar Yar Kone","VLG_MMR":"သာယာကုန်း","TS":"Launglon","VT":"Thar Yar Kone","rep":0},"geometry":{"type":"Point","coordinates":[98.15921,14.07824]}},{"type":"Feature","properties":{"VILLAGE":"Thea Pon","VLG_MMR":"သဲပုံ","TS":"Launglon","VT":"Thar Yar Kone","rep":1},"geometry":{"type":"Point","coordinates":[98.14622,14.07663]}},{"type":"Feature","properties":{"VILLAGE":"Ti Zit","VLG_MMR":"တီဇစ်","TS":"Launglon","VT":"Ti Zit","rep":1},"geometry":{"type":"Point","coordinates":[98.09427,13.90819]}},{"type":"Feature","properties":{"VILLAGE":"Da Yei Kwin","VLG_MMR":"ဒရယ်ကွင်း","TS":"Launglon","VT":"Way Di","rep":0},"geometry":{"type":"Point","coordinates":[98.17462,13.98895]}},{"type":"Feature","properties":{"VILLAGE":"Way Di","VLG_MMR":"ဝေဒီ","TS":"Launglon","VT":"Way Di","rep":1},"geometry":{"type":"Point","coordinates":[98.1759,13.97872]}},{"type":"Feature","properties":{"VILLAGE":"Way Di Kan","VLG_MMR":"ဝေဒီကမ်း","TS":"Launglon","VT":"Way Di","rep":0},"geometry":{"type":"Point","coordinates":[98.18156,13.98245]}},{"type":"Feature","properties":{"VILLAGE":"Ywar Haung Wa","VLG_MMR":"ရွာဟောင်းဝ","TS":"Launglon","VT":"Ywar Haung Wa","rep":0},"geometry":{"type":"Point","coordinates":[98.15906,14.03886]}},{"type":"Feature","properties":{"VILLAGE":"Pyin Gyi","VLG_MMR":"ပြင်ကြီး","TS":"Launglon","VT":"Za Lut","rep":1},"geometry":{"type":"Point","coordinates":[98.17466,13.6887]}},{"type":"Feature","properties":{"VILLAGE":"Za Lut","VLG_MMR":"ဇလွတ်","TS":"Launglon","VT":"Za Lut","rep":1},"geometry":{"type":"Point","coordinates":[98.17391,13.68818]}},{"type":"Feature","properties":{"VILLAGE":"Du Yin Pin Shaung","VLG_MMR":"ဒူးရင်ပင်ရှောင်","TS":"Palaw","VT":"Du Yin Pin Shaung","rep":0},"geometry":{"type":"Point","coordinates":[98.69376,12.98147]}},{"type":"Feature","properties":{"VILLAGE":"Gyin Ni","VLG_MMR":"ဂျင်းနီ","TS":"Palaw","VT":"Du Yin Pin Shaung","rep":0},"geometry":{"type":"Point","coordinates":[98.73062,12.96296]}},{"type":"Feature","properties":{"VILLAGE":"Sar Khe","VLG_MMR":"ဆားခဲ","TS":"Palaw","VT":"Du Yin Pin Shaung","rep":0},"geometry":{"type":"Point","coordinates":[98.70314,12.97043]}},{"type":"Feature","properties":{"VILLAGE":"Hta Min Ma Sar","VLG_MMR":"ထမင်းမစား","TS":"Palaw","VT":"Hta Min Ma Sar","rep":0},"geometry":{"type":"Point","coordinates":[98.63694,13.11587]}},{"type":"Feature","properties":{"VILLAGE":"Nan Pa Yoke","VLG_MMR":"နန်းပရုပ်","TS":"Palaw","VT":"Hta Min Ma Sar","rep":0},"geometry":{"type":"Point","coordinates":[98.65344,13.09796]}},{"type":"Feature","properties":{"VILLAGE":"Tha Bon Pyin","VLG_MMR":"သဘုံပြင်","TS":"Palaw","VT":"Hta Min Ma Sar","rep":0},"geometry":{"type":"Point","coordinates":[98.66128,13.11885]}},{"type":"Feature","properties":{"VILLAGE":"Ka Byar","VLG_MMR":"ကဗျာ","TS":"Palaw","VT":"Ka De","rep":0},"geometry":{"type":"Point","coordinates":[98.72912,12.90239]}},{"type":"Feature","properties":{"VILLAGE":"Ka De","VLG_MMR":"ကဒဲ","TS":"Palaw","VT":"Ka De","rep":1},"geometry":{"type":"Point","coordinates":[98.69477,12.89227]}},{"type":"Feature","properties":{"VILLAGE":"Let Pan Pyin","VLG_MMR":"လက်ပံပြင်","TS":"Palaw","VT":"Ka De","rep":0},"geometry":{"type":"Point","coordinates":[98.72526,12.88789]}},{"type":"Feature","properties":{"VILLAGE":"Pa Wut Gon Hnyin Pwe","VLG_MMR":"ပဝတ်ဂုံညှင်းပွဲ","TS":"Palaw","VT":"Ka De","rep":0},"geometry":{"type":"Point","coordinates":[98.70969,12.93237]}},{"type":"Feature","properties":{"VILLAGE":"Pa Wut Kone","VLG_MMR":"ပဝတ်ကုန်း","TS":"Palaw","VT":"Ka De","rep":1},"geometry":{"type":"Point","coordinates":[98.68969,12.91184]}},{"type":"Feature","properties":{"VILLAGE":"Khan Ti","VLG_MMR":"ခန္တီ","TS":"Palaw","VT":"Khan Ti","rep":0},"geometry":{"type":"Point","coordinates":[98.54347,13.16177]}},{"type":"Feature","properties":{"VILLAGE":"Ku Lar Ma Khaung","VLG_MMR":"ကုလားမခေါင်း","TS":"Palaw","VT":"Khan Ti","rep":0},"geometry":{"type":"Point","coordinates":[98.55225,13.15609]}},{"type":"Feature","properties":{"VILLAGE":"Pyin Gyi","VLG_MMR":"ပြင်ကြီး","TS":"Palaw","VT":"Khan Ti","rep":0},"geometry":{"type":"Point","coordinates":[98.54595,13.17747]}},{"type":"Feature","properties":{"VILLAGE":"Kyauk Kar","VLG_MMR":"ကျောက္ကာ","TS":"Palaw","VT":"Kyauk Kar","rep":0},"geometry":{"type":"Point","coordinates":[98.63261,12.75538]}},{"type":"Feature","properties":{"VILLAGE":"Sat Swea Aw","VLG_MMR":"ဆတ်ဆွဲအော်","TS":"Palaw","VT":"Kyauk Kar","rep":0},"geometry":{"type":"Point","coordinates":[98.62588,12.76287]}},{"type":"Feature","properties":{"VILLAGE":"Tha Gyet Kan","VLG_MMR":"သဂျက်ကမ်း","TS":"Palaw","VT":"Kyauk Kar","rep":0},"geometry":{"type":"Point","coordinates":[98.62187,12.73851]}},{"type":"Feature","properties":{"VILLAGE":"Yar Za Kyo","VLG_MMR":"ရာဇကြို","TS":"Palaw","VT":"Kyauk Kar","rep":0},"geometry":{"type":"Point","coordinates":[98.62431,12.74982]}},{"type":"Feature","properties":{"VILLAGE":"Ah Shey Kone","VLG_MMR":"အရှေ့ကုန်း","TS":"Palaw","VT":"Kyauk Lone Gyi","rep":0},"geometry":{"type":"Point","coordinates":[98.53828,13.27111]}},{"type":"Feature","properties":{"VILLAGE":"Kan Maw Gyi","VLG_MMR":"ကံမော်ကြီး","TS":"Palaw","VT":"Kyauk Lone Gyi","rep":0},"geometry":{"type":"Point","coordinates":[98.49168,13.25043]}},{"type":"Feature","properties":{"VILLAGE":"Khu Poke","VLG_MMR":"ခူပုတ်","TS":"Palaw","VT":"Kyauk Lone Gyi","rep":0},"geometry":{"type":"Point","coordinates":[98.53017,13.30373]}},{"type":"Feature","properties":{"VILLAGE":"Kyauk Hmaw","VLG_MMR":"ကျောက်မှော်","TS":"Palaw","VT":"Kyauk Lone Gyi","rep":0},"geometry":{"type":"Point","coordinates":[98.60743,13.2027]}},{"type":"Feature","properties":{"VILLAGE":"Kyauk Lone Gyi","VLG_MMR":"ကျောက်လုံးကြီး","TS":"Palaw","VT":"Kyauk Lone Gyi","rep":0},"geometry":{"type":"Point","coordinates":[98.54711,13.26444]}},{"type":"Feature","properties":{"VILLAGE":"Kyauk Taung","VLG_MMR":"ကျောက်တောင်","TS":"Palaw","VT":"Kyauk Lone Gyi","rep":0},"geometry":{"type":"Point","coordinates":[98.55962,13.26705]}},{"type":"Feature","properties":{"VILLAGE":"Kyauk Taung Kwet Thit","VLG_MMR":"ကျောက်တောင်ကွက်သစ်","TS":"Palaw","VT":"Kyauk Lone Gyi","rep":0},"geometry":{"type":"Point","coordinates":[98.55646,13.27736]}},{"type":"Feature","properties":{"VILLAGE":"Kywet Khe","VLG_MMR":"ကြွက်ခဲ","TS":"Palaw","VT":"Kyauk Lone Gyi","rep":0},"geometry":{"type":"Point","coordinates":[98.59834,13.25186]}},{"type":"Feature","properties":{"VILLAGE":"Min Ka Kye","VLG_MMR":"မင်းကကြဲ","TS":"Palaw","VT":"Kyauk Lone Gyi","rep":0},"geometry":{"type":"Point","coordinates":[98.58405,13.24005]}},{"type":"Feature","properties":{"VILLAGE":"Nyaung Shin Kone","VLG_MMR":"ညောင်ရှင်ကုန်း","TS":"Palaw","VT":"Kyauk Lone Gyi","rep":0},"geometry":{"type":"Point","coordinates":[98.5313,13.2758]}},{"type":"Feature","properties":{"VILLAGE":"Tha Yet Ta Pin","VLG_MMR":"သရက်တပင်","TS":"Palaw","VT":"Kyauk Lone Gyi","rep":0},"geometry":{"type":"Point","coordinates":[98.52955,13.25217]}},{"type":"Feature","properties":{"VILLAGE":"War Kone","VLG_MMR":"ဝါးကုန်း","TS":"Palaw","VT":"Kyauk Lone Gyi","rep":0},"geometry":{"type":"Point","coordinates":[98.58767,13.2184]}},{"type":"Feature","properties":{"VILLAGE":"Ka Pa Taung Gyi","VLG_MMR":"ကပတောင်ကြီး","TS":"Palaw","VT":"Kye","rep":0},"geometry":{"type":"Point","coordinates":[98.76805,12.76511]}},{"type":"Feature","properties":{"VILLAGE":"Kye","VLG_MMR":"ကြဲ","TS":"Palaw","VT":"Kye","rep":0},"geometry":{"type":"Point","coordinates":[98.7221,12.79943]}},{"type":"Feature","properties":{"VILLAGE":"Mee Laung Chaung","VLG_MMR":"မီးလောင်ချောင်း","TS":"Palaw","VT":"Kye","rep":0},"geometry":{"type":"Point","coordinates":[98.72717,12.75362]}},{"type":"Feature","properties":{"VILLAGE":"Set Taw Yar","VLG_MMR":"စက်တော်ရာ","TS":"Palaw","VT":"Kye","rep":0},"geometry":{"type":"Point","coordinates":[98.72278,12.82782]}},{"type":"Feature","properties":{"VILLAGE":"Ta Po","VLG_MMR":"တပို","TS":"Palaw","VT":"Kye","rep":0},"geometry":{"type":"Point","coordinates":[98.70949,12.8362]}},{"type":"Feature","properties":{"VILLAGE":"Ta Po Chaung Hpyar","VLG_MMR":"တပိုချောင်းဖျား","TS":"Palaw","VT":"Kye","rep":0},"geometry":{"type":"Point","coordinates":[98.71395,12.84902]}},{"type":"Feature","properties":{"VILLAGE":"Thea Pon","VLG_MMR":"သဲပုံ","TS":"Palaw","VT":"Kye","rep":0},"geometry":{"type":"Point","coordinates":[98.71101,12.72789]}},{"type":"Feature","properties":{"VILLAGE":"Bo Taung Seik","VLG_MMR":"ဘိုတောင်ဆိပ်","TS":"Palaw","VT":"Leik Thaung","rep":0},"geometry":{"type":"Point","coordinates":[98.60989,13.11013]}},{"type":"Feature","properties":{"VILLAGE":"Leik Thaung","VLG_MMR":"လိပ်သောင်","TS":"Palaw","VT":"Leik Thaung","rep":0},"geometry":{"type":"Point","coordinates":[98.57362,13.11576]}},{"type":"Feature","properties":{"VILLAGE":"Lel Hpet","VLG_MMR":"လယ်ဖက်","TS":"Palaw","VT":"Leik Thaung","rep":0},"geometry":{"type":"Point","coordinates":[98.60114,13.10019]}},{"type":"Feature","properties":{"VILLAGE":"Ohn Taw","VLG_MMR":"အုန်းတော","TS":"Palaw","VT":"Leik Thaung","rep":0},"geometry":{"type":"Point","coordinates":[98.60611,13.13263]}},{"type":"Feature","properties":{"VILLAGE":"Hmaw Kyaung","VLG_MMR":"မှော်ကြောင်း","TS":"Palaw","VT":"Let Ku","rep":0},"geometry":{"type":"Point","coordinates":[98.64143,12.94402]}},{"type":"Feature","properties":{"VILLAGE":"Hpa Yar Tet","VLG_MMR":"ဘုရားတက်","TS":"Palaw","VT":"Let Ku","rep":0},"geometry":{"type":"Point","coordinates":[98.63263,12.88676]}},{"type":"Feature","properties":{"VILLAGE":"Let Ku","VLG_MMR":"လက္ကူး","TS":"Palaw","VT":"Let Ku","rep":0},"geometry":{"type":"Point","coordinates":[98.6354,12.91707]}},{"type":"Feature","properties":{"VILLAGE":"Ma Daung","VLG_MMR":"မဒေါင်","TS":"Palaw","VT":"Let Ku","rep":0},"geometry":{"type":"Point","coordinates":[98.64085,12.88219]}},{"type":"Feature","properties":{"VILLAGE":"Peit Htauk","VLG_MMR":"ပဲ့ထောက်","TS":"Palaw","VT":"Let Ku","rep":0},"geometry":{"type":"Point","coordinates":[98.64481,12.89613]}},{"type":"Feature","properties":{"VILLAGE":"Pyin Hpyu","VLG_MMR":"ပြင်းဖြူ","TS":"Palaw","VT":"Let Ku","rep":0},"geometry":{"type":"Point","coordinates":[98.62641,12.90327]}},{"type":"Feature","properties":{"VILLAGE":"Yae Mon","VLG_MMR":"ရေမုံ","TS":"Palaw","VT":"Let Ku","rep":0},"geometry":{"type":"Point","coordinates":[98.59726,12.94508]}},{"type":"Feature","properties":{"VILLAGE":"Kha Maung Taw","VLG_MMR":"ခမောင်းတော","TS":"Palaw","VT":"Ma Gyi Kone","rep":0},"geometry":{"type":"Point","coordinates":[98.66868,12.93943]}},{"type":"Feature","properties":{"VILLAGE":"Lan Thay Hmaw","VLG_MMR":"လမ်းသေးမှော်","TS":"Palaw","VT":"Ma Gyi Kone","rep":0},"geometry":{"type":"Point","coordinates":[98.65968,12.94866]}},{"type":"Feature","properties":{"VILLAGE":"Ma Gyi Kone","VLG_MMR":"မကျည်းကုန်း","TS":"Palaw","VT":"Ma Gyi Kone","rep":0},"geometry":{"type":"Point","coordinates":[98.66294,12.95544]}},{"type":"Feature","properties":{"VILLAGE":"Nat Ein Kan","VLG_MMR":"နတ်အိမ်ကန်း","TS":"Palaw","VT":"Ma Gyi Kone","rep":0},"geometry":{"type":"Point","coordinates":[98.60642,12.9546]}},{"type":"Feature","properties":{"VILLAGE":"Gyaw Taung","VLG_MMR":"ဂျောတောင်","TS":"Palaw","VT":"Ma Li","rep":0},"geometry":{"type":"Point","coordinates":[98.31282,13.05294]}},{"type":"Feature","properties":{"VILLAGE":"Kyauk Hta Yan","VLG_MMR":"ကျောက်ထရံ","TS":"Palaw","VT":"Ma Li","rep":0},"geometry":{"type":"Point","coordinates":[98.27976,13.12078]}},{"type":"Feature","properties":{"VILLAGE":"Nga Yoke Kaung Aw","VLG_MMR":"ငြုပ်ကောင်းအော်","TS":"Palaw","VT":"Ma Li","rep":0},"geometry":{"type":"Point","coordinates":[98.29015,13.0769]}},{"type":"Feature","properties":{"VILLAGE":"Ngar Kyun","VLG_MMR":"ငါးကျွန်း","TS":"Palaw","VT":"Ma Li","rep":0},"geometry":{"type":"Point","coordinates":[98.31178,13.03104]}},{"type":"Feature","properties":{"VILLAGE":"Za Yat Seik","VLG_MMR":"ဇရပ်ဆိပ်","TS":"Palaw","VT":"Ma Li","rep":0},"geometry":{"type":"Point","coordinates":[98.28993,13.10056]}},{"type":"Feature","properties":{"VILLAGE":"Ah Htet Hti Khaing","VLG_MMR":"အထက်ထိခိုင်","TS":"Palaw","VT":"Mee Kyaung Thaik","rep":0},"geometry":{"type":"Point","coordinates":[98.81959,13.09315]}},{"type":"Feature","properties":{"VILLAGE":"Auk Hti Khaing","VLG_MMR":"အောက်ထိခိုင်","TS":"Palaw","VT":"Mee Kyaung Thaik","rep":0},"geometry":{"type":"Point","coordinates":[98.76225,13.03205]}},{"type":"Feature","properties":{"VILLAGE":"Ban Khar","VLG_MMR":"ဘန်ခါး","TS":"Palaw","VT":"Mee Kyaung Thaik","rep":0},"geometry":{"type":"Point","coordinates":[98.79446,13.08527]}},{"type":"Feature","properties":{"VILLAGE":"Mee Kyaung Thaik","VLG_MMR":"မီးကျောင်းသိုက်","TS":"Palaw","VT":"Mee Kyaung Thaik","rep":0},"geometry":{"type":"Point","coordinates":[98.75719,13.04048]}},{"type":"Feature","properties":{"VILLAGE":"Min Htein","VLG_MMR":"မင်းထိန်","TS":"Palaw","VT":"Min Htein","rep":0},"geometry":{"type":"Point","coordinates":[98.67312,12.91974]}},{"type":"Feature","properties":{"VILLAGE":"Gyint Gar","VLG_MMR":"ဂျင့်ဂါ","TS":"Palaw","VT":"Nan Taung","rep":0},"geometry":{"type":"Point","coordinates":[98.67771,12.98198]}},{"type":"Feature","properties":{"VILLAGE":"Hmaw Mi","VLG_MMR":"မှော်မိ","TS":"Palaw","VT":"Nan Taung","rep":0},"geometry":{"type":"Point","coordinates":[98.67504,12.97614]}},{"type":"Feature","properties":{"VILLAGE":"Kyaung Neint","VLG_MMR":"ကျောင်းနိမ့်","TS":"Palaw","VT":"Nan Taung","rep":0},"geometry":{"type":"Point","coordinates":[98.68194,12.95682]}},{"type":"Feature","properties":{"VILLAGE":"Nan Taung","VLG_MMR":"နန်းတောင်","TS":"Palaw","VT":"Nan Taung","rep":0},"geometry":{"type":"Point","coordinates":[98.66052,12.97218]}},{"type":"Feature","properties":{"VILLAGE":"Pa Wut Hpyar","VLG_MMR":"ပဝတ်ဖျား","TS":"Palaw","VT":"Nan Taung","rep":0},"geometry":{"type":"Point","coordinates":[98.70045,12.93058]}},{"type":"Feature","properties":{"VILLAGE":"Pein Hne Taung","VLG_MMR":"ပိန္နဲတောင်","TS":"Palaw","VT":"Nan Taung","rep":0},"geometry":{"type":"Point","coordinates":[98.69412,12.96473]}},{"type":"Feature","properties":{"VILLAGE":"Sin Ku Taung","VLG_MMR":"ဆင်ကူးတောင်","TS":"Palaw","VT":"Nan Taung","rep":0},"geometry":{"type":"Point","coordinates":[98.68694,12.96194]}},{"type":"Feature","properties":{"VILLAGE":"Hpoe Pyan Kone","VLG_MMR":"ဖိုးပျံကုန်း","TS":"Palaw","VT":"Nan Thi Lar","rep":0},"geometry":{"type":"Point","coordinates":[98.61577,13.25689]}},{"type":"Feature","properties":{"VILLAGE":"Ma Daw","VLG_MMR":"မဒေါ","TS":"Palaw","VT":"Nan Thi Lar","rep":0},"geometry":{"type":"Point","coordinates":[98.67778,13.31128]}},{"type":"Feature","properties":{"VILLAGE":"Mee Kyaung Hpyu","VLG_MMR":"မီးကျောင်းဖြူ","TS":"Palaw","VT":"Nan Thi Lar","rep":0},"geometry":{"type":"Point","coordinates":[98.66737,13.3742]}},{"type":"Feature","properties":{"VILLAGE":"Nan Taung","VLG_MMR":"နန်းတောင်","TS":"Palaw","VT":"Nan Thi Lar","rep":0},"geometry":{"type":"Point","coordinates":[98.62563,13.22922]}},{"type":"Feature","properties":{"VILLAGE":"Nan Thi Lar","VLG_MMR":"နန်းသီလာ","TS":"Palaw","VT":"Nan Thi Lar","rep":0},"geometry":{"type":"Point","coordinates":[98.68395,13.36995]}},{"type":"Feature","properties":{"VILLAGE":"Tha Pyu Pyin","VLG_MMR":"သပြုပြင်","TS":"Palaw","VT":"Nan Thi Lar","rep":0},"geometry":{"type":"Point","coordinates":[98.71726,13.30973]}},{"type":"Feature","properties":{"VILLAGE":"War Zum Oak","VLG_MMR":"ဝါးဇွမ်းအုပ်","TS":"Palaw","VT":"Nan Thi Lar","rep":0},"geometry":{"type":"Point","coordinates":[98.6421,13.25089]}},{"type":"Feature","properties":{"VILLAGE":"Ah Htet Seik","VLG_MMR":"အထက်ဆိပ်","TS":"Palaw","VT":"Pa La","rep":0},"geometry":{"type":"Point","coordinates":[98.6589,12.83482]}},{"type":"Feature","properties":{"VILLAGE":"Baing Pyin","VLG_MMR":"ဘိုင်းပြင်","TS":"Palaw","VT":"Pa La","rep":0},"geometry":{"type":"Point","coordinates":[98.68093,12.82585]}},{"type":"Feature","properties":{"VILLAGE":"Kawt Dway","VLG_MMR":"ကော့ဒွေး","TS":"Palaw","VT":"Pa La","rep":0},"geometry":{"type":"Point","coordinates":[98.5182,12.79141]}},{"type":"Feature","properties":{"VILLAGE":"Kin","VLG_MMR":"ကင်း","TS":"Palaw","VT":"Pa La","rep":0},"geometry":{"type":"Point","coordinates":[98.66036,12.83173]}},{"type":"Feature","properties":{"VILLAGE":"Kye Pyin","VLG_MMR":"ကျဲပြင်","TS":"Palaw","VT":"Pa La","rep":0},"geometry":{"type":"Point","coordinates":[98.65858,12.84343]}},{"type":"Feature","properties":{"VILLAGE":"Min Pyin","VLG_MMR":"မင်းပြင်","TS":"Palaw","VT":"Pa La","rep":0},"geometry":{"type":"Point","coordinates":[98.67797,12.83749]}},{"type":"Feature","properties":{"VILLAGE":"Za Yat Seik Ah Lel Paing","VLG_MMR":"ဇရပ်ဆိပ်အလယ်ပိုင်း","TS":"Palaw","VT":"Pa La","rep":0},"geometry":{"type":"Point","coordinates":[98.70068,12.81716]}},{"type":"Feature","properties":{"VILLAGE":"Gyin Ni","VLG_MMR":"ဂျင်းနီ","TS":"Palaw","VT":"Pu Law Hpyar","rep":0},"geometry":{"type":"Point","coordinates":[98.72312,12.9802]}},{"type":"Feature","properties":{"VILLAGE":"Hti Kaing Pon","VLG_MMR":"ထိကိုင်းပုံ","TS":"Palaw","VT":"Pu Law Hpyar","rep":0},"geometry":{"type":"Point","coordinates":[98.75468,12.98464]}},{"type":"Feature","properties":{"VILLAGE":"Hti Toe","VLG_MMR":"ထိတိုး","TS":"Palaw","VT":"Pu Law Hpyar","rep":0},"geometry":{"type":"Point","coordinates":[98.78602,12.95278]}},{"type":"Feature","properties":{"VILLAGE":"Kha Maung Hla","VLG_MMR":"ခမောင်းလှ","TS":"Palaw","VT":"Pu Law Hpyar","rep":0},"geometry":{"type":"Point","coordinates":[98.7617,12.97774]}},{"type":"Feature","properties":{"VILLAGE":"Ma Daw","VLG_MMR":"မဒေါ","TS":"Palaw","VT":"Pu Law Hpyar","rep":0},"geometry":{"type":"Point","coordinates":[98.76968,12.97366]}},{"type":"Feature","properties":{"VILLAGE":"Sin Kyun","VLG_MMR":"ဆင်ကျွံ","TS":"Palaw","VT":"Pu Law Hpyar","rep":0},"geometry":{"type":"Point","coordinates":[98.73873,12.98876]}},{"type":"Feature","properties":{"VILLAGE":"Thar Yar Kone","VLG_MMR":"သာယာကုန်း","TS":"Palaw","VT":"Pu Law Hpyar","rep":0},"geometry":{"type":"Point","coordinates":[98.72321,12.99078]}},{"type":"Feature","properties":{"VILLAGE":"Yae Shan","VLG_MMR":"ရေရှမ်း","TS":"Palaw","VT":"Pu Law Hpyar","rep":0},"geometry":{"type":"Point","coordinates":[98.74119,12.98752]}},{"type":"Feature","properties":{"VILLAGE":"Zat Win","VLG_MMR":"ဇာတ်ဝင်း","TS":"Palaw","VT":"Pu Law Hpyar","rep":0},"geometry":{"type":"Point","coordinates":[98.75525,12.97286]}},{"type":"Feature","properties":{"VILLAGE":"Myo Haung","VLG_MMR":"မြို့ဟောင်း","TS":"Palaw","VT":"Pu Law Kone","rep":0},"geometry":{"type":"Point","coordinates":[98.70365,13.00196]}},{"type":"Feature","properties":{"VILLAGE":"Pu Law Kone","VLG_MMR":"ပုလောကုန်း","TS":"Palaw","VT":"Pu Law Kone","rep":0},"geometry":{"type":"Point","coordinates":[98.68004,13.01439]}},{"type":"Feature","properties":{"VILLAGE":"Ta Maing","VLG_MMR":"တမိုင်","TS":"Palaw","VT":"Pu Law Kone","rep":0},"geometry":{"type":"Point","coordinates":[98.67142,13.01442]}},{"type":"Feature","properties":{"VILLAGE":"Taung Pale","VLG_MMR":"တောင်ပုလဲ","TS":"Palaw","VT":"Pu Law Kone","rep":0},"geometry":{"type":"Point","coordinates":[98.6783,12.99304]}},{"type":"Feature","properties":{"VILLAGE":"Wet Toe","VLG_MMR":"ဝက်တိုး","TS":"Palaw","VT":"Pu Law Kone","rep":0},"geometry":{"type":"Point","coordinates":[98.67654,13.00512]}},{"type":"Feature","properties":{"VILLAGE":"Hmyit Chin Su","VLG_MMR":"မျှစ်ချဉ်စု","TS":"Palaw","VT":"Pyi Char","rep":0},"geometry":{"type":"Point","coordinates":[98.63284,13.18001]}},{"type":"Feature","properties":{"VILLAGE":"Hti Lu Chaung","VLG_MMR":"ထိလုချောင်း","TS":"Palaw","VT":"Pyi Char","rep":0},"geometry":{"type":"Point","coordinates":[98.72311,13.15125]}},{"type":"Feature","properties":{"VILLAGE":"Mar Gon Mar","VLG_MMR":"မာဂုံမာ","TS":"Palaw","VT":"Pyi Char","rep":0},"geometry":{"type":"Point","coordinates":[98.69149,13.21571]}},{"type":"Feature","properties":{"VILLAGE":"Ngar Tet","VLG_MMR":"ငါးတက်","TS":"Palaw","VT":"Pyi Char","rep":0},"geometry":{"type":"Point","coordinates":[98.73161,13.17957]}},{"type":"Feature","properties":{"VILLAGE":"Pyi Char","VLG_MMR":"ပြည်ခြား","TS":"Palaw","VT":"Pyi Char","rep":0},"geometry":{"type":"Point","coordinates":[98.63371,13.19102]}},{"type":"Feature","properties":{"VILLAGE":"Taw Win","VLG_MMR":"တော်ဝင်","TS":"Palaw","VT":"Pyi Char","rep":0},"geometry":{"type":"Point","coordinates":[98.63156,13.14317]}},{"type":"Feature","properties":{"VILLAGE":"Yae Pu","VLG_MMR":"ရေပူ","TS":"Palaw","VT":"Pyi Char","rep":0},"geometry":{"type":"Point","coordinates":[98.68934,13.19422]}},{"type":"Feature","properties":{"VILLAGE":"Ah Htet Kone","VLG_MMR":"အထက်ကုန်း","TS":"Palaw","VT":"Pyin Bu Gyi","rep":0},"geometry":{"type":"Point","coordinates":[98.50284,13.21179]}},{"type":"Feature","properties":{"VILLAGE":"Ah Shey Bet","VLG_MMR":"အရှေ့ဘက်","TS":"Palaw","VT":"Pyin Bu Gyi","rep":0},"geometry":{"type":"Point","coordinates":[98.50226,13.21076]}},{"type":"Feature","properties":{"VILLAGE":"Hpaung Taw","VLG_MMR":"ဖောင်းတော","TS":"Palaw","VT":"Pyin Bu Gyi","rep":0},"geometry":{"type":"Point","coordinates":[98.49679,13.18989]}},{"type":"Feature","properties":{"VILLAGE":"Kan Maw Ka Lay","VLG_MMR":"ကံမော်ကလေး","TS":"Palaw","VT":"Pyin Bu Gyi","rep":0},"geometry":{"type":"Point","coordinates":[98.49612,13.22856]}},{"type":"Feature","properties":{"VILLAGE":"Kyat Chaung","VLG_MMR":"ကြပ်ချောင်း","TS":"Palaw","VT":"Pyin Bu Gyi","rep":0},"geometry":{"type":"Point","coordinates":[98.50784,13.20343]}},{"type":"Feature","properties":{"VILLAGE":"Kyauk Pan Taung","VLG_MMR":"ကျောက်ပန်းတောင်","TS":"Palaw","VT":"Pyin Bu Gyi","rep":0},"geometry":{"type":"Point","coordinates":[98.51808,13.19745]}},{"type":"Feature","properties":{"VILLAGE":"Pyin Bu Gyi","VLG_MMR":"ပြင်ဘုကြီး","TS":"Palaw","VT":"Pyin Bu Gyi","rep":0},"geometry":{"type":"Point","coordinates":[98.49856,13.17464]}},{"type":"Feature","properties":{"VILLAGE":"Taung Khaung Laung","VLG_MMR":"တောင်ခေါင်းလောင်း","TS":"Palaw","VT":"Pyin Bu Gyi","rep":0},"geometry":{"type":"Point","coordinates":[98.56598,13.15297]}},{"type":"Feature","properties":{"VILLAGE":"Thin Kan Kye","VLG_MMR":"သင်္ကန်းကြဲ","TS":"Palaw","VT":"Pyin Bu Gyi","rep":0},"geometry":{"type":"Point","coordinates":[98.49684,13.21394]}},{"type":"Feature","properties":{"VILLAGE":"Hmaw Hpyar","VLG_MMR":"မှော်ဖျား","TS":"Palaw","VT":"Pyin Bu Nge","rep":0},"geometry":{"type":"Point","coordinates":[98.52058,13.16483]}},{"type":"Feature","properties":{"VILLAGE":"Pyin Bu Nge","VLG_MMR":"ပြင်ဘုငယ်","TS":"Palaw","VT":"Pyin Bu Nge","rep":0},"geometry":{"type":"Point","coordinates":[98.5285,13.14984]}},{"type":"Feature","properties":{"VILLAGE":"U Yin Kan","VLG_MMR":"ဥယျာဉ်ကမ်း","TS":"Palaw","VT":"Pyin Bu Nge","rep":0},"geometry":{"type":"Point","coordinates":[98.5339,13.14072]}},{"type":"Feature","properties":{"VILLAGE":"Chaung Hla","VLG_MMR":"ချောင်းလှ","TS":"Palaw","VT":"Shan Dut","rep":0},"geometry":{"type":"Point","coordinates":[98.7283,13.03811]}},{"type":"Feature","properties":{"VILLAGE":"Inn Ma Wa","VLG_MMR":"အင်းမဝ","TS":"Palaw","VT":"Shan Dut","rep":0},"geometry":{"type":"Point","coordinates":[98.68755,13.0391]}},{"type":"Feature","properties":{"VILLAGE":"Kaing Gyi","VLG_MMR":"ကိုင်းကြီး","TS":"Palaw","VT":"Shan Dut","rep":0},"geometry":{"type":"Point","coordinates":[98.68885,13.02877]}},{"type":"Feature","properties":{"VILLAGE":"Kyauk Leik","VLG_MMR":"ကျောက်လိပ်","TS":"Palaw","VT":"Shan Dut","rep":0},"geometry":{"type":"Point","coordinates":[98.69237,13.04939]}},{"type":"Feature","properties":{"VILLAGE":"Min Win","VLG_MMR":"မင်းဝင်း","TS":"Palaw","VT":"Shan Dut","rep":0},"geometry":{"type":"Point","coordinates":[98.71807,13.04204]}},{"type":"Feature","properties":{"VILLAGE":"Shan Dut","VLG_MMR":"ရှမ်းဒွတ်","TS":"Palaw","VT":"Shan Dut","rep":0},"geometry":{"type":"Point","coordinates":[98.68425,13.0439]}},{"type":"Feature","properties":{"VILLAGE":"Ah Hte Su","VLG_MMR":"အထဲစု","TS":"Palaw","VT":"Shat Pon","rep":0},"geometry":{"type":"Point","coordinates":[98.62373,12.9795]}},{"type":"Feature","properties":{"VILLAGE":"Kyauk Lone Gyi","VLG_MMR":"ကျောက်လုံးကြီး","TS":"Palaw","VT":"Shat Pon","rep":0},"geometry":{"type":"Point","coordinates":[98.65921,13.00156]}},{"type":"Feature","properties":{"VILLAGE":"Mee Laung Aw","VLG_MMR":"မီးလောင်အော်","TS":"Palaw","VT":"Shat Pon","rep":0},"geometry":{"type":"Point","coordinates":[98.59865,12.96979]}},{"type":"Feature","properties":{"VILLAGE":"Pyin Nge","VLG_MMR":"ပြင်းငယ်","TS":"Palaw","VT":"Shat Pon","rep":0},"geometry":{"type":"Point","coordinates":[98.6153,12.98701]}},{"type":"Feature","properties":{"VILLAGE":"Shat Pon","VLG_MMR":"ရှပ်ပုံ","TS":"Palaw","VT":"Shat Pon","rep":0},"geometry":{"type":"Point","coordinates":[98.63026,12.97828]}},{"type":"Feature","properties":{"VILLAGE":"Ta Hmyar","VLG_MMR":"တမျှား","TS":"Palaw","VT":"Shat Pon","rep":0},"geometry":{"type":"Point","coordinates":[98.62915,12.98462]}},{"type":"Feature","properties":{"VILLAGE":"Tha Moke Taung","VLG_MMR":"သမုတ်တောင်","TS":"Palaw","VT":"Shat Pon","rep":0},"geometry":{"type":"Point","coordinates":[98.5891,13.00991]}},{"type":"Feature","properties":{"VILLAGE":"Thu Ka","VLG_MMR":"သုခ","TS":"Palaw","VT":"Shat Pon","rep":0},"geometry":{"type":"Point","coordinates":[98.65079,12.99767]}},{"type":"Feature","properties":{"VILLAGE":"War Tan","VLG_MMR":"၀ါးတန်း","TS":"Palaw","VT":"Shat Pon","rep":0},"geometry":{"type":"Point","coordinates":[98.62753,12.97543]}},{"type":"Feature","properties":{"VILLAGE":"Yae Cho","VLG_MMR":"ရေချို","TS":"Palaw","VT":"Shat Pon","rep":0},"geometry":{"type":"Point","coordinates":[98.60969,13.00374]}},{"type":"Feature","properties":{"VILLAGE":"Ba Yet Taung","VLG_MMR":"ဘယက်တောင်","TS":"Palaw","VT":"Sin Htoe Gyi","rep":0},"geometry":{"type":"Point","coordinates":[98.60257,13.29178]}},{"type":"Feature","properties":{"VILLAGE":"Gyoe Gyar Kone","VLG_MMR":"ဂျိုးဂျာကုန်း","TS":"Palaw","VT":"Sin Htoe Gyi","rep":0},"geometry":{"type":"Point","coordinates":[98.57197,13.30426]}},{"type":"Feature","properties":{"VILLAGE":"Inn Ma","VLG_MMR":"အင်းမ","TS":"Palaw","VT":"Sin Htoe Gyi","rep":0},"geometry":{"type":"Point","coordinates":[98.56161,13.33712]}},{"type":"Feature","properties":{"VILLAGE":"Sin Htoe Gyi","VLG_MMR":"ဆင်ထိုးကြီး","TS":"Palaw","VT":"Sin Htoe Gyi","rep":0},"geometry":{"type":"Point","coordinates":[98.58078,13.31196]}},{"type":"Feature","properties":{"VILLAGE":"Sin Htoe Nge","VLG_MMR":"ဆင်ထိုးငယ်","TS":"Palaw","VT":"Sin Htoe Gyi","rep":0},"geometry":{"type":"Point","coordinates":[98.58859,13.28125]}},{"type":"Feature","properties":{"VILLAGE":"Ah Htet Paung","VLG_MMR":"အထက်ပေါင်း","TS":"Palaw","VT":"Taung Yar Kan","rep":0},"geometry":{"type":"Point","coordinates":[98.64313,13.00588]}},{"type":"Feature","properties":{"VILLAGE":"Auk Paung","VLG_MMR":"အောက်ပေါင်း","TS":"Palaw","VT":"Taung Yar Kan","rep":0},"geometry":{"type":"Point","coordinates":[98.64715,12.99302]}},{"type":"Feature","properties":{"VILLAGE":"Hle Kyaung Wa","VLG_MMR":"လှည်းကျောင်းဝ","TS":"Palaw","VT":"Taung Yar Kan","rep":0},"geometry":{"type":"Point","coordinates":[98.65889,12.99539]}},{"type":"Feature","properties":{"VILLAGE":"Hpawt","VLG_MMR":"ဖော့","TS":"Palaw","VT":"Taung Yar Kan","rep":0},"geometry":{"type":"Point","coordinates":[98.61366,13.03959]}},{"type":"Feature","properties":{"VILLAGE":"Hpawt Taung","VLG_MMR":"ဖော့တောင်","TS":"Palaw","VT":"Taung Yar Kan","rep":0},"geometry":{"type":"Point","coordinates":[98.60954,13.06077]}},{"type":"Feature","properties":{"VILLAGE":"Kyauk Thin Baw","VLG_MMR":"ကျောက်သင်္ဘော","TS":"Palaw","VT":"Taung Yar Kan","rep":0},"geometry":{"type":"Point","coordinates":[98.59881,13.07719]}},{"type":"Feature","properties":{"VILLAGE":"Sa Pu Pyin","VLG_MMR":"စပူပြင်","TS":"Palaw","VT":"Taung Yar Kan","rep":0},"geometry":{"type":"Point","coordinates":[98.63643,13.04704]}},{"type":"Feature","properties":{"VILLAGE":"Set Pyin Gyi","VLG_MMR":"စက်ပြင်ကြီး","TS":"Palaw","VT":"Taung Yar Kan","rep":0},"geometry":{"type":"Point","coordinates":[98.66198,13.00609]}},{"type":"Feature","properties":{"VILLAGE":"Taung Yar Kan","VLG_MMR":"တောင်ယာကမ်း","TS":"Palaw","VT":"Taung Yar Kan","rep":0},"geometry":{"type":"Point","coordinates":[98.65714,12.98989]}},{"type":"Feature","properties":{"VILLAGE":"Thin Gan Maw","VLG_MMR":"သင်္ကန်းမော်","TS":"Palaw","VT":"Taung Yar Kan","rep":0},"geometry":{"type":"Point","coordinates":[98.65165,13.0077]}},{"type":"Feature","properties":{"VILLAGE":"Thit Hla Taw","VLG_MMR":"သစ်လှတော","TS":"Palaw","VT":"Taung Yar Kan","rep":0},"geometry":{"type":"Point","coordinates":[98.63131,13.05288]}},{"type":"Feature","properties":{"VILLAGE":"Pi Tat","VLG_MMR":"ပိတတ်","TS":"Palaw","VT":"To","rep":0},"geometry":{"type":"Point","coordinates":[98.64706,12.8737]}},{"type":"Feature","properties":{"VILLAGE":"Tan Shin","VLG_MMR":"တန်းရှင်း","TS":"Palaw","VT":"To","rep":0},"geometry":{"type":"Point","coordinates":[98.67278,12.88336]}},{"type":"Feature","properties":{"VILLAGE":"Thin Gan Taw","VLG_MMR":"သင်္ကန်းတော","TS":"Palaw","VT":"To","rep":0},"geometry":{"type":"Point","coordinates":[98.67238,12.87899]}},{"type":"Feature","properties":{"VILLAGE":"Kyauk Kan Hpe","VLG_MMR":"ကျောက်ကမ်းဖဲ","TS":"Palaw","VT":"Za Yat Seik","rep":0},"geometry":{"type":"Point","coordinates":[98.70973,12.80384]}},{"type":"Feature","properties":{"VILLAGE":"Mein Ma Myo","VLG_MMR":"မိန်းမမြို့","TS":"Palaw","VT":"Za Yat Seik","rep":0},"geometry":{"type":"Point","coordinates":[98.68703,12.81596]}},{"type":"Feature","properties":{"VILLAGE":"Ta Po","VLG_MMR":"တပို","TS":"Palaw","VT":"Za Yat Seik","rep":0},"geometry":{"type":"Point","coordinates":[98.69422,12.82505]}},{"type":"Feature","properties":{"VILLAGE":"Za Yat Seik","VLG_MMR":"ဇရပ်ဆိပ်","TS":"Palaw","VT":"Za Yat Seik","rep":0},"geometry":{"type":"Point","coordinates":[98.70387,12.82887]}},{"type":"Feature","properties":{"VILLAGE":"Ah Hmat (3)","VLG_MMR":"အမှတ် (၃)","TS":"Tanintharyi","VT":"Ah Hmat (9)","rep":0},"geometry":{"type":"Point","coordinates":[99.54845,11.82868]}},{"type":"Feature","properties":{"VILLAGE":"Ah Hmat (5)","VLG_MMR":"အမှတ် (၅)","TS":"Tanintharyi","VT":"Ah Hmat (9)","rep":0},"geometry":{"type":"Point","coordinates":[99.52448,11.84644]}},{"type":"Feature","properties":{"VILLAGE":"Ah Hmat (6)","VLG_MMR":"အမှတ် (၆)","TS":"Tanintharyi","VT":"Ah Hmat (9)","rep":0},"geometry":{"type":"Point","coordinates":[99.5104,11.84863]}},{"type":"Feature","properties":{"VILLAGE":"Ah Hmat (8)","VLG_MMR":"အမှတ်(၈)","TS":"Tanintharyi","VT":"Ah Hmat (9)","rep":0},"geometry":{"type":"Point","coordinates":[99.455,11.86533]}},{"type":"Feature","properties":{"VILLAGE":"Ah Hmat (9)","VLG_MMR":"အမှတ် (၉)","TS":"Tanintharyi","VT":"Ah Hmat (9)","rep":0},"geometry":{"type":"Point","coordinates":[99.44834,11.86223]}},{"type":"Feature","properties":{"VILLAGE":"Ban La Mut","VLG_MMR":"ဘန်းလမွတ်","TS":"Tanintharyi","VT":"Ban La Mut","rep":0},"geometry":{"type":"Point","coordinates":[98.94666,12.15602]}},{"type":"Feature","properties":{"VILLAGE":"Kan To","VLG_MMR":"ကမ်းတို","TS":"Tanintharyi","VT":"Ban La Mut","rep":0},"geometry":{"type":"Point","coordinates":[98.92882,12.17626]}},{"type":"Feature","properties":{"VILLAGE":"Nyaung Pin Kone","VLG_MMR":"ညောင်ပင်ကုန်း","TS":"Tanintharyi","VT":"Ban La Mut","rep":0},"geometry":{"type":"Point","coordinates":[98.93931,12.16647]}},{"type":"Feature","properties":{"VILLAGE":"Pa Nat Nge","VLG_MMR":"ပနပ်ငယ်","TS":"Tanintharyi","VT":"Ban La Mut","rep":0},"geometry":{"type":"Point","coordinates":[98.959,12.15398]}},{"type":"Feature","properties":{"VILLAGE":"Sa Lut","VLG_MMR":"ဆလွတ်","TS":"Tanintharyi","VT":"Ban La Mut","rep":0},"geometry":{"type":"Point","coordinates":[98.94627,12.14888]}},{"type":"Feature","properties":{"VILLAGE":"Yan Hpo","VLG_MMR":"ရမ်းဖို","TS":"Tanintharyi","VT":"Ban La Mut","rep":0},"geometry":{"type":"Point","coordinates":[98.92464,12.18881]}},{"type":"Feature","properties":{"VILLAGE":"Ban Law","VLG_MMR":"ဘန်လော","TS":"Tanintharyi","VT":"Ban Law","rep":1},"geometry":{"type":"Point","coordinates":[99.0533,12.11444]}},{"type":"Feature","properties":{"VILLAGE":"Ban Law (East)","VLG_MMR":"ဘန်လော (အရှေ့)","TS":"Tanintharyi","VT":"Ban Law","rep":0},"geometry":{"type":"Point","coordinates":[99.05347,12.10979]}},{"type":"Feature","properties":{"VILLAGE":"Ban Lin Myauk","VLG_MMR":"ဘန်လင်မြောက်","TS":"Tanintharyi","VT":"Ban Law","rep":0},"geometry":{"type":"Point","coordinates":[99.06664,12.12205]}},{"type":"Feature","properties":{"VILLAGE":"Kwin Waing 5-Maing","VLG_MMR":"ကွင်းဝိုင်း ၅-မိုင်","TS":"Tanintharyi","VT":"Ban Law","rep":0},"geometry":{"type":"Point","coordinates":[99.0596,12.10121]}},{"type":"Feature","properties":{"VILLAGE":"Tha Mee Hla","VLG_MMR":"သမီးလှ","TS":"Tanintharyi","VT":"Ban Law","rep":0},"geometry":{"type":"Point","coordinates":[99.06133,12.1555]}},{"type":"Feature","properties":{"VILLAGE":"Tha Mee Hla (East)","VLG_MMR":"သမီးလှ (အရှေ့)","TS":"Tanintharyi","VT":"Ban Law","rep":0},"geometry":{"type":"Point","coordinates":[99.06274,12.16674]}},{"type":"Feature","properties":{"VILLAGE":"Tha Mee Hla (West)","VLG_MMR":"သမီးလှ (အနောက်)","TS":"Tanintharyi","VT":"Ban Law","rep":0},"geometry":{"type":"Point","coordinates":[99.05779,12.14966]}},{"type":"Feature","properties":{"VILLAGE":"Tha Mee Hla Kyun","VLG_MMR":"သမီးလှကျွန်း","TS":"Tanintharyi","VT":"Ban Law","rep":0},"geometry":{"type":"Point","coordinates":[99.05949,12.17098]}},{"type":"Feature","properties":{"VILLAGE":"Yae Paw","VLG_MMR":"ရေပေါ်","TS":"Tanintharyi","VT":"Ban Law","rep":0},"geometry":{"type":"Point","coordinates":[99.06035,12.13191]}},{"type":"Feature","properties":{"VILLAGE":"Aye Mon Thar","VLG_MMR":"အေးမွန်သာ","TS":"Tanintharyi","VT":"Chaung La Mu","rep":0},"geometry":{"type":"Point","coordinates":[99.3906,11.41252]}},{"type":"Feature","properties":{"VILLAGE":"Aye Thar Yar","VLG_MMR":"အေးသာယာ","TS":"Tanintharyi","VT":"Chaung La Mu","rep":0},"geometry":{"type":"Point","coordinates":[99.12336,11.82095]}},{"type":"Feature","properties":{"VILLAGE":"Chaung La Mu","VLG_MMR":"ချောင်းလမု","TS":"Tanintharyi","VT":"Chaung La Mu","rep":1},"geometry":{"type":"Point","coordinates":[99.11384,11.85891]}},{"type":"Feature","properties":{"VILLAGE":"Chaung Nauk Pyan","VLG_MMR":"ချောင်းနောက်ပြန်","TS":"Tanintharyi","VT":"Chaung La Mu","rep":0},"geometry":{"type":"Point","coordinates":[99.11186,11.76259]}},{"type":"Feature","properties":{"VILLAGE":"Ta Pa Lat","VLG_MMR":"တပလပ်","TS":"Tanintharyi","VT":"Chaung La Mu","rep":0},"geometry":{"type":"Point","coordinates":[99.08942,11.87983]}},{"type":"Feature","properties":{"VILLAGE":"Hein Lat","VLG_MMR":"ဟိန်းလတ်","TS":"Tanintharyi","VT":"Kawt Ma Pyin","rep":0},"geometry":{"type":"Point","coordinates":[99.09542,12.42289]}},{"type":"Feature","properties":{"VILLAGE":"Hpar Kwin","VLG_MMR":"ဖားကွင်း","TS":"Tanintharyi","VT":"Kawt Ma Pyin","rep":0},"geometry":{"type":"Point","coordinates":[98.93186,12.75509]}},{"type":"Feature","properties":{"VILLAGE":"Hpoe Kyun","VLG_MMR":"ဖိုးကျွန်း","TS":"Tanintharyi","VT":"Kawt Ma Pyin","rep":0},"geometry":{"type":"Point","coordinates":[99.03521,12.52249]}},{"type":"Feature","properties":{"VILLAGE":"Kawt Ma Pyin (East)","VLG_MMR":"ကော့မပြင်း (အရှေ့)","TS":"Tanintharyi","VT":"Kawt Ma Pyin","rep":0},"geometry":{"type":"Point","coordinates":[99.08664,12.4491]}},{"type":"Feature","properties":{"VILLAGE":"Kawt Ma Pyin (West)","VLG_MMR":"ကော့မပြင်း (အနောက်)","TS":"Tanintharyi","VT":"Kawt Ma Pyin","rep":0},"geometry":{"type":"Point","coordinates":[99.08572,12.43902]}},{"type":"Feature","properties":{"VILLAGE":"Kin Ni Kyun","VLG_MMR":"ကင်းနီကျွန်း","TS":"Tanintharyi","VT":"Kawt Ma Pyin","rep":0},"geometry":{"type":"Point","coordinates":[98.97621,12.71417]}},{"type":"Feature","properties":{"VILLAGE":"Kone Thar Yar","VLG_MMR":"ကုန်းသာယာ","TS":"Tanintharyi","VT":"Kawt Ma Pyin","rep":0},"geometry":{"type":"Point","coordinates":[99.00043,12.55302]}},{"type":"Feature","properties":{"VILLAGE":"Kyauk Lone Gyi","VLG_MMR":"ကျောက်လုံးကြီး","TS":"Tanintharyi","VT":"Kawt Ma Pyin","rep":0},"geometry":{"type":"Point","coordinates":[98.93511,12.73999]}},{"type":"Feature","properties":{"VILLAGE":"Pa Wut","VLG_MMR":"ပဝတ်","TS":"Tanintharyi","VT":"Kawt Ma Pyin","rep":0},"geometry":{"type":"Point","coordinates":[99.01752,12.55517]}},{"type":"Feature","properties":{"VILLAGE":"San Hpe","VLG_MMR":"စံဖဲ","TS":"Tanintharyi","VT":"Kawt Ma Pyin","rep":0},"geometry":{"type":"Point","coordinates":[98.94386,12.66057]}},{"type":"Feature","properties":{"VILLAGE":"Se Ein Su","VLG_MMR":"ဆယ်အိမ်စု","TS":"Tanintharyi","VT":"Kawt Ma Pyin","rep":0},"geometry":{"type":"Point","coordinates":[98.91406,12.70349]}},{"type":"Feature","properties":{"VILLAGE":"Tat Hmu","VLG_MMR":"တပ်မှူး","TS":"Tanintharyi","VT":"Kawt Ma Pyin","rep":0},"geometry":{"type":"Point","coordinates":[99.00947,12.66984]}},{"type":"Feature","properties":{"VILLAGE":"Thin Baw Nan (East)","VLG_MMR":"သင်္ဘောနန်း (အရှေ့)","TS":"Tanintharyi","VT":"Kawt Ma Pyin","rep":0},"geometry":{"type":"Point","coordinates":[99.1011,12.42071]}},{"type":"Feature","properties":{"VILLAGE":"Thin Baw Nan (West)","VLG_MMR":"သင်္ဘောနန်း (အနောက်)","TS":"Tanintharyi","VT":"Kawt Ma Pyin","rep":0},"geometry":{"type":"Point","coordinates":[99.10023,12.40776]}},{"type":"Feature","properties":{"VILLAGE":"Kyauk Ta Lone","VLG_MMR":"ကျောက်တလုံး","TS":"Tanintharyi","VT":"Kyauk Ta Lone","rep":0},"geometry":{"type":"Point","coordinates":[99.09487,11.98217]}},{"type":"Feature","properties":{"VILLAGE":"Kyein Chaung Wa","VLG_MMR":"ကြိမ်ချောင်းဝ","TS":"Tanintharyi","VT":"Kyauk Ta Lone","rep":0},"geometry":{"type":"Point","coordinates":[99.11914,11.9704]}},{"type":"Feature","properties":{"VILLAGE":"Kywe Kha Yan","VLG_MMR":"ကျွဲခရံ","TS":"Tanintharyi","VT":"Kyauk Ta Lone","rep":0},"geometry":{"type":"Point","coordinates":[99.11762,11.94229]}},{"type":"Feature","properties":{"VILLAGE":"Myay Ma Ohn","VLG_MMR":"မြေမအုံ","TS":"Tanintharyi","VT":"Kyauk Ta Lone","rep":0},"geometry":{"type":"Point","coordinates":[99.0676,11.99675]}},{"type":"Feature","properties":{"VILLAGE":"Htein Chaung Wa","VLG_MMR":"ထိန်ချောင်းဝ","TS":"Tanintharyi","VT":"Lel Thit","rep":0},"geometry":{"type":"Point","coordinates":[98.82509,12.18442]}},{"type":"Feature","properties":{"VILLAGE":"Lel Thit (East)","VLG_MMR":"လယ်သစ် (အရှေ့)","TS":"Tanintharyi","VT":"Lel Thit","rep":0},"geometry":{"type":"Point","coordinates":[98.82824,12.18166]}},{"type":"Feature","properties":{"VILLAGE":"Lel Thit (West)","VLG_MMR":"လယ်သစ် (အနောက်)","TS":"Tanintharyi","VT":"Lel Thit","rep":0},"geometry":{"type":"Point","coordinates":[98.83038,12.18663]}},{"type":"Feature","properties":{"VILLAGE":"Mi Lawt","VLG_MMR":"မိလော့","TS":"Tanintharyi","VT":"Lel Thit","rep":0},"geometry":{"type":"Point","coordinates":[98.87235,12.1722]}},{"type":"Feature","properties":{"VILLAGE":"Myay Pyar","VLG_MMR":"မြေပြား","TS":"Tanintharyi","VT":"Lel Thit","rep":0},"geometry":{"type":"Point","coordinates":[98.79238,12.10898]}},{"type":"Feature","properties":{"VILLAGE":"Ah Nauk Su","VLG_MMR":"အနောက်စု","TS":"Tanintharyi","VT":"Maw Tone (East)","rep":0},"geometry":{"type":"Point","coordinates":[98.93462,12.12642]}},{"type":"Feature","properties":{"VILLAGE":"Ah Shey Su","VLG_MMR":"အရှေ့စု","TS":"Tanintharyi","VT":"Maw Tone (East)","rep":0},"geometry":{"type":"Point","coordinates":[98.93978,12.12559]}},{"type":"Feature","properties":{"VILLAGE":"An Ta Pyin","VLG_MMR":"အန္တာပြင်","TS":"Tanintharyi","VT":"Maw Tone (East)","rep":0},"geometry":{"type":"Point","coordinates":[98.94527,12.13111]}},{"type":"Feature","properties":{"VILLAGE":"Hton Nwe","VLG_MMR":"ထုံနွယ်","TS":"Tanintharyi","VT":"Maw Tone (East)","rep":0},"geometry":{"type":"Point","coordinates":[98.94049,12.13886]}},{"type":"Feature","properties":{"VILLAGE":"Ka De Leik","VLG_MMR":"ကတဲလိပ်","TS":"Tanintharyi","VT":"Maw Tone (East)","rep":0},"geometry":{"type":"Point","coordinates":[98.95931,12.13893]}},{"type":"Feature","properties":{"VILLAGE":"Kan Yoe Tan (1)","VLG_MMR":"ကန်ရိုးတန်း (၁)","TS":"Tanintharyi","VT":"Maw Tone (East)","rep":0},"geometry":{"type":"Point","coordinates":[98.95949,12.12039]}},{"type":"Feature","properties":{"VILLAGE":"Kawt Ma Pyin","VLG_MMR":"ကော့မပြင်း","TS":"Tanintharyi","VT":"Maw Tone (East)","rep":0},"geometry":{"type":"Point","coordinates":[98.97488,12.10787]}},{"type":"Feature","properties":{"VILLAGE":"Maw Tone (East)","VLG_MMR":"မော်တုံး (အရှေ့)","TS":"Tanintharyi","VT":"Maw Tone (East)","rep":0},"geometry":{"type":"Point","coordinates":[98.93788,12.11727]}},{"type":"Feature","properties":{"VILLAGE":"Maw Tone Za Lone","VLG_MMR":"မော်တုံးဇလုံး","TS":"Tanintharyi","VT":"Maw Tone (East)","rep":0},"geometry":{"type":"Point","coordinates":[98.9532,12.11326]}},{"type":"Feature","properties":{"VILLAGE":"Myo Haung","VLG_MMR":"မြို့ဟောင်း","TS":"Tanintharyi","VT":"Maw Tone (East)","rep":0},"geometry":{"type":"Point","coordinates":[98.95665,12.12676]}},{"type":"Feature","properties":{"VILLAGE":"Pyin Yoe","VLG_MMR":"ပြင်ရိုး","TS":"Tanintharyi","VT":"Maw Tone (East)","rep":0},"geometry":{"type":"Point","coordinates":[98.94282,12.11088]}},{"type":"Feature","properties":{"VILLAGE":"Ka Tawt Kan","VLG_MMR":"ကတော့ကမ်း","TS":"Tanintharyi","VT":"Maw Tone (West)","rep":0},"geometry":{"type":"Point","coordinates":[98.92826,12.08975]}},{"type":"Feature","properties":{"VILLAGE":"Ma Yin Gyi","VLG_MMR":"မရင်းကြီး","TS":"Tanintharyi","VT":"Maw Tone (West)","rep":0},"geometry":{"type":"Point","coordinates":[98.93771,12.13597]}},{"type":"Feature","properties":{"VILLAGE":"Maw Tone (West)","VLG_MMR":"မော်တုံး (အနောက်)","TS":"Tanintharyi","VT":"Maw Tone (West)","rep":0},"geometry":{"type":"Point","coordinates":[98.92566,12.12999]}},{"type":"Feature","properties":{"VILLAGE":"Nan Seint Pyin","VLG_MMR":"နမ်းစိမ့်ပြင်","TS":"Tanintharyi","VT":"Maw Tone (West)","rep":0},"geometry":{"type":"Point","coordinates":[98.93051,12.1382]}},{"type":"Feature","properties":{"VILLAGE":"Nyaung Zin Htaunt","VLG_MMR":"ညောင်ဇင်ထောင့်","TS":"Tanintharyi","VT":"Maw Tone (West)","rep":0},"geometry":{"type":"Point","coordinates":[98.92922,12.13162]}},{"type":"Feature","properties":{"VILLAGE":"Than Hpet","VLG_MMR":"သန်းဖက်","TS":"Tanintharyi","VT":"Maw Tone (West)","rep":0},"geometry":{"type":"Point","coordinates":[98.94093,12.14383]}},{"type":"Feature","properties":{"VILLAGE":"Ah Nauk Kauk Kone","VLG_MMR":"အနောက်ကောက်ကုန်း","TS":"Tanintharyi","VT":"Nyaung Pin Kwin","rep":0},"geometry":{"type":"Point","coordinates":[99.11115,12.0395]}},{"type":"Feature","properties":{"VILLAGE":"Hton Ma Khar","VLG_MMR":"ထုံမခါ","TS":"Tanintharyi","VT":"Nyaung Pin Kwin","rep":0},"geometry":{"type":"Point","coordinates":[99.13263,12.05337]}},{"type":"Feature","properties":{"VILLAGE":"Hton Taw","VLG_MMR":"ထုံတော်","TS":"Tanintharyi","VT":"Nyaung Pin Kwin","rep":0},"geometry":{"type":"Point","coordinates":[99.09492,12.06528]}},{"type":"Feature","properties":{"VILLAGE":"Kyein Chaung","VLG_MMR":"ကြိမ်ချောင်း","TS":"Tanintharyi","VT":"Nyaung Pin Kwin","rep":0},"geometry":{"type":"Point","coordinates":[99.24774,11.93827]}},{"type":"Feature","properties":{"VILLAGE":"Kywe Htein Kwin","VLG_MMR":"ကျွဲထိန်းကွင်း","TS":"Tanintharyi","VT":"Nyaung Pin Kwin","rep":0},"geometry":{"type":"Point","coordinates":[99.09842,12.03124]}},{"type":"Feature","properties":{"VILLAGE":"Moke Seik Kwin","VLG_MMR":"မုတ်ဆိပ်ကွင်း","TS":"Tanintharyi","VT":"Nyaung Pin Kwin","rep":0},"geometry":{"type":"Point","coordinates":[99.10889,12.06479]}},{"type":"Feature","properties":{"VILLAGE":"Nyaung Pin","VLG_MMR":"ညောင်ပင်","TS":"Tanintharyi","VT":"Nyaung Pin Kwin","rep":0},"geometry":{"type":"Point","coordinates":[99.10092,12.04763]}},{"type":"Feature","properties":{"VILLAGE":"Nyaung Pin Kwin","VLG_MMR":"ညောင်ပင်ကွင်း","TS":"Tanintharyi","VT":"Nyaung Pin Kwin","rep":0},"geometry":{"type":"Point","coordinates":[99.10758,12.04433]}},{"type":"Feature","properties":{"VILLAGE":"Pyo Aing","VLG_MMR":"ပျို့အိုင်","TS":"Tanintharyi","VT":"Nyaung Pin Kwin","rep":0},"geometry":{"type":"Point","coordinates":[99.08563,12.0147]}},{"type":"Feature","properties":{"VILLAGE":"Tha Bawt Leik","VLG_MMR":"သဘော့လိပ်","TS":"Tanintharyi","VT":"Nyaung Pin Kwin","rep":0},"geometry":{"type":"Point","coordinates":[99.19474,12.0203]}},{"type":"Feature","properties":{"VILLAGE":"Ah Htein","VLG_MMR":"အထိန်","TS":"Tanintharyi","VT":"Pa Wa","rep":0},"geometry":{"type":"Point","coordinates":[98.88739,12.06115]}},{"type":"Feature","properties":{"VILLAGE":"Hpoe Me","VLG_MMR":"ဖိုးမဲ","TS":"Tanintharyi","VT":"Pa Wa","rep":0},"geometry":{"type":"Point","coordinates":[98.92949,11.99266]}},{"type":"Feature","properties":{"VILLAGE":"Htauk Ma","VLG_MMR":"ထောက်မ","TS":"Tanintharyi","VT":"Pa Wa","rep":0},"geometry":{"type":"Point","coordinates":[98.90525,12.07613]}},{"type":"Feature","properties":{"VILLAGE":"Inn Waing","VLG_MMR":"အင်းဝိုင်း","TS":"Tanintharyi","VT":"Pa Wa","rep":0},"geometry":{"type":"Point","coordinates":[98.92207,12.02006]}},{"type":"Feature","properties":{"VILLAGE":"Kyun Shey","VLG_MMR":"ကျွန်းရှည်","TS":"Tanintharyi","VT":"Pa Wa","rep":0},"geometry":{"type":"Point","coordinates":[98.87923,12.14121]}},{"type":"Feature","properties":{"VILLAGE":"Pa Wa Hte","VLG_MMR":"ပဝထဲ","TS":"Tanintharyi","VT":"Pa Wa","rep":0},"geometry":{"type":"Point","coordinates":[98.8878,12.11907]}},{"type":"Feature","properties":{"VILLAGE":"Pa Wa Htein","VLG_MMR":"ပဝထိန်","TS":"Tanintharyi","VT":"Pa Wa","rep":0},"geometry":{"type":"Point","coordinates":[98.90402,12.07457]}},{"type":"Feature","properties":{"VILLAGE":"Pa Wa Thet Kei","VLG_MMR":"ပဝသက်ကယ်","TS":"Tanintharyi","VT":"Pa Wa","rep":0},"geometry":{"type":"Point","coordinates":[98.88367,12.1058]}},{"type":"Feature","properties":{"VILLAGE":"Pa Wa Ywar Ma","VLG_MMR":"ပဝရွာမ","TS":"Tanintharyi","VT":"Pa Wa","rep":0},"geometry":{"type":"Point","coordinates":[98.88796,12.12755]}},{"type":"Feature","properties":{"VILLAGE":"Pein Taw","VLG_MMR":"ပိန်းတော","TS":"Tanintharyi","VT":"Pa Wa","rep":0},"geometry":{"type":"Point","coordinates":[98.89486,12.08434]}},{"type":"Feature","properties":{"VILLAGE":"Thar Yar Kone","VLG_MMR":"သာယာကုန်း","TS":"Tanintharyi","VT":"Pa Wa","rep":0},"geometry":{"type":"Point","coordinates":[98.9285,12.05866]}},{"type":"Feature","properties":{"VILLAGE":"War Tha","VLG_MMR":"ဝါသ","TS":"Tanintharyi","VT":"Pa Wa","rep":0},"geometry":{"type":"Point","coordinates":[98.90101,12.08635]}},{"type":"Feature","properties":{"VILLAGE":"Ah Lel Paing","VLG_MMR":"အလယ်ပိုင်း","TS":"Tanintharyi","VT":"Ta Ku","rep":0},"geometry":{"type":"Point","coordinates":[99.05839,12.26934]}},{"type":"Feature","properties":{"VILLAGE":"Ah Nar Chaung","VLG_MMR":"အနားချောင်း","TS":"Tanintharyi","VT":"Ta Ku","rep":0},"geometry":{"type":"Point","coordinates":[99.02566,12.2814]}},{"type":"Feature","properties":{"VILLAGE":"Inn Shey Kone","VLG_MMR":"အင်းရှည်ကုန်း","TS":"Tanintharyi","VT":"Ta Ku","rep":0},"geometry":{"type":"Point","coordinates":[99.03742,12.262]}},{"type":"Feature","properties":{"VILLAGE":"Koe Inn","VLG_MMR":"ကိုးအင်း","TS":"Tanintharyi","VT":"Ta Ku","rep":0},"geometry":{"type":"Point","coordinates":[99.08323,12.21512]}},{"type":"Feature","properties":{"VILLAGE":"Kyauk Sa Yit","VLG_MMR":"ကျောက်စရစ်","TS":"Tanintharyi","VT":"Ta Ku","rep":0},"geometry":{"type":"Point","coordinates":[99.05241,12.2336]}},{"type":"Feature","properties":{"VILLAGE":"Kyauk Sa Yit (West)","VLG_MMR":"ကျောက်စရစ် (အနောက်)","TS":"Tanintharyi","VT":"Ta Ku","rep":0},"geometry":{"type":"Point","coordinates":[99.05394,12.22961]}},{"type":"Feature","properties":{"VILLAGE":"La Maing Kawt","VLG_MMR":"လမိုင်းကော့","TS":"Tanintharyi","VT":"Ta Ku","rep":0},"geometry":{"type":"Point","coordinates":[99.05483,12.28257]}},{"type":"Feature","properties":{"VILLAGE":"Ma Yin Gyi","VLG_MMR":"မရင်းကြီး","TS":"Tanintharyi","VT":"Ta Ku","rep":0},"geometry":{"type":"Point","coordinates":[99.03938,12.24562]}},{"type":"Feature","properties":{"VILLAGE":"Mei Ngaw","VLG_MMR":"မယ်ငေါ","TS":"Tanintharyi","VT":"Ta Ku","rep":0},"geometry":{"type":"Point","coordinates":[99.04545,12.28274]}},{"type":"Feature","properties":{"VILLAGE":"Mya Yar Chaung","VLG_MMR":"မြရာချောင်း","TS":"Tanintharyi","VT":"Ta Ku","rep":0},"geometry":{"type":"Point","coordinates":[99.05768,12.26435]}},{"type":"Feature","properties":{"VILLAGE":"Sa Bai Kone","VLG_MMR":"စံပယ်ကုန်း","TS":"Tanintharyi","VT":"Ta Ku","rep":0},"geometry":{"type":"Point","coordinates":[99.02298,12.26521]}},{"type":"Feature","properties":{"VILLAGE":"Ta Ku","VLG_MMR":"တကူ","TS":"Tanintharyi","VT":"Ta Ku","rep":1},"geometry":{"type":"Point","coordinates":[99.04014,12.2484]}},{"type":"Feature","properties":{"VILLAGE":"Ta Ku (East)","VLG_MMR":"တကူ (အရှေ့)","TS":"Tanintharyi","VT":"Ta Ku","rep":0},"geometry":{"type":"Point","coordinates":[99.0506,12.25844]}},{"type":"Feature","properties":{"VILLAGE":"Ta Ku Nge","VLG_MMR":"တကူငယ်","TS":"Tanintharyi","VT":"Ta Ku","rep":0},"geometry":{"type":"Point","coordinates":[99.04141,12.23646]}},{"type":"Feature","properties":{"VILLAGE":"Taik Kan","VLG_MMR":"တိုက်ကမ်း","TS":"Tanintharyi","VT":"Ta Ku","rep":0},"geometry":{"type":"Point","coordinates":[99.04244,12.25111]}},{"type":"Feature","properties":{"VILLAGE":"Than Taik","VLG_MMR":"သံတိုက်","TS":"Tanintharyi","VT":"Ta Ku","rep":0},"geometry":{"type":"Point","coordinates":[99.039,12.25393]}},{"type":"Feature","properties":{"VILLAGE":"Thar Yar Kone","VLG_MMR":"သာယာကုန်း","TS":"Tanintharyi","VT":"Ta Ku","rep":0},"geometry":{"type":"Point","coordinates":[99.03101,12.28079]}},{"type":"Feature","properties":{"VILLAGE":"Wan Nar","VLG_MMR":"ဝမ်းနာ","TS":"Tanintharyi","VT":"Ta Ku","rep":0},"geometry":{"type":"Point","coordinates":[99.06436,12.22462]}},{"type":"Feature","properties":{"VILLAGE":"Wan Nar Kaw Pa Ti Taw","VLG_MMR":"ဝမ်းနာကော်ပတိတော","TS":"Tanintharyi","VT":"Ta Ku","rep":0},"geometry":{"type":"Point","coordinates":[99.07833,12.19044]}},{"type":"Feature","properties":{"VILLAGE":"Ywar Ma","VLG_MMR":"ရွာမ","TS":"Tanintharyi","VT":"Ta Ku","rep":0},"geometry":{"type":"Point","coordinates":[99.04261,12.26005]}},{"type":"Feature","properties":{"VILLAGE":"Ban Thea","VLG_MMR":"ဘန်းသဲ","TS":"Tanintharyi","VT":"Ta Moke Chone","rep":0},"geometry":{"type":"Point","coordinates":[99.02635,12.05881]}},{"type":"Feature","properties":{"VILLAGE":"Hton Thant","VLG_MMR":"ထုံသန့်","TS":"Tanintharyi","VT":"Ta Moke Chone","rep":0},"geometry":{"type":"Point","coordinates":[99.00433,12.03809]}},{"type":"Feature","properties":{"VILLAGE":"Kan Ma Laing","VLG_MMR":"ကမ္မလိုင်း","TS":"Tanintharyi","VT":"Ta Moke Chone","rep":0},"geometry":{"type":"Point","coordinates":[99.02267,11.99876]}},{"type":"Feature","properties":{"VILLAGE":"Kyauk Mee Kyaung","VLG_MMR":"ကျောက်မီးကျောင်း","TS":"Tanintharyi","VT":"Ta Moke Chone","rep":0},"geometry":{"type":"Point","coordinates":[99.0473,12.03878]}},{"type":"Feature","properties":{"VILLAGE":"Myanmar Inn Taw","VLG_MMR":"မြန်မာအင်းတော်","TS":"Tanintharyi","VT":"Ta Moke Chone","rep":0},"geometry":{"type":"Point","coordinates":[99.05587,12.01288]}},{"type":"Feature","properties":{"VILLAGE":"Shan Inn Taw","VLG_MMR":"ရှမ်းအင်းတော်","TS":"Tanintharyi","VT":"Ta Moke Chone","rep":0},"geometry":{"type":"Point","coordinates":[99.0468,11.96155]}},{"type":"Feature","properties":{"VILLAGE":"Ta Moke Chone","VLG_MMR":"တမုတ်ချုံး","TS":"Tanintharyi","VT":"Ta Moke Chone","rep":0},"geometry":{"type":"Point","coordinates":[99.00262,12.02685]}},{"type":"Feature","properties":{"VILLAGE":"Thit Tit Pin","VLG_MMR":"သစ်တစ်ပင်","TS":"Tanintharyi","VT":"Ta Moke Chone","rep":0},"geometry":{"type":"Point","coordinates":[99.02942,12.04377]}},{"type":"Feature","properties":{"VILLAGE":"Yae Hpyu","VLG_MMR":"ရေဖြူ","TS":"Tanintharyi","VT":"Ta Moke Chone","rep":0},"geometry":{"type":"Point","coordinates":[99.07186,11.93664]}},{"type":"Feature","properties":{"VILLAGE":"Auk Kin (East)","VLG_MMR":"အောက်ကင်း (အရှေ့)","TS":"Tanintharyi","VT":"Tanintharyi Sin Chay Hpone","rep":0},"geometry":{"type":"Point","coordinates":[98.99239,12.09685]}},{"type":"Feature","properties":{"VILLAGE":"Auk Kin (West)","VLG_MMR":"အောက်ကင်း (အနောက်)","TS":"Tanintharyi","VT":"Tanintharyi Sin Chay Hpone","rep":0},"geometry":{"type":"Point","coordinates":[98.96528,12.10522]}},{"type":"Feature","properties":{"VILLAGE":"Auk Kin Kyun","VLG_MMR":"အောက်ကင်းကျွန်း","TS":"Tanintharyi","VT":"Tanintharyi Sin Chay Hpone","rep":0},"geometry":{"type":"Point","coordinates":[98.97322,12.10262]}},{"type":"Feature","properties":{"VILLAGE":"Aw Gyi","VLG_MMR":"အော်ကြီး","TS":"Tanintharyi","VT":"Tanintharyi Sin Chay Hpone","rep":1},"geometry":{"type":"Point","coordinates":[98.98746,12.10275]}},{"type":"Feature","properties":{"VILLAGE":"Ban Thea","VLG_MMR":"ဘန်းသဲ","TS":"Tanintharyi","VT":"Tanintharyi Sin Chay Hpone","rep":0},"geometry":{"type":"Point","coordinates":[99.0267,12.05852]}},{"type":"Feature","properties":{"VILLAGE":"Baw Di Kan","VLG_MMR":"ဗောဓိကမ်း","TS":"Tanintharyi","VT":"Tanintharyi Sin Chay Hpone","rep":0},"geometry":{"type":"Point","coordinates":[99.01741,12.08971]}},{"type":"Feature","properties":{"VILLAGE":"Lel Taung Yar","VLG_MMR":"လယ်တောင်ယာ","TS":"Tanintharyi","VT":"Tanintharyi Sin Chay Hpone","rep":1},"geometry":{"type":"Point","coordinates":[99.00092,12.0622]}},{"type":"Feature","properties":{"VILLAGE":"Ma Ma Thaung (East)","VLG_MMR":"မမသောင် (အရှေ့)","TS":"Tanintharyi","VT":"Tanintharyi Sin Chay Hpone","rep":0},"geometry":{"type":"Point","coordinates":[99.03413,12.10132]}},{"type":"Feature","properties":{"VILLAGE":"Ma Ma Thaung (West)","VLG_MMR":"မမသောင် (အနောက်)","TS":"Tanintharyi","VT":"Tanintharyi Sin Chay Hpone","rep":0},"geometry":{"type":"Point","coordinates":[99.03355,12.11039]}},{"type":"Feature","properties":{"VILLAGE":"Ma Yin Gyi","VLG_MMR":"မရင်းကြီး","TS":"Tanintharyi","VT":"Tanintharyi Sin Chay Hpone","rep":0},"geometry":{"type":"Point","coordinates":[99.00148,12.13153]}},{"type":"Feature","properties":{"VILLAGE":"Ohn Pin Kwin","VLG_MMR":"အုန်းပင်ကွင်း","TS":"Tanintharyi","VT":"Tanintharyi Sin Chay Hpone","rep":0},"geometry":{"type":"Point","coordinates":[99.01264,12.07119]}},{"type":"Feature","properties":{"VILLAGE":"Sa Tein Thaung","VLG_MMR":"စတိန်သောင်","TS":"Tanintharyi","VT":"Tanintharyi Sin Chay Hpone","rep":0},"geometry":{"type":"Point","coordinates":[99.03451,12.0962]}},{"type":"Feature","properties":{"VILLAGE":"U Yin Kan","VLG_MMR":"ဥယျာဉ်ကမ်း","TS":"Tanintharyi","VT":"Tanintharyi Sin Chay Hpone","rep":1},"geometry":{"type":"Point","coordinates":[99.0167,12.09337]}},{"type":"Feature","properties":{"VILLAGE":"6 Maing","VLG_MMR":"ခြောက်မိုင်","TS":"Tanintharyi","VT":"Tha Kyet","rep":0},"geometry":{"type":"Point","coordinates":[99.08067,12.08319]}},{"type":"Feature","properties":{"VILLAGE":"Ban Kyoke","VLG_MMR":"ဘန်ကျုတ်","TS":"Tanintharyi","VT":"Tha Kyet","rep":0},"geometry":{"type":"Point","coordinates":[99.16369,12.18888]}},{"type":"Feature","properties":{"VILLAGE":"Ka Nan Kwin","VLG_MMR":"ဂဏန်းကွင်း","TS":"Tanintharyi","VT":"Tha Kyet","rep":0},"geometry":{"type":"Point","coordinates":[99.13935,12.10743]}},{"type":"Feature","properties":{"VILLAGE":"Ku Lar Eik","VLG_MMR":"ကုလားအိပ်","TS":"Tanintharyi","VT":"Tha Kyet","rep":0},"geometry":{"type":"Point","coordinates":[99.13009,12.09078]}},{"type":"Feature","properties":{"VILLAGE":"Kywe Htein Kone","VLG_MMR":"ကျွဲထိန်းကုန်း","TS":"Tanintharyi","VT":"Tha Kyet","rep":0},"geometry":{"type":"Point","coordinates":[99.10296,12.10821]}},{"type":"Feature","properties":{"VILLAGE":"Sin Gaung","VLG_MMR":"ဆင်ခေါင်း","TS":"Tanintharyi","VT":"Tha Kyet","rep":0},"geometry":{"type":"Point","coordinates":[99.09237,12.09441]}},{"type":"Feature","properties":{"VILLAGE":"Taung Bein","VLG_MMR":"တောင်ဘိန်း","TS":"Tanintharyi","VT":"Tha Kyet","rep":0},"geometry":{"type":"Point","coordinates":[99.11027,12.09527]}},{"type":"Feature","properties":{"VILLAGE":"Taung Paing Kwin Thit","VLG_MMR":"တောင်ပိုင်းကွင်းသစ်","TS":"Tanintharyi","VT":"Tha Kyet","rep":0},"geometry":{"type":"Point","coordinates":[99.12953,12.09215]}},{"type":"Feature","properties":{"VILLAGE":"Tha Kyet","VLG_MMR":"သကျက်","TS":"Tanintharyi","VT":"Tha Kyet","rep":1},"geometry":{"type":"Point","coordinates":[99.11914,12.09855]}},{"type":"Feature","properties":{"VILLAGE":"Tha Pyu Pin","VLG_MMR":"သပြုပင်","TS":"Tanintharyi","VT":"Tha Kyet","rep":0},"geometry":{"type":"Point","coordinates":[99.09941,12.08418]}},{"type":"Feature","properties":{"VILLAGE":"Ywar Thit Kone","VLG_MMR":"ရွာသစ်ကုန်း","TS":"Tanintharyi","VT":"Tha Kyet","rep":0},"geometry":{"type":"Point","coordinates":[99.12999,12.27839]}},{"type":"Feature","properties":{"VILLAGE":"Baw Sa Nwin","VLG_MMR":"ဘောဆနွင်း","TS":"Tanintharyi","VT":"Thar Ra Bwin","rep":0},"geometry":{"type":"Point","coordinates":[98.9761,12.5114]}},{"type":"Feature","properties":{"VILLAGE":"Ka Wet","VLG_MMR":"ကဝက်","TS":"Tanintharyi","VT":"Thar Ra Bwin","rep":0},"geometry":{"type":"Point","coordinates":[99.0079,12.40393]}},{"type":"Feature","properties":{"VILLAGE":"Kyar Gaung","VLG_MMR":"ကျားခေါင်း","TS":"Tanintharyi","VT":"Thar Ra Bwin","rep":0},"geometry":{"type":"Point","coordinates":[99.11575,12.28244]}},{"type":"Feature","properties":{"VILLAGE":"Kyauk Taung","VLG_MMR":"ကျောက်တောင်","TS":"Tanintharyi","VT":"Thar Ra Bwin","rep":0},"geometry":{"type":"Point","coordinates":[99.02021,12.31422]}},{"type":"Feature","properties":{"VILLAGE":"Kywe Ku","VLG_MMR":"ကျွဲကူး","TS":"Tanintharyi","VT":"Thar Ra Bwin","rep":0},"geometry":{"type":"Point","coordinates":[99.11761,12.29342]}},{"type":"Feature","properties":{"VILLAGE":"Lan Ku","VLG_MMR":"လမ်းကူး","TS":"Tanintharyi","VT":"Thar Ra Bwin","rep":0},"geometry":{"type":"Point","coordinates":[99.03907,12.30357]}},{"type":"Feature","properties":{"VILLAGE":"Pa Da Myar","VLG_MMR":"ပတ္တမြား","TS":"Tanintharyi","VT":"Thar Ra Bwin","rep":0},"geometry":{"type":"Point","coordinates":[99.07887,12.29065]}},{"type":"Feature","properties":{"VILLAGE":"Pein Chaung","VLG_MMR":"ပိန်းချောင်း","TS":"Tanintharyi","VT":"Thar Ra Bwin","rep":0},"geometry":{"type":"Point","coordinates":[98.99121,12.35796]}},{"type":"Feature","properties":{"VILLAGE":"Pyar Zei","VLG_MMR":"ပျားဇယ်","TS":"Tanintharyi","VT":"Thar Ra Bwin","rep":0},"geometry":{"type":"Point","coordinates":[99.05377,12.29103]}},{"type":"Feature","properties":{"VILLAGE":"Pyin Ka Doe","VLG_MMR":"ပျဉ်းကတိုး","TS":"Tanintharyi","VT":"Thar Ra Bwin","rep":0},"geometry":{"type":"Point","coordinates":[99.00843,12.36596]}},{"type":"Feature","properties":{"VILLAGE":"Shwe Du","VLG_MMR":"ရွှေဒူး","TS":"Tanintharyi","VT":"Thar Ra Bwin","rep":0},"geometry":{"type":"Point","coordinates":[99.09572,12.28906]}},{"type":"Feature","properties":{"VILLAGE":"Ta May Htar","VLG_MMR":"တမေးထာ","TS":"Tanintharyi","VT":"Thar Ra Bwin","rep":0},"geometry":{"type":"Point","coordinates":[98.95333,12.53835]}},{"type":"Feature","properties":{"VILLAGE":"Thar Ra Bwin","VLG_MMR":"သာရဘွင်","TS":"Tanintharyi","VT":"Thar Ra Bwin","rep":1},"geometry":{"type":"Point","coordinates":[99.03323,12.2908]}},{"type":"Feature","properties":{"VILLAGE":"Thar Ra Bwin (Chaung Hpyar)","VLG_MMR":"သာရဘွင် (ချောင်းဖျား)","TS":"Tanintharyi","VT":"Thar Ra Bwin","rep":0},"geometry":{"type":"Point","coordinates":[99.00779,12.36559]}},{"type":"Feature","properties":{"VILLAGE":"Thar Ra Bwin (Chaung Wa)","VLG_MMR":"သာရဘွင် (ချောင်းဝ)","TS":"Tanintharyi","VT":"Thar Ra Bwin","rep":0},"geometry":{"type":"Point","coordinates":[99.03593,12.29002]}},{"type":"Feature","properties":{"VILLAGE":"Thar Ra Bwin (East)","VLG_MMR":"သာရဘွင် (အရှေ့)","TS":"Tanintharyi","VT":"Thar Ra Bwin","rep":0},"geometry":{"type":"Point","coordinates":[99.05039,12.29763]}},{"type":"Feature","properties":{"VILLAGE":"Thein Pyin","VLG_MMR":"သိန်းပြင်","TS":"Tanintharyi","VT":"Thar Ra Bwin","rep":0},"geometry":{"type":"Point","coordinates":[98.96801,12.38628]}},{"type":"Feature","properties":{"VILLAGE":"Thar Ra Hpon (East)","VLG_MMR":"သာရဖုံ (အရှေ့)","TS":"Tanintharyi","VT":"Thar Ra Hpon","rep":0},"geometry":{"type":"Point","coordinates":[98.88238,12.15678]}},{"type":"Feature","properties":{"VILLAGE":"Thar Ra Hpon (West)","VLG_MMR":"သာရဖုံ (အနောက်)","TS":"Tanintharyi","VT":"Thar Ra Hpon","rep":0},"geometry":{"type":"Point","coordinates":[98.87646,12.16221]}},{"type":"Feature","properties":{"VILLAGE":"Ban Pyayt","VLG_MMR":"ဘန်းပြည့်","TS":"Tanintharyi","VT":"Thein Daw","rep":0},"geometry":{"type":"Point","coordinates":[99.14082,12.29269]}},{"type":"Feature","properties":{"VILLAGE":"Ban Pyayt Thein Daw Taung","VLG_MMR":"ဘန်းပြည့်သိန်းဒေါတောင်","TS":"Tanintharyi","VT":"Thein Daw","rep":0},"geometry":{"type":"Point","coordinates":[99.13643,12.29108]}},{"type":"Feature","properties":{"VILLAGE":"Maing That Tu","VLG_MMR":"မိုင်းသတ္တု","TS":"Tanintharyi","VT":"Thein Daw","rep":0},"geometry":{"type":"Point","coordinates":[99.13535,12.33446]}},{"type":"Feature","properties":{"VILLAGE":"Moe Pyay","VLG_MMR":"မိုးပြေး","TS":"Tanintharyi","VT":"Thein Daw","rep":0},"geometry":{"type":"Point","coordinates":[99.05432,12.34929]}},{"type":"Feature","properties":{"VILLAGE":"Thein Daw Hmaing Seik","VLG_MMR":"သိန်းဒေါမှိုင်းဆိပ်","TS":"Tanintharyi","VT":"Thein Daw","rep":0},"geometry":{"type":"Point","coordinates":[99.13999,12.31485]}},{"type":"Feature","properties":{"VILLAGE":"Thein Daw Ywar Ma","VLG_MMR":"သိန္ဒောရွာမ","TS":"Tanintharyi","VT":"Thein Daw","rep":0},"geometry":{"type":"Point","coordinates":[99.13863,12.32767]}},{"type":"Feature","properties":{"VILLAGE":"Thu Htay","VLG_MMR":"သူဌေး","TS":"Tanintharyi","VT":"Thein Daw","rep":0},"geometry":{"type":"Point","coordinates":[99.12472,12.346]}},{"type":"Feature","properties":{"VILLAGE":"Thu Htay Ah Nauk","VLG_MMR":"သူဌေးအနောက်","TS":"Tanintharyi","VT":"Thein Daw","rep":0},"geometry":{"type":"Point","coordinates":[99.11836,12.34422]}},{"type":"Feature","properties":{"VILLAGE":"Yae Pu","VLG_MMR":"ရေပူ","TS":"Tanintharyi","VT":"Thein Daw","rep":0},"geometry":{"type":"Point","coordinates":[99.1025,12.39243]}},{"type":"Feature","properties":{"VILLAGE":"Chaung Hnit Pauk","VLG_MMR":"ချောင်းနှစ်ပေါက်","TS":"Tanintharyi","VT":"Thein Khun","rep":0},"geometry":{"type":"Point","coordinates":[99.12066,11.902]}},{"type":"Feature","properties":{"VILLAGE":"Hton Kha","VLG_MMR":"ထုံခ","TS":"Tanintharyi","VT":"Thein Khun","rep":0},"geometry":{"type":"Point","coordinates":[99.09469,11.91785]}},{"type":"Feature","properties":{"VILLAGE":"Kawt Yun","VLG_MMR":"ကော့ယွန်း","TS":"Tanintharyi","VT":"Thein Khun","rep":0},"geometry":{"type":"Point","coordinates":[99.10982,11.92407]}},{"type":"Feature","properties":{"VILLAGE":"Thea Hpyu","VLG_MMR":"သဲဖြူ","TS":"Tanintharyi","VT":"Thein Khun","rep":0},"geometry":{"type":"Point","coordinates":[99.28831,11.85225]}},{"type":"Feature","properties":{"VILLAGE":"Thein Khun","VLG_MMR":"သိန်ခွန်း","TS":"Tanintharyi","VT":"Thein Khun","rep":0},"geometry":{"type":"Point","coordinates":[99.15337,11.88292]}},{"type":"Feature","properties":{"VILLAGE":"Aung Thar Wa Ra","VLG_MMR":"အောင်သာဝရ","TS":"Tanintharyi","VT":"Thin Baw U","rep":0},"geometry":{"type":"Point","coordinates":[98.99949,13.3315]}},{"type":"Feature","properties":{"VILLAGE":"Dar Thway Kyauk","VLG_MMR":"ဒါးသွေးကျောက်","TS":"Tanintharyi","VT":"Thin Baw U","rep":0},"geometry":{"type":"Point","coordinates":[98.96325,12.9648]}},{"type":"Feature","properties":{"VILLAGE":"Kyein Ni","VLG_MMR":"ကြိမ်နီ","TS":"Tanintharyi","VT":"Thin Baw U","rep":0},"geometry":{"type":"Point","coordinates":[98.97401,13.135]}},{"type":"Feature","properties":{"VILLAGE":"Lel Mu Htu","VLG_MMR":"လယ်မူထူး","TS":"Tanintharyi","VT":"Thin Baw U","rep":0},"geometry":{"type":"Point","coordinates":[98.9774,13.12368]}},{"type":"Feature","properties":{"VILLAGE":"Sa Ra Wa","VLG_MMR":"စရဝ","TS":"Tanintharyi","VT":"Thin Baw U","rep":0},"geometry":{"type":"Point","coordinates":[98.94229,12.83042]}},{"type":"Feature","properties":{"VILLAGE":"Sin Ma Kyun","VLG_MMR":"ဆင်မကျွန်း","TS":"Tanintharyi","VT":"Thin Baw U","rep":0},"geometry":{"type":"Point","coordinates":[98.94508,12.80638]}},{"type":"Feature","properties":{"VILLAGE":"Thar Ra Zaing","VLG_MMR":"သာရဇိုင်း","TS":"Tanintharyi","VT":"Thin Baw U","rep":0},"geometry":{"type":"Point","coordinates":[98.97569,13.17523]}},{"type":"Feature","properties":{"VILLAGE":"Thar Ra Zu","VLG_MMR":"သာရဇူး","TS":"Tanintharyi","VT":"Thin Baw U","rep":0},"geometry":{"type":"Point","coordinates":[98.97456,13.28286]}},{"type":"Feature","properties":{"VILLAGE":"Thin Baw U (East)","VLG_MMR":"သင်္ဘောဦး (အရှေ့)","TS":"Tanintharyi","VT":"Thin Baw U","rep":0},"geometry":{"type":"Point","coordinates":[98.95522,12.9268]}},{"type":"Feature","properties":{"VILLAGE":"Thin Baw U (West)","VLG_MMR":"သင်္ဘောဦး (အနောက်)","TS":"Tanintharyi","VT":"Thin Baw U","rep":0},"geometry":{"type":"Point","coordinates":[98.94886,12.929]}},{"type":"Feature","properties":{"VILLAGE":"Ti Wa Shauk Kone","VLG_MMR":"တီဝရှောက်ကုန်း","TS":"Tanintharyi","VT":"Thin Baw U","rep":0},"geometry":{"type":"Point","coordinates":[98.91777,12.77213]}},{"type":"Feature","properties":{"VILLAGE":"Du Kyoe","VLG_MMR":"ဒူးကျိုး","TS":"Tanintharyi","VT":"Za Wea","rep":0},"geometry":{"type":"Point","coordinates":[98.93611,12.23654]}},{"type":"Feature","properties":{"VILLAGE":"Hpar Ni","VLG_MMR":"ဖါနီ","TS":"Tanintharyi","VT":"Za Wea","rep":0},"geometry":{"type":"Point","coordinates":[98.92981,12.22837]}},{"type":"Feature","properties":{"VILLAGE":"Hpet Pyin","VLG_MMR":"ဖက်ပြင်","TS":"Tanintharyi","VT":"Za Wea","rep":0},"geometry":{"type":"Point","coordinates":[98.89987,12.22284]}},{"type":"Feature","properties":{"VILLAGE":"Kyauk Thin Baw","VLG_MMR":"ကျောက်သင်္ဘော","TS":"Tanintharyi","VT":"Za Wea","rep":0},"geometry":{"type":"Point","coordinates":[98.94312,12.24526]}},{"type":"Feature","properties":{"VILLAGE":"Nga Yant Inn","VLG_MMR":"ငရံ့အင်း","TS":"Tanintharyi","VT":"Za Wea","rep":0},"geometry":{"type":"Point","coordinates":[98.92519,12.2732]}},{"type":"Feature","properties":{"VILLAGE":"Pyin Wun","VLG_MMR":"ပြင်ဝန်း","TS":"Tanintharyi","VT":"Za Wea","rep":0},"geometry":{"type":"Point","coordinates":[98.90943,12.2092]}},{"type":"Feature","properties":{"VILLAGE":"Sa Tu Ba La","VLG_MMR":"စတုဗလ","TS":"Tanintharyi","VT":"Za Wea","rep":0},"geometry":{"type":"Point","coordinates":[98.91183,12.22373]}},{"type":"Feature","properties":{"VILLAGE":"Sin Din","VLG_MMR":"ဆင်ဒင်","TS":"Tanintharyi","VT":"Za Wea","rep":0},"geometry":{"type":"Point","coordinates":[98.9129,12.21149]}},{"type":"Feature","properties":{"VILLAGE":"Yay Khan Chaung","VLG_MMR":"ရေခံချောင်း","TS":"Tanintharyi","VT":"Za Wea","rep":0},"geometry":{"type":"Point","coordinates":[98.95082,12.24858]}},{"type":"Feature","properties":{"VILLAGE":"Za Wea","VLG_MMR":"ဇဝဲ","TS":"Tanintharyi","VT":"Za Wea","rep":0},"geometry":{"type":"Point","coordinates":[98.91467,12.22896]}},{"type":"Feature","properties":{"VILLAGE":"Ait Ait","VLG_MMR":"အစ်အစ်","TS":"Thayetchaung","VT":"Ait Ait (Kayin Pa Awt)","rep":0},"geometry":{"type":"Point","coordinates":[98.51533,13.31404]}},{"type":"Feature","properties":{"VILLAGE":"Inn Ma Chaung","VLG_MMR":"အင်းမချောင်း","TS":"Thayetchaung","VT":"Ait Ait (Kayin Pa Awt)","rep":0},"geometry":{"type":"Point","coordinates":[98.50506,13.37819]}},{"type":"Feature","properties":{"VILLAGE":"Kyauk Ta Khwa","VLG_MMR":"ကျောက်တခွ","TS":"Thayetchaung","VT":"Ait Ait (Kayin Pa Awt)","rep":0},"geometry":{"type":"Point","coordinates":[98.49379,13.32745]}},{"type":"Feature","properties":{"VILLAGE":"Lel Pyin Gyi","VLG_MMR":"လယ်ပြင်ကြီး","TS":"Thayetchaung","VT":"Ait Ait (Kayin Pa Awt)","rep":0},"geometry":{"type":"Point","coordinates":[98.50404,13.34844]}},{"type":"Feature","properties":{"VILLAGE":"Mar La Kar Chaung","VLG_MMR":"မာလကာချောင်း","TS":"Thayetchaung","VT":"Ait Ait (Kayin Pa Awt)","rep":0},"geometry":{"type":"Point","coordinates":[98.51806,13.38935]}},{"type":"Feature","properties":{"VILLAGE":"Mee Laung Chaung","VLG_MMR":"မီးလောင်ချောင်း","TS":"Thayetchaung","VT":"Ait Ait (Kayin Pa Awt)","rep":0},"geometry":{"type":"Point","coordinates":[98.53503,13.35133]}},{"type":"Feature","properties":{"VILLAGE":"Nyein Chan Yay (1)","VLG_MMR":"ငြိမ်းချမ်းရေး (၁)","TS":"Thayetchaung","VT":"Ait Ait (Kayin Pa Awt)","rep":0},"geometry":{"type":"Point","coordinates":[98.55117,13.3498]}},{"type":"Feature","properties":{"VILLAGE":"Pa Awt Chaung","VLG_MMR":"ပအော့ချောင်း","TS":"Thayetchaung","VT":"Ait Ait (Kayin Pa Awt)","rep":0},"geometry":{"type":"Point","coordinates":[98.53112,13.39096]}},{"type":"Feature","properties":{"VILLAGE":"Shwe U Chaung","VLG_MMR":"ရွှေဥချောင်း","TS":"Thayetchaung","VT":"Ait Ait (Kayin Pa Awt)","rep":0},"geometry":{"type":"Point","coordinates":[98.53944,13.3349]}},{"type":"Feature","properties":{"VILLAGE":"Auk Tha Yet Chaung","VLG_MMR":"အောက်သရက်ချောင်း","TS":"Thayetchaung","VT":"Auk Tha Yet Chaung","rep":0},"geometry":{"type":"Point","coordinates":[98.43677,13.50574]}},{"type":"Feature","properties":{"VILLAGE":"Chaung Wa Pyin","VLG_MMR":"ချောင်းဝပြင်","TS":"Thayetchaung","VT":"Chaung Wa Pyin","rep":0},"geometry":{"type":"Point","coordinates":[98.35835,13.68071]}},{"type":"Feature","properties":{"VILLAGE":"Kywe Yae Aing","VLG_MMR":"ကျွဲရေအိုင်","TS":"Thayetchaung","VT":"Chaung Wa Pyin","rep":0},"geometry":{"type":"Point","coordinates":[98.3603,13.67269]}},{"type":"Feature","properties":{"VILLAGE":"Tha Yet Pin Aing","VLG_MMR":"သရက်ပင်အိုင်","TS":"Thayetchaung","VT":"Chaung Wa Pyin","rep":0},"geometry":{"type":"Point","coordinates":[98.35232,13.6717]}},{"type":"Feature","properties":{"VILLAGE":"Ein Shey Pyin","VLG_MMR":"အိမ်ရှေ့ပြင်","TS":"Thayetchaung","VT":"Ein Shey Pyin","rep":0},"geometry":{"type":"Point","coordinates":[98.26461,13.81696]}},{"type":"Feature","properties":{"VILLAGE":"Gon Hnyin Seik","VLG_MMR":"ဂုံညှင်းဆိပ်","TS":"Thayetchaung","VT":"Gon Hnyin Seik","rep":0},"geometry":{"type":"Point","coordinates":[98.32118,13.68841]}},{"type":"Feature","properties":{"VILLAGE":"Si Taw","VLG_MMR":"ဆီတော","TS":"Thayetchaung","VT":"Gon Hnyin Seik","rep":0},"geometry":{"type":"Point","coordinates":[98.32443,13.69544]}},{"type":"Feature","properties":{"VILLAGE":"Si Tet","VLG_MMR":"ဆီတက်","TS":"Thayetchaung","VT":"Gon Hnyin Seik","rep":0},"geometry":{"type":"Point","coordinates":[98.33875,13.71289]}},{"type":"Feature","properties":{"VILLAGE":"Ka Myaing","VLG_MMR":"ကမြိုင်","TS":"Thayetchaung","VT":"Ka Myaing","rep":0},"geometry":{"type":"Point","coordinates":[98.37099,13.6445]}},{"type":"Feature","properties":{"VILLAGE":"Ka Net Thi Ri","VLG_MMR":"ကနက်သီရိ","TS":"Thayetchaung","VT":"Ka Net Thi Ri","rep":0},"geometry":{"type":"Point","coordinates":[98.30066,13.65796]}},{"type":"Feature","properties":{"VILLAGE":"Pein Hne Kone","VLG_MMR":"ပိန္နဲကုန်း","TS":"Thayetchaung","VT":"Ka Net Thi Ri","rep":0},"geometry":{"type":"Point","coordinates":[98.32584,13.6521]}},{"type":"Feature","properties":{"VILLAGE":"Ka Nyin Chaung","VLG_MMR":"ကညင်ချောင်း","TS":"Thayetchaung","VT":"Ka Nyin Chaung","rep":1},"geometry":{"type":"Point","coordinates":[98.42805,13.52631]}},{"type":"Feature","properties":{"VILLAGE":"Seik Chaung","VLG_MMR":"ဆိပ်ချောင်း","TS":"Thayetchaung","VT":"Ka Nyin Chaung","rep":0},"geometry":{"type":"Point","coordinates":[98.40024,13.53744]}},{"type":"Feature","properties":{"VILLAGE":"Thin Pone Chaung","VLG_MMR":"သင်ပုန်းချောင်း","TS":"Thayetchaung","VT":"Ka Nyin Chaung","rep":0},"geometry":{"type":"Point","coordinates":[98.43097,13.54706]}},{"type":"Feature","properties":{"VILLAGE":"Bat","VLG_MMR":"ဘတ်","TS":"Thayetchaung","VT":"Ka Twe","rep":0},"geometry":{"type":"Point","coordinates":[98.38444,13.57586]}},{"type":"Feature","properties":{"VILLAGE":"Boke","VLG_MMR":"ဘုတ်","TS":"Thayetchaung","VT":"Ka Twe","rep":0},"geometry":{"type":"Point","coordinates":[98.38075,13.56488]}},{"type":"Feature","properties":{"VILLAGE":"Ka Twe","VLG_MMR":"ကတွဲ","TS":"Thayetchaung","VT":"Ka Twe","rep":0},"geometry":{"type":"Point","coordinates":[98.39218,13.59474]}},{"type":"Feature","properties":{"VILLAGE":"Ka Zi Hte","VLG_MMR":"ကဇိထဲ","TS":"Thayetchaung","VT":"Ka Zi Ta Dar U","rep":0},"geometry":{"type":"Point","coordinates":[98.27281,13.89718]}},{"type":"Feature","properties":{"VILLAGE":"Ka Zi Ta Dar U","VLG_MMR":"ကဇိတံတားဦး","TS":"Thayetchaung","VT":"Ka Zi Ta Dar U","rep":0},"geometry":{"type":"Point","coordinates":[98.25899,13.89974]}},{"type":"Feature","properties":{"VILLAGE":"Kayin Taung Pyauk","VLG_MMR":"ကရင်တောင်ပျောက်","TS":"Thayetchaung","VT":"Kayin Taung Pyauk","rep":0},"geometry":{"type":"Point","coordinates":[98.47405,13.75626]}},{"type":"Feature","properties":{"VILLAGE":"Kin Shey","VLG_MMR":"ကင်းရှေ့","TS":"Thayetchaung","VT":"Kin Shey","rep":1},"geometry":{"type":"Point","coordinates":[98.27768,14.02171]}},{"type":"Feature","properties":{"VILLAGE":"Say Hpyat Kone","VLG_MMR":"ဆေးဖြတ်ကုန်း","TS":"Thayetchaung","VT":"Kin Shey","rep":0},"geometry":{"type":"Point","coordinates":[98.25381,14.01153]}},{"type":"Feature","properties":{"VILLAGE":"Kyar Inn","VLG_MMR":"ကြာအင်း","TS":"Thayetchaung","VT":"Kyar Inn","rep":1},"geometry":{"type":"Point","coordinates":[98.25016,13.98778]}},{"type":"Feature","properties":{"VILLAGE":"Kyet Sar Pyin","VLG_MMR":"ကြက်စားပြင်","TS":"Thayetchaung","VT":"Kyar Inn","rep":1},"geometry":{"type":"Point","coordinates":[98.25254,13.99897]}},{"type":"Feature","properties":{"VILLAGE":"Pan Dawt","VLG_MMR":"ပန်းဒေါ့","TS":"Thayetchaung","VT":"Kyar Inn","rep":0},"geometry":{"type":"Point","coordinates":[98.28092,13.99528]}},{"type":"Feature","properties":{"VILLAGE":"Thu Ye Taung","VLG_MMR":"သူရဲတောင်","TS":"Thayetchaung","VT":"Kyar Inn","rep":0},"geometry":{"type":"Point","coordinates":[98.26861,14.00143]}},{"type":"Feature","properties":{"VILLAGE":"Kyauk Se","VLG_MMR":"ကျောက်ဆည်","TS":"Thayetchaung","VT":"Kyauk Se","rep":0},"geometry":{"type":"Point","coordinates":[98.4827,13.40588]}},{"type":"Feature","properties":{"VILLAGE":"Kyauk Kha Mauk","VLG_MMR":"ကျောက်ခမောက်","TS":"Thayetchaung","VT":"Kywe Min Kone","rep":0},"geometry":{"type":"Point","coordinates":[98.35256,13.62723]}},{"type":"Feature","properties":{"VILLAGE":"Kywe Min Kone","VLG_MMR":"ကျွဲမင်းကုန်း","TS":"Thayetchaung","VT":"Kywe Min Kone","rep":0},"geometry":{"type":"Point","coordinates":[98.34181,13.6363]}},{"type":"Feature","properties":{"VILLAGE":"Kywe Zat","VLG_MMR":"ကျွဲဇပ်","TS":"Thayetchaung","VT":"La Ba","rep":0},"geometry":{"type":"Point","coordinates":[98.27878,13.808]}},{"type":"Feature","properties":{"VILLAGE":"La Ba","VLG_MMR":"လဘ","TS":"Thayetchaung","VT":"La Ba","rep":0},"geometry":{"type":"Point","coordinates":[98.28752,13.78341]}},{"type":"Feature","properties":{"VILLAGE":"Sin Kyan","VLG_MMR":"ဆင်ကြန်း","TS":"Thayetchaung","VT":"La Ba","rep":0},"geometry":{"type":"Point","coordinates":[98.27309,13.7927]}},{"type":"Feature","properties":{"VILLAGE":"Kyauk Aing","VLG_MMR":"ကျောက်အိုင်","TS":"Thayetchaung","VT":"Mei Ke","rep":1},"geometry":{"type":"Point","coordinates":[98.42225,13.80203]}},{"type":"Feature","properties":{"VILLAGE":"Mei Ke","VLG_MMR":"မယ်ကဲ","TS":"Thayetchaung","VT":"Mei Ke","rep":1},"geometry":{"type":"Point","coordinates":[98.43425,13.83816]}},{"type":"Feature","properties":{"VILLAGE":"Min Dat","VLG_MMR":"မင်းဒပ်","TS":"Thayetchaung","VT":"Min Dat","rep":1},"geometry":{"type":"Point","coordinates":[98.37804,13.67952]}},{"type":"Feature","properties":{"VILLAGE":"Thein Kone","VLG_MMR":"သိမ်ကုန်း","TS":"Thayetchaung","VT":"Min Dat","rep":0},"geometry":{"type":"Point","coordinates":[98.38213,13.67001]}},{"type":"Feature","properties":{"VILLAGE":"Thit To Kone","VLG_MMR":"သစ်တိုကုန်း","TS":"Thayetchaung","VT":"Min Dat","rep":0},"geometry":{"type":"Point","coordinates":[98.38228,13.66839]}},{"type":"Feature","properties":{"VILLAGE":"Wea Yit","VLG_MMR":"ဝဲရစ်","TS":"Thayetchaung","VT":"Min Dat","rep":0},"geometry":{"type":"Point","coordinates":[98.38351,13.65206]}},{"type":"Feature","properties":{"VILLAGE":"Win Wa","VLG_MMR":"ဝင်းဝ","TS":"Thayetchaung","VT":"Min Dat","rep":0},"geometry":{"type":"Point","coordinates":[98.39382,13.68925]}},{"type":"Feature","properties":{"VILLAGE":"Ka Htaung Ni","VLG_MMR":"ကထောင်းနီ","TS":"Thayetchaung","VT":"Myanmar Pa Awt","rep":0},"geometry":{"type":"Point","coordinates":[98.46897,13.35826]}},{"type":"Feature","properties":{"VILLAGE":"Ka Mar Aing","VLG_MMR":"ကမာအိုင်","TS":"Thayetchaung","VT":"Myanmar Pa Awt","rep":0},"geometry":{"type":"Point","coordinates":[98.47148,13.31975]}},{"type":"Feature","properties":{"VILLAGE":"Kin Pone Chon","VLG_MMR":"ကင်းပုန်းခြုံ","TS":"Thayetchaung","VT":"Myanmar Pa Awt","rep":0},"geometry":{"type":"Point","coordinates":[98.47879,13.29073]}},{"type":"Feature","properties":{"VILLAGE":"Myanmar Pa Awt","VLG_MMR":"မြန်မာပအော့","TS":"Thayetchaung","VT":"Myanmar Pa Awt","rep":0},"geometry":{"type":"Point","coordinates":[98.47427,13.36899]}},{"type":"Feature","properties":{"VILLAGE":"Pa Awt (East)","VLG_MMR":"ပအော့ (အရှေ့)","TS":"Thayetchaung","VT":"Myanmar Pa Awt","rep":0},"geometry":{"type":"Point","coordinates":[98.49368,13.35481]}},{"type":"Feature","properties":{"VILLAGE":"Si Taw Gyi","VLG_MMR":"ဆီတောကြီး","TS":"Thayetchaung","VT":"Myanmar Pa Awt","rep":0},"geometry":{"type":"Point","coordinates":[98.47321,13.34096]}},{"type":"Feature","properties":{"VILLAGE":"Nyaung Zin","VLG_MMR":"ညောင်ဇင်","TS":"Thayetchaung","VT":"Nyaung Zin","rep":1},"geometry":{"type":"Point","coordinates":[98.23485,13.98508]}},{"type":"Feature","properties":{"VILLAGE":"Oke Tu","VLG_MMR":"ဥတ္တူ","TS":"Thayetchaung","VT":"Oke Tu","rep":1},"geometry":{"type":"Point","coordinates":[98.27586,13.93532]}},{"type":"Feature","properties":{"VILLAGE":"Kyauk Hpyu","VLG_MMR":"ကျောက်ဖြူ","TS":"Thayetchaung","VT":"Pa Dat Chaung","rep":0},"geometry":{"type":"Point","coordinates":[98.35293,13.917]}},{"type":"Feature","properties":{"VILLAGE":"Let Wa","VLG_MMR":"လက်ဝ","TS":"Thayetchaung","VT":"Pa Dat Chaung","rep":0},"geometry":{"type":"Point","coordinates":[98.32057,13.96142]}},{"type":"Feature","properties":{"VILLAGE":"Pa Dat Chaung","VLG_MMR":"ပဒတ်ချောင်း","TS":"Thayetchaung","VT":"Pa Dat Chaung","rep":0},"geometry":{"type":"Point","coordinates":[98.34265,13.93337]}},{"type":"Feature","properties":{"VILLAGE":"Pa Dut Cahung Lay","VLG_MMR":"ပဒတ်ချောင်းလေး","TS":"Thayetchaung","VT":"Pa Dat Chaung","rep":0},"geometry":{"type":"Point","coordinates":[98.33609,13.94592]}},{"type":"Feature","properties":{"VILLAGE":"Taung Zin","VLG_MMR":"တောင်ဇင်း","TS":"Thayetchaung","VT":"Pa Dat Chaung","rep":0},"geometry":{"type":"Point","coordinates":[98.36581,13.87605]}},{"type":"Feature","properties":{"VILLAGE":"Tha Pyu Chaung","VLG_MMR":"သပြုချောင်း","TS":"Thayetchaung","VT":"Pa Dat Chaung","rep":0},"geometry":{"type":"Point","coordinates":[98.38123,13.82923]}},{"type":"Feature","properties":{"VILLAGE":"Pa Dauk","VLG_MMR":"ပဒေါက်","TS":"Thayetchaung","VT":"Pa Dauk","rep":0},"geometry":{"type":"Point","coordinates":[98.48035,13.48154]}},{"type":"Feature","properties":{"VILLAGE":"Pan Chi Shaung","VLG_MMR":"ပန်းချီရှောင်","TS":"Thayetchaung","VT":"Pan Chi Shaung","rep":0},"geometry":{"type":"Point","coordinates":[98.24261,13.90902]}},{"type":"Feature","properties":{"VILLAGE":"Leik Hla Aing","VLG_MMR":"လိပ်လှအိုင်","TS":"Thayetchaung","VT":"Pe Det","rep":0},"geometry":{"type":"Point","coordinates":[98.51955,13.41791]}},{"type":"Feature","properties":{"VILLAGE":"Pay Ta Khet","VLG_MMR":"ပေတခက်","TS":"Thayetchaung","VT":"Pe Det","rep":0},"geometry":{"type":"Point","coordinates":[98.48914,13.46929]}},{"type":"Feature","properties":{"VILLAGE":"Pe Det","VLG_MMR":"ပဲဒက်","TS":"Thayetchaung","VT":"Pe Det","rep":1},"geometry":{"type":"Point","coordinates":[98.50618,13.44725]}},{"type":"Feature","properties":{"VILLAGE":"Pe Wa","VLG_MMR":"ပဲဝ","TS":"Thayetchaung","VT":"Pe Det","rep":0},"geometry":{"type":"Point","coordinates":[98.45055,13.39289]}},{"type":"Feature","properties":{"VILLAGE":"Shit Taung Gyi","VLG_MMR":"ရှစ်တောင်ကြီး","TS":"Thayetchaung","VT":"Pe Det","rep":0},"geometry":{"type":"Point","coordinates":[98.46282,13.46043]}},{"type":"Feature","properties":{"VILLAGE":"Sin Ma Tan","VLG_MMR":"ဆင်မတန်း","TS":"Thayetchaung","VT":"Pe Det","rep":0},"geometry":{"type":"Point","coordinates":[98.4649,13.43568]}},{"type":"Feature","properties":{"VILLAGE":"Sin Swei Chaung","VLG_MMR":"ဆင်စွယ်ချောင်း","TS":"Thayetchaung","VT":"Pe Det","rep":0},"geometry":{"type":"Point","coordinates":[98.51334,13.43783]}},{"type":"Feature","properties":{"VILLAGE":"Ta Khun Taing","VLG_MMR":"တံခွန်တိုင်","TS":"Thayetchaung","VT":"Pe Det","rep":0},"geometry":{"type":"Point","coordinates":[98.51637,13.43111]}},{"type":"Feature","properties":{"VILLAGE":"Yan Aung","VLG_MMR":"ရန်အောင်","TS":"Thayetchaung","VT":"Pe Det","rep":0},"geometry":{"type":"Point","coordinates":[98.55928,13.4567]}},{"type":"Feature","properties":{"VILLAGE":"Me Nei Oe","VLG_MMR":"မဲနယ်အိုး","TS":"Thayetchaung","VT":"Pein Taw","rep":0},"geometry":{"type":"Point","coordinates":[98.25724,13.92566]}},{"type":"Feature","properties":{"VILLAGE":"Pan Pyin","VLG_MMR":"ပန်းပြင်","TS":"Thayetchaung","VT":"Pein Taw","rep":0},"geometry":{"type":"Point","coordinates":[98.25298,13.91904]}},{"type":"Feature","properties":{"VILLAGE":"Pein Taw","VLG_MMR":"ပိန်းတော","TS":"Thayetchaung","VT":"Pein Taw","rep":0},"geometry":{"type":"Point","coordinates":[98.25052,13.91001]}},{"type":"Feature","properties":{"VILLAGE":"Chauk Chaung","VLG_MMR":"ချောက်ချောင်း","TS":"Thayetchaung","VT":"Pyin Hpyu Gyi","rep":0},"geometry":{"type":"Point","coordinates":[98.32202,13.75999]}},{"type":"Feature","properties":{"VILLAGE":"Pi Taing","VLG_MMR":"ပိတိုင်","TS":"Thayetchaung","VT":"Pyin Hpyu Gyi","rep":1},"geometry":{"type":"Point","coordinates":[98.28099,13.7661]}},{"type":"Feature","properties":{"VILLAGE":"Pyin Hpyu Gyi","VLG_MMR":"ပြင်းဖြူကြီး","TS":"Thayetchaung","VT":"Pyin Hpyu Gyi","rep":1},"geometry":{"type":"Point","coordinates":[98.30241,13.7449]}},{"type":"Feature","properties":{"VILLAGE":"Ka Bat","VLG_MMR":"ကဘတ်","TS":"Thayetchaung","VT":"Pyin Hpyu Thar","rep":0},"geometry":{"type":"Point","coordinates":[98.32759,13.73293]}},{"type":"Feature","properties":{"VILLAGE":"Pyin Hpyu Thar","VLG_MMR":"ပြင်းဖြူသား","TS":"Thayetchaung","VT":"Pyin Hpyu Thar","rep":0},"geometry":{"type":"Point","coordinates":[98.3369,13.73137]}},{"type":"Feature","properties":{"VILLAGE":"Kyauk Hlay Kar","VLG_MMR":"ကျောက်လှေကား","TS":"Thayetchaung","VT":"Saw Hpyar","rep":1},"geometry":{"type":"Point","coordinates":[98.29796,13.97237]}},{"type":"Feature","properties":{"VILLAGE":"Maw Shee Ku","VLG_MMR":"မော်ရှီကူး","TS":"Thayetchaung","VT":"Saw Hpyar","rep":0},"geometry":{"type":"Point","coordinates":[98.29509,14.0006]}},{"type":"Feature","properties":{"VILLAGE":"Saw Hpyar","VLG_MMR":"စော်ဖျား","TS":"Thayetchaung","VT":"Saw Hpyar","rep":1},"geometry":{"type":"Point","coordinates":[98.3019,13.9908]}},{"type":"Feature","properties":{"VILLAGE":"Boke Kaing","VLG_MMR":"ဘုတ်ကိုင်း","TS":"Thayetchaung","VT":"Sin Ku","rep":0},"geometry":{"type":"Point","coordinates":[98.28688,13.81624]}},{"type":"Feature","properties":{"VILLAGE":"Sin Ku","VLG_MMR":"ဆင်ကူး","TS":"Thayetchaung","VT":"Sin Ku","rep":1},"geometry":{"type":"Point","coordinates":[98.2786,13.82797]}},{"type":"Feature","properties":{"VILLAGE":"Mya Lay Pyin","VLG_MMR":"မြလေးပြင်","TS":"Thayetchaung","VT":"Son Sin","rep":0},"geometry":{"type":"Point","coordinates":[98.35366,13.718]}},{"type":"Feature","properties":{"VILLAGE":"Son Sin","VLG_MMR":"စုံစင်","TS":"Thayetchaung","VT":"Son Sin","rep":0},"geometry":{"type":"Point","coordinates":[98.35495,13.69664]}},{"type":"Feature","properties":{"VILLAGE":"Son Sin Hpyar","VLG_MMR":"စုံစင်ဖျား","TS":"Thayetchaung","VT":"Son Sin","rep":1},"geometry":{"type":"Point","coordinates":[98.35922,13.73624]}},{"type":"Feature","properties":{"VILLAGE":"Thea Chaung Thar","VLG_MMR":"သဲချောင်းသား","TS":"Thayetchaung","VT":"Son Sin","rep":0},"geometry":{"type":"Point","coordinates":[98.36524,13.71138]}},{"type":"Feature","properties":{"VILLAGE":"Tha Yet Hnit Khwa","VLG_MMR":"သရက်နှစ်ခွ","TS":"Thayetchaung","VT":"Tha Yet Hnit Khwa","rep":1},"geometry":{"type":"Point","coordinates":[98.25066,13.94522]}},{"type":"Feature","properties":{"VILLAGE":"Ah Lel Su","VLG_MMR":"အလယ်စု","TS":"Thayetchaung","VT":"Thea Chaung Gyi","rep":1},"geometry":{"type":"Point","coordinates":[98.43351,13.73865]}},{"type":"Feature","properties":{"VILLAGE":"Byat Wi Thar","VLG_MMR":"ဗျတ်ဝိသား","TS":"Thayetchaung","VT":"Thea Chaung Gyi","rep":0},"geometry":{"type":"Point","coordinates":[98.43668,13.72497]}},{"type":"Feature","properties":{"VILLAGE":"Kywe Chan","VLG_MMR":"ကျွဲခြံ","TS":"Thayetchaung","VT":"Thea Chaung Gyi","rep":0},"geometry":{"type":"Point","coordinates":[98.41011,13.76635]}},{"type":"Feature","properties":{"VILLAGE":"Thea Chaung Gyi","VLG_MMR":"သဲချောင်းကြီး","TS":"Thayetchaung","VT":"Thea Chaung Gyi","rep":0},"geometry":{"type":"Point","coordinates":[98.40378,13.7559]}},{"type":"Feature","properties":{"VILLAGE":"Win Ka Hpaw","VLG_MMR":"ဝင်းကဖော်","TS":"Thayetchaung","VT":"Thea Chaung Gyi","rep":0},"geometry":{"type":"Point","coordinates":[98.41314,13.77548]}},{"type":"Feature","properties":{"VILLAGE":"Thin Kyun","VLG_MMR":"သင်းကျွန်း","TS":"Thayetchaung","VT":"Thin Kyun","rep":1},"geometry":{"type":"Point","coordinates":[98.2435,13.95898]}},{"type":"Feature","properties":{"VILLAGE":"Ti Tut Pyin","VLG_MMR":"တီတွတ်ပြင်","TS":"Thayetchaung","VT":"Ti Tut Pyin","rep":1},"geometry":{"type":"Point","coordinates":[98.26104,13.83114]}},{"type":"Feature","properties":{"VILLAGE":"Inn Pu","VLG_MMR":"အင်းပူး","TS":"Thayetchaung","VT":"Ya Nge","rep":0},"geometry":{"type":"Point","coordinates":[98.37763,13.62671]}},{"type":"Feature","properties":{"VILLAGE":"Yae Nge (Ya Nge)","VLG_MMR":"ရေငဲ (ရငဲ)","TS":"Thayetchaung","VT":"Ya Nge","rep":1},"geometry":{"type":"Point","coordinates":[98.37183,13.63467]}},{"type":"Feature","properties":{"VILLAGE":"Yae Cho Chaung","VLG_MMR":"ရေချိုချောင်း","TS":"Thayetchaung","VT":"Yae Cho Chaung","rep":0},"geometry":{"type":"Point","coordinates":[98.3412,13.68313]}},{"type":"Feature","properties":{"VILLAGE":"Yae Pu","VLG_MMR":"ရေပူ","TS":"Thayetchaung","VT":"Yae Pu","rep":0},"geometry":{"type":"Point","coordinates":[98.48637,13.75272]}},{"type":"Feature","properties":{"VILLAGE":"Yan Taung","VLG_MMR":"ရန်တောင်","TS":"Thayetchaung","VT":"Yan Taung","rep":1},"geometry":{"type":"Point","coordinates":[98.24014,13.97033]}},{"type":"Feature","properties":{"VILLAGE":"Aye Ka Ni","VLG_MMR":"ဧကနိ","TS":"Yebyu","VT":"Aye Ka Ni","rep":0},"geometry":{"type":"Point","coordinates":[98.11333,14.36043]}},{"type":"Feature","properties":{"VILLAGE":"Kone Yat Inn","VLG_MMR":"ကုန်းရပ်အင်း","TS":"Yebyu","VT":"Aye Ka Ni","rep":0},"geometry":{"type":"Point","coordinates":[98.10044,14.40736]}},{"type":"Feature","properties":{"VILLAGE":"Wa Zum Taw","VLG_MMR":"ဝဇွမ်းတော","TS":"Yebyu","VT":"Aye Ka Ni","rep":0},"geometry":{"type":"Point","coordinates":[98.08041,14.38643]}},{"type":"Feature","properties":{"VILLAGE":"Ya Nge","VLG_MMR":"ရငဲ","TS":"Yebyu","VT":"Aye Ka Ni","rep":0},"geometry":{"type":"Point","coordinates":[98.10801,14.40105]}},{"type":"Feature","properties":{"VILLAGE":"Ein Da Rar Zar","VLG_MMR":"အိန္ဒရာဇာ","TS":"Yebyu","VT":"Ein Da Rar Zar","rep":0},"geometry":{"type":"Point","coordinates":[98.06144,14.66281]}},{"type":"Feature","properties":{"VILLAGE":"Pyin Gyi","VLG_MMR":"ပြင်ကြီး","TS":"Yebyu","VT":"Ein Da Rar Zar","rep":0},"geometry":{"type":"Point","coordinates":[98.0173,14.63767]}},{"type":"Feature","properties":{"VILLAGE":"Shin Pyan","VLG_MMR":"ရှင်ပြန်","TS":"Yebyu","VT":"Ein Da Rar Zar","rep":0},"geometry":{"type":"Point","coordinates":[98.04739,14.62505]}},{"type":"Feature","properties":{"VILLAGE":"Sin Ku","VLG_MMR":"ဆင်ကူး","TS":"Yebyu","VT":"Ein Da Rar Zar","rep":0},"geometry":{"type":"Point","coordinates":[97.98963,14.70794]}},{"type":"Feature","properties":{"VILLAGE":"Hnan Kye","VLG_MMR":"နှမ်းကြဲ","TS":"Yebyu","VT":"Hnan Kye","rep":0},"geometry":{"type":"Point","coordinates":[98.16818,14.4607]}},{"type":"Feature","properties":{"VILLAGE":"Kyay Zu Taw","VLG_MMR":"ကျေးဇူးတော်","TS":"Yebyu","VT":"Hnan Kye","rep":0},"geometry":{"type":"Point","coordinates":[98.20951,14.47539]}},{"type":"Feature","properties":{"VILLAGE":"Myanmar Shin Ta Bi","VLG_MMR":"မြန်မာရှင်တဘီ","TS":"Yebyu","VT":"Hnan Kye","rep":0},"geometry":{"type":"Point","coordinates":[98.14895,14.4837]}},{"type":"Feature","properties":{"VILLAGE":"Hpar Chaung","VLG_MMR":"ဖားချောင်း","TS":"Yebyu","VT":"Hpar Chaung","rep":0},"geometry":{"type":"Point","coordinates":[98.09434,14.50523]}},{"type":"Feature","properties":{"VILLAGE":"Taung Yin Inn","VLG_MMR":"တောင်ရင်းအင်း","TS":"Yebyu","VT":"Hpar Chaung","rep":0},"geometry":{"type":"Point","coordinates":[98.09816,14.55173]}},{"type":"Feature","properties":{"VILLAGE":"Da Min Seik Paik Sa Khan","VLG_MMR":"ဓမင်းဆိပ်ပိုက်စခန်း","TS":"Yebyu","VT":"Hpaung Taw","rep":0},"geometry":{"type":"Point","coordinates":[97.90507,14.57734]}},{"type":"Feature","properties":{"VILLAGE":"Hpaung Taw","VLG_MMR":"ဖောင်းတော","TS":"Yebyu","VT":"Hpaung Taw","rep":0},"geometry":{"type":"Point","coordinates":[97.92292,14.56793]}},{"type":"Feature","properties":{"VILLAGE":"Kaung Hmu","VLG_MMR":"ကောင်းမှု","TS":"Yebyu","VT":"Hpaung Taw","rep":0},"geometry":{"type":"Point","coordinates":[97.93275,14.6018]}},{"type":"Feature","properties":{"VILLAGE":"Kyauk Thin Baw","VLG_MMR":"ကျောက်သင်္ဘော","TS":"Yebyu","VT":"Hpaung Taw","rep":0},"geometry":{"type":"Point","coordinates":[97.91228,14.5754]}},{"type":"Feature","properties":{"VILLAGE":"Maw Gyi","VLG_MMR":"မော်ကြီး","TS":"Yebyu","VT":"Hpaung Taw","rep":0},"geometry":{"type":"Point","coordinates":[97.9289,14.55574]}},{"type":"Feature","properties":{"VILLAGE":"Mee Taing Tet","VLG_MMR":"မီးတိုင်တက်","TS":"Yebyu","VT":"Hpaung Taw","rep":0},"geometry":{"type":"Point","coordinates":[97.94344,14.54408]}},{"type":"Feature","properties":{"VILLAGE":"Hle Kone","VLG_MMR":"လှည်းကုန်း","TS":"Yebyu","VT":"Kan Pauk","rep":0},"geometry":{"type":"Point","coordinates":[98.02649,14.60378]}},{"type":"Feature","properties":{"VILLAGE":"Hpet Taung","VLG_MMR":"ဖက်တောင်","TS":"Yebyu","VT":"Kan Pauk","rep":0},"geometry":{"type":"Point","coordinates":[97.99975,14.58398]}},{"type":"Feature","properties":{"VILLAGE":"Kan Pauk","VLG_MMR":"ကံပေါက်","TS":"Yebyu","VT":"Kan Pauk","rep":0},"geometry":{"type":"Point","coordinates":[98.02553,14.59323]}},{"type":"Feature","properties":{"VILLAGE":"Mee Kyaung Aing","VLG_MMR":"မီးကျောင်းအိုင်","TS":"Yebyu","VT":"Kan Pauk","rep":0},"geometry":{"type":"Point","coordinates":[98.02899,14.61032]}},{"type":"Feature","properties":{"VILLAGE":"Kayin Shin Ta Bi","VLG_MMR":"ကရင်ရှင်တဘီ","TS":"Yebyu","VT":"Kayin Shin Ta Bi","rep":0},"geometry":{"type":"Point","coordinates":[98.15743,14.49813]}},{"type":"Feature","properties":{"VILLAGE":"Shan Hpan","VLG_MMR":"ရှမ်းဖန်","TS":"Yebyu","VT":"Kayin Shin Ta Bi","rep":0},"geometry":{"type":"Point","coordinates":[98.15278,14.54571]}},{"type":"Feature","properties":{"VILLAGE":"Kya Khat Ta Pin","VLG_MMR":"ကျခတ္တပင်","TS":"Yebyu","VT":"Kyauk Htaunt","rep":0},"geometry":{"type":"Point","coordinates":[98.17286,14.22713]}},{"type":"Feature","properties":{"VILLAGE":"Kyauk Htaunt","VLG_MMR":"ကျောက်ထောင့်","TS":"Yebyu","VT":"Kyauk Htaunt","rep":0},"geometry":{"type":"Point","coordinates":[98.1926,14.21393]}},{"type":"Feature","properties":{"VILLAGE":"Kyauk Ka Nyar","VLG_MMR":"ကျောက်ကညာ","TS":"Yebyu","VT":"Kyauk Ka Nyar","rep":0},"geometry":{"type":"Point","coordinates":[98.2098,14.22612]}},{"type":"Feature","properties":{"VILLAGE":"Pu Gaw Inn","VLG_MMR":"ပုဂေါအင်း","TS":"Yebyu","VT":"Kyauk Ka Nyar","rep":0},"geometry":{"type":"Point","coordinates":[98.20691,14.2348]}},{"type":"Feature","properties":{"VILLAGE":"Hein Ze","VLG_MMR":"ဟိန်းဇဲ","TS":"Yebyu","VT":"Kyauk Shat","rep":0},"geometry":{"type":"Point","coordinates":[98.18204,14.5204]}},{"type":"Feature","properties":{"VILLAGE":"Kyauk Shat","VLG_MMR":"ကျောက်ရှပ်","TS":"Yebyu","VT":"Kyauk Shat","rep":0},"geometry":{"type":"Point","coordinates":[98.17764,14.59561]}},{"type":"Feature","properties":{"VILLAGE":"Kyauk Shat Wa","VLG_MMR":"ကျောက်ရှပ်ဝ","TS":"Yebyu","VT":"Kyauk Shat","rep":0},"geometry":{"type":"Point","coordinates":[98.18283,14.5788]}},{"type":"Feature","properties":{"VILLAGE":"Yae Pone","VLG_MMR":"ရေပုံး","TS":"Yebyu","VT":"Kyauk Shat","rep":0},"geometry":{"type":"Point","coordinates":[98.18294,14.55061]}},{"type":"Feature","properties":{"VILLAGE":"Byaik","VLG_MMR":"ဗျိုက်","TS":"Yebyu","VT":"Kywe Thone Nyi Ma","rep":0},"geometry":{"type":"Point","coordinates":[97.85602,14.72125]}},{"type":"Feature","properties":{"VILLAGE":"Byu Gyi","VLG_MMR":"ဗြူကြီး","TS":"Yebyu","VT":"Kywe Thone Nyi Ma","rep":0},"geometry":{"type":"Point","coordinates":[97.84129,14.73863]}},{"type":"Feature","properties":{"VILLAGE":"Gan Taw","VLG_MMR":"ဂန်းတော","TS":"Yebyu","VT":"Kywe Thone Nyi Ma","rep":0},"geometry":{"type":"Point","coordinates":[97.917,14.76772]}},{"type":"Feature","properties":{"VILLAGE":"Kyauk Hta Yan","VLG_MMR":"ကျောက်ထရံ","TS":"Yebyu","VT":"Kywe Thone Nyi Ma","rep":0},"geometry":{"type":"Point","coordinates":[97.80201,14.85155]}},{"type":"Feature","properties":{"VILLAGE":"Kywe Thone Nyi Ma","VLG_MMR":"ကျွဲသုံးညီမ","TS":"Yebyu","VT":"Kywe Thone Nyi Ma","rep":0},"geometry":{"type":"Point","coordinates":[97.93015,14.75354]}},{"type":"Feature","properties":{"VILLAGE":"Ma Yan Ywar","VLG_MMR":"မရမ်းရွာ","TS":"Yebyu","VT":"Kywe Thone Nyi Ma","rep":0},"geometry":{"type":"Point","coordinates":[97.81964,14.80079]}},{"type":"Feature","properties":{"VILLAGE":"Mar Yan","VLG_MMR":"မာယံ","TS":"Yebyu","VT":"Kywe Thone Nyi Ma","rep":0},"geometry":{"type":"Point","coordinates":[97.8819,14.75943]}},{"type":"Feature","properties":{"VILLAGE":"Me Than Taung","VLG_MMR":"မဲသံတောင်","TS":"Yebyu","VT":"Kywe Thone Nyi Ma","rep":0},"geometry":{"type":"Point","coordinates":[97.90435,14.8174]}},{"type":"Feature","properties":{"VILLAGE":"Pa Shu","VLG_MMR":"ပရှူး","TS":"Yebyu","VT":"Kywe Thone Nyi Ma","rep":0},"geometry":{"type":"Point","coordinates":[97.86404,14.77088]}},{"type":"Feature","properties":{"VILLAGE":"Ah Lel Sa Khan","VLG_MMR":"အလယ်စခန်း","TS":"Yebyu","VT":"Lawt Thaing","rep":0},"geometry":{"type":"Point","coordinates":[97.99821,15.02406]}},{"type":"Feature","properties":{"VILLAGE":"Hle Gate","VLG_MMR":"လှည်းဂိတ်","TS":"Yebyu","VT":"Lawt Thaing","rep":0},"geometry":{"type":"Point","coordinates":[98.07912,14.9475]}},{"type":"Feature","properties":{"VILLAGE":"Kyauk Ka Din","VLG_MMR":"ကျောက်ကဒင်","TS":"Yebyu","VT":"Lawt Thaing","rep":0},"geometry":{"type":"Point","coordinates":[97.99495,14.9928]}},{"type":"Feature","properties":{"VILLAGE":"Kywe Ta Lin","VLG_MMR":"ကျွဲတလင်း","TS":"Yebyu","VT":"Lawt Thaing","rep":0},"geometry":{"type":"Point","coordinates":[98.01085,14.91601]}},{"type":"Feature","properties":{"VILLAGE":"Lawt Thaing","VLG_MMR":"လော့သိုင်း","TS":"Yebyu","VT":"Lawt Thaing","rep":0},"geometry":{"type":"Point","coordinates":[98.00796,14.94537]}},{"type":"Feature","properties":{"VILLAGE":"Ma Nan Pon","VLG_MMR":"မနန်းပုံ","TS":"Yebyu","VT":"Lawt Thaing","rep":0},"geometry":{"type":"Point","coordinates":[98.06515,14.98168]}},{"type":"Feature","properties":{"VILLAGE":"Mon Thone Gwa","VLG_MMR":"မွန်သုံးခွ","TS":"Yebyu","VT":"Lawt Thaing","rep":0},"geometry":{"type":"Point","coordinates":[98.06528,14.9593]}},{"type":"Feature","properties":{"VILLAGE":"Thea Chaung","VLG_MMR":"သဲချောင်း","TS":"Yebyu","VT":"Lawt Thaing","rep":0},"geometry":{"type":"Point","coordinates":[98.08066,14.90667]}},{"type":"Feature","properties":{"VILLAGE":"Le Shaung","VLG_MMR":"လဲရှောင်","TS":"Yebyu","VT":"Le Shaung","rep":0},"geometry":{"type":"Point","coordinates":[98.06289,14.29743]}},{"type":"Feature","properties":{"VILLAGE":"Mi Kyaung Hlaung","VLG_MMR":"မိကျောင်းလှောင်း","TS":"Yebyu","VT":"Mi Kyaung Hlaung","rep":0},"geometry":{"type":"Point","coordinates":[98.13448,14.65341]}},{"type":"Feature","properties":{"VILLAGE":"Chat Taw","VLG_MMR":"ချပ်တော","TS":"Yebyu","VT":"Min Thar","rep":0},"geometry":{"type":"Point","coordinates":[97.95478,14.78067]}},{"type":"Feature","properties":{"VILLAGE":"Lel Gyi","VLG_MMR":"လယ်ကြီး","TS":"Yebyu","VT":"Min Thar","rep":0},"geometry":{"type":"Point","coordinates":[97.99042,14.74867]}},{"type":"Feature","properties":{"VILLAGE":"Maw Gyi","VLG_MMR":"မော်ကြီး","TS":"Yebyu","VT":"Min Thar","rep":0},"geometry":{"type":"Point","coordinates":[97.97367,14.74768]}},{"type":"Feature","properties":{"VILLAGE":"Min Thar","VLG_MMR":"မင်းသား","TS":"Yebyu","VT":"Min Thar","rep":0},"geometry":{"type":"Point","coordinates":[97.99457,14.76322]}},{"type":"Feature","properties":{"VILLAGE":"Sin Swei","VLG_MMR":"ဆင်စွယ်","TS":"Yebyu","VT":"Min Thar","rep":0},"geometry":{"type":"Point","coordinates":[97.97908,14.79554]}},{"type":"Feature","properties":{"VILLAGE":"Yae Ngan Gyi","VLG_MMR":"ရေငံကြီး","TS":"Yebyu","VT":"Min Thar","rep":0},"geometry":{"type":"Point","coordinates":[97.98464,14.81441]}},{"type":"Feature","properties":{"VILLAGE":"Ka Myaing Swea","VLG_MMR":"ကမြိုင်ဆွဲ","TS":"Yebyu","VT":"Mu Du","rep":0},"geometry":{"type":"Point","coordinates":[98.0908,14.25978]}},{"type":"Feature","properties":{"VILLAGE":"Mu Du (East)","VLG_MMR":"မူးဒူး (အရှေ့)","TS":"Yebyu","VT":"Mu Du","rep":0},"geometry":{"type":"Point","coordinates":[98.08733,14.24146]}},{"type":"Feature","properties":{"VILLAGE":"Mu Du (West)","VLG_MMR":"မူးဒူး (အနောက်)","TS":"Yebyu","VT":"Mu Du","rep":0},"geometry":{"type":"Point","coordinates":[98.08299,14.23919]}},{"type":"Feature","properties":{"VILLAGE":"Ma Yin Gyi","VLG_MMR":"မယင်းကြီး","TS":"Yebyu","VT":"Na Bu Lel","rep":0},"geometry":{"type":"Point","coordinates":[98.02027,14.28661]}},{"type":"Feature","properties":{"VILLAGE":"Na Bu Lel","VLG_MMR":"နဘုလယ်","TS":"Yebyu","VT":"Na Bu Lel","rep":0},"geometry":{"type":"Point","coordinates":[98.05696,14.29087]}},{"type":"Feature","properties":{"VILLAGE":"Sa Byet Ni","VLG_MMR":"စဗျက်နီ","TS":"Yebyu","VT":"Na Bu Lel","rep":0},"geometry":{"type":"Point","coordinates":[98.0597,14.23209]}},{"type":"Feature","properties":{"VILLAGE":"Hpa Yar Thone Su","VLG_MMR":"ဘုရားသုံးဆူ","TS":"Yebyu","VT":"Nat Gyi Sin","rep":0},"geometry":{"type":"Point","coordinates":[97.99518,14.84353]}},{"type":"Feature","properties":{"VILLAGE":"Kin Pun Chaung","VLG_MMR":"ကင်ပွန်းချောင်း","TS":"Yebyu","VT":"Nat Gyi Sin","rep":0},"geometry":{"type":"Point","coordinates":[97.93113,14.96022]}},{"type":"Feature","properties":{"VILLAGE":"Myin Saung","VLG_MMR":"မြင်းစောင်း","TS":"Yebyu","VT":"Nat Gyi Sin","rep":0},"geometry":{"type":"Point","coordinates":[97.86001,14.88497]}},{"type":"Feature","properties":{"VILLAGE":"Nat Gyi Sin","VLG_MMR":"နတ်ကြီးစင်","TS":"Yebyu","VT":"Nat Gyi Sin","rep":0},"geometry":{"type":"Point","coordinates":[97.93205,14.92428]}},{"type":"Feature","properties":{"VILLAGE":"Pauk Pin Kwin","VLG_MMR":"ပေါက်ပင်ကွင်း","TS":"Yebyu","VT":"Nat Gyi Sin","rep":0},"geometry":{"type":"Point","coordinates":[97.919,15.02203]}},{"type":"Feature","properties":{"VILLAGE":"Sein Bon","VLG_MMR":"စိန်ဘုံ","TS":"Yebyu","VT":"Nat Gyi Sin","rep":0},"geometry":{"type":"Point","coordinates":[97.97887,14.83935]}},{"type":"Feature","properties":{"VILLAGE":"Taung Ta Khun","VLG_MMR":"တောင်တံခွန်","TS":"Yebyu","VT":"Nat Gyi Sin","rep":0},"geometry":{"type":"Point","coordinates":[97.86893,14.86414]}},{"type":"Feature","properties":{"VILLAGE":"Min Yar","VLG_MMR":"မင်းယာ","TS":"Yebyu","VT":"Nat Twin","rep":0},"geometry":{"type":"Point","coordinates":[98.17791,14.20435]}},{"type":"Feature","properties":{"VILLAGE":"Nat Twin","VLG_MMR":"နတ်တွင်း","TS":"Yebyu","VT":"Nat Twin","rep":0},"geometry":{"type":"Point","coordinates":[98.1861,14.19121]}},{"type":"Feature","properties":{"VILLAGE":"Tha Byay Zun","VLG_MMR":"သဗြေဇွန်း","TS":"Yebyu","VT":"Nat Twin","rep":0},"geometry":{"type":"Point","coordinates":[98.18609,14.2023]}},{"type":"Feature","properties":{"VILLAGE":"Kyauk Seik Kone","VLG_MMR":"ကျောက်ဆိပ်ကုန်း","TS":"Yebyu","VT":"Nyin Htwe","rep":0},"geometry":{"type":"Point","coordinates":[98.19446,14.1741]}},{"type":"Feature","properties":{"VILLAGE":"Myat Pye Zun","VLG_MMR":"မြတ်ပြဲဇွန်း","TS":"Yebyu","VT":"Nyin Htwe","rep":0},"geometry":{"type":"Point","coordinates":[98.2074,14.18095]}},{"type":"Feature","properties":{"VILLAGE":"Nyin Htwe","VLG_MMR":"ညင်းထွေး","TS":"Yebyu","VT":"Nyin Htwe","rep":0},"geometry":{"type":"Point","coordinates":[98.20281,14.20101]}},{"type":"Feature","properties":{"VILLAGE":"Zee Kya","VLG_MMR":"ဇီးကျ","TS":"Yebyu","VT":"Nyin Htwe","rep":0},"geometry":{"type":"Point","coordinates":[98.20567,14.18598]}},{"type":"Feature","properties":{"VILLAGE":"Myauk Pa Ya","VLG_MMR":"မြောက်ပယ","TS":"Yebyu","VT":"Ohn Pin Kwin","rep":0},"geometry":{"type":"Point","coordinates":[97.98697,14.58166]}},{"type":"Feature","properties":{"VILLAGE":"Ohn Pin Kwin","VLG_MMR":"အုန်းပင်ကွင်း","TS":"Yebyu","VT":"Ohn Pin Kwin","rep":0},"geometry":{"type":"Point","coordinates":[97.99426,14.62257]}},{"type":"Feature","properties":{"VILLAGE":"Taung Pa Ya","VLG_MMR":"တောင်ပယ","TS":"Yebyu","VT":"Ohn Pin Kwin","rep":0},"geometry":{"type":"Point","coordinates":[97.98959,14.57157]}},{"type":"Feature","properties":{"VILLAGE":"Ba War","VLG_MMR":"ဘဝါ","TS":"Yebyu","VT":"Pa Ra Dat","rep":0},"geometry":{"type":"Point","coordinates":[98.01351,14.34083]}},{"type":"Feature","properties":{"VILLAGE":"Ba War Kan Chay","VLG_MMR":"ဘဝါကမ်းခြေ","TS":"Yebyu","VT":"Pa Ra Dat","rep":0},"geometry":{"type":"Point","coordinates":[97.98671,14.34213]}},{"type":"Feature","properties":{"VILLAGE":"Htwet Wa","VLG_MMR":"ထွက်ဝ","TS":"Yebyu","VT":"Pa Ra Dat","rep":0},"geometry":{"type":"Point","coordinates":[97.97617,14.38522]}},{"type":"Feature","properties":{"VILLAGE":"Pa Ra Dat","VLG_MMR":"ပရဒတ်","TS":"Yebyu","VT":"Pa Ra Dat","rep":0},"geometry":{"type":"Point","coordinates":[98.04878,14.29703]}},{"type":"Feature","properties":{"VILLAGE":"Kin Ywar","VLG_MMR":"ကင်းရွာ","TS":"Yebyu","VT":"Pale Ku","rep":0},"geometry":{"type":"Point","coordinates":[98.18579,14.30332]}},{"type":"Feature","properties":{"VILLAGE":"Pale Ku","VLG_MMR":"ပုလဲကူ","TS":"Yebyu","VT":"Pale Ku","rep":0},"geometry":{"type":"Point","coordinates":[98.19481,14.26476]}},{"type":"Feature","properties":{"VILLAGE":"Pein Shaung","VLG_MMR":"ပိန်းရှောင်","TS":"Yebyu","VT":"Pein Shaung","rep":0},"geometry":{"type":"Point","coordinates":[98.14262,14.21047]}},{"type":"Feature","properties":{"VILLAGE":"Min Dat","VLG_MMR":"မင်းဒပ်","TS":"Yebyu","VT":"Pu Gaw Zun","rep":0},"geometry":{"type":"Point","coordinates":[98.16723,14.26782]}},{"type":"Feature","properties":{"VILLAGE":"Pu Gaw Zun","VLG_MMR":"ပုဂေါဇွန်း","TS":"Yebyu","VT":"Pu Gaw Zun","rep":0},"geometry":{"type":"Point","coordinates":[98.15486,14.27984]}},{"type":"Feature","properties":{"VILLAGE":"Tha Byay Zun","VLG_MMR":"သဗြေဇွန်း","TS":"Yebyu","VT":"Pu Gaw Zun","rep":0},"geometry":{"type":"Point","coordinates":[98.17526,14.25591]}},{"type":"Feature","properties":{"VILLAGE":"Wet Chaung","VLG_MMR":"ဝက်ချောင်း","TS":"Yebyu","VT":"Pu Gaw Zun","rep":0},"geometry":{"type":"Point","coordinates":[98.13787,14.31659]}},{"type":"Feature","properties":{"VILLAGE":"Kun Kyar Dein","VLG_MMR":"ကွန်ကြားဒိန်","TS":"Yebyu","VT":"Rar Hpu","rep":0},"geometry":{"type":"Point","coordinates":[98.2003,14.8761]}},{"type":"Feature","properties":{"VILLAGE":"Ma Yan Chaung","VLG_MMR":"မရမ်းချောင်း","TS":"Yebyu","VT":"Rar Hpu","rep":0},"geometry":{"type":"Point","coordinates":[98.07827,14.7766]}},{"type":"Feature","properties":{"VILLAGE":"Maing 60","VLG_MMR":"မိုင်ခြောက်ဆယ်","TS":"Yebyu","VT":"Rar Hpu","rep":0},"geometry":{"type":"Point","coordinates":[98.05799,14.81056]}},{"type":"Feature","properties":{"VILLAGE":"Myauk Chaw","VLG_MMR":"မျောက်ချော","TS":"Yebyu","VT":"Rar Hpu","rep":0},"geometry":{"type":"Point","coordinates":[98.13373,14.85314]}},{"type":"Feature","properties":{"VILLAGE":"Na Gar Aing","VLG_MMR":"နဂါးအိုင်","TS":"Yebyu","VT":"Rar Hpu","rep":0},"geometry":{"type":"Point","coordinates":[98.14803,14.86307]}},{"type":"Feature","properties":{"VILLAGE":"Rar Hpu (Haung)","VLG_MMR":"ရားဖူး (ဟောင်း)","TS":"Yebyu","VT":"Rar Hpu","rep":0},"geometry":{"type":"Point","coordinates":[98.03083,14.87303]}},{"type":"Feature","properties":{"VILLAGE":"Rar Hpu (Thit)","VLG_MMR":"ရားဖူး (သစ်)","TS":"Yebyu","VT":"Rar Hpu","rep":0},"geometry":{"type":"Point","coordinates":[98.03895,14.85635]}},{"type":"Feature","properties":{"VILLAGE":"Dauk Lauk","VLG_MMR":"ဒေါက်လောက်","TS":"Yebyu","VT":"Ta Laing Yar","rep":0},"geometry":{"type":"Point","coordinates":[98.19736,14.28958]}},{"type":"Feature","properties":{"VILLAGE":"Ka Lone Htar","VLG_MMR":"ကလုံးထား","TS":"Yebyu","VT":"Ta Laing Yar","rep":0},"geometry":{"type":"Point","coordinates":[98.27939,14.2873]}},{"type":"Feature","properties":{"VILLAGE":"Pi Tauk Kone","VLG_MMR":"ပိတောက်ကုန်း","TS":"Yebyu","VT":"Ta Laing Yar","rep":0},"geometry":{"type":"Point","coordinates":[98.20211,14.29804]}},{"type":"Feature","properties":{"VILLAGE":"Sin Thay","VLG_MMR":"ဆင်သေ","TS":"Yebyu","VT":"Ta Laing Yar","rep":0},"geometry":{"type":"Point","coordinates":[98.21053,14.25878]}},{"type":"Feature","properties":{"VILLAGE":"Ta Laing Yar","VLG_MMR":"တလိုင်းယာ","TS":"Yebyu","VT":"Ta Laing Yar","rep":0},"geometry":{"type":"Point","coordinates":[98.21796,14.29191]}},{"type":"Feature","properties":{"VILLAGE":"Thit Ka Doe","VLG_MMR":"သစ်ကတိုး","TS":"Yebyu","VT":"Ta Laing Yar","rep":0},"geometry":{"type":"Point","coordinates":[98.34071,14.26211]}},{"type":"Feature","properties":{"VILLAGE":"Kin Taung","VLG_MMR":"ကင်းတောင်","TS":"Yebyu","VT":"Thea Chaung","rep":0},"geometry":{"type":"Point","coordinates":[97.87995,14.67827]}},{"type":"Feature","properties":{"VILLAGE":"Ku Toet Taw","VLG_MMR":"ကူးတို့တော","TS":"Yebyu","VT":"Thea Chaung","rep":0},"geometry":{"type":"Point","coordinates":[97.90479,14.66342]}},{"type":"Feature","properties":{"VILLAGE":"Kyon Ka Ni","VLG_MMR":"ကျုံကနိ","TS":"Yebyu","VT":"Thea Chaung","rep":0},"geometry":{"type":"Point","coordinates":[97.93218,14.64486]}},{"type":"Feature","properties":{"VILLAGE":"Kyway Kone","VLG_MMR":"ကျွေးကုန်း","TS":"Yebyu","VT":"Thea Chaung","rep":0},"geometry":{"type":"Point","coordinates":[97.97016,14.6699]}},{"type":"Feature","properties":{"VILLAGE":"Maw Ngan","VLG_MMR":"မော်ငန်း","TS":"Yebyu","VT":"Thea Chaung","rep":0},"geometry":{"type":"Point","coordinates":[97.93941,14.7144]}},{"type":"Feature","properties":{"VILLAGE":"Ta Laing Hmyaw","VLG_MMR":"တလိုင်းမျှော်","TS":"Yebyu","VT":"Thea Chaung","rep":0},"geometry":{"type":"Point","coordinates":[97.92511,14.69312]}},{"type":"Feature","properties":{"VILLAGE":"Tha But Chaung","VLG_MMR":"သဘွတ်ချောင်း","TS":"Yebyu","VT":"Thea Chaung","rep":0},"geometry":{"type":"Point","coordinates":[97.91045,14.63981]}},{"type":"Feature","properties":{"VILLAGE":"Thea Chaung","VLG_MMR":"သဲချောင်း","TS":"Yebyu","VT":"Thea Chaung","rep":0},"geometry":{"type":"Point","coordinates":[97.94526,14.6354]}},{"type":"Feature","properties":{"VILLAGE":"Thin Gan Taw","VLG_MMR":"သင်္ကန်းတော","TS":"Yebyu","VT":"Thea Chaung","rep":0},"geometry":{"type":"Point","coordinates":[97.91627,14.64406]}},{"type":"Feature","properties":{"VILLAGE":"Kyauk Hwet Kone","VLG_MMR":"ကျောက်ဝှက်ကုန်း","TS":"Yebyu","VT":"Thit To Htaunt","rep":0},"geometry":{"type":"Point","coordinates":[98.15279,14.23813]}},{"type":"Feature","properties":{"VILLAGE":"Thit To Htaunt","VLG_MMR":"သစ်တိုထောင့်","TS":"Yebyu","VT":"Thit To Htaunt","rep":0},"geometry":{"type":"Point","coordinates":[98.14978,14.24739]}},{"type":"Feature","properties":{"VILLAGE":"Wan Zwea","VLG_MMR":"ဝမ်းဇွဲ","TS":"Yebyu","VT":"Thit To Htaunt","rep":0},"geometry":{"type":"Point","coordinates":[98.14113,14.22485]}},{"type":"Feature","properties":{"VILLAGE":"Ta Laing Yar Chaung Wa","VLG_MMR":"တလိုင်းယာချောင်းဝ","TS":"Yebyu","VT":"U Tha Ran","rep":0},"geometry":{"type":"Point","coordinates":[98.19471,14.30482]}},{"type":"Feature","properties":{"VILLAGE":"U Tha Ran (East)","VLG_MMR":"ဥဿရံ (အရှေ့)","TS":"Yebyu","VT":"U Tha Ran","rep":0},"geometry":{"type":"Point","coordinates":[98.16433,14.36151]}},{"type":"Feature","properties":{"VILLAGE":"U Tha Ran (West)","VLG_MMR":"ဥဿရံ (အနောက်)","TS":"Yebyu","VT":"U Tha Ran","rep":0},"geometry":{"type":"Point","coordinates":[98.17128,14.35]}},{"type":"Feature","properties":{"VILLAGE":"Yae Htwet","VLG_MMR":"ရေထွက်","TS":"Yebyu","VT":"U Tha Ran","rep":0},"geometry":{"type":"Point","coordinates":[98.18777,14.35907]}},{"type":"Feature","properties":{"VILLAGE":"Du Taung","VLG_MMR":"ဒူးတောင်","TS":"Yebyu","VT":"Wun Hpoet","rep":0},"geometry":{"type":"Point","coordinates":[98.13227,14.41207]}},{"type":"Feature","properties":{"VILLAGE":"Ka Nyin Inn","VLG_MMR":"ကညင်အင်း","TS":"Yebyu","VT":"Wun Hpoet","rep":0},"geometry":{"type":"Point","coordinates":[98.14765,14.36991]}},{"type":"Feature","properties":{"VILLAGE":"San Chi","VLG_MMR":"ဆန်းချီ","TS":"Yebyu","VT":"Wun Hpoet","rep":0},"geometry":{"type":"Point","coordinates":[98.14453,14.43626]}},{"type":"Feature","properties":{"VILLAGE":"Thet Kei Kwet","VLG_MMR":"သက်ကယ်ကွက်","TS":"Yebyu","VT":"Wun Hpoet","rep":0},"geometry":{"type":"Point","coordinates":[98.18054,14.40554]}},{"type":"Feature","properties":{"VILLAGE":"Wun Hpoet (East)","VLG_MMR":"ဝန်ဖို့ (အရှေ့)","TS":"Yebyu","VT":"Wun Hpoet","rep":0},"geometry":{"type":"Point","coordinates":[98.14717,14.38633]}},{"type":"Feature","properties":{"VILLAGE":"Wun Hpoet (West)","VLG_MMR":"ဝန်ဖို့ (အနောက်)","TS":"Yebyu","VT":"Wun Hpoet","rep":0},"geometry":{"type":"Point","coordinates":[98.14391,14.38638]}},{"type":"Feature","properties":{"VILLAGE":"Ya Nge Chaung","VLG_MMR":"ရငဲချောင်း","TS":"Yebyu","VT":"Wun Hpoet","rep":0},"geometry":{"type":"Point","coordinates":[98.13457,14.40318]}},{"type":"Feature","properties":{"VILLAGE":"Kha Maung Chaung","VLG_MMR":"ခမောင်းချောင်း","TS":"Yebyu","VT":"Ya Laing","rep":0},"geometry":{"type":"Point","coordinates":[98.11566,14.33708]}},{"type":"Feature","properties":{"VILLAGE":"Ya Laing","VLG_MMR":"ရလိုင်","TS":"Yebyu","VT":"Ya Laing","rep":0},"geometry":{"type":"Point","coordinates":[98.14873,14.26759]}},{"type":"Feature","properties":{"VILLAGE":"Hpar Chaung Inn","VLG_MMR":"ဖားချောင်းအင်း","TS":"Yebyu","VT":"Zar Di","rep":0},"geometry":{"type":"Point","coordinates":[97.94546,14.5176]}},{"type":"Feature","properties":{"VILLAGE":"Hpyu Nat","VLG_MMR":"ဖြူနပ်","TS":"Yebyu","VT":"Zar Di","rep":0},"geometry":{"type":"Point","coordinates":[97.95879,14.49345]}},{"type":"Feature","properties":{"VILLAGE":"Khaung Pyan","VLG_MMR":"ခေါင်ပြန်","TS":"Yebyu","VT":"Zar Di","rep":0},"geometry":{"type":"Point","coordinates":[98.00599,14.48256]}},{"type":"Feature","properties":{"VILLAGE":"Khway Ma Hpaw","VLG_MMR":"ခွေးမဖော","TS":"Yebyu","VT":"Zar Di","rep":0},"geometry":{"type":"Point","coordinates":[98.00061,14.54232]}},{"type":"Feature","properties":{"VILLAGE":"Kyauk Hta Yan","VLG_MMR":"ကျောက်ထရံ","TS":"Yebyu","VT":"Zar Di","rep":0},"geometry":{"type":"Point","coordinates":[97.95437,14.48808]}},{"type":"Feature","properties":{"VILLAGE":"Taik Ta Kaw","VLG_MMR":"တိုက်တကော်","TS":"Yebyu","VT":"Zar Di","rep":0},"geometry":{"type":"Point","coordinates":[97.99947,14.46522]}},{"type":"Feature","properties":{"VILLAGE":"Thit Hla Taw","VLG_MMR":"သစ်လှတော","TS":"Yebyu","VT":"Zar Di","rep":0},"geometry":{"type":"Point","coordinates":[97.98825,14.56475]}},{"type":"Feature","properties":{"VILLAGE":"Zar Di","VLG_MMR":"ဇာဒီ","TS":"Yebyu","VT":"Zar Di","rep":0},"geometry":{"type":"Point","coordinates":[97.99155,14.50846]}},{"type":"Feature","properties":{"VILLAGE":"Zin Bar","VLG_MMR":"ဇင်းဘာ","TS":"Yebyu","VT":"Zin Bar","rep":0},"geometry":{"type":"Point","coordinates":[98.17327,14.63026]}},{"type":"Feature","properties":{"VILLAGE":"Zin Bar Chaung","VLG_MMR":"ဇင်းဘာချောင်း","TS":"Yebyu","VT":"Zin Bar","rep":0},"geometry":{"type":"Point","coordinates":[98.17362,14.6444]}}]}